feature_index,feature_name,component,feature_type,coefficient,abs_coefficient,nonzero
252,w_36,36,weight,1.2795089300643374,1.2795089300643374,True
581,w_83,83,weight,0.9047710900964253,0.9047710900964253,True
1925,w_275,275,weight,-0.8378528834412532,0.8378528834412532,True
1502,cyy_214,214,diagonal,0.6854150812212714,0.6854150812212714,True
1395,cxy_199,199,off_diagonal,-0.5791141727254433,0.5791141727254433,True
921,cyy_131,131,diagonal,0.5618229221559675,0.5618229221559675,True
1827,w_261,261,weight,-0.5429633149534524,0.5429633149534524,True
1931,czz_275,275,diagonal,0.5214885808377426,0.5214885808377426,True
2625,w_375,375,weight,-0.5157793174060892,0.5157793174060892,True
2621,cxz_374,374,off_diagonal,0.5095452311597245,0.5095452311597245,True
1504,czz_214,214,diagonal,0.4859785052436245,0.4859785052436245,True
3222,cxy_460,460,off_diagonal,-0.47737318919450644,0.47737318919450644,True
1709,cxx_244,244,diagonal,-0.47728814196952213,0.47728814196952213,True
1552,cyz_221,221,off_diagonal,-0.4751262639169,0.4751262639169,True
2051,w_293,293,weight,0.4518222107882437,0.4518222107882437,True
525,w_75,75,weight,-0.44530441681680133,0.44530441681680133,True
204,cxx_29,29,diagonal,0.4300836469908271,0.4300836469908271,True
2254,w_322,322,weight,0.4295116652991588,0.4295116652991588,True
399,w_57,57,weight,-0.42067673235054137,0.42067673235054137,True
2627,cxy_375,375,off_diagonal,-0.4096423357279081,0.4096423357279081,True
1928,cxz_275,275,off_diagonal,-0.402809876045013,0.402809876045013,True
1927,cxy_275,275,off_diagonal,-0.39715506731913225,0.39715506731913225,True
2899,cxx_414,414,diagonal,-0.39525278238625833,0.39525278238625833,True
1100,cxx_157,157,diagonal,0.37656010531744283,0.37656010531744283,True
2289,w_327,327,weight,-0.373326023356385,0.373326023356385,True
1829,cxy_261,261,off_diagonal,0.3603701746928412,0.3603701746928412,True
791,w_113,113,weight,0.34055090000859156,0.34055090000859156,True
1085,w_155,155,weight,0.33989851850647773,0.33989851850647773,True
648,cyy_92,92,diagonal,0.3333353436864036,0.3333353436864036,True
910,w_130,130,weight,0.3305705909271081,0.3305705909271081,True
1428,w_204,204,weight,-0.329984004762303,0.329984004762303,True
2993,cyy_427,427,diagonal,-0.3284036875468805,0.3284036875468805,True
1738,cxy_248,248,off_diagonal,0.31673043141391405,0.31673043141391405,True
2531,cyy_361,361,diagonal,0.31489099541953497,0.31489099541953497,True
1399,czz_199,199,diagonal,-0.30977025348374904,0.30977025348374904,True
827,cxx_118,118,diagonal,0.30837175690475715,0.30837175690475715,True
634,cyy_90,90,diagonal,0.30382926800543825,0.30382926800543825,True
2853,cyy_407,407,diagonal,-0.2995835717252142,0.2995835717252142,True
3045,w_435,435,weight,-0.2970051091583692,0.2970051091583692,True
3389,cxx_484,484,diagonal,-0.29406079087917814,0.29406079087917814,True
1397,cyy_199,199,diagonal,0.2907190074309994,0.2907190074309994,True
35,w_5,5,weight,-0.28829674575266007,0.28829674575266007,True
2248,cxx_321,321,diagonal,-0.2826627631410872,0.2826627631410872,True
344,cxx_49,49,diagonal,-0.2786320449223565,0.2786320449223565,True
2507,cxx_358,358,diagonal,-0.27413472794057087,0.27413472794057087,True
878,cxz_125,125,off_diagonal,-0.2739312238979531,0.2739312238979531,True
2493,cxx_356,356,diagonal,-0.27313338128991715,0.27313338128991715,True
546,w_78,78,weight,0.27065357047956673,0.27065357047956673,True
1198,cxx_171,171,diagonal,0.27036319924729946,0.27036319924729946,True
1302,w_186,186,weight,-0.2650671058804937,0.2650671058804937,True
1770,czz_252,252,diagonal,0.2632648313713761,0.2632648313713761,True
2757,czz_393,393,diagonal,0.2619767467872113,0.2619767467872113,True
1807,cxx_258,258,diagonal,0.26141032906760625,0.26141032906760625,True
2579,cxz_368,368,off_diagonal,0.2606548822348737,0.2606548822348737,True
1086,cxx_155,155,diagonal,-0.26001714212531624,0.26001714212531624,True
1149,cxx_164,164,diagonal,-0.25975174991245736,0.25975174991245736,True
446,cyz_63,63,off_diagonal,0.25881926713206277,0.25881926713206277,True
65,cxy_9,9,off_diagonal,-0.25417296730564226,0.25417296730564226,True
69,czz_9,9,diagonal,-0.25186447144622537,0.25186447144622537,True
678,czz_96,96,diagonal,-0.2510393529049278,0.2510393529049278,True
1525,czz_217,217,diagonal,-0.24983326930531416,0.24983326930531416,True
1087,cxy_155,155,off_diagonal,-0.2489365673351282,0.2489365673351282,True
189,w_27,27,weight,-0.24883447898239455,0.24883447898239455,True
2842,w_406,406,weight,-0.24611590833485242,0.24611590833485242,True
1401,cxx_200,200,diagonal,0.24600728617146617,0.24600728617146617,True
1422,cxx_203,203,diagonal,0.24442332895661897,0.24442332895661897,True
3339,w_477,477,weight,0.24332352858967285,0.24332352858967285,True
966,w_138,138,weight,-0.2428718061783939,0.2428718061783939,True
1592,cxz_227,227,off_diagonal,0.24252191803308634,0.24252191803308634,True
1809,cxz_258,258,off_diagonal,0.23673640335244078,0.23673640335244078,True
3080,w_440,440,weight,0.2351101436307665,0.2351101436307665,True
1625,cxx_232,232,diagonal,0.23427454406803427,0.23427454406803427,True
3438,cxx_491,491,diagonal,0.228756271491237,0.228756271491237,True
19,cyz_2,2,off_diagonal,0.22866433252811735,0.22866433252811735,True
1470,w_210,210,weight,-0.22814385472601573,0.22814385472601573,True
2624,czz_374,374,diagonal,0.22737312910036767,0.22737312910036767,True
1478,cxx_211,211,diagonal,0.2271385633943266,0.2271385633943266,True
3446,cxy_492,492,off_diagonal,-0.22678703586169174,0.22678703586169174,True
809,cyy_115,115,diagonal,0.22656106783672303,0.22656106783672303,True
1174,cyz_167,167,off_diagonal,0.2262881630944268,0.2262881630944268,True
1436,cxx_205,205,diagonal,-0.2259644208277241,0.2259644208277241,True
2837,cxy_405,405,off_diagonal,0.22475398796567989,0.22475398796567989,True
756,w_108,108,weight,-0.22468807789846582,0.22468807789846582,True
789,cyz_112,112,off_diagonal,-0.22268714220496966,0.22268714220496966,True
2943,cxz_420,420,off_diagonal,0.2224713275714105,0.2224713275714105,True
1772,cxx_253,253,diagonal,0.21871875424973428,0.21871875424973428,True
192,cxz_27,27,off_diagonal,0.2186528396536729,0.2186528396536729,True
2789,cxz_398,398,off_diagonal,0.21811214231487003,0.21811214231487003,True
2581,cyz_368,368,off_diagonal,0.21764132239378853,0.21764132239378853,True
336,w_48,48,weight,-0.21625715708600207,0.21625715708600207,True
1813,w_259,259,weight,0.2149656231482276,0.2149656231482276,True
375,cyy_53,53,diagonal,0.21369037195007706,0.21369037195007706,True
816,cyy_116,116,diagonal,-0.21170365875261046,0.21170365875261046,True
951,czz_135,135,diagonal,0.2108509295853083,0.2108509295853083,True
639,cxy_91,91,off_diagonal,-0.21078558155222588,0.21078558155222588,True
1285,cyy_183,183,diagonal,0.21048172533519013,0.21048172533519013,True
875,w_125,125,weight,-0.20993840171421468,0.20993840171421468,True
386,cxx_55,55,diagonal,0.209662503610427,0.209662503610427,True
1520,cxx_217,217,diagonal,0.20876269511532713,0.20876269511532713,True
3055,cxz_436,436,off_diagonal,-0.20865247014259047,0.20865247014259047,True
2620,cxy_374,374,off_diagonal,0.20662284031168723,0.20662284031168723,True
1694,w_242,242,weight,-0.20615785773828307,0.20615785773828307,True
2276,cxx_325,325,diagonal,0.20615699129183698,0.20615699129183698,True
1952,czz_278,278,diagonal,0.2051984029063212,0.2051984029063212,True
1111,cyz_158,158,off_diagonal,0.20490395453534307,0.20490395453534307,True
1331,cxx_190,190,diagonal,-0.20209483356054417,0.20209483356054417,True
2589,czz_369,369,diagonal,-0.20023306651527842,0.20023306651527842,True
729,cxx_104,104,diagonal,0.19842085559004585,0.19842085559004585,True
1872,cxz_267,267,off_diagonal,0.19668466372931595,0.19668466372931595,True
378,w_54,54,weight,-0.19443893583508426,0.19443893583508426,True
1167,cyz_166,166,off_diagonal,-0.19404635645791926,0.19404635645791926,True
1876,w_268,268,weight,0.19212411713243893,0.19212411713243893,True
1627,cxz_232,232,off_diagonal,0.1912794551644151,0.1912794551644151,True
2163,w_309,309,weight,0.19032122191838877,0.19032122191838877,True
672,w_96,96,weight,-0.18954875367365473,0.18954875367365473,True
342,czz_48,48,diagonal,0.1888724673503918,0.1888724673503918,True
1670,cyy_238,238,diagonal,0.1886962006814289,0.1886962006814289,True
71,cxx_10,10,diagonal,-0.1883924320143454,0.1883924320143454,True
619,cxz_88,88,off_diagonal,0.1878963781166643,0.1878963781166643,True
2371,cyz_338,338,off_diagonal,0.18752652339679332,0.18752652339679332,True
1386,w_198,198,weight,-0.1861414468521388,0.1861414468521388,True
1117,cyy_159,159,diagonal,-0.18566368112738862,0.18566368112738862,True
224,w_32,32,weight,-0.18452958634078437,0.18452958634078437,True
2181,cyy_311,311,diagonal,-0.1845007707582513,0.1845007707582513,True
547,cxx_78,78,diagonal,0.18378223142511074,0.18378223142511074,True
3002,czz_428,428,diagonal,0.18234139177797254,0.18234139177797254,True
1503,cyz_214,214,off_diagonal,0.1818849685234359,0.1818849685234359,True
133,w_19,19,weight,0.18175684953996987,0.18175684953996987,True
1884,cxx_269,269,diagonal,0.18135745830651168,0.18135745830651168,True
992,cyz_141,141,off_diagonal,0.18120311082069013,0.18120311082069013,True
3130,cxx_447,447,diagonal,-0.17738175808863202,0.17738175808863202,True
1999,cyy_285,285,diagonal,-0.17734336358519137,0.17734336358519137,True
2646,w_378,378,weight,-0.17727306728334682,0.17727306728334682,True
684,cyz_97,97,off_diagonal,0.1771863611118786,0.1771863611118786,True
1142,cxx_163,163,diagonal,-0.17511811345338124,0.17511811345338124,True
3235,cxx_462,462,diagonal,0.17490083559872308,0.17490083559872308,True
644,w_92,92,weight,-0.17420960885197453,0.17420960885197453,True
1832,cyz_261,261,off_diagonal,-0.17402429394644167,0.17402429394644167,True
2932,czz_418,418,diagonal,-0.17234975086553136,0.17234975086553136,True
3212,czz_458,458,diagonal,0.1716841634655068,0.1716841634655068,True
1483,czz_211,211,diagonal,0.17150926663067628,0.17150926663067628,True
248,cxz_35,35,off_diagonal,0.17052961734351263,0.17052961734351263,True
3248,w_464,464,weight,0.1674730362656691,0.1674730362656691,True
2919,w_417,417,weight,-0.16597835733455651,0.16597835733455651,True
253,cxx_36,36,diagonal,-0.16427518466771565,0.16427518466771565,True
627,cyy_89,89,diagonal,0.16085493299463438,0.16085493299463438,True
2234,cxx_319,319,diagonal,-0.16024236789442045,0.16024236789442045,True
1740,cyy_248,248,diagonal,0.1600490859108755,0.1600490859108755,True
936,cyz_133,133,off_diagonal,-0.15976374939535248,0.15976374939535248,True
339,cxz_48,48,off_diagonal,-0.15891938953308693,0.15891938953308693,True
1658,czz_236,236,diagonal,-0.15889290950274185,0.15889290950274185,True
2359,w_337,337,weight,-0.15844011174311212,0.15844011174311212,True
2440,cyy_348,348,diagonal,-0.15726476120013866,0.15726476120013866,True
3230,cxz_461,461,off_diagonal,-0.15712468949619235,0.15712468949619235,True
469,w_67,67,weight,-0.1568665126159005,0.1568665126159005,True
1037,cxx_148,148,diagonal,0.1567191762077686,0.1567191762077686,True
2966,cyz_423,423,off_diagonal,0.15544307286576756,0.15544307286576756,True
1831,cyy_261,261,diagonal,-0.15378780555693486,0.15378780555693486,True
3121,czz_445,445,diagonal,0.15284329558325005,0.15284329558325005,True
1065,cxx_152,152,diagonal,-0.15275950819594025,0.15275950819594025,True
2380,w_340,340,weight,0.15221157700031016,0.15221157700031016,True
297,cxz_42,42,off_diagonal,-0.15202574908567942,0.15202574908567942,True
3017,w_431,431,weight,-0.15181648304723974,0.15181648304723974,True
787,cxz_112,112,off_diagonal,0.1514635973261298,0.1514635973261298,True
884,cxy_126,126,off_diagonal,-0.14706628746294653,0.14706628746294653,True
2926,w_418,418,weight,-0.14688491163667117,0.14688491163667117,True
2041,cyy_291,291,diagonal,-0.14446823233176953,0.14446823233176953,True
3034,cxz_433,433,off_diagonal,0.14446094995220413,0.14446094995220413,True
1996,cxx_285,285,diagonal,0.14445513559376377,0.14445513559376377,True
1603,w_229,229,weight,-0.14436259336472124,0.14436259336472124,True
346,cxz_49,49,off_diagonal,-0.1436677874968254,0.1436677874968254,True
1553,czz_221,221,diagonal,-0.14353875330882818,0.14353875330882818,True
2600,cxz_371,371,off_diagonal,0.14348434169473998,0.14348434169473998,True
1029,w_147,147,weight,-0.14313662776772854,0.14313662776772854,True
3249,cxx_464,464,diagonal,0.1428623261426321,0.1428623261426321,True
2052,cxx_293,293,diagonal,0.14219304304688965,0.14219304304688965,True
3441,cyy_491,491,diagonal,0.1416728650712282,0.1416728650712282,True
3341,cxy_477,477,off_diagonal,0.1415480553366818,0.1415480553366818,True
2753,cxy_393,393,off_diagonal,0.141536494057423,0.141536494057423,True
2135,w_305,305,weight,-0.1409965021630136,0.1409965021630136,True
3119,cyy_445,445,diagonal,-0.1408967059522921,0.1408967059522921,True
2833,cyz_404,404,off_diagonal,-0.13895319889126584,0.13895319889126584,True
315,w_45,45,weight,-0.13890108984598806,0.13890108984598806,True
2628,cxz_375,375,off_diagonal,0.1385610827460805,0.1385610827460805,True
2423,cxx_346,346,diagonal,-0.13850507099762455,0.13850507099762455,True
605,cxz_86,86,off_diagonal,0.13821979028795475,0.13821979028795475,True
2360,cxx_337,337,diagonal,-0.1382098980336594,0.1382098980336594,True
2724,cxx_389,389,diagonal,0.1381638981320941,0.1381638981320941,True
256,cyy_36,36,diagonal,-0.13696114891050482,0.13696114891050482,True
2331,w_333,333,weight,-0.13693632684668025,0.13693632684668025,True
134,cxx_19,19,diagonal,-0.13660602746468545,0.13660602746468545,True
2731,cxx_390,390,diagonal,0.13636352275831795,0.13636352275831795,True
3179,cxx_454,454,diagonal,0.13621445041385238,0.13621445041385238,True
1433,cyz_204,204,off_diagonal,-0.13559578816571918,0.13559578816571918,True
102,cyy_14,14,diagonal,0.13532313993306813,0.13532313993306813,True
492,cxy_70,70,off_diagonal,0.13531357306724598,0.13531357306724598,True
2849,w_407,407,weight,-0.1353059027521345,0.1353059027521345,True
166,cyz_23,23,off_diagonal,0.13518416847890133,0.13518416847890133,True
1468,cyz_209,209,off_diagonal,0.13491162756736885,0.13491162756736885,True
1170,cxx_167,167,diagonal,0.13481658522044715,0.13481658522044715,True
3294,cyy_470,470,diagonal,-0.13405441911210988,0.13405441911210988,True
2348,cxz_335,335,off_diagonal,-0.13398013486421792,0.13398013486421792,True
945,w_135,135,weight,0.13387735748842716,0.13387735748842716,True
1335,cyz_190,190,off_diagonal,-0.1333314194460068,0.1333314194460068,True
1836,cxy_262,262,off_diagonal,0.13217453119593847,0.13217453119593847,True
2374,cxx_339,339,diagonal,-0.13205051601075188,0.13205051601075188,True
453,cyz_64,64,off_diagonal,-0.13155609119275255,0.13155609119275255,True
2464,w_352,352,weight,-0.13145760495563658,0.13145760495563658,True
85,cxx_12,12,diagonal,0.1310771711466714,0.1310771711466714,True
2791,cyz_398,398,off_diagonal,0.12977749447593798,0.12977749447593798,True
2867,cyy_409,409,diagonal,0.12946754307321318,0.12946754307321318,True
379,cxx_54,54,diagonal,-0.12917129654145992,0.12917129654145992,True
3141,cyz_448,448,off_diagonal,0.12890881902582782,0.12890881902582782,True
915,cyz_130,130,off_diagonal,-0.1284918350213703,0.1284918350213703,True
1937,cyz_276,276,off_diagonal,-0.1279643701858165,0.1279643701858165,True
3240,czz_462,462,diagonal,-0.12708437597349637,0.12708437597349637,True
3027,cxz_432,432,off_diagonal,0.12619465596718496,0.12619465596718496,True
2530,cxz_361,361,off_diagonal,-0.12553819823683224,0.12553819823683224,True
2394,w_342,342,weight,-0.12536985937529863,0.12536985937529863,True
1415,cxx_202,202,diagonal,0.1250477275978039,0.1250477275978039,True
2037,w_291,291,weight,-0.12467376913580148,0.12467376913580148,True
2491,czz_355,355,diagonal,0.12456809909842032,0.12456809909842032,True
194,cyz_27,27,off_diagonal,0.12449213555465335,0.12449213555465335,True
3277,cxx_468,468,diagonal,-0.12393032532898347,0.12393032532898347,True
760,cyy_108,108,diagonal,-0.12388831362697506,0.12388831362697506,True
205,cxy_29,29,off_diagonal,0.12321115943882616,0.12321115943882616,True
484,cxx_69,69,diagonal,-0.12294102446508783,0.12294102446508783,True
3234,w_462,462,weight,-0.12222006411114078,0.12222006411114078,True
117,cyz_16,16,off_diagonal,-0.12190113970941048,0.12190113970941048,True
1173,cyy_167,167,diagonal,0.12180685785003431,0.12180685785003431,True
3023,czz_431,431,diagonal,0.12160669372804293,0.12160669372804293,True
193,cyy_27,27,diagonal,-0.12143545425768426,0.12143545425768426,True
159,cyz_22,22,off_diagonal,-0.12136924060930528,0.12136924060930528,True
3287,cyy_469,469,diagonal,-0.12126702485746356,0.12126702485746356,True
2876,czz_410,410,diagonal,-0.12085879329561776,0.12085879329561776,True
1218,w_174,174,weight,0.12068397917885904,0.12068397917885904,True
2560,cyz_365,365,off_diagonal,0.12054643021583261,0.12054643021583261,True
3406,cyy_486,486,diagonal,0.1202927674345593,0.1202927674345593,True
1680,w_240,240,weight,-0.11986204941609689,0.11986204941609689,True
401,cxy_57,57,off_diagonal,-0.11953953298565355,0.11953953298565355,True
436,cxy_62,62,off_diagonal,-0.11910583040047594,0.11910583040047594,True
2253,czz_321,321,diagonal,-0.1189822143368279,0.1189822143368279,True
611,cxy_87,87,off_diagonal,-0.118793364637475,0.118793364637475,True
2046,cxy_292,292,off_diagonal,0.11836311578646196,0.11836311578646196,True
1538,cyz_219,219,off_diagonal,0.11816961721062387,0.11816961721062387,True
815,cxz_116,116,off_diagonal,0.11805606485084343,0.11805606485084343,True
3349,cxz_478,478,off_diagonal,-0.11767537094504973,0.11767537094504973,True
3458,w_494,494,weight,-0.11636986106459275,0.11636986106459275,True
3483,cyy_497,497,diagonal,-0.11610441237381612,0.11610441237381612,True
2843,cxx_406,406,diagonal,0.11594614786797587,0.11594614786797587,True
2857,cxx_408,408,diagonal,-0.11584263058544136,0.11584263058544136,True
1749,czz_249,249,diagonal,0.11565340630430535,0.11565340630430535,True
262,cxz_37,37,off_diagonal,-0.11563318225954587,0.11563318225954587,True
2862,czz_408,408,diagonal,-0.11496825979749249,0.11496825979749249,True
2474,cxz_353,353,off_diagonal,0.11420393063480856,0.11420393063480856,True
1566,cyz_223,223,off_diagonal,0.11398712575138241,0.11398712575138241,True
1972,cyz_281,281,off_diagonal,-0.11309136566081182,0.11309136566081182,True
2539,cyz_362,362,off_diagonal,0.11302435231530389,0.11302435231530389,True
1725,cxz_246,246,off_diagonal,-0.11298562180151565,0.11298562180151565,True
3408,czz_486,486,diagonal,0.11263137113634324,0.11263137113634324,True
1217,czz_173,173,diagonal,-0.11251987876618157,0.11251987876618157,True
218,cxx_31,31,diagonal,-0.11209663384304334,0.11209663384304334,True
3451,w_493,493,weight,-0.11173596768076403,0.11173596768076403,True
2682,cxx_383,383,diagonal,-0.11100219149472204,0.11100219149472204,True
3309,cyz_472,472,off_diagonal,0.11027890495003724,0.11027890495003724,True
2275,w_325,325,weight,-0.1101916040917536,0.1101916040917536,True
1973,czz_281,281,diagonal,-0.10872623352656824,0.10872623352656824,True
751,cxy_107,107,off_diagonal,-0.10847189125233796,0.10847189125233796,True
3117,cxy_445,445,off_diagonal,-0.10845894930094233,0.10845894930094233,True
2878,cxx_411,411,diagonal,0.1083384522262887,0.1083384522262887,True
770,w_110,110,weight,0.10792470221885607,0.10792470221885607,True
2164,cxx_309,309,diagonal,0.10790246267045743,0.10790246267045743,True
3095,cxx_442,442,diagonal,0.10661125214385112,0.10661125214385112,True
1534,cxx_219,219,diagonal,-0.10629338259990438,0.10629338259990438,True
1545,cyz_220,220,off_diagonal,0.10597933179663135,0.10597933179663135,True
665,w_95,95,weight,-0.10571308136747332,0.10571308136747332,True
963,cyy_137,137,diagonal,-0.10559913372126245,0.10559913372126245,True
1204,w_172,172,weight,-0.10543790101173015,0.10543790101173015,True
3152,cxy_450,450,off_diagonal,-0.10520309615768396,0.10520309615768396,True
1790,cyz_255,255,off_diagonal,-0.10512059175461998,0.10512059175461998,True
2040,cxz_291,291,off_diagonal,-0.10478679724818271,0.10478679724818271,True
2989,w_427,427,weight,-0.10404290598288474,0.10404290598288474,True
2672,cyz_381,381,off_diagonal,0.10394392185582019,0.10394392185582019,True
1522,cxz_217,217,off_diagonal,0.10354901282203934,0.10354901282203934,True
1021,czz_145,145,diagonal,0.10309961492339166,0.10309961492339166,True
1915,cyy_273,273,diagonal,0.10289519852153016,0.10289519852153016,True
2653,w_379,379,weight,-0.10285305091540066,0.10285305091540066,True
2909,cyy_415,415,diagonal,0.10271132201924538,0.10271132201924538,True
818,czz_116,116,diagonal,-0.10257340298339199,0.10257340298339199,True
1874,cyz_267,267,off_diagonal,-0.10251336577138177,0.10251336577138177,True
3367,w_481,481,weight,-0.10193471896327765,0.10193471896327765,True
1338,cxx_191,191,diagonal,0.1016123769428758,0.1016123769428758,True
2547,czz_363,363,diagonal,-0.10107224702808412,0.10107224702808412,True
2140,cyz_305,305,off_diagonal,0.10059507455921037,0.10059507455921037,True
1182,czz_168,168,diagonal,0.10012509587869546,0.10012509587869546,True
2555,w_365,365,weight,-0.10007961171709692,0.10007961171709692,True
832,czz_118,118,diagonal,0.09986197672842005,0.09986197672842005,True
3424,cxx_489,489,diagonal,0.09984568491591375,0.09984568491591375,True
653,cxy_93,93,off_diagonal,0.09913497605157777,0.09913497605157777,True
1678,cyz_239,239,off_diagonal,0.09858920326305139,0.09858920326305139,True
2815,cxx_402,402,diagonal,-0.0978022603118301,0.0978022603118301,True
2207,cxy_315,315,off_diagonal,0.09669152809641178,0.09669152809641178,True
1651,czz_235,235,diagonal,0.09598332295788654,0.09598332295788654,True
15,cxx_2,2,diagonal,-0.09568800901898236,0.09568800901898236,True
1613,cxz_230,230,off_diagonal,-0.09567603012014653,0.09567603012014653,True
851,cyy_121,121,diagonal,-0.09546804119037594,0.09546804119037594,True
357,w_51,51,weight,-0.09526193180075988,0.09526193180075988,True
2108,cxx_301,301,diagonal,0.09513912917751799,0.09513912917751799,True
2748,cyy_392,392,diagonal,0.09496006233276669,0.09496006233276669,True
498,cxx_71,71,diagonal,0.09453711857934972,0.09453711857934972,True
801,cxz_114,114,off_diagonal,-0.09447366554301247,0.09447366554301247,True
381,cxz_54,54,off_diagonal,0.09440828559090711,0.09440828559090711,True
686,w_98,98,weight,0.09363043654325763,0.09363043654325763,True
3289,czz_469,469,diagonal,0.09328142985723285,0.09328142985723285,True
1427,czz_203,203,diagonal,-0.09307382637417613,0.09307382637417613,True
1411,cyy_201,201,diagonal,-0.09253721067946871,0.09253721067946871,True
1349,cyz_192,192,off_diagonal,-0.09203032368497041,0.09203032368497041,True
806,cxx_115,115,diagonal,-0.09140432724808695,0.09140432724808695,True
623,w_89,89,weight,-0.09135033887366385,0.09135033887366385,True
922,cyz_131,131,off_diagonal,0.09100649038500437,0.09100649038500437,True
1521,cxy_217,217,off_diagonal,-0.09077438021211012,0.09077438021211012,True
3250,cxy_464,464,off_diagonal,-0.09051195718655367,0.09051195718655367,True
1940,cxx_277,277,diagonal,0.0904266895022387,0.0904266895022387,True
2744,w_392,392,weight,-0.09029855357396638,0.09029855357396638,True
1229,cyy_175,175,diagonal,0.09004650171210397,0.09004650171210397,True
614,cyz_87,87,off_diagonal,-0.08984571791809817,0.08984571791809817,True
467,cyz_66,66,off_diagonal,-0.08957979431889808,0.08957979431889808,True
89,cyz_12,12,off_diagonal,-0.08859518903199029,0.08859518903199029,True
529,cyy_75,75,diagonal,-0.08852746919969255,0.08852746919969255,True
1959,czz_279,279,diagonal,-0.08802009234879746,0.08802009234879746,True
1494,cxz_213,213,off_diagonal,-0.08785808094419827,0.08785808094419827,True
2247,w_321,321,weight,-0.08783210050740149,0.08783210050740149,True
1710,cxy_244,244,off_diagonal,0.08730119713975791,0.08730119713975791,True
3099,cyz_442,442,off_diagonal,0.08616104016630342,0.08616104016630342,True
2648,cxy_378,378,off_diagonal,0.08570715691877213,0.08570715691877213,True
1714,czz_244,244,diagonal,-0.08570194473472141,0.08570194473472141,True
202,czz_28,28,diagonal,-0.08563715566718855,0.08563715566718855,True
1317,cxx_188,188,diagonal,0.08500474254993023,0.08500474254993023,True
3177,czz_453,453,diagonal,-0.08495540528064878,0.08495540528064878,True
3340,cxx_477,477,diagonal,-0.08456489164191361,0.08456489164191361,True
812,w_116,116,weight,-0.08440524336777276,0.08440524336777276,True
3006,cxz_429,429,off_diagonal,0.08437803164171952,0.08437803164171952,True
2593,cxz_370,370,off_diagonal,0.0834288104080716,0.0834288104080716,True
2808,cxx_401,401,diagonal,0.08338631124417074,0.08338631124417074,True
3415,czz_487,487,diagonal,-0.08333158220015975,0.08333158220015975,True
3281,cyz_468,468,off_diagonal,-0.0830660262711336,0.0830660262711336,True
88,cyy_12,12,diagonal,-0.08284039168735996,0.08284039168735996,True
3310,czz_472,472,diagonal,0.08240728634092555,0.08240728634092555,True
1711,cxz_244,244,off_diagonal,0.08151603627773654,0.08151603627773654,True
3275,czz_467,467,diagonal,0.08079680970097858,0.08079680970097858,True
767,cyy_109,109,diagonal,-0.08071680688531972,0.08071680688531972,True
3377,cxz_482,482,off_diagonal,0.08026109642447768,0.08026109642447768,True
833,w_119,119,weight,-0.0800358708792485,0.0800358708792485,True
3104,cxz_443,443,off_diagonal,-0.07968450429518661,0.07968450429518661,True
834,cxx_119,119,diagonal,-0.07952329734749751,0.07952329734749751,True
598,cxz_85,85,off_diagonal,0.07936394765397214,0.07936394765397214,True
2978,cxz_425,425,off_diagonal,0.07932324785248163,0.07932324785248163,True
1070,czz_152,152,diagonal,-0.07916630167405724,0.07916630167405724,True
2623,cyz_374,374,off_diagonal,-0.07907821218347738,0.07907821218347738,True
1561,w_223,223,weight,-0.07844119765306144,0.07844119765306144,True
497,w_71,71,weight,0.07802036683250858,0.07802036683250858,True
586,cyz_83,83,off_diagonal,0.07795245202457741,0.07795245202457741,True
2630,cyz_375,375,off_diagonal,0.0770893698930468,0.0770893698930468,True
2854,cyz_407,407,off_diagonal,-0.07687195529922795,0.07687195529922795,True
2106,czz_300,300,diagonal,0.07669690289914752,0.07669690289914752,True
2153,cyy_307,307,diagonal,-0.07605362279526774,0.07605362279526774,True
2554,czz_364,364,diagonal,0.07512361212550937,0.07512361212550937,True
2915,cxz_416,416,off_diagonal,0.07510039847689709,0.07510039847689709,True
317,cxy_45,45,off_diagonal,-0.07496770428057711,0.07496770428057711,True
3369,cxy_481,481,off_diagonal,0.07492088599694076,0.07492088599694076,True
198,cxy_28,28,off_diagonal,0.07489355661150592,0.07489355661150592,True
2827,czz_403,403,diagonal,0.07481816286505781,0.07481816286505781,True
1121,cxx_160,160,diagonal,0.07469092397156228,0.07469092397156228,True
2506,w_358,358,weight,0.07467412676507282,0.07467412676507282,True
857,cxz_122,122,off_diagonal,-0.07446109909617732,0.07446109909617732,True
3022,cyz_431,431,off_diagonal,-0.07438133884186839,0.07438133884186839,True
1719,cyy_245,245,diagonal,-0.07427619057213339,0.07427619057213339,True
1820,w_260,260,weight,-0.073241651340644,0.073241651340644,True
2142,w_306,306,weight,-0.0732113816218671,0.0732113816218671,True
2745,cxx_392,392,diagonal,0.07236166788772908,0.07236166788772908,True
1053,cxz_150,150,off_diagonal,0.07222073510490125,0.07222073510490125,True
1256,cxz_179,179,off_diagonal,-0.07180169183037284,0.07180169183037284,True
2633,cxx_376,376,diagonal,0.07131364466157428,0.07131364466157428,True
368,cyy_52,52,diagonal,-0.07114685715463659,0.07114685715463659,True
364,w_52,52,weight,-0.07076606102885,0.07076606102885,True
2676,cxy_382,382,off_diagonal,-0.07036032635342737,0.07036032635342737,True
2495,cxz_356,356,off_diagonal,0.07034243980793717,0.07034243980793717,True
2031,cxx_290,290,diagonal,-0.07017015631393196,0.07017015631393196,True
1887,cyy_269,269,diagonal,-0.06997545516483909,0.06997545516483909,True
3118,cxz_445,445,off_diagonal,0.06952884105077957,0.06952884105077957,True
2583,w_369,369,weight,0.06889818949997709,0.06889818949997709,True
1114,cxx_159,159,diagonal,-0.06796273552611524,0.06796273552611524,True
889,w_127,127,weight,0.0678536097175406,0.0678536097175406,True
2260,czz_322,322,diagonal,0.06779605652804031,0.06779605652804031,True
2695,w_385,385,weight,-0.0677426920328643,0.0677426920328643,True
1154,czz_164,164,diagonal,-0.06748266788267887,0.06748266788267887,True
3319,cxx_474,474,diagonal,-0.06747587462467321,0.06747587462467321,True
1254,cxx_179,179,diagonal,-0.0673724829366625,0.0673724829366625,True
2948,cxx_421,421,diagonal,-0.06732725763925927,0.06732725763925927,True
2692,cyy_384,384,diagonal,0.06687363398956073,0.06687363398956073,True
913,cxz_130,130,off_diagonal,-0.06668601007112344,0.06668601007112344,True
2318,cxx_331,331,diagonal,0.06640310627219746,0.06640310627219746,True
1096,cyy_156,156,diagonal,0.06619320256598443,0.06619320256598443,True
3016,czz_430,430,diagonal,0.06583145671631369,0.06583145671631369,True
3247,czz_463,463,diagonal,-0.06528176256117066,0.06528176256117066,True
1509,cyy_215,215,diagonal,0.06489480196690992,0.06489480196690992,True
2016,w_288,288,weight,0.06471491716229183,0.06471491716229183,True
1083,cyz_154,154,off_diagonal,-0.06471131820584815,0.06471131820584815,True
1144,cxz_163,163,off_diagonal,-0.06467791091668021,0.06467791091668021,True
642,cyz_91,91,off_diagonal,0.06459691248963899,0.06459691248963899,True
3254,czz_464,464,diagonal,0.06434518623552794,0.06434518623552794,True
1812,czz_258,258,diagonal,-0.06432956307525164,0.06432956307525164,True
2697,cxy_385,385,off_diagonal,0.06415872664943228,0.06415872664943228,True
778,cxx_111,111,diagonal,-0.06407478807575258,0.06407478807575258,True
94,cxz_13,13,off_diagonal,-0.06407307916772252,0.06407307916772252,True
836,cxz_119,119,off_diagonal,0.06380525791897915,0.06380525791897915,True
2865,cxy_409,409,off_diagonal,-0.06327032074473453,0.06327032074473453,True
916,czz_130,130,diagonal,-0.0630263508717975,0.0630263508717975,True
1155,w_165,165,weight,-0.06269790660943324,0.06269790660943324,True
456,cxx_65,65,diagonal,0.06219794618620654,0.06219794618620654,True
860,czz_122,122,diagonal,-0.062061087807995956,0.062061087807995956,True
1054,cyy_150,150,diagonal,-0.06199363879113698,0.06199363879113698,True
2059,cxx_294,294,diagonal,0.06194604506350984,0.06194604506350984,True
3413,cyy_487,487,diagonal,-0.0618144307681075,0.0618144307681075,True
2968,w_424,424,weight,-0.06178727900445048,0.06178727900445048,True
410,cyy_58,58,diagonal,0.0615518960601927,0.0615518960601927,True
660,cxy_94,94,off_diagonal,-0.06120559019815002,0.06120559019815002,True
1413,czz_201,201,diagonal,-0.06112772896229863,0.06112772896229863,True
1296,cxx_185,185,diagonal,-0.060944690697781786,0.060944690697781786,True
548,cxy_78,78,off_diagonal,-0.060467802734632356,0.060467802734632356,True
1240,cxx_177,177,diagonal,-0.060379384349372595,0.060379384349372595,True
657,czz_93,93,diagonal,0.058893635678207414,0.058893635678207414,True
2344,czz_334,334,diagonal,-0.058271241409914666,0.058271241409914666,True
2343,cyz_334,334,off_diagonal,0.05814054061324996,0.05814054061324996,True
1771,w_253,253,weight,-0.057871296343613696,0.057871296343613696,True
1816,cxz_259,259,off_diagonal,0.057586769863717795,0.057586769863717795,True
780,cxz_111,111,off_diagonal,-0.05737929334083709,0.05737929334083709,True
2257,cxz_322,322,off_diagonal,-0.05703577840436949,0.05703577840436949,True
1906,cxy_272,272,off_diagonal,-0.056858841983065324,0.056858841983065324,True
62,czz_8,8,diagonal,0.056615665186062356,0.056615665186062356,True
1896,czz_270,270,diagonal,0.056507509276270795,0.056507509276270795,True
58,cxy_8,8,off_diagonal,0.05648481676977102,0.05648481676977102,True
3383,cxy_483,483,off_diagonal,-0.055486948273743834,0.055486948273743834,True
1091,czz_155,155,diagonal,0.05534289682683909,0.05534289682683909,True
470,cxx_67,67,diagonal,0.0552921123997669,0.0552921123997669,True
298,cyy_42,42,diagonal,0.05476399624399592,0.05476399624399592,True
1508,cxz_215,215,off_diagonal,-0.05465774940667168,0.05465774940667168,True
906,cxz_129,129,off_diagonal,-0.05460682139475569,0.05460682139475569,True
2432,cxz_347,347,off_diagonal,0.054512362105497675,0.054512362105497675,True
1099,w_157,157,weight,0.054394447773681506,0.054394447773681506,True
599,cyy_85,85,diagonal,-0.05382167366809964,0.05382167366809964,True
1615,cyz_230,230,off_diagonal,0.05380791542952898,0.05380791542952898,True
305,cyy_43,43,diagonal,0.053443806823809684,0.053443806823809684,True
3353,w_479,479,weight,-0.05330150021022143,0.05330150021022143,True
1295,w_185,185,weight,-0.05326012775994909,0.05326012775994909,True
1336,czz_190,190,diagonal,-0.0532072341390056,0.0532072341390056,True
247,cxy_35,35,off_diagonal,0.05315511174585385,0.05315511174585385,True
863,cxy_123,123,off_diagonal,0.05295041300961573,0.05295041300961573,True
3226,czz_460,460,diagonal,-0.05295025216787037,0.05295025216787037,True
171,cxz_24,24,off_diagonal,0.05275389264936903,0.05275389264936903,True
3480,cxx_497,497,diagonal,0.05248046745127776,0.05248046745127776,True
1107,cxx_158,158,diagonal,-0.052376242238060644,0.052376242238060644,True
2923,cyy_417,417,diagonal,-0.051373706039991814,0.051373706039991814,True
14,w_2,2,weight,-0.05082174057966169,0.05082174057966169,True
468,czz_66,66,diagonal,0.05063908051656393,0.05063908051656393,True
2565,cxz_366,366,off_diagonal,-0.050531293357043594,0.050531293357043594,True
2631,czz_375,375,diagonal,-0.05045346588995045,0.05045346588995045,True
1372,w_196,196,weight,0.05043357764986283,0.05043357764986283,True
1221,cxz_174,174,off_diagonal,-0.050431297196583964,0.050431297196583964,True
1047,cyy_149,149,diagonal,-0.05031296814169162,0.05031296814169162,True
1237,cyz_176,176,off_diagonal,-0.04979263647361037,0.04979263647361037,True
975,cxy_139,139,off_diagonal,-0.049766985266426346,0.049766985266426346,True
651,w_93,93,weight,-0.04972775305968585,0.04972775305968585,True
1443,cxx_206,206,diagonal,0.049687036236883836,0.049687036236883836,True
2534,w_362,362,weight,-0.04958696362466761,0.04958696362466761,True
855,cxx_122,122,diagonal,-0.04924264175766102,0.04924264175766102,True
900,cyy_128,128,diagonal,-0.049238364846558365,0.049238364846558365,True
1893,cxz_270,270,off_diagonal,-0.04919588927601467,0.04919588927601467,True
2445,cxy_349,349,off_diagonal,-0.04845219247525986,0.04845219247525986,True
1639,cxx_234,234,diagonal,-0.048310156888039954,0.048310156888039954,True
1352,cxx_193,193,diagonal,0.04827240180346291,0.04827240180346291,True
733,cyz_104,104,off_diagonal,-0.04808246910957967,0.04808246910957967,True
2465,cxx_352,352,diagonal,0.04796852038857958,0.04796852038857958,True
2028,cyz_289,289,off_diagonal,0.04792624184217899,0.04792624184217899,True
841,cxx_120,120,diagonal,0.047604246829957994,0.047604246829957994,True
1269,cxy_181,181,off_diagonal,0.04747187679559577,0.04747187679559577,True
1990,cxy_284,284,off_diagonal,-0.04714526125115892,0.04714526125115892,True
450,cxy_64,64,off_diagonal,0.04702490315516143,0.04702490315516143,True
2277,cxy_325,325,off_diagonal,0.046937117972911134,0.046937117972911134,True
466,cyy_66,66,diagonal,0.046884486675515084,0.046884486675515084,True
1318,cxy_188,188,off_diagonal,-0.04680662209743513,0.04680662209743513,True
1051,cxx_150,150,diagonal,0.046541155094024046,0.046541155094024046,True
2710,cxx_387,387,diagonal,-0.046507275298585574,0.046507275298585574,True
2364,cyz_337,337,off_diagonal,-0.04645762128937849,0.04645762128937849,True
3151,cxx_450,450,diagonal,0.046168697553276516,0.046168697553276516,True
1324,cxx_189,189,diagonal,-0.04604491361773319,0.04604491361773319,True
2636,cyy_376,376,diagonal,0.04601936619166869,0.04601936619166869,True
2401,w_343,343,weight,-0.04597793230602307,0.04597793230602307,True
2829,cxx_404,404,diagonal,-0.04594393433709922,0.04594393433709922,True
1262,cxy_180,180,off_diagonal,0.04584035516521094,0.04584035516521094,True
79,cxy_11,11,off_diagonal,-0.04577389454875869,0.04577389454875869,True
765,cxy_109,109,off_diagonal,0.04541281224857942,0.04541281224857942,True
795,cyy_113,113,diagonal,0.04539817771749639,0.04539817771749639,True
1632,cxx_233,233,diagonal,-0.04528551066993506,0.04528551066993506,True
3011,cxx_430,430,diagonal,-0.04525393284884981,0.04525393284884981,True
3291,cxx_470,470,diagonal,0.04512210795176258,0.04512210795176258,True
495,cyz_70,70,off_diagonal,-0.045092105980678025,0.045092105980678025,True
535,cxz_76,76,off_diagonal,0.04507193673445609,0.04507193673445609,True
1966,czz_280,280,diagonal,0.04480430689477651,0.04480430689477651,True
3449,cyz_492,492,off_diagonal,-0.044712716831740974,0.044712716831740974,True
962,cxz_137,137,off_diagonal,0.044464367659088753,0.044464367659088753,True
3372,cyz_481,481,off_diagonal,-0.04435622522447011,0.04435622522447011,True
1902,cyz_271,271,off_diagonal,0.04422426483662285,0.04422426483662285,True
3333,cxx_476,476,diagonal,0.04388609419921969,0.04388609419921969,True
1626,cxy_232,232,off_diagonal,0.043788028928065416,0.043788028928065416,True
278,cyz_39,39,off_diagonal,0.043769036561421955,0.043769036561421955,True
482,czz_68,68,diagonal,-0.043473544246899545,0.043473544246899545,True
1821,cxx_260,260,diagonal,-0.04317706129034411,0.04317706129034411,True
3252,cyy_464,464,diagonal,0.04290546906990677,0.04290546906990677,True
3455,cyy_493,493,diagonal,-0.04266960638276213,0.04266960638276213,True
700,w_100,100,weight,0.04249127664820276,0.04249127664820276,True
1803,cyy_257,257,diagonal,-0.04245053253725032,0.04245053253725032,True
946,cxx_135,135,diagonal,0.04243728526725356,0.04243728526725356,True
2256,cxy_322,322,off_diagonal,-0.042412766494697246,0.042412766494697246,True
2120,czz_302,302,diagonal,-0.04231743369599842,0.04231743369599842,True
932,cxx_133,133,diagonal,-0.04224888460515861,0.04224888460515861,True
2165,cxy_309,309,off_diagonal,-0.04183370721685594,0.04183370721685594,True
1823,cxz_260,260,off_diagonal,0.04182679369165018,0.04182679369165018,True
3009,czz_429,429,diagonal,-0.04182135943246324,0.04182135943246324,True
1455,czz_207,207,diagonal,0.04177691347138668,0.04177691347138668,True
2333,cxy_333,333,off_diagonal,-0.041595033956392746,0.041595033956392746,True
2058,w_294,294,weight,-0.0415703248675027,0.0415703248675027,True
1700,czz_242,242,diagonal,0.041399214939700016,0.041399214939700016,True
746,cyy_106,106,diagonal,0.04123817003234804,0.04123817003234804,True
905,cxy_129,129,off_diagonal,-0.04084584984017802,0.04084584984017802,True
2573,cyy_367,367,diagonal,0.040376013696037875,0.040376013696037875,True
1654,cxy_236,236,off_diagonal,-0.04005375019093262,0.04005375019093262,True
3067,cxx_438,438,diagonal,0.03988786751591126,0.03988786751591126,True
2216,cyy_316,316,diagonal,-0.03985020360114526,0.03985020360114526,True
309,cxx_44,44,diagonal,0.039813403116690634,0.039813403116690634,True
587,czz_83,83,diagonal,-0.039721119927466644,0.039721119927466644,True
1664,cyz_237,237,off_diagonal,-0.03968028181251643,0.03968028181251643,True
57,cxx_8,8,diagonal,-0.039580640627312196,0.039580640627312196,True
693,w_99,99,weight,-0.03866289574683756,0.03866289574683756,True
1464,cxx_209,209,diagonal,0.03854694956654411,0.03854694956654411,True
1558,cyy_222,222,diagonal,-0.03852152479820756,0.03852152479820756,True
1577,cxy_225,225,off_diagonal,0.038509291143683136,0.038509291143683136,True
1289,cxx_184,184,diagonal,-0.03828438516123518,0.03828438516123518,True
327,cyz_46,46,off_diagonal,-0.03789809066169396,0.03789809066169396,True
1958,cyz_279,279,off_diagonal,-0.03760575630704649,0.03760575630704649,True
680,cxx_97,97,diagonal,-0.03737467356446822,0.03737467356446822,True
647,cxz_92,92,off_diagonal,-0.03736261028449527,0.03736261028449527,True
1457,cxx_208,208,diagonal,-0.037188052903473955,0.037188052903473955,True
2578,cxy_368,368,off_diagonal,-0.037072452089009535,0.037072452089009535,True
759,cxz_108,108,off_diagonal,-0.03704129673513241,0.03704129673513241,True
534,cxy_76,76,off_diagonal,0.03684499925491044,0.03684499925491044,True
1487,cxz_212,212,off_diagonal,-0.03674489780503925,0.03674489780503925,True
1843,cxy_263,263,off_diagonal,0.03669284488869839,0.03669284488869839,True
2050,czz_292,292,diagonal,-0.03668623805603418,0.03668623805603418,True
264,cyz_37,37,off_diagonal,0.0366350760986711,0.0366350760986711,True
734,czz_104,104,diagonal,-0.036252490996540744,0.036252490996540744,True
3366,czz_480,480,diagonal,0.03622098243011665,0.03622098243011665,True
1454,cyz_207,207,off_diagonal,-0.03620745388059445,0.03620745388059445,True
3329,cyy_475,475,diagonal,0.03580960438003324,0.03580960438003324,True
2087,cxx_298,298,diagonal,0.03568777364665138,0.03568777364665138,True
3189,cyy_455,455,diagonal,-0.03545301212749923,0.03545301212749923,True
1975,cxx_282,282,diagonal,-0.03501352309373723,0.03501352309373723,True
807,cxy_115,115,off_diagonal,0.034840616032480405,0.034840616032480405,True
3068,cxy_438,438,off_diagonal,-0.03470235127491479,0.03470235127491479,True
1819,czz_259,259,diagonal,0.034280817121761974,0.034280817121761974,True
2249,cxy_321,321,off_diagonal,-0.03390311721961947,0.03390311721961947,True
349,czz_49,49,diagonal,0.03387941087064618,0.03387941087064618,True
2351,czz_335,335,diagonal,-0.03382083533513366,0.03382083533513366,True
273,w_39,39,weight,-0.03329884701690453,0.03329884701690453,True
3436,czz_490,490,diagonal,-0.03329074778091439,0.03329074778091439,True
512,cxx_73,73,diagonal,-0.03285205646125314,0.03285205646125314,True
638,cxx_91,91,diagonal,-0.032630089561059304,0.032630089561059304,True
232,cxx_33,33,diagonal,-0.032460108951646104,0.032460108951646104,True
406,w_58,58,weight,-0.03230562640888241,0.03230562640888241,True
1061,cyy_151,151,diagonal,0.03215214064246267,0.03215214064246267,True
1513,cxx_216,216,diagonal,0.03209603600807189,0.03209603600807189,True
1197,w_171,171,weight,-0.03205850219304985,0.03205850219304985,True
2412,cyy_344,344,diagonal,0.03196860555094506,0.03196860555094506,True
2409,cxx_344,344,diagonal,0.03193851065067527,0.03193851065067527,True
2286,cyy_326,326,diagonal,0.031633998133226815,0.031633998133226815,True
282,cxy_40,40,off_diagonal,0.031559244219065155,0.031559244219065155,True
2035,cyz_290,290,off_diagonal,-0.03151716382984482,0.03151716382984482,True
1201,cyy_171,171,diagonal,0.031502864802339325,0.031502864802339325,True
1215,cyy_173,173,diagonal,0.030855419459103688,0.030855419459103688,True
515,cyy_73,73,diagonal,-0.030742082797078563,0.030742082797078563,True
2147,cyz_306,306,off_diagonal,-0.030561169830109203,0.030561169830109203,True
3381,w_483,483,weight,-0.030184822395418833,0.030184822395418833,True
3477,cyz_496,496,off_diagonal,0.030027258808448504,0.030027258808448504,True
1261,cxx_180,180,diagonal,0.029946426136282626,0.029946426136282626,True
16,cxy_2,2,off_diagonal,0.029859432059901787,0.029859432059901787,True
2738,cxx_391,391,diagonal,-0.02947995731608493,0.02947995731608493,True
87,cxz_12,12,off_diagonal,0.029382236439036234,0.029382236439036234,True
409,cxz_58,58,off_diagonal,0.029206855798654258,0.029206855798654258,True
1741,cyz_248,248,off_diagonal,0.02912373531347801,0.02912373531347801,True
2751,w_393,393,weight,-0.028945618209418218,0.028945618209418218,True
603,cxx_86,86,diagonal,0.0286641289747125,0.0286641289747125,True
790,czz_112,112,diagonal,0.02857892560041626,0.02857892560041626,True
2230,cyy_318,318,diagonal,-0.028446920481323305,0.028446920481323305,True
717,cxz_102,102,off_diagonal,0.028286691271255094,0.028286691271255094,True
1432,cyy_204,204,diagonal,-0.02747433723883152,0.02747433723883152,True
3347,cxx_478,478,diagonal,0.02747319352261601,0.02747319352261601,True
3107,czz_443,443,diagonal,-0.027428897288233965,0.027428897288233965,True
131,cyz_18,18,off_diagonal,-0.027298636979205447,0.027298636979205447,True
318,cxz_45,45,off_diagonal,0.02707601861196183,0.02707601861196183,True
340,cyy_48,48,diagonal,-0.027040901461236354,0.027040901461236354,True
1916,cyz_273,273,off_diagonal,0.026925086943021107,0.026925086943021107,True
3028,cyy_432,432,diagonal,0.026921539247626837,0.026921539247626837,True
1225,w_175,175,weight,0.02680195578867231,0.02680195578867231,True
1342,cyz_191,191,off_diagonal,-0.026800821555989902,0.026800821555989902,True
2001,czz_285,285,diagonal,-0.02662581888899328,0.02662581888899328,True
752,cxz_107,107,off_diagonal,0.026580141090458392,0.026580141090458392,True
1759,cxy_251,251,off_diagonal,-0.026018742625251074,0.026018742625251074,True
1732,cxz_247,247,off_diagonal,-0.025962597188897624,0.025962597188897624,True
1514,cxy_216,216,off_diagonal,0.025751943427395417,0.025751943427395417,True
2890,czz_412,412,diagonal,0.025513181333911086,0.025513181333911086,True
2044,w_292,292,weight,-0.025301435151105126,0.025301435151105126,True
490,w_70,70,weight,0.02529822939873664,0.02529822939873664,True
1695,cxx_242,242,diagonal,0.025204424474155454,0.025204424474155454,True
1179,cxz_168,168,off_diagonal,-0.02511849357317134,0.02511849357317134,True
2639,w_377,377,weight,0.025076466556473803,0.025076466556473803,True
1842,cxx_263,263,diagonal,0.02500081890980219,0.02500081890980219,True
2549,cxx_364,364,diagonal,-0.02476484199604002,0.02476484199604002,True
3489,cxz_498,498,off_diagonal,0.02454605470549798,0.02454605470549798,True
1169,w_167,167,weight,0.024492225998337745,0.024492225998337745,True
1403,cxz_200,200,off_diagonal,0.02415763467413236,0.02415763467413236,True
2231,cyz_318,318,off_diagonal,-0.023732015468431705,0.023732015468431705,True
3228,cxx_461,461,diagonal,-0.023645307511640727,0.023645307511640727,True
2730,w_390,390,weight,-0.023550297560529596,0.023550297560529596,True
1002,cxx_143,143,diagonal,-0.023402769499388056,0.023402769499388056,True
2122,cxx_303,303,diagonal,0.023208851613983447,0.023208851613983447,True
2290,cxx_327,327,diagonal,-0.023158332406817007,0.023158332406817007,True
956,cyy_136,136,diagonal,0.022919882018595107,0.022919882018595107,True
3137,cxx_448,448,diagonal,0.022778392757877138,0.022778392757877138,True
1715,w_245,245,weight,-0.02245650263322222,0.02245650263322222,True
2707,cyz_386,386,off_diagonal,-0.02242110451917153,0.02242110451917153,True
3314,cxz_473,473,off_diagonal,0.02234438391609818,0.02234438391609818,True
1073,cxy_153,153,off_diagonal,-0.022343364785660798,0.022343364785660798,True
2455,cyz_350,350,off_diagonal,-0.02217058502460846,0.02217058502460846,True
1676,cxz_239,239,off_diagonal,-0.022119671115041234,0.022119671115041234,True
2317,w_331,331,weight,0.02209556232505533,0.02209556232505533,True
3428,cyz_489,489,off_diagonal,0.022057274943688202,0.022057274943688202,True
2505,czz_357,357,diagonal,0.02148416500210393,0.02148416500210393,True
1526,w_218,218,weight,-0.021361350085702727,0.021361350085702727,True
2737,w_391,391,weight,-0.021283097931116875,0.021283097931116875,True
2500,cxx_357,357,diagonal,-0.021281870548672345,0.021281870548672345,True
31,cxz_4,4,off_diagonal,0.02123270079117944,0.02123270079117944,True
1835,cxx_262,262,diagonal,-0.02106274848145342,0.02106274848145342,True
1551,cyy_221,221,diagonal,-0.020583027334820474,0.020583027334820474,True
1368,cxz_195,195,off_diagonal,-0.02050946972492944,0.02050946972492944,True
120,cxx_17,17,diagonal,0.020428169827441448,0.020428169827441448,True
870,cxy_124,124,off_diagonal,0.020426395855235452,0.020426395855235452,True
2675,cxx_382,382,diagonal,0.02018024137491073,0.02018024137491073,True
1595,czz_227,227,diagonal,0.020179431606375673,0.020179431606375673,True
1737,cxx_248,248,diagonal,0.020101346773666654,0.020101346773666654,True
215,cyz_30,30,off_diagonal,0.019862469064553523,0.019862469064553523,True
2214,cxy_316,316,off_diagonal,-0.019743906464287305,0.019743906464287305,True
417,cyy_59,59,diagonal,0.01968927917040086,0.01968927917040086,True
1128,cxx_161,161,diagonal,0.019582607947410662,0.019582607947410662,True
961,cxy_137,137,off_diagonal,0.019537251638477943,0.019537251638477943,True
3258,cxz_465,465,off_diagonal,-0.019431556826038462,0.019431556826038462,True
3114,czz_444,444,diagonal,-0.01940771086780429,0.01940771086780429,True
2151,cxy_307,307,off_diagonal,-0.01916080249453307,0.01916080249453307,True
615,czz_87,87,diagonal,-0.019108965475507146,0.019108965475507146,True
2512,czz_358,358,diagonal,0.01904488680756445,0.01904488680756445,True
969,cxz_138,138,off_diagonal,-0.018973654191061826,0.018973654191061826,True
184,cxy_26,26,off_diagonal,-0.018947612850378475,0.018947612850378475,True
3013,cxz_430,430,off_diagonal,0.0189368688011368,0.0189368688011368,True
1801,cxy_257,257,off_diagonal,0.018873924663013613,0.018873924663013613,True
1721,czz_245,245,diagonal,-0.01884103370591777,0.01884103370591777,True
2735,cyz_390,390,off_diagonal,0.018538093437640107,0.018538093437640107,True
2982,w_426,426,weight,-0.018472968757924677,0.018472968757924677,True
2479,cxx_354,354,diagonal,-0.018425140524725468,0.018425140524725468,True
2180,cxz_311,311,off_diagonal,-0.018073984354553038,0.018073984354553038,True
1354,cxz_193,193,off_diagonal,-0.018042266394054814,0.018042266394054814,True
3142,czz_448,448,diagonal,-0.017470850997092603,0.017470850997092603,True
2113,czz_301,301,diagonal,-0.01737595427759934,0.01737595427759934,True
374,cxz_53,53,off_diagonal,0.017330019497140883,0.017330019497140883,True
478,cxy_68,68,off_diagonal,0.0168615538888764,0.0168615538888764,True
2324,w_332,332,weight,0.016830730409865935,0.016830730409865935,True
234,cxz_33,33,off_diagonal,0.01628342670159652,0.01628342670159652,True
1631,w_233,233,weight,-0.01625381331377794,0.01625381331377794,True
226,cxy_32,32,off_diagonal,0.0159890620560954,0.0159890620560954,True
993,czz_141,141,diagonal,-0.015905168771725438,0.015905168771725438,True
1707,czz_243,243,diagonal,0.015893084432305207,0.015893084432305207,True
1800,cxx_257,257,diagonal,0.015647601017348946,0.015647601017348946,True
1393,w_199,199,weight,-0.015575631052454374,0.015575631052454374,True
2916,cyy_416,416,diagonal,-0.015499012956793363,0.015499012956793363,True
25,cyy_3,3,diagonal,0.015371210966815941,0.015371210966815941,True
2167,cyy_309,309,diagonal,0.01524437514094858,0.01524437514094858,True
251,czz_35,35,diagonal,0.015129256207674717,0.015129256207674717,True
3035,cyy_433,433,diagonal,0.014826272948715564,0.014826272948715564,True
987,w_141,141,weight,0.014169954916344473,0.014169954916344473,True
2450,w_350,350,weight,-0.014119931152021516,0.014119931152021516,True
142,cxy_20,20,off_diagonal,-0.013938315097766031,0.013938315097766031,True
2136,cxx_305,305,diagonal,-0.013920588715052347,0.013920588715052347,True
1970,cxz_281,281,off_diagonal,-0.013797106120758731,0.013797106120758731,True
1841,w_263,263,weight,-0.013505374551311082,0.013505374551311082,True
2838,cxz_405,405,off_diagonal,0.01320903092121398,0.01320903092121398,True
575,cxx_82,82,diagonal,-0.013074340024177913,0.013074340024177913,True
822,cxz_117,117,off_diagonal,-0.01255817642707405,0.01255817642707405,True
3334,cxy_476,476,off_diagonal,0.012499956525954191,0.012499956525954191,True
201,cyz_28,28,off_diagonal,0.01246346645213247,0.01246346645213247,True
2722,czz_388,388,diagonal,-0.01197509620848437,0.01197509620848437,True
522,cyy_74,74,diagonal,-0.011972143734482056,0.011972143734482056,True
3192,w_456,456,weight,-0.011917074456513336,0.011917074456513336,True
1652,w_236,236,weight,0.011865064907339642,0.011865064907339642,True
260,cxx_37,37,diagonal,0.010559280408526755,0.010559280408526755,True
1586,cyy_226,226,diagonal,-0.010094437855636271,0.010094437855636271,True
621,cyz_88,88,off_diagonal,0.010089119026750873,0.010089119026750873,True
1306,cyy_186,186,diagonal,0.0099190871787576,0.0099190871787576,True
3396,cxx_485,485,diagonal,-0.00981572221723337,0.00981572221723337,True
1971,cyy_281,281,diagonal,0.009706488613746959,0.009706488613746959,True
457,cxy_65,65,off_diagonal,-0.009414710076636428,0.009414710076636428,True
2283,cxx_326,326,diagonal,0.009262255006004588,0.009262255006004588,True
1185,cxy_169,169,off_diagonal,0.008987890777264862,0.008987890777264862,True
441,w_63,63,weight,0.008962654526570336,0.008962654526570336,True
3356,cxz_479,479,off_diagonal,0.008890655773647782,0.008890655773647782,True
3425,cxy_489,489,off_diagonal,0.008699950933046931,0.008699950933046931,True
1389,cxz_198,198,off_diagonal,0.008392262542205698,0.008392262542205698,True
3482,cxz_497,497,off_diagonal,0.008270830762447109,0.008270830762447109,True
2291,cxy_327,327,off_diagonal,-0.00801356056992988,0.00801356056992988,True
1844,cxz_263,263,off_diagonal,-0.007969646130341021,0.007969646130341021,True
358,cxx_51,51,diagonal,-0.007898393068783035,0.007898393068783035,True
2341,cxz_334,334,off_diagonal,0.007851191616589806,0.007851191616589806,True
1067,cxz_152,152,off_diagonal,0.007831251695243187,0.007831251695243187,True
1544,cyy_220,220,diagonal,-0.007783900950241568,0.007783900950241568,True
1036,w_148,148,weight,-0.0076368805684086626,0.0076368805684086626,True
2906,cxx_415,415,diagonal,0.007601707960999163,0.007601707960999163,True
3056,cyy_436,436,diagonal,0.007572785069505666,0.007572785069505666,True
3352,czz_478,478,diagonal,-0.0074858278494040085,0.0074858278494040085,True
1251,cyz_178,178,off_diagonal,-0.007469215163755166,0.007469215163755166,True
2267,czz_323,323,diagonal,-0.007236580063701476,0.007236580063701476,True
1882,czz_268,268,diagonal,-0.007235247313822011,0.007235247313822011,True
714,w_102,102,weight,-0.006885715131157956,0.006885715131157956,True
348,cyz_49,49,off_diagonal,0.006837741240958784,0.006837741240958784,True
1540,w_220,220,weight,-0.006740655860488473,0.006740655860488473,True
1554,w_222,222,weight,-0.006285404469422702,0.006285404469422702,True
3144,cxx_449,449,diagonal,0.0059318185253655715,0.0059318185253655715,True
3472,w_496,496,weight,-0.0058739103998910105,0.0058739103998910105,True
779,cxy_111,111,off_diagonal,0.0057628351318028655,0.0057628351318028655,True
1132,cyz_161,161,off_diagonal,-0.0055405975129509955,0.0055405975129509955,True
3271,cxy_467,467,off_diagonal,-0.004673209498563745,0.004673209498563745,True
162,cxx_23,23,diagonal,-0.004456124128780729,0.004456124128780729,True
865,cyy_123,123,diagonal,-0.004455213689401739,0.004455213689401739,True
990,cxz_141,141,off_diagonal,0.004388971822963391,0.004388971822963391,True
2300,cyy_328,328,diagonal,-0.004375272787252933,0.004375272787252933,True
1477,w_211,211,weight,-0.004345522764089578,0.004345522764089578,True
3351,cyz_478,478,off_diagonal,-0.004280394576829096,0.004280394576829096,True
2346,cxx_335,335,diagonal,-0.003953413142968842,0.003953413142968842,True
1195,cyz_170,170,off_diagonal,0.00374798837043334,0.00374798837043334,True
1383,cyy_197,197,diagonal,0.0036848123042212463,0.0036848123042212463,True
372,cxx_53,53,diagonal,0.003323161361936699,0.003323161361936699,True
740,cyz_105,105,off_diagonal,0.003214206493857062,0.003214206493857062,True
271,cyz_38,38,off_diagonal,-0.003193798836844032,0.003193798836844032,True
2541,w_363,363,weight,0.0030203336326391998,0.0030203336326391998,True
228,cyy_32,32,diagonal,-0.002821856074197945,0.002821856074197945,True
343,w_49,49,weight,-0.0026302507784877922,0.0026302507784877922,True
1136,cxy_162,162,off_diagonal,0.0017737474868631646,0.0017737474868631646,True
1951,cyz_278,278,off_diagonal,0.0017177268496501952,0.0017177268496501952,True
38,cxz_5,5,off_diagonal,-0.0016938763392810397,0.0016938763392810397,True
2962,cxx_423,423,diagonal,0.00127239193802717,0.00127239193802717,True
3157,w_451,451,weight,0.0008958304641959906,0.0008958304641959906,True
2934,cxx_419,419,diagonal,-0.0007989134877124059,0.0007989134877124059,True
1981,w_283,283,weight,-0.0007651899309800727,0.0007651899309800727,True
3474,cxy_496,496,off_diagonal,-0.0007136442431802534,0.0007136442431802534,True
2208,cxz_315,315,off_diagonal,-0.0006491209275365364,0.0006491209275365364,True
2763,cyz_394,394,off_diagonal,-0.0004137288143247727,0.0004137288143247727,True
3454,cxz_493,493,off_diagonal,0.00035198969928990054,0.00035198969928990054,True
2602,cyz_371,371,off_diagonal,-0.00023525992448215894,0.00023525992448215894,True
1621,cyy_231,231,diagonal,0.00022178827155559891,0.00022178827155559891,True
561,cxx_80,80,diagonal,0.00015111547566712234,0.00015111547566712234,True
1150,cxy_164,164,off_diagonal,-7.89934924911072e-05,7.89934924911072e-05,True
2540,czz_362,362,diagonal,-0.0,0.0,False
2486,cxx_355,355,diagonal,0.0,0.0,False
2468,cyy_352,352,diagonal,0.0,0.0,False
2467,cxz_352,352,off_diagonal,0.0,0.0,False
2408,w_344,344,weight,-0.0,0.0,False
2410,cxy_344,344,off_diagonal,-0.0,0.0,False
2485,w_355,355,weight,-0.0,0.0,False
2538,cyy_362,362,diagonal,0.0,0.0,False
2536,cxy_362,362,off_diagonal,0.0,0.0,False
2537,cxz_362,362,off_diagonal,-0.0,0.0,False
2438,cxy_348,348,off_diagonal,-0.0,0.0,False
2472,cxx_353,353,diagonal,-0.0,0.0,False
2484,czz_354,354,diagonal,0.0,0.0,False
2407,czz_343,343,diagonal,0.0,0.0,False
2397,cxz_342,342,off_diagonal,0.0,0.0,False
2551,cxz_364,364,off_diagonal,-0.0,0.0,False
2398,cyy_342,342,diagonal,0.0,0.0,False
2475,cyy_353,353,diagonal,0.0,0.0,False
2399,cyz_342,342,off_diagonal,0.0,0.0,False
2550,cxy_364,364,off_diagonal,0.0,0.0,False
2400,czz_342,342,diagonal,-0.0,0.0,False
2402,cxx_343,343,diagonal,0.0,0.0,False
2476,cyz_353,353,off_diagonal,0.0,0.0,False
2477,czz_353,353,diagonal,0.0,0.0,False
2473,cxy_353,353,off_diagonal,0.0,0.0,False
2478,w_354,354,weight,0.0,0.0,False
2548,w_364,364,weight,-0.0,0.0,False
2480,cxy_354,354,off_diagonal,0.0,0.0,False
2403,cxy_343,343,off_diagonal,-0.0,0.0,False
2404,cxz_343,343,off_diagonal,-0.0,0.0,False
2481,cxz_354,354,off_diagonal,-0.0,0.0,False
2546,cyz_363,363,off_diagonal,-0.0,0.0,False
2405,cyy_343,343,diagonal,-0.0,0.0,False
2482,cyy_354,354,diagonal,-0.0,0.0,False
2471,w_353,353,weight,0.0,0.0,False
2545,cyy_363,363,diagonal,-0.0,0.0,False
2470,czz_352,352,diagonal,-0.0,0.0,False
2469,cyz_352,352,off_diagonal,-0.0,0.0,False
2483,cyz_354,354,off_diagonal,0.0,0.0,False
2544,cxz_363,363,off_diagonal,-0.0,0.0,False
2543,cxy_363,363,off_diagonal,0.0,0.0,False
2406,cyz_343,343,off_diagonal,0.0,0.0,False
2542,cxx_363,363,diagonal,-0.0,0.0,False
2466,cxy_352,352,off_diagonal,-0.0,0.0,False
2454,cyy_350,350,diagonal,-0.0,0.0,False
2411,cxz_344,344,off_diagonal,0.0,0.0,False
2429,w_347,347,weight,-0.0,0.0,False
2428,czz_346,346,diagonal,0.0,0.0,False
2427,cyz_346,346,off_diagonal,0.0,0.0,False
2513,w_359,359,weight,-0.0,0.0,False
2426,cyy_346,346,diagonal,-0.0,0.0,False
2514,cxx_359,359,diagonal,-0.0,0.0,False
2501,cxy_357,357,off_diagonal,0.0,0.0,False
2515,cxy_359,359,off_diagonal,0.0,0.0,False
2425,cxz_346,346,off_diagonal,0.0,0.0,False
2516,cxz_359,359,off_diagonal,0.0,0.0,False
2517,cyy_359,359,diagonal,0.0,0.0,False
2518,cyz_359,359,off_diagonal,0.0,0.0,False
2519,czz_359,359,diagonal,0.0,0.0,False
2520,w_360,360,weight,-0.0,0.0,False
2499,w_357,357,weight,-0.0,0.0,False
2498,czz_356,356,diagonal,0.0,0.0,False
2521,cxx_360,360,diagonal,-0.0,0.0,False
2497,cyz_356,356,off_diagonal,-0.0,0.0,False
2446,cxz_349,349,off_diagonal,0.0,0.0,False
2511,cyz_358,358,off_diagonal,0.0,0.0,False
2424,cxy_346,346,off_diagonal,-0.0,0.0,False
2502,cxz_357,357,off_diagonal,-0.0,0.0,False
2439,cxz_348,348,off_diagonal,0.0,0.0,False
2437,cxx_348,348,diagonal,-0.0,0.0,False
2436,w_348,348,weight,-0.0,0.0,False
2435,czz_347,347,diagonal,0.0,0.0,False
2441,cyz_348,348,off_diagonal,0.0,0.0,False
2434,cyz_347,347,off_diagonal,0.0,0.0,False
2433,cyy_347,347,diagonal,-0.0,0.0,False
2504,cyz_357,357,off_diagonal,-0.0,0.0,False
2442,czz_348,348,diagonal,-0.0,0.0,False
2443,w_349,349,weight,-0.0,0.0,False
2508,cxy_358,358,off_diagonal,0.0,0.0,False
2509,cxz_358,358,off_diagonal,-0.0,0.0,False
2431,cxy_347,347,off_diagonal,-0.0,0.0,False
2503,cyy_357,357,diagonal,0.0,0.0,False
2510,cyy_358,358,diagonal,0.0,0.0,False
2444,cxx_349,349,diagonal,-0.0,0.0,False
2430,cxx_347,347,diagonal,-0.0,0.0,False
2522,cxy_360,360,off_diagonal,0.0,0.0,False
2447,cyy_349,349,diagonal,-0.0,0.0,False
2487,cxy_355,355,off_diagonal,-0.0,0.0,False
2458,cxx_351,351,diagonal,-0.0,0.0,False
2459,cxy_351,351,off_diagonal,-0.0,0.0,False
2494,cxy_356,356,off_diagonal,-0.0,0.0,False
2460,cxz_351,351,off_diagonal,0.0,0.0,False
2416,cxx_345,345,diagonal,0.0,0.0,False
2532,cyz_361,361,off_diagonal,0.0,0.0,False
2415,w_345,345,weight,-0.0,0.0,False
2461,cyy_351,351,diagonal,-0.0,0.0,False
2533,czz_361,361,diagonal,-0.0,0.0,False
2492,w_356,356,weight,0.0,0.0,False
2462,cyz_351,351,off_diagonal,-0.0,0.0,False
2463,czz_351,351,diagonal,0.0,0.0,False
2414,czz_344,344,diagonal,-0.0,0.0,False
2413,cyz_344,344,off_diagonal,-0.0,0.0,False
2490,cyz_355,355,off_diagonal,-0.0,0.0,False
2489,cyy_355,355,diagonal,-0.0,0.0,False
2535,cxx_362,362,diagonal,0.0,0.0,False
2488,cxz_355,355,off_diagonal,-0.0,0.0,False
2529,cxy_361,361,off_diagonal,0.0,0.0,False
2496,cyy_356,356,diagonal,0.0,0.0,False
2448,cyz_349,349,off_diagonal,0.0,0.0,False
2417,cxy_345,345,off_diagonal,-0.0,0.0,False
2449,czz_349,349,diagonal,0.0,0.0,False
2523,cxz_360,360,off_diagonal,0.0,0.0,False
2524,cyy_360,360,diagonal,-0.0,0.0,False
2525,cyz_360,360,off_diagonal,-0.0,0.0,False
2526,czz_360,360,diagonal,0.0,0.0,False
2451,cxx_350,350,diagonal,-0.0,0.0,False
2422,w_346,346,weight,0.0,0.0,False
2452,cxy_350,350,off_diagonal,-0.0,0.0,False
2453,cxz_350,350,off_diagonal,-0.0,0.0,False
2421,czz_345,345,diagonal,-0.0,0.0,False
2420,cyz_345,345,off_diagonal,-0.0,0.0,False
2419,cyy_345,345,diagonal,0.0,0.0,False
2456,czz_350,350,diagonal,-0.0,0.0,False
2418,cxz_345,345,off_diagonal,0.0,0.0,False
2457,w_351,351,weight,0.0,0.0,False
2527,w_361,361,weight,-0.0,0.0,False
2528,cxx_361,361,diagonal,0.0,0.0,False
0,w_0,0,weight,-0.0,0.0,False
2269,cxx_324,324,diagonal,-0.0,0.0,False
2396,cxy_342,342,off_diagonal,-0.0,0.0,False
2109,cxy_301,301,off_diagonal,-0.0,0.0,False
2111,cyy_301,301,diagonal,-0.0,0.0,False
2112,cyz_301,301,off_diagonal,0.0,0.0,False
2114,w_302,302,weight,-0.0,0.0,False
2115,cxx_302,302,diagonal,-0.0,0.0,False
2116,cxy_302,302,off_diagonal,-0.0,0.0,False
2117,cxz_302,302,off_diagonal,0.0,0.0,False
2118,cyy_302,302,diagonal,0.0,0.0,False
2119,cyz_302,302,off_diagonal,0.0,0.0,False
2121,w_303,303,weight,-0.0,0.0,False
2123,cxy_303,303,off_diagonal,0.0,0.0,False
2124,cxz_303,303,off_diagonal,-0.0,0.0,False
2125,cyy_303,303,diagonal,0.0,0.0,False
2126,cyz_303,303,off_diagonal,0.0,0.0,False
2127,czz_303,303,diagonal,0.0,0.0,False
2128,w_304,304,weight,-0.0,0.0,False
2129,cxx_304,304,diagonal,0.0,0.0,False
2130,cxy_304,304,off_diagonal,-0.0,0.0,False
2110,cxz_301,301,off_diagonal,-0.0,0.0,False
2107,w_301,301,weight,0.0,0.0,False
2085,czz_297,297,diagonal,-0.0,0.0,False
2105,cyz_300,300,off_diagonal,-0.0,0.0,False
2088,cxy_298,298,off_diagonal,0.0,0.0,False
2089,cxz_298,298,off_diagonal,-0.0,0.0,False
2090,cyy_298,298,diagonal,0.0,0.0,False
2091,cyz_298,298,off_diagonal,-0.0,0.0,False
2092,czz_298,298,diagonal,0.0,0.0,False
2093,w_299,299,weight,0.0,0.0,False
2094,cxx_299,299,diagonal,0.0,0.0,False
2095,cxy_299,299,off_diagonal,0.0,0.0,False
2096,cxz_299,299,off_diagonal,0.0,0.0,False
2097,cyy_299,299,diagonal,-0.0,0.0,False
2098,cyz_299,299,off_diagonal,0.0,0.0,False
2099,czz_299,299,diagonal,0.0,0.0,False
2100,w_300,300,weight,-0.0,0.0,False
2101,cxx_300,300,diagonal,0.0,0.0,False
2102,cxy_300,300,off_diagonal,-0.0,0.0,False
2103,cxz_300,300,off_diagonal,0.0,0.0,False
2104,cyy_300,300,diagonal,-0.0,0.0,False
2131,cxz_304,304,off_diagonal,0.0,0.0,False
2132,cyy_304,304,diagonal,0.0,0.0,False
2133,cyz_304,304,off_diagonal,-0.0,0.0,False
2134,czz_304,304,diagonal,-0.0,0.0,False
2162,czz_308,308,diagonal,-0.0,0.0,False
2166,cxz_309,309,off_diagonal,-0.0,0.0,False
2168,cyz_309,309,off_diagonal,0.0,0.0,False
2169,czz_309,309,diagonal,-0.0,0.0,False
2170,w_310,310,weight,-0.0,0.0,False
2171,cxx_310,310,diagonal,-0.0,0.0,False
2172,cxy_310,310,off_diagonal,0.0,0.0,False
2173,cxz_310,310,off_diagonal,0.0,0.0,False
2174,cyy_310,310,diagonal,-0.0,0.0,False
2175,cyz_310,310,off_diagonal,-0.0,0.0,False
2176,czz_310,310,diagonal,0.0,0.0,False
2177,w_311,311,weight,-0.0,0.0,False
2178,cxx_311,311,diagonal,0.0,0.0,False
2179,cxy_311,311,off_diagonal,-0.0,0.0,False
2182,cyz_311,311,off_diagonal,-0.0,0.0,False
2183,czz_311,311,diagonal,-0.0,0.0,False
2184,w_312,312,weight,0.0,0.0,False
2161,cyz_308,308,off_diagonal,-0.0,0.0,False
2160,cyy_308,308,diagonal,-0.0,0.0,False
2159,cxz_308,308,off_diagonal,-0.0,0.0,False
2146,cyy_306,306,diagonal,0.0,0.0,False
2137,cxy_305,305,off_diagonal,-0.0,0.0,False
2138,cxz_305,305,off_diagonal,0.0,0.0,False
2139,cyy_305,305,diagonal,0.0,0.0,False
2141,czz_305,305,diagonal,0.0,0.0,False
2143,cxx_306,306,diagonal,0.0,0.0,False
2144,cxy_306,306,off_diagonal,-0.0,0.0,False
2145,cxz_306,306,off_diagonal,-0.0,0.0,False
2148,czz_306,306,diagonal,-0.0,0.0,False
2158,cxy_308,308,off_diagonal,-0.0,0.0,False
2149,w_307,307,weight,-0.0,0.0,False
2150,cxx_307,307,diagonal,0.0,0.0,False
2152,cxz_307,307,off_diagonal,-0.0,0.0,False
2154,cyz_307,307,off_diagonal,-0.0,0.0,False
2155,czz_307,307,diagonal,0.0,0.0,False
2156,w_308,308,weight,-0.0,0.0,False
2157,cxx_308,308,diagonal,0.0,0.0,False
2086,w_298,298,weight,-0.0,0.0,False
2084,cyz_297,297,off_diagonal,-0.0,0.0,False
2186,cxy_312,312,off_diagonal,-0.0,0.0,False
2009,w_287,287,weight,0.0,0.0,False
2011,cxy_287,287,off_diagonal,-0.0,0.0,False
2012,cxz_287,287,off_diagonal,0.0,0.0,False
2013,cyy_287,287,diagonal,-0.0,0.0,False
2014,cyz_287,287,off_diagonal,-0.0,0.0,False
2015,czz_287,287,diagonal,0.0,0.0,False
2017,cxx_288,288,diagonal,0.0,0.0,False
2018,cxy_288,288,off_diagonal,0.0,0.0,False
2019,cxz_288,288,off_diagonal,0.0,0.0,False
2020,cyy_288,288,diagonal,-0.0,0.0,False
2021,cyz_288,288,off_diagonal,-0.0,0.0,False
2022,czz_288,288,diagonal,-0.0,0.0,False
2023,w_289,289,weight,-0.0,0.0,False
2024,cxx_289,289,diagonal,-0.0,0.0,False
2025,cxy_289,289,off_diagonal,-0.0,0.0,False
2026,cxz_289,289,off_diagonal,-0.0,0.0,False
2027,cyy_289,289,diagonal,-0.0,0.0,False
2029,czz_289,289,diagonal,-0.0,0.0,False
2010,cxx_287,287,diagonal,-0.0,0.0,False
2008,czz_286,286,diagonal,-0.0,0.0,False
2083,cyy_297,297,diagonal,-0.0,0.0,False
2007,cyz_286,286,off_diagonal,0.0,0.0,False
1986,cyz_283,283,off_diagonal,-0.0,0.0,False
1987,czz_283,283,diagonal,0.0,0.0,False
1988,w_284,284,weight,-0.0,0.0,False
1989,cxx_284,284,diagonal,-0.0,0.0,False
1991,cxz_284,284,off_diagonal,0.0,0.0,False
1992,cyy_284,284,diagonal,-0.0,0.0,False
1993,cyz_284,284,off_diagonal,0.0,0.0,False
1994,czz_284,284,diagonal,-0.0,0.0,False
1995,w_285,285,weight,-0.0,0.0,False
1997,cxy_285,285,off_diagonal,0.0,0.0,False
1998,cxz_285,285,off_diagonal,-0.0,0.0,False
2000,cyz_285,285,off_diagonal,0.0,0.0,False
2002,w_286,286,weight,0.0,0.0,False
2003,cxx_286,286,diagonal,0.0,0.0,False
2004,cxy_286,286,off_diagonal,0.0,0.0,False
2005,cxz_286,286,off_diagonal,-0.0,0.0,False
2006,cyy_286,286,diagonal,0.0,0.0,False
2030,w_290,290,weight,-0.0,0.0,False
2032,cxy_290,290,off_diagonal,-0.0,0.0,False
2033,cxz_290,290,off_diagonal,0.0,0.0,False
2034,cyy_290,290,diagonal,-0.0,0.0,False
2066,cxx_295,295,diagonal,-0.0,0.0,False
2067,cxy_295,295,off_diagonal,-0.0,0.0,False
2068,cxz_295,295,off_diagonal,0.0,0.0,False
2069,cyy_295,295,diagonal,0.0,0.0,False
2070,cyz_295,295,off_diagonal,-0.0,0.0,False
2071,czz_295,295,diagonal,0.0,0.0,False
2072,w_296,296,weight,0.0,0.0,False
2073,cxx_296,296,diagonal,-0.0,0.0,False
2074,cxy_296,296,off_diagonal,-0.0,0.0,False
2075,cxz_296,296,off_diagonal,0.0,0.0,False
2076,cyy_296,296,diagonal,0.0,0.0,False
2077,cyz_296,296,off_diagonal,-0.0,0.0,False
2078,czz_296,296,diagonal,0.0,0.0,False
2079,w_297,297,weight,0.0,0.0,False
2080,cxx_297,297,diagonal,-0.0,0.0,False
2081,cxy_297,297,off_diagonal,-0.0,0.0,False
2082,cxz_297,297,off_diagonal,0.0,0.0,False
2065,w_295,295,weight,0.0,0.0,False
2064,czz_294,294,diagonal,0.0,0.0,False
2063,cyz_294,294,off_diagonal,-0.0,0.0,False
2048,cyy_292,292,diagonal,0.0,0.0,False
2036,czz_290,290,diagonal,0.0,0.0,False
2038,cxx_291,291,diagonal,0.0,0.0,False
2039,cxy_291,291,off_diagonal,-0.0,0.0,False
2042,cyz_291,291,off_diagonal,0.0,0.0,False
2043,czz_291,291,diagonal,0.0,0.0,False
2045,cxx_292,292,diagonal,0.0,0.0,False
2047,cxz_292,292,off_diagonal,0.0,0.0,False
2049,cyz_292,292,off_diagonal,0.0,0.0,False
2062,cyy_294,294,diagonal,0.0,0.0,False
2053,cxy_293,293,off_diagonal,-0.0,0.0,False
2054,cxz_293,293,off_diagonal,0.0,0.0,False
2055,cyy_293,293,diagonal,-0.0,0.0,False
2056,cyz_293,293,off_diagonal,0.0,0.0,False
2057,czz_293,293,diagonal,0.0,0.0,False
2060,cxy_294,294,off_diagonal,0.0,0.0,False
2061,cxz_294,294,off_diagonal,-0.0,0.0,False
2185,cxx_312,312,diagonal,0.0,0.0,False
2187,cxz_312,312,off_diagonal,-0.0,0.0,False
2395,cxx_342,342,diagonal,0.0,0.0,False
2319,cxy_331,331,off_diagonal,-0.0,0.0,False
2321,cyy_331,331,diagonal,0.0,0.0,False
2322,cyz_331,331,off_diagonal,-0.0,0.0,False
2323,czz_331,331,diagonal,0.0,0.0,False
2325,cxx_332,332,diagonal,-0.0,0.0,False
2326,cxy_332,332,off_diagonal,-0.0,0.0,False
2327,cxz_332,332,off_diagonal,-0.0,0.0,False
2328,cyy_332,332,diagonal,0.0,0.0,False
2329,cyz_332,332,off_diagonal,0.0,0.0,False
2330,czz_332,332,diagonal,0.0,0.0,False
2332,cxx_333,333,diagonal,0.0,0.0,False
2334,cxz_333,333,off_diagonal,0.0,0.0,False
2335,cyy_333,333,diagonal,0.0,0.0,False
2336,cyz_333,333,off_diagonal,-0.0,0.0,False
2337,czz_333,333,diagonal,-0.0,0.0,False
2338,w_334,334,weight,-0.0,0.0,False
2339,cxx_334,334,diagonal,0.0,0.0,False
2340,cxy_334,334,off_diagonal,-0.0,0.0,False
2320,cxz_331,331,off_diagonal,0.0,0.0,False
2316,czz_330,330,diagonal,0.0,0.0,False
2295,czz_327,327,diagonal,0.0,0.0,False
2315,cyz_330,330,off_diagonal,0.0,0.0,False
2297,cxx_328,328,diagonal,0.0,0.0,False
2298,cxy_328,328,off_diagonal,0.0,0.0,False
2299,cxz_328,328,off_diagonal,0.0,0.0,False
2301,cyz_328,328,off_diagonal,-0.0,0.0,False
2302,czz_328,328,diagonal,-0.0,0.0,False
2303,w_329,329,weight,-0.0,0.0,False
2304,cxx_329,329,diagonal,-0.0,0.0,False
2305,cxy_329,329,off_diagonal,0.0,0.0,False
2306,cxz_329,329,off_diagonal,0.0,0.0,False
2307,cyy_329,329,diagonal,-0.0,0.0,False
2308,cyz_329,329,off_diagonal,0.0,0.0,False
2309,czz_329,329,diagonal,-0.0,0.0,False
2310,w_330,330,weight,0.0,0.0,False
2311,cxx_330,330,diagonal,-0.0,0.0,False
2312,cxy_330,330,off_diagonal,-0.0,0.0,False
2313,cxz_330,330,off_diagonal,-0.0,0.0,False
2314,cyy_330,330,diagonal,0.0,0.0,False
2342,cyy_334,334,diagonal,-0.0,0.0,False
2345,w_335,335,weight,-0.0,0.0,False
2347,cxy_335,335,off_diagonal,-0.0,0.0,False
2349,cyy_335,335,diagonal,-0.0,0.0,False
2376,cxz_339,339,off_diagonal,-0.0,0.0,False
2377,cyy_339,339,diagonal,0.0,0.0,False
2378,cyz_339,339,off_diagonal,0.0,0.0,False
2379,czz_339,339,diagonal,-0.0,0.0,False
2381,cxx_340,340,diagonal,0.0,0.0,False
2382,cxy_340,340,off_diagonal,-0.0,0.0,False
2383,cxz_340,340,off_diagonal,0.0,0.0,False
2384,cyy_340,340,diagonal,0.0,0.0,False
2385,cyz_340,340,off_diagonal,-0.0,0.0,False
2386,czz_340,340,diagonal,0.0,0.0,False
2387,w_341,341,weight,0.0,0.0,False
2388,cxx_341,341,diagonal,0.0,0.0,False
2389,cxy_341,341,off_diagonal,0.0,0.0,False
2390,cxz_341,341,off_diagonal,0.0,0.0,False
2391,cyy_341,341,diagonal,0.0,0.0,False
2392,cyz_341,341,off_diagonal,0.0,0.0,False
2393,czz_341,341,diagonal,0.0,0.0,False
2375,cxy_339,339,off_diagonal,0.0,0.0,False
2373,w_339,339,weight,-0.0,0.0,False
2372,czz_338,338,diagonal,0.0,0.0,False
2358,czz_336,336,diagonal,0.0,0.0,False
2350,cyz_335,335,off_diagonal,-0.0,0.0,False
2352,w_336,336,weight,0.0,0.0,False
2353,cxx_336,336,diagonal,0.0,0.0,False
2354,cxy_336,336,off_diagonal,-0.0,0.0,False
2355,cxz_336,336,off_diagonal,0.0,0.0,False
2356,cyy_336,336,diagonal,-0.0,0.0,False
2357,cyz_336,336,off_diagonal,0.0,0.0,False
2361,cxy_337,337,off_diagonal,-0.0,0.0,False
2370,cyy_338,338,diagonal,-0.0,0.0,False
2362,cxz_337,337,off_diagonal,-0.0,0.0,False
2363,cyy_337,337,diagonal,0.0,0.0,False
2365,czz_337,337,diagonal,0.0,0.0,False
2366,w_338,338,weight,-0.0,0.0,False
2367,cxx_338,338,diagonal,0.0,0.0,False
2368,cxy_338,338,off_diagonal,-0.0,0.0,False
2369,cxz_338,338,off_diagonal,0.0,0.0,False
2296,w_328,328,weight,-0.0,0.0,False
2294,cyz_327,327,off_diagonal,-0.0,0.0,False
2188,cyy_312,312,diagonal,-0.0,0.0,False
2210,cyz_315,315,off_diagonal,0.0,0.0,False
2212,w_316,316,weight,-0.0,0.0,False
2213,cxx_316,316,diagonal,0.0,0.0,False
2215,cxz_316,316,off_diagonal,0.0,0.0,False
2217,cyz_316,316,off_diagonal,0.0,0.0,False
2218,czz_316,316,diagonal,0.0,0.0,False
2219,w_317,317,weight,-0.0,0.0,False
2220,cxx_317,317,diagonal,0.0,0.0,False
2221,cxy_317,317,off_diagonal,-0.0,0.0,False
2222,cxz_317,317,off_diagonal,0.0,0.0,False
2223,cyy_317,317,diagonal,-0.0,0.0,False
2224,cyz_317,317,off_diagonal,0.0,0.0,False
2225,czz_317,317,diagonal,-0.0,0.0,False
2226,w_318,318,weight,-0.0,0.0,False
2227,cxx_318,318,diagonal,-0.0,0.0,False
2228,cxy_318,318,off_diagonal,0.0,0.0,False
2229,cxz_318,318,off_diagonal,0.0,0.0,False
2232,czz_318,318,diagonal,-0.0,0.0,False
2211,czz_315,315,diagonal,-0.0,0.0,False
2209,cyy_315,315,diagonal,0.0,0.0,False
2293,cyy_327,327,diagonal,-0.0,0.0,False
2206,cxx_315,315,diagonal,0.0,0.0,False
2189,cyz_312,312,off_diagonal,0.0,0.0,False
2190,czz_312,312,diagonal,0.0,0.0,False
2191,w_313,313,weight,-0.0,0.0,False
2192,cxx_313,313,diagonal,0.0,0.0,False
2193,cxy_313,313,off_diagonal,-0.0,0.0,False
2194,cxz_313,313,off_diagonal,-0.0,0.0,False
2195,cyy_313,313,diagonal,0.0,0.0,False
2196,cyz_313,313,off_diagonal,-0.0,0.0,False
2197,czz_313,313,diagonal,-0.0,0.0,False
2198,w_314,314,weight,-0.0,0.0,False
2199,cxx_314,314,diagonal,-0.0,0.0,False
2200,cxy_314,314,off_diagonal,-0.0,0.0,False
2201,cxz_314,314,off_diagonal,-0.0,0.0,False
2202,cyy_314,314,diagonal,0.0,0.0,False
2203,cyz_314,314,off_diagonal,-0.0,0.0,False
2204,czz_314,314,diagonal,-0.0,0.0,False
2205,w_315,315,weight,0.0,0.0,False
2233,w_319,319,weight,-0.0,0.0,False
2235,cxy_319,319,off_diagonal,-0.0,0.0,False
2236,cxz_319,319,off_diagonal,-0.0,0.0,False
2237,cyy_319,319,diagonal,0.0,0.0,False
2266,cyz_323,323,off_diagonal,0.0,0.0,False
2268,w_324,324,weight,-0.0,0.0,False
2270,cxy_324,324,off_diagonal,0.0,0.0,False
2271,cxz_324,324,off_diagonal,0.0,0.0,False
2272,cyy_324,324,diagonal,-0.0,0.0,False
2273,cyz_324,324,off_diagonal,-0.0,0.0,False
2274,czz_324,324,diagonal,0.0,0.0,False
2278,cxz_325,325,off_diagonal,0.0,0.0,False
2279,cyy_325,325,diagonal,-0.0,0.0,False
2280,cyz_325,325,off_diagonal,0.0,0.0,False
2281,czz_325,325,diagonal,-0.0,0.0,False
2282,w_326,326,weight,-0.0,0.0,False
2284,cxy_326,326,off_diagonal,-0.0,0.0,False
2285,cxz_326,326,off_diagonal,-0.0,0.0,False
2287,cyz_326,326,off_diagonal,0.0,0.0,False
2288,czz_326,326,diagonal,0.0,0.0,False
2292,cxz_327,327,off_diagonal,-0.0,0.0,False
2265,cyy_323,323,diagonal,-0.0,0.0,False
2264,cxz_323,323,off_diagonal,-0.0,0.0,False
2263,cxy_323,323,off_diagonal,-0.0,0.0,False
2245,cyz_320,320,off_diagonal,0.0,0.0,False
2238,cyz_319,319,off_diagonal,0.0,0.0,False
2239,czz_319,319,diagonal,-0.0,0.0,False
2240,w_320,320,weight,-0.0,0.0,False
2241,cxx_320,320,diagonal,0.0,0.0,False
2242,cxy_320,320,off_diagonal,-0.0,0.0,False
2243,cxz_320,320,off_diagonal,-0.0,0.0,False
2244,cyy_320,320,diagonal,-0.0,0.0,False
2246,czz_320,320,diagonal,0.0,0.0,False
2262,cxx_323,323,diagonal,0.0,0.0,False
2250,cxz_321,321,off_diagonal,-0.0,0.0,False
2251,cyy_321,321,diagonal,-0.0,0.0,False
2252,cyz_321,321,off_diagonal,0.0,0.0,False
2255,cxx_322,322,diagonal,0.0,0.0,False
2258,cyy_322,322,diagonal,0.0,0.0,False
2259,cyz_322,322,off_diagonal,0.0,0.0,False
2261,w_323,323,weight,-0.0,0.0,False
2552,cyy_364,364,diagonal,0.0,0.0,False
2741,cyy_391,391,diagonal,0.0,0.0,False
2553,cyz_364,364,off_diagonal,-0.0,0.0,False
3182,cyy_454,454,diagonal,0.0,0.0,False
3171,w_453,453,weight,-0.0,0.0,False
3172,cxx_453,453,diagonal,-0.0,0.0,False
3173,cxy_453,453,off_diagonal,-0.0,0.0,False
3174,cxz_453,453,off_diagonal,-0.0,0.0,False
3175,cyy_453,453,diagonal,-0.0,0.0,False
3176,cyz_453,453,off_diagonal,0.0,0.0,False
3178,w_454,454,weight,0.0,0.0,False
3180,cxy_454,454,off_diagonal,0.0,0.0,False
3181,cxz_454,454,off_diagonal,0.0,0.0,False
3183,cyz_454,454,off_diagonal,-0.0,0.0,False
3196,cyy_456,456,diagonal,0.0,0.0,False
3184,czz_454,454,diagonal,-0.0,0.0,False
3185,w_455,455,weight,0.0,0.0,False
3186,cxx_455,455,diagonal,-0.0,0.0,False
3187,cxy_455,455,off_diagonal,-0.0,0.0,False
3188,cxz_455,455,off_diagonal,-0.0,0.0,False
3190,cyz_455,455,off_diagonal,-0.0,0.0,False
3191,czz_455,455,diagonal,0.0,0.0,False
3193,cxx_456,456,diagonal,-0.0,0.0,False
3194,cxy_456,456,off_diagonal,-0.0,0.0,False
3170,czz_452,452,diagonal,-0.0,0.0,False
3169,cyz_452,452,off_diagonal,-0.0,0.0,False
3168,cyy_452,452,diagonal,0.0,0.0,False
3167,cxz_452,452,off_diagonal,0.0,0.0,False
3145,cxy_449,449,off_diagonal,0.0,0.0,False
3146,cxz_449,449,off_diagonal,-0.0,0.0,False
3147,cyy_449,449,diagonal,-0.0,0.0,False
3148,cyz_449,449,off_diagonal,-0.0,0.0,False
3149,czz_449,449,diagonal,-0.0,0.0,False
3150,w_450,450,weight,-0.0,0.0,False
3153,cxz_450,450,off_diagonal,0.0,0.0,False
3154,cyy_450,450,diagonal,0.0,0.0,False
3155,cyz_450,450,off_diagonal,-0.0,0.0,False
3156,czz_450,450,diagonal,0.0,0.0,False
3158,cxx_451,451,diagonal,-0.0,0.0,False
3159,cxy_451,451,off_diagonal,0.0,0.0,False
3160,cxz_451,451,off_diagonal,0.0,0.0,False
3161,cyy_451,451,diagonal,0.0,0.0,False
3162,cyz_451,451,off_diagonal,-0.0,0.0,False
3163,czz_451,451,diagonal,-0.0,0.0,False
3164,w_452,452,weight,-0.0,0.0,False
3165,cxx_452,452,diagonal,-0.0,0.0,False
3166,cxy_452,452,off_diagonal,-0.0,0.0,False
3195,cxz_456,456,off_diagonal,0.0,0.0,False
3197,cyz_456,456,off_diagonal,-0.0,0.0,False
3026,cxy_432,432,off_diagonal,0.0,0.0,False
3238,cyy_462,462,diagonal,0.0,0.0,False
3224,cyy_460,460,diagonal,0.0,0.0,False
3225,cyz_460,460,off_diagonal,-0.0,0.0,False
3227,w_461,461,weight,0.0,0.0,False
3229,cxy_461,461,off_diagonal,0.0,0.0,False
3231,cyy_461,461,diagonal,0.0,0.0,False
3232,cyz_461,461,off_diagonal,-0.0,0.0,False
3233,czz_461,461,diagonal,0.0,0.0,False
3236,cxy_462,462,off_diagonal,0.0,0.0,False
3237,cxz_462,462,off_diagonal,-0.0,0.0,False
3239,cyz_462,462,off_diagonal,0.0,0.0,False
3198,czz_456,456,diagonal,-0.0,0.0,False
3241,w_463,463,weight,-0.0,0.0,False
3242,cxx_463,463,diagonal,-0.0,0.0,False
3243,cxy_463,463,off_diagonal,0.0,0.0,False
3244,cxz_463,463,off_diagonal,0.0,0.0,False
3245,cyy_463,463,diagonal,0.0,0.0,False
3246,cyz_463,463,off_diagonal,0.0,0.0,False
3251,cxz_464,464,off_diagonal,-0.0,0.0,False
3253,cyz_464,464,off_diagonal,-0.0,0.0,False
3255,w_465,465,weight,-0.0,0.0,False
3223,cxz_460,460,off_diagonal,0.0,0.0,False
3221,cxx_460,460,diagonal,0.0,0.0,False
3220,w_460,460,weight,-0.0,0.0,False
3219,czz_459,459,diagonal,-0.0,0.0,False
3199,w_457,457,weight,-0.0,0.0,False
3200,cxx_457,457,diagonal,-0.0,0.0,False
3201,cxy_457,457,off_diagonal,-0.0,0.0,False
3202,cxz_457,457,off_diagonal,0.0,0.0,False
3203,cyy_457,457,diagonal,0.0,0.0,False
3204,cyz_457,457,off_diagonal,-0.0,0.0,False
3205,czz_457,457,diagonal,-0.0,0.0,False
3206,w_458,458,weight,-0.0,0.0,False
3207,cxx_458,458,diagonal,0.0,0.0,False
3208,cxy_458,458,off_diagonal,0.0,0.0,False
3209,cxz_458,458,off_diagonal,0.0,0.0,False
3210,cyy_458,458,diagonal,-0.0,0.0,False
3211,cyz_458,458,off_diagonal,0.0,0.0,False
3213,w_459,459,weight,-0.0,0.0,False
3214,cxx_459,459,diagonal,-0.0,0.0,False
3215,cxy_459,459,off_diagonal,0.0,0.0,False
3216,cxz_459,459,off_diagonal,-0.0,0.0,False
3217,cyy_459,459,diagonal,-0.0,0.0,False
3218,cyz_459,459,off_diagonal,0.0,0.0,False
3143,w_449,449,weight,-0.0,0.0,False
3140,cyy_448,448,diagonal,-0.0,0.0,False
3139,cxz_448,448,off_diagonal,-0.0,0.0,False
3069,cxz_438,438,off_diagonal,-0.0,0.0,False
3058,czz_436,436,diagonal,0.0,0.0,False
3059,w_437,437,weight,-0.0,0.0,False
3060,cxx_437,437,diagonal,0.0,0.0,False
3061,cxy_437,437,off_diagonal,0.0,0.0,False
3062,cxz_437,437,off_diagonal,0.0,0.0,False
3063,cyy_437,437,diagonal,-0.0,0.0,False
3064,cyz_437,437,off_diagonal,0.0,0.0,False
3065,czz_437,437,diagonal,-0.0,0.0,False
3066,w_438,438,weight,-0.0,0.0,False
3070,cyy_438,438,diagonal,-0.0,0.0,False
3138,cxy_448,448,off_diagonal,-0.0,0.0,False
3071,cyz_438,438,off_diagonal,-0.0,0.0,False
3072,czz_438,438,diagonal,0.0,0.0,False
3073,w_439,439,weight,-0.0,0.0,False
3074,cxx_439,439,diagonal,0.0,0.0,False
3075,cxy_439,439,off_diagonal,-0.0,0.0,False
3076,cxz_439,439,off_diagonal,-0.0,0.0,False
3077,cyy_439,439,diagonal,-0.0,0.0,False
3078,cyz_439,439,off_diagonal,0.0,0.0,False
3079,czz_439,439,diagonal,-0.0,0.0,False
3057,cyz_436,436,off_diagonal,-0.0,0.0,False
3054,cxy_436,436,off_diagonal,0.0,0.0,False
3053,cxx_436,436,diagonal,0.0,0.0,False
3052,w_436,436,weight,-0.0,0.0,False
3030,czz_432,432,diagonal,0.0,0.0,False
3031,w_433,433,weight,-0.0,0.0,False
3032,cxx_433,433,diagonal,0.0,0.0,False
3033,cxy_433,433,off_diagonal,0.0,0.0,False
3036,cyz_433,433,off_diagonal,0.0,0.0,False
3037,czz_433,433,diagonal,0.0,0.0,False
3038,w_434,434,weight,-0.0,0.0,False
3039,cxx_434,434,diagonal,0.0,0.0,False
3040,cxy_434,434,off_diagonal,0.0,0.0,False
3041,cxz_434,434,off_diagonal,-0.0,0.0,False
3042,cyy_434,434,diagonal,-0.0,0.0,False
3043,cyz_434,434,off_diagonal,-0.0,0.0,False
3044,czz_434,434,diagonal,-0.0,0.0,False
3046,cxx_435,435,diagonal,-0.0,0.0,False
3047,cxy_435,435,off_diagonal,0.0,0.0,False
3048,cxz_435,435,off_diagonal,0.0,0.0,False
3049,cyy_435,435,diagonal,-0.0,0.0,False
3050,cyz_435,435,off_diagonal,-0.0,0.0,False
3051,czz_435,435,diagonal,0.0,0.0,False
3081,cxx_440,440,diagonal,-0.0,0.0,False
3082,cxy_440,440,off_diagonal,0.0,0.0,False
3083,cxz_440,440,off_diagonal,0.0,0.0,False
3110,cxy_444,444,off_diagonal,0.0,0.0,False
3112,cyy_444,444,diagonal,-0.0,0.0,False
3113,cyz_444,444,off_diagonal,-0.0,0.0,False
3115,w_445,445,weight,-0.0,0.0,False
3116,cxx_445,445,diagonal,-0.0,0.0,False
3120,cyz_445,445,off_diagonal,0.0,0.0,False
3122,w_446,446,weight,-0.0,0.0,False
3123,cxx_446,446,diagonal,0.0,0.0,False
3124,cxy_446,446,off_diagonal,0.0,0.0,False
3125,cxz_446,446,off_diagonal,0.0,0.0,False
3126,cyy_446,446,diagonal,0.0,0.0,False
3127,cyz_446,446,off_diagonal,0.0,0.0,False
3128,czz_446,446,diagonal,0.0,0.0,False
3129,w_447,447,weight,-0.0,0.0,False
3131,cxy_447,447,off_diagonal,0.0,0.0,False
3132,cxz_447,447,off_diagonal,-0.0,0.0,False
3133,cyy_447,447,diagonal,0.0,0.0,False
3134,cyz_447,447,off_diagonal,-0.0,0.0,False
3135,czz_447,447,diagonal,0.0,0.0,False
3136,w_448,448,weight,-0.0,0.0,False
3111,cxz_444,444,off_diagonal,-0.0,0.0,False
3109,cxx_444,444,diagonal,0.0,0.0,False
3084,cyy_440,440,diagonal,0.0,0.0,False
3108,w_444,444,weight,-0.0,0.0,False
3085,cyz_440,440,off_diagonal,-0.0,0.0,False
3086,czz_440,440,diagonal,-0.0,0.0,False
3087,w_441,441,weight,0.0,0.0,False
3088,cxx_441,441,diagonal,0.0,0.0,False
3089,cxy_441,441,off_diagonal,-0.0,0.0,False
3090,cxz_441,441,off_diagonal,-0.0,0.0,False
3091,cyy_441,441,diagonal,-0.0,0.0,False
3092,cyz_441,441,off_diagonal,-0.0,0.0,False
3093,czz_441,441,diagonal,0.0,0.0,False
3094,w_442,442,weight,-0.0,0.0,False
3096,cxy_442,442,off_diagonal,0.0,0.0,False
3097,cxz_442,442,off_diagonal,0.0,0.0,False
3098,cyy_442,442,diagonal,-0.0,0.0,False
3100,czz_442,442,diagonal,-0.0,0.0,False
3101,w_443,443,weight,-0.0,0.0,False
3102,cxx_443,443,diagonal,-0.0,0.0,False
3103,cxy_443,443,off_diagonal,-0.0,0.0,False
3105,cyy_443,443,diagonal,0.0,0.0,False
3106,cyz_443,443,off_diagonal,-0.0,0.0,False
3256,cxx_465,465,diagonal,-0.0,0.0,False
3257,cxy_465,465,off_diagonal,0.0,0.0,False
3259,cyy_465,465,diagonal,0.0,0.0,False
3423,w_489,489,weight,0.0,0.0,False
3412,cxz_487,487,off_diagonal,0.0,0.0,False
3414,cyz_487,487,off_diagonal,0.0,0.0,False
3416,w_488,488,weight,-0.0,0.0,False
3417,cxx_488,488,diagonal,0.0,0.0,False
3418,cxy_488,488,off_diagonal,-0.0,0.0,False
3419,cxz_488,488,off_diagonal,0.0,0.0,False
3420,cyy_488,488,diagonal,-0.0,0.0,False
3421,cyz_488,488,off_diagonal,0.0,0.0,False
3422,czz_488,488,diagonal,0.0,0.0,False
3426,cxz_489,489,off_diagonal,-0.0,0.0,False
3382,cxx_483,483,diagonal,-0.0,0.0,False
3427,cyy_489,489,diagonal,-0.0,0.0,False
3429,czz_489,489,diagonal,-0.0,0.0,False
3430,w_490,490,weight,0.0,0.0,False
3431,cxx_490,490,diagonal,-0.0,0.0,False
3432,cxy_490,490,off_diagonal,-0.0,0.0,False
3433,cxz_490,490,off_diagonal,0.0,0.0,False
3434,cyy_490,490,diagonal,-0.0,0.0,False
3435,cyz_490,490,off_diagonal,0.0,0.0,False
3437,w_491,491,weight,-0.0,0.0,False
3411,cxy_487,487,off_diagonal,-0.0,0.0,False
3410,cxx_487,487,diagonal,0.0,0.0,False
3409,w_487,487,weight,-0.0,0.0,False
3407,cyz_486,486,off_diagonal,-0.0,0.0,False
3385,cyy_483,483,diagonal,-0.0,0.0,False
3386,cyz_483,483,off_diagonal,0.0,0.0,False
3387,czz_483,483,diagonal,0.0,0.0,False
3388,w_484,484,weight,0.0,0.0,False
3390,cxy_484,484,off_diagonal,0.0,0.0,False
3391,cxz_484,484,off_diagonal,-0.0,0.0,False
3392,cyy_484,484,diagonal,0.0,0.0,False
3393,cyz_484,484,off_diagonal,-0.0,0.0,False
3394,czz_484,484,diagonal,0.0,0.0,False
3395,w_485,485,weight,-0.0,0.0,False
3397,cxy_485,485,off_diagonal,-0.0,0.0,False
3398,cxz_485,485,off_diagonal,0.0,0.0,False
3399,cyy_485,485,diagonal,0.0,0.0,False
3400,cyz_485,485,off_diagonal,-0.0,0.0,False
3401,czz_485,485,diagonal,0.0,0.0,False
3402,w_486,486,weight,-0.0,0.0,False
3403,cxx_486,486,diagonal,0.0,0.0,False
3404,cxy_486,486,off_diagonal,-0.0,0.0,False
3405,cxz_486,486,off_diagonal,0.0,0.0,False
3439,cxy_491,491,off_diagonal,-0.0,0.0,False
3440,cxz_491,491,off_diagonal,0.0,0.0,False
3442,cyz_491,491,off_diagonal,-0.0,0.0,False
3471,czz_495,495,diagonal,0.0,0.0,False
3475,cxz_496,496,off_diagonal,0.0,0.0,False
3476,cyy_496,496,diagonal,-0.0,0.0,False
3478,czz_496,496,diagonal,0.0,0.0,False
3479,w_497,497,weight,-0.0,0.0,False
3481,cxy_497,497,off_diagonal,-0.0,0.0,False
3484,cyz_497,497,off_diagonal,0.0,0.0,False
3485,czz_497,497,diagonal,0.0,0.0,False
3486,w_498,498,weight,0.0,0.0,False
3487,cxx_498,498,diagonal,0.0,0.0,False
3488,cxy_498,498,off_diagonal,-0.0,0.0,False
3490,cyy_498,498,diagonal,0.0,0.0,False
3491,cyz_498,498,off_diagonal,0.0,0.0,False
3492,czz_498,498,diagonal,-0.0,0.0,False
3493,w_499,499,weight,-0.0,0.0,False
3494,cxx_499,499,diagonal,-0.0,0.0,False
3495,cxy_499,499,off_diagonal,0.0,0.0,False
3496,cxz_499,499,off_diagonal,0.0,0.0,False
3497,cyy_499,499,diagonal,-0.0,0.0,False
3498,cyz_499,499,off_diagonal,-0.0,0.0,False
3473,cxx_496,496,diagonal,-0.0,0.0,False
3470,cyz_495,495,off_diagonal,0.0,0.0,False
3443,czz_491,491,diagonal,0.0,0.0,False
3469,cyy_495,495,diagonal,0.0,0.0,False
3444,w_492,492,weight,0.0,0.0,False
3445,cxx_492,492,diagonal,0.0,0.0,False
3447,cxz_492,492,off_diagonal,-0.0,0.0,False
3448,cyy_492,492,diagonal,0.0,0.0,False
3450,czz_492,492,diagonal,-0.0,0.0,False
3452,cxx_493,493,diagonal,0.0,0.0,False
3453,cxy_493,493,off_diagonal,-0.0,0.0,False
3456,cyz_493,493,off_diagonal,0.0,0.0,False
3457,czz_493,493,diagonal,0.0,0.0,False
3459,cxx_494,494,diagonal,-0.0,0.0,False
3460,cxy_494,494,off_diagonal,0.0,0.0,False
3461,cxz_494,494,off_diagonal,-0.0,0.0,False
3462,cyy_494,494,diagonal,-0.0,0.0,False
3463,cyz_494,494,off_diagonal,-0.0,0.0,False
3464,czz_494,494,diagonal,-0.0,0.0,False
3465,w_495,495,weight,-0.0,0.0,False
3466,cxx_495,495,diagonal,-0.0,0.0,False
3467,cxy_495,495,off_diagonal,-0.0,0.0,False
3468,cxz_495,495,off_diagonal,0.0,0.0,False
3384,cxz_483,483,off_diagonal,0.0,0.0,False
3380,czz_482,482,diagonal,-0.0,0.0,False
3260,cyz_465,465,off_diagonal,-0.0,0.0,False
3301,cyy_471,471,diagonal,0.0,0.0,False
3290,w_470,470,weight,-0.0,0.0,False
3292,cxy_470,470,off_diagonal,0.0,0.0,False
3293,cxz_470,470,off_diagonal,-0.0,0.0,False
3295,cyz_470,470,off_diagonal,-0.0,0.0,False
3296,czz_470,470,diagonal,0.0,0.0,False
3297,w_471,471,weight,0.0,0.0,False
3298,cxx_471,471,diagonal,0.0,0.0,False
3299,cxy_471,471,off_diagonal,-0.0,0.0,False
3300,cxz_471,471,off_diagonal,-0.0,0.0,False
3302,cyz_471,471,off_diagonal,-0.0,0.0,False
3379,cyz_482,482,off_diagonal,-0.0,0.0,False
3303,czz_471,471,diagonal,0.0,0.0,False
3304,w_472,472,weight,-0.0,0.0,False
3305,cxx_472,472,diagonal,-0.0,0.0,False
3306,cxy_472,472,off_diagonal,-0.0,0.0,False
3307,cxz_472,472,off_diagonal,0.0,0.0,False
3308,cyy_472,472,diagonal,-0.0,0.0,False
3311,w_473,473,weight,0.0,0.0,False
3312,cxx_473,473,diagonal,-0.0,0.0,False
3313,cxy_473,473,off_diagonal,-0.0,0.0,False
3288,cyz_469,469,off_diagonal,-0.0,0.0,False
3286,cxz_469,469,off_diagonal,0.0,0.0,False
3285,cxy_469,469,off_diagonal,-0.0,0.0,False
3284,cxx_469,469,diagonal,-0.0,0.0,False
3261,czz_465,465,diagonal,-0.0,0.0,False
3262,w_466,466,weight,-0.0,0.0,False
3263,cxx_466,466,diagonal,-0.0,0.0,False
3264,cxy_466,466,off_diagonal,0.0,0.0,False
3265,cxz_466,466,off_diagonal,-0.0,0.0,False
3266,cyy_466,466,diagonal,0.0,0.0,False
3267,cyz_466,466,off_diagonal,-0.0,0.0,False
3268,czz_466,466,diagonal,-0.0,0.0,False
3269,w_467,467,weight,-0.0,0.0,False
3270,cxx_467,467,diagonal,0.0,0.0,False
3272,cxz_467,467,off_diagonal,-0.0,0.0,False
3273,cyy_467,467,diagonal,0.0,0.0,False
3274,cyz_467,467,off_diagonal,0.0,0.0,False
3276,w_468,468,weight,0.0,0.0,False
3278,cxy_468,468,off_diagonal,-0.0,0.0,False
3279,cxz_468,468,off_diagonal,-0.0,0.0,False
3280,cyy_468,468,diagonal,0.0,0.0,False
3282,czz_468,468,diagonal,-0.0,0.0,False
3283,w_469,469,weight,-0.0,0.0,False
3315,cyy_473,473,diagonal,0.0,0.0,False
3316,cyz_473,473,off_diagonal,-0.0,0.0,False
3317,czz_473,473,diagonal,-0.0,0.0,False
3348,cxy_478,478,off_diagonal,-0.0,0.0,False
3354,cxx_479,479,diagonal,-0.0,0.0,False
3355,cxy_479,479,off_diagonal,-0.0,0.0,False
3357,cyy_479,479,diagonal,0.0,0.0,False
3358,cyz_479,479,off_diagonal,-0.0,0.0,False
3359,czz_479,479,diagonal,0.0,0.0,False
3360,w_480,480,weight,-0.0,0.0,False
3361,cxx_480,480,diagonal,0.0,0.0,False
3362,cxy_480,480,off_diagonal,-0.0,0.0,False
3363,cxz_480,480,off_diagonal,0.0,0.0,False
3364,cyy_480,480,diagonal,0.0,0.0,False
3365,cyz_480,480,off_diagonal,0.0,0.0,False
3368,cxx_481,481,diagonal,-0.0,0.0,False
3370,cxz_481,481,off_diagonal,0.0,0.0,False
3371,cyy_481,481,diagonal,0.0,0.0,False
3373,czz_481,481,diagonal,0.0,0.0,False
3374,w_482,482,weight,-0.0,0.0,False
3375,cxx_482,482,diagonal,0.0,0.0,False
3376,cxy_482,482,off_diagonal,0.0,0.0,False
3378,cyy_482,482,diagonal,-0.0,0.0,False
3350,cyy_478,478,diagonal,-0.0,0.0,False
3346,w_478,478,weight,-0.0,0.0,False
3318,w_474,474,weight,-0.0,0.0,False
3345,czz_477,477,diagonal,-0.0,0.0,False
3320,cxy_474,474,off_diagonal,0.0,0.0,False
3321,cxz_474,474,off_diagonal,-0.0,0.0,False
3322,cyy_474,474,diagonal,0.0,0.0,False
3323,cyz_474,474,off_diagonal,0.0,0.0,False
3324,czz_474,474,diagonal,-0.0,0.0,False
3325,w_475,475,weight,0.0,0.0,False
3326,cxx_475,475,diagonal,-0.0,0.0,False
3327,cxy_475,475,off_diagonal,-0.0,0.0,False
3328,cxz_475,475,off_diagonal,0.0,0.0,False
3330,cyz_475,475,off_diagonal,-0.0,0.0,False
3331,czz_475,475,diagonal,0.0,0.0,False
3332,w_476,476,weight,-0.0,0.0,False
3335,cxz_476,476,off_diagonal,0.0,0.0,False
3336,cyy_476,476,diagonal,0.0,0.0,False
3337,cyz_476,476,off_diagonal,-0.0,0.0,False
3338,czz_476,476,diagonal,-0.0,0.0,False
3342,cxz_477,477,off_diagonal,0.0,0.0,False
3343,cyy_477,477,diagonal,0.0,0.0,False
3344,cyz_477,477,off_diagonal,-0.0,0.0,False
3029,cyz_432,432,off_diagonal,0.0,0.0,False
3025,cxx_432,432,diagonal,0.0,0.0,False
2556,cxx_365,365,diagonal,0.0,0.0,False
2717,cxx_388,388,diagonal,0.0,0.0,False
2706,cyy_386,386,diagonal,-0.0,0.0,False
2708,czz_386,386,diagonal,0.0,0.0,False
2709,w_387,387,weight,-0.0,0.0,False
2711,cxy_387,387,off_diagonal,-0.0,0.0,False
2712,cxz_387,387,off_diagonal,-0.0,0.0,False
2713,cyy_387,387,diagonal,-0.0,0.0,False
2714,cyz_387,387,off_diagonal,0.0,0.0,False
2715,czz_387,387,diagonal,0.0,0.0,False
2716,w_388,388,weight,-0.0,0.0,False
2718,cxy_388,388,off_diagonal,-0.0,0.0,False
2733,cxz_390,390,off_diagonal,0.0,0.0,False
2719,cxz_388,388,off_diagonal,0.0,0.0,False
2720,cyy_388,388,diagonal,-0.0,0.0,False
2721,cyz_388,388,off_diagonal,0.0,0.0,False
2723,w_389,389,weight,-0.0,0.0,False
2725,cxy_389,389,off_diagonal,-0.0,0.0,False
2726,cxz_389,389,off_diagonal,-0.0,0.0,False
2727,cyy_389,389,diagonal,0.0,0.0,False
2728,cyz_389,389,off_diagonal,-0.0,0.0,False
2729,czz_389,389,diagonal,0.0,0.0,False
2705,cxz_386,386,off_diagonal,-0.0,0.0,False
2704,cxy_386,386,off_diagonal,0.0,0.0,False
2703,cxx_386,386,diagonal,-0.0,0.0,False
2702,w_386,386,weight,0.0,0.0,False
2679,cyz_382,382,off_diagonal,-0.0,0.0,False
2680,czz_382,382,diagonal,0.0,0.0,False
2681,w_383,383,weight,0.0,0.0,False
2683,cxy_383,383,off_diagonal,-0.0,0.0,False
2684,cxz_383,383,off_diagonal,-0.0,0.0,False
2685,cyy_383,383,diagonal,0.0,0.0,False
2686,cyz_383,383,off_diagonal,0.0,0.0,False
2687,czz_383,383,diagonal,-0.0,0.0,False
2688,w_384,384,weight,-0.0,0.0,False
2689,cxx_384,384,diagonal,0.0,0.0,False
2690,cxy_384,384,off_diagonal,-0.0,0.0,False
2691,cxz_384,384,off_diagonal,-0.0,0.0,False
2693,cyz_384,384,off_diagonal,-0.0,0.0,False
2694,czz_384,384,diagonal,0.0,0.0,False
2696,cxx_385,385,diagonal,-0.0,0.0,False
2698,cxz_385,385,off_diagonal,0.0,0.0,False
2699,cyy_385,385,diagonal,-0.0,0.0,False
2700,cyz_385,385,off_diagonal,0.0,0.0,False
2701,czz_385,385,diagonal,-0.0,0.0,False
2732,cxy_390,390,off_diagonal,0.0,0.0,False
2734,cyy_390,390,diagonal,-0.0,0.0,False
3024,w_432,432,weight,0.0,0.0,False
2778,czz_396,396,diagonal,-0.0,0.0,False
2769,cyy_395,395,diagonal,0.0,0.0,False
2770,cyz_395,395,off_diagonal,-0.0,0.0,False
2771,czz_395,395,diagonal,-0.0,0.0,False
2772,w_396,396,weight,-0.0,0.0,False
2773,cxx_396,396,diagonal,-0.0,0.0,False
2774,cxy_396,396,off_diagonal,0.0,0.0,False
2775,cxz_396,396,off_diagonal,-0.0,0.0,False
2776,cyy_396,396,diagonal,0.0,0.0,False
2777,cyz_396,396,off_diagonal,-0.0,0.0,False
2779,w_397,397,weight,-0.0,0.0,False
2736,czz_390,390,diagonal,0.0,0.0,False
2780,cxx_397,397,diagonal,0.0,0.0,False
2781,cxy_397,397,off_diagonal,0.0,0.0,False
2782,cxz_397,397,off_diagonal,0.0,0.0,False
2783,cyy_397,397,diagonal,0.0,0.0,False
2784,cyz_397,397,off_diagonal,-0.0,0.0,False
2785,czz_397,397,diagonal,-0.0,0.0,False
2786,w_398,398,weight,-0.0,0.0,False
2787,cxx_398,398,diagonal,0.0,0.0,False
2788,cxy_398,398,off_diagonal,0.0,0.0,False
2768,cxz_395,395,off_diagonal,-0.0,0.0,False
2767,cxy_395,395,off_diagonal,0.0,0.0,False
2766,cxx_395,395,diagonal,-0.0,0.0,False
2765,w_395,395,weight,0.0,0.0,False
2739,cxy_391,391,off_diagonal,0.0,0.0,False
2740,cxz_391,391,off_diagonal,0.0,0.0,False
1984,cxz_283,283,off_diagonal,0.0,0.0,False
2742,cyz_391,391,off_diagonal,0.0,0.0,False
2743,czz_391,391,diagonal,0.0,0.0,False
2746,cxy_392,392,off_diagonal,0.0,0.0,False
2747,cxz_392,392,off_diagonal,-0.0,0.0,False
2749,cyz_392,392,off_diagonal,0.0,0.0,False
2750,czz_392,392,diagonal,-0.0,0.0,False
2752,cxx_393,393,diagonal,0.0,0.0,False
2754,cxz_393,393,off_diagonal,0.0,0.0,False
2755,cyy_393,393,diagonal,0.0,0.0,False
2756,cyz_393,393,off_diagonal,0.0,0.0,False
2758,w_394,394,weight,-0.0,0.0,False
2759,cxx_394,394,diagonal,0.0,0.0,False
2760,cxy_394,394,off_diagonal,0.0,0.0,False
2761,cxz_394,394,off_diagonal,0.0,0.0,False
2762,cyy_394,394,diagonal,-0.0,0.0,False
2764,czz_394,394,diagonal,-0.0,0.0,False
2678,cyy_382,382,diagonal,0.0,0.0,False
2677,cxz_382,382,off_diagonal,0.0,0.0,False
2674,w_382,382,weight,0.0,0.0,False
2598,cxx_371,371,diagonal,-0.0,0.0,False
2587,cyy_369,369,diagonal,-0.0,0.0,False
2588,cyz_369,369,off_diagonal,-0.0,0.0,False
2590,w_370,370,weight,-0.0,0.0,False
2591,cxx_370,370,diagonal,-0.0,0.0,False
2592,cxy_370,370,off_diagonal,-0.0,0.0,False
2594,cyy_370,370,diagonal,-0.0,0.0,False
2595,cyz_370,370,off_diagonal,0.0,0.0,False
2596,czz_370,370,diagonal,-0.0,0.0,False
2597,w_371,371,weight,-0.0,0.0,False
2599,cxy_371,371,off_diagonal,0.0,0.0,False
2673,czz_381,381,diagonal,-0.0,0.0,False
2601,cyy_371,371,diagonal,0.0,0.0,False
2603,czz_371,371,diagonal,-0.0,0.0,False
2604,w_372,372,weight,-0.0,0.0,False
2605,cxx_372,372,diagonal,-0.0,0.0,False
2606,cxy_372,372,off_diagonal,-0.0,0.0,False
2607,cxz_372,372,off_diagonal,0.0,0.0,False
2608,cyy_372,372,diagonal,-0.0,0.0,False
2609,cyz_372,372,off_diagonal,0.0,0.0,False
2610,czz_372,372,diagonal,0.0,0.0,False
2586,cxz_369,369,off_diagonal,-0.0,0.0,False
2585,cxy_369,369,off_diagonal,-0.0,0.0,False
2584,cxx_369,369,diagonal,0.0,0.0,False
2582,czz_368,368,diagonal,-0.0,0.0,False
2557,cxy_365,365,off_diagonal,0.0,0.0,False
2558,cxz_365,365,off_diagonal,-0.0,0.0,False
2559,cyy_365,365,diagonal,-0.0,0.0,False
2561,czz_365,365,diagonal,-0.0,0.0,False
2562,w_366,366,weight,0.0,0.0,False
2563,cxx_366,366,diagonal,0.0,0.0,False
2564,cxy_366,366,off_diagonal,0.0,0.0,False
2566,cyy_366,366,diagonal,0.0,0.0,False
2567,cyz_366,366,off_diagonal,-0.0,0.0,False
2568,czz_366,366,diagonal,0.0,0.0,False
2569,w_367,367,weight,-0.0,0.0,False
2570,cxx_367,367,diagonal,-0.0,0.0,False
2571,cxy_367,367,off_diagonal,-0.0,0.0,False
2572,cxz_367,367,off_diagonal,-0.0,0.0,False
2574,cyz_367,367,off_diagonal,0.0,0.0,False
2575,czz_367,367,diagonal,-0.0,0.0,False
2576,w_368,368,weight,-0.0,0.0,False
2577,cxx_368,368,diagonal,0.0,0.0,False
2580,cyy_368,368,diagonal,-0.0,0.0,False
2611,w_373,373,weight,-0.0,0.0,False
2612,cxx_373,373,diagonal,-0.0,0.0,False
2613,cxy_373,373,off_diagonal,-0.0,0.0,False
2650,cyy_378,378,diagonal,0.0,0.0,False
2652,czz_378,378,diagonal,0.0,0.0,False
2654,cxx_379,379,diagonal,0.0,0.0,False
2655,cxy_379,379,off_diagonal,0.0,0.0,False
2656,cxz_379,379,off_diagonal,-0.0,0.0,False
2657,cyy_379,379,diagonal,-0.0,0.0,False
2658,cyz_379,379,off_diagonal,-0.0,0.0,False
2659,czz_379,379,diagonal,0.0,0.0,False
2660,w_380,380,weight,0.0,0.0,False
2661,cxx_380,380,diagonal,0.0,0.0,False
2662,cxy_380,380,off_diagonal,0.0,0.0,False
2663,cxz_380,380,off_diagonal,-0.0,0.0,False
2664,cyy_380,380,diagonal,0.0,0.0,False
2665,cyz_380,380,off_diagonal,-0.0,0.0,False
2666,czz_380,380,diagonal,0.0,0.0,False
2667,w_381,381,weight,-0.0,0.0,False
2668,cxx_381,381,diagonal,-0.0,0.0,False
2669,cxy_381,381,off_diagonal,-0.0,0.0,False
2670,cxz_381,381,off_diagonal,0.0,0.0,False
2671,cyy_381,381,diagonal,-0.0,0.0,False
2651,cyz_378,378,off_diagonal,0.0,0.0,False
2649,cxz_378,378,off_diagonal,0.0,0.0,False
2614,cxz_373,373,off_diagonal,0.0,0.0,False
2647,cxx_378,378,diagonal,0.0,0.0,False
2615,cyy_373,373,diagonal,-0.0,0.0,False
2616,cyz_373,373,off_diagonal,0.0,0.0,False
2617,czz_373,373,diagonal,-0.0,0.0,False
2618,w_374,374,weight,-0.0,0.0,False
2619,cxx_374,374,diagonal,0.0,0.0,False
2622,cyy_374,374,diagonal,-0.0,0.0,False
2626,cxx_375,375,diagonal,-0.0,0.0,False
2629,cyy_375,375,diagonal,0.0,0.0,False
2632,w_376,376,weight,0.0,0.0,False
2634,cxy_376,376,off_diagonal,-0.0,0.0,False
2635,cxz_376,376,off_diagonal,-0.0,0.0,False
2637,cyz_376,376,off_diagonal,0.0,0.0,False
2638,czz_376,376,diagonal,-0.0,0.0,False
2640,cxx_377,377,diagonal,-0.0,0.0,False
2641,cxy_377,377,off_diagonal,0.0,0.0,False
2642,cxz_377,377,off_diagonal,0.0,0.0,False
2643,cyy_377,377,diagonal,-0.0,0.0,False
2644,cyz_377,377,off_diagonal,-0.0,0.0,False
2645,czz_377,377,diagonal,-0.0,0.0,False
2790,cyy_398,398,diagonal,-0.0,0.0,False
2792,czz_398,398,diagonal,0.0,0.0,False
2793,w_399,399,weight,-0.0,0.0,False
2951,cyy_421,421,diagonal,0.0,0.0,False
2940,w_420,420,weight,-0.0,0.0,False
2941,cxx_420,420,diagonal,0.0,0.0,False
2942,cxy_420,420,off_diagonal,-0.0,0.0,False
2944,cyy_420,420,diagonal,-0.0,0.0,False
2945,cyz_420,420,off_diagonal,0.0,0.0,False
2946,czz_420,420,diagonal,-0.0,0.0,False
2947,w_421,421,weight,0.0,0.0,False
2949,cxy_421,421,off_diagonal,0.0,0.0,False
2950,cxz_421,421,off_diagonal,-0.0,0.0,False
2952,cyz_421,421,off_diagonal,-0.0,0.0,False
2907,cxy_415,415,off_diagonal,-0.0,0.0,False
2953,czz_421,421,diagonal,-0.0,0.0,False
2954,w_422,422,weight,0.0,0.0,False
2955,cxx_422,422,diagonal,-0.0,0.0,False
2956,cxy_422,422,off_diagonal,-0.0,0.0,False
2957,cxz_422,422,off_diagonal,0.0,0.0,False
2958,cyy_422,422,diagonal,0.0,0.0,False
2959,cyz_422,422,off_diagonal,-0.0,0.0,False
2960,czz_422,422,diagonal,0.0,0.0,False
2961,w_423,423,weight,-0.0,0.0,False
2939,czz_419,419,diagonal,0.0,0.0,False
2938,cyz_419,419,off_diagonal,0.0,0.0,False
2937,cyy_419,419,diagonal,-0.0,0.0,False
2936,cxz_419,419,off_diagonal,0.0,0.0,False
2910,cyz_415,415,off_diagonal,-0.0,0.0,False
2911,czz_415,415,diagonal,0.0,0.0,False
2912,w_416,416,weight,0.0,0.0,False
2913,cxx_416,416,diagonal,0.0,0.0,False
2914,cxy_416,416,off_diagonal,-0.0,0.0,False
2917,cyz_416,416,off_diagonal,-0.0,0.0,False
2918,czz_416,416,diagonal,-0.0,0.0,False
2920,cxx_417,417,diagonal,0.0,0.0,False
2921,cxy_417,417,off_diagonal,0.0,0.0,False
2922,cxz_417,417,off_diagonal,-0.0,0.0,False
2924,cyz_417,417,off_diagonal,0.0,0.0,False
2925,czz_417,417,diagonal,-0.0,0.0,False
2927,cxx_418,418,diagonal,0.0,0.0,False
2928,cxy_418,418,off_diagonal,0.0,0.0,False
2929,cxz_418,418,off_diagonal,-0.0,0.0,False
2930,cyy_418,418,diagonal,0.0,0.0,False
2931,cyz_418,418,off_diagonal,-0.0,0.0,False
2933,w_419,419,weight,-0.0,0.0,False
2935,cxy_419,419,off_diagonal,-0.0,0.0,False
2963,cxy_423,423,off_diagonal,0.0,0.0,False
2964,cxz_423,423,off_diagonal,0.0,0.0,False
2965,cyy_423,423,diagonal,-0.0,0.0,False
2994,cyz_427,427,off_diagonal,-0.0,0.0,False
2996,w_428,428,weight,0.0,0.0,False
2997,cxx_428,428,diagonal,0.0,0.0,False
2998,cxy_428,428,off_diagonal,-0.0,0.0,False
2999,cxz_428,428,off_diagonal,-0.0,0.0,False
3000,cyy_428,428,diagonal,0.0,0.0,False
3001,cyz_428,428,off_diagonal,0.0,0.0,False
3003,w_429,429,weight,-0.0,0.0,False
3004,cxx_429,429,diagonal,-0.0,0.0,False
3005,cxy_429,429,off_diagonal,-0.0,0.0,False
3007,cyy_429,429,diagonal,-0.0,0.0,False
3008,cyz_429,429,off_diagonal,-0.0,0.0,False
3010,w_430,430,weight,0.0,0.0,False
3012,cxy_430,430,off_diagonal,0.0,0.0,False
3014,cyy_430,430,diagonal,0.0,0.0,False
3015,cyz_430,430,off_diagonal,0.0,0.0,False
3018,cxx_431,431,diagonal,0.0,0.0,False
3019,cxy_431,431,off_diagonal,-0.0,0.0,False
3020,cxz_431,431,off_diagonal,0.0,0.0,False
3021,cyy_431,431,diagonal,0.0,0.0,False
2995,czz_427,427,diagonal,-0.0,0.0,False
2992,cxz_427,427,off_diagonal,-0.0,0.0,False
2967,czz_423,423,diagonal,0.0,0.0,False
2991,cxy_427,427,off_diagonal,-0.0,0.0,False
2969,cxx_424,424,diagonal,0.0,0.0,False
2970,cxy_424,424,off_diagonal,0.0,0.0,False
2971,cxz_424,424,off_diagonal,-0.0,0.0,False
2972,cyy_424,424,diagonal,0.0,0.0,False
2973,cyz_424,424,off_diagonal,-0.0,0.0,False
2974,czz_424,424,diagonal,0.0,0.0,False
2975,w_425,425,weight,-0.0,0.0,False
2976,cxx_425,425,diagonal,-0.0,0.0,False
2977,cxy_425,425,off_diagonal,-0.0,0.0,False
2979,cyy_425,425,diagonal,0.0,0.0,False
2980,cyz_425,425,off_diagonal,-0.0,0.0,False
2981,czz_425,425,diagonal,-0.0,0.0,False
2983,cxx_426,426,diagonal,0.0,0.0,False
2984,cxy_426,426,off_diagonal,0.0,0.0,False
2985,cxz_426,426,off_diagonal,0.0,0.0,False
2986,cyy_426,426,diagonal,0.0,0.0,False
2987,cyz_426,426,off_diagonal,0.0,0.0,False
2988,czz_426,426,diagonal,0.0,0.0,False
2990,cxx_427,427,diagonal,0.0,0.0,False
2908,cxz_415,415,off_diagonal,0.0,0.0,False
2905,w_415,415,weight,0.0,0.0,False
2794,cxx_399,399,diagonal,0.0,0.0,False
2831,cxz_404,404,off_diagonal,-0.0,0.0,False
2820,czz_402,402,diagonal,-0.0,0.0,False
2821,w_403,403,weight,-0.0,0.0,False
2822,cxx_403,403,diagonal,0.0,0.0,False
2823,cxy_403,403,off_diagonal,-0.0,0.0,False
2824,cxz_403,403,off_diagonal,0.0,0.0,False
2825,cyy_403,403,diagonal,0.0,0.0,False
2826,cyz_403,403,off_diagonal,-0.0,0.0,False
2828,w_404,404,weight,-0.0,0.0,False
2830,cxy_404,404,off_diagonal,-0.0,0.0,False
2832,cyy_404,404,diagonal,-0.0,0.0,False
2904,czz_414,414,diagonal,0.0,0.0,False
2834,czz_404,404,diagonal,0.0,0.0,False
2835,w_405,405,weight,-0.0,0.0,False
2836,cxx_405,405,diagonal,0.0,0.0,False
2839,cyy_405,405,diagonal,-0.0,0.0,False
2840,cyz_405,405,off_diagonal,0.0,0.0,False
2841,czz_405,405,diagonal,0.0,0.0,False
2844,cxy_406,406,off_diagonal,0.0,0.0,False
2845,cxz_406,406,off_diagonal,-0.0,0.0,False
2846,cyy_406,406,diagonal,0.0,0.0,False
2819,cyz_402,402,off_diagonal,0.0,0.0,False
2818,cyy_402,402,diagonal,-0.0,0.0,False
2817,cxz_402,402,off_diagonal,0.0,0.0,False
2816,cxy_402,402,off_diagonal,0.0,0.0,False
2795,cxy_399,399,off_diagonal,-0.0,0.0,False
2796,cxz_399,399,off_diagonal,0.0,0.0,False
2797,cyy_399,399,diagonal,0.0,0.0,False
2798,cyz_399,399,off_diagonal,0.0,0.0,False
2799,czz_399,399,diagonal,0.0,0.0,False
2800,w_400,400,weight,-0.0,0.0,False
2801,cxx_400,400,diagonal,0.0,0.0,False
2802,cxy_400,400,off_diagonal,0.0,0.0,False
2803,cxz_400,400,off_diagonal,-0.0,0.0,False
2804,cyy_400,400,diagonal,-0.0,0.0,False
2805,cyz_400,400,off_diagonal,-0.0,0.0,False
2806,czz_400,400,diagonal,0.0,0.0,False
2807,w_401,401,weight,-0.0,0.0,False
2809,cxy_401,401,off_diagonal,-0.0,0.0,False
2810,cxz_401,401,off_diagonal,-0.0,0.0,False
2811,cyy_401,401,diagonal,0.0,0.0,False
2812,cyz_401,401,off_diagonal,0.0,0.0,False
2813,czz_401,401,diagonal,-0.0,0.0,False
2814,w_402,402,weight,0.0,0.0,False
2847,cyz_406,406,off_diagonal,-0.0,0.0,False
2848,czz_406,406,diagonal,0.0,0.0,False
2850,cxx_407,407,diagonal,0.0,0.0,False
2881,cyy_411,411,diagonal,-0.0,0.0,False
2883,czz_411,411,diagonal,-0.0,0.0,False
2884,w_412,412,weight,0.0,0.0,False
2885,cxx_412,412,diagonal,-0.0,0.0,False
2886,cxy_412,412,off_diagonal,-0.0,0.0,False
2887,cxz_412,412,off_diagonal,0.0,0.0,False
2888,cyy_412,412,diagonal,-0.0,0.0,False
2889,cyz_412,412,off_diagonal,-0.0,0.0,False
2891,w_413,413,weight,0.0,0.0,False
2892,cxx_413,413,diagonal,-0.0,0.0,False
2893,cxy_413,413,off_diagonal,-0.0,0.0,False
2894,cxz_413,413,off_diagonal,0.0,0.0,False
2895,cyy_413,413,diagonal,0.0,0.0,False
2896,cyz_413,413,off_diagonal,0.0,0.0,False
2897,czz_413,413,diagonal,-0.0,0.0,False
2898,w_414,414,weight,0.0,0.0,False
2900,cxy_414,414,off_diagonal,-0.0,0.0,False
2901,cxz_414,414,off_diagonal,0.0,0.0,False
2902,cyy_414,414,diagonal,-0.0,0.0,False
2903,cyz_414,414,off_diagonal,0.0,0.0,False
2882,cyz_411,411,off_diagonal,0.0,0.0,False
2880,cxz_411,411,off_diagonal,-0.0,0.0,False
2851,cxy_407,407,off_diagonal,0.0,0.0,False
2879,cxy_411,411,off_diagonal,0.0,0.0,False
2852,cxz_407,407,off_diagonal,-0.0,0.0,False
2855,czz_407,407,diagonal,0.0,0.0,False
2856,w_408,408,weight,-0.0,0.0,False
2858,cxy_408,408,off_diagonal,0.0,0.0,False
2859,cxz_408,408,off_diagonal,-0.0,0.0,False
2860,cyy_408,408,diagonal,-0.0,0.0,False
2861,cyz_408,408,off_diagonal,0.0,0.0,False
2863,w_409,409,weight,-0.0,0.0,False
2864,cxx_409,409,diagonal,0.0,0.0,False
2866,cxz_409,409,off_diagonal,-0.0,0.0,False
2868,cyz_409,409,off_diagonal,-0.0,0.0,False
2869,czz_409,409,diagonal,0.0,0.0,False
2870,w_410,410,weight,0.0,0.0,False
2871,cxx_410,410,diagonal,0.0,0.0,False
2872,cxy_410,410,off_diagonal,0.0,0.0,False
2873,cxz_410,410,off_diagonal,-0.0,0.0,False
2874,cyy_410,410,diagonal,0.0,0.0,False
2875,cyz_410,410,off_diagonal,-0.0,0.0,False
2877,w_411,411,weight,0.0,0.0,False
1985,cyy_283,283,diagonal,-0.0,0.0,False
1750,w_250,250,weight,0.0,0.0,False
1983,cxy_283,283,off_diagonal,-0.0,0.0,False
661,cxz_94,94,off_diagonal,0.0,0.0,False
646,cxy_92,92,off_diagonal,0.0,0.0,False
649,cyz_92,92,off_diagonal,0.0,0.0,False
650,czz_92,92,diagonal,0.0,0.0,False
652,cxx_93,93,diagonal,-0.0,0.0,False
654,cxz_93,93,off_diagonal,0.0,0.0,False
655,cyy_93,93,diagonal,0.0,0.0,False
656,cyz_93,93,off_diagonal,-0.0,0.0,False
658,w_94,94,weight,-0.0,0.0,False
659,cxx_94,94,diagonal,0.0,0.0,False
662,cyy_94,94,diagonal,0.0,0.0,False
643,czz_91,91,diagonal,-0.0,0.0,False
663,cyz_94,94,off_diagonal,-0.0,0.0,False
664,czz_94,94,diagonal,0.0,0.0,False
666,cxx_95,95,diagonal,0.0,0.0,False
667,cxy_95,95,off_diagonal,0.0,0.0,False
668,cxz_95,95,off_diagonal,0.0,0.0,False
669,cyy_95,95,diagonal,0.0,0.0,False
670,cyz_95,95,off_diagonal,0.0,0.0,False
671,czz_95,95,diagonal,-0.0,0.0,False
673,cxx_96,96,diagonal,0.0,0.0,False
645,cxx_92,92,diagonal,-0.0,0.0,False
641,cyy_91,91,diagonal,-0.0,0.0,False
608,czz_86,86,diagonal,-0.0,0.0,False
625,cxy_89,89,off_diagonal,0.0,0.0,False
610,cxx_87,87,diagonal,0.0,0.0,False
612,cxz_87,87,off_diagonal,-0.0,0.0,False
613,cyy_87,87,diagonal,0.0,0.0,False
616,w_88,88,weight,-0.0,0.0,False
617,cxx_88,88,diagonal,-0.0,0.0,False
618,cxy_88,88,off_diagonal,-0.0,0.0,False
620,cyy_88,88,diagonal,-0.0,0.0,False
622,czz_88,88,diagonal,-0.0,0.0,False
624,cxx_89,89,diagonal,-0.0,0.0,False
626,cxz_89,89,off_diagonal,0.0,0.0,False
640,cxz_91,91,off_diagonal,0.0,0.0,False
628,cyz_89,89,off_diagonal,-0.0,0.0,False
629,czz_89,89,diagonal,-0.0,0.0,False
630,w_90,90,weight,-0.0,0.0,False
631,cxx_90,90,diagonal,0.0,0.0,False
632,cxy_90,90,off_diagonal,-0.0,0.0,False
633,cxz_90,90,off_diagonal,-0.0,0.0,False
635,cyz_90,90,off_diagonal,0.0,0.0,False
636,czz_90,90,diagonal,-0.0,0.0,False
637,w_91,91,weight,0.0,0.0,False
674,cxy_96,96,off_diagonal,0.0,0.0,False
675,cxz_96,96,off_diagonal,-0.0,0.0,False
676,cyy_96,96,diagonal,-0.0,0.0,False
718,cyy_102,102,diagonal,0.0,0.0,False
707,w_101,101,weight,-0.0,0.0,False
708,cxx_101,101,diagonal,-0.0,0.0,False
709,cxy_101,101,off_diagonal,0.0,0.0,False
710,cxz_101,101,off_diagonal,-0.0,0.0,False
711,cyy_101,101,diagonal,0.0,0.0,False
712,cyz_101,101,off_diagonal,0.0,0.0,False
713,czz_101,101,diagonal,0.0,0.0,False
715,cxx_102,102,diagonal,-0.0,0.0,False
716,cxy_102,102,off_diagonal,0.0,0.0,False
719,cyz_102,102,off_diagonal,-0.0,0.0,False
677,cyz_96,96,off_diagonal,-0.0,0.0,False
720,czz_102,102,diagonal,-0.0,0.0,False
721,w_103,103,weight,-0.0,0.0,False
722,cxx_103,103,diagonal,0.0,0.0,False
723,cxy_103,103,off_diagonal,-0.0,0.0,False
724,cxz_103,103,off_diagonal,-0.0,0.0,False
725,cyy_103,103,diagonal,-0.0,0.0,False
726,cyz_103,103,off_diagonal,-0.0,0.0,False
727,czz_103,103,diagonal,-0.0,0.0,False
728,w_104,104,weight,-0.0,0.0,False
706,czz_100,100,diagonal,-0.0,0.0,False
705,cyz_100,100,off_diagonal,-0.0,0.0,False
704,cyy_100,100,diagonal,0.0,0.0,False
703,cxz_100,100,off_diagonal,-0.0,0.0,False
679,w_97,97,weight,0.0,0.0,False
681,cxy_97,97,off_diagonal,-0.0,0.0,False
682,cxz_97,97,off_diagonal,0.0,0.0,False
683,cyy_97,97,diagonal,0.0,0.0,False
685,czz_97,97,diagonal,0.0,0.0,False
687,cxx_98,98,diagonal,0.0,0.0,False
688,cxy_98,98,off_diagonal,0.0,0.0,False
689,cxz_98,98,off_diagonal,-0.0,0.0,False
690,cyy_98,98,diagonal,0.0,0.0,False
691,cyz_98,98,off_diagonal,-0.0,0.0,False
692,czz_98,98,diagonal,0.0,0.0,False
694,cxx_99,99,diagonal,0.0,0.0,False
695,cxy_99,99,off_diagonal,0.0,0.0,False
696,cxz_99,99,off_diagonal,0.0,0.0,False
697,cyy_99,99,diagonal,-0.0,0.0,False
698,cyz_99,99,off_diagonal,-0.0,0.0,False
699,czz_99,99,diagonal,-0.0,0.0,False
701,cxx_100,100,diagonal,0.0,0.0,False
702,cxy_100,100,off_diagonal,0.0,0.0,False
609,w_87,87,weight,-0.0,0.0,False
607,cyz_86,86,off_diagonal,0.0,0.0,False
731,cxz_104,104,off_diagonal,0.0,0.0,False
536,cyy_76,76,diagonal,-0.0,0.0,False
523,cyz_74,74,off_diagonal,0.0,0.0,False
524,czz_74,74,diagonal,0.0,0.0,False
526,cxx_75,75,diagonal,0.0,0.0,False
527,cxy_75,75,off_diagonal,0.0,0.0,False
528,cxz_75,75,off_diagonal,-0.0,0.0,False
530,cyz_75,75,off_diagonal,-0.0,0.0,False
531,czz_75,75,diagonal,0.0,0.0,False
532,w_76,76,weight,-0.0,0.0,False
533,cxx_76,76,diagonal,-0.0,0.0,False
537,cyz_76,76,off_diagonal,-0.0,0.0,False
520,cxy_74,74,off_diagonal,-0.0,0.0,False
538,czz_76,76,diagonal,-0.0,0.0,False
539,w_77,77,weight,-0.0,0.0,False
540,cxx_77,77,diagonal,-0.0,0.0,False
541,cxy_77,77,off_diagonal,-0.0,0.0,False
542,cxz_77,77,off_diagonal,0.0,0.0,False
543,cyy_77,77,diagonal,-0.0,0.0,False
544,cyz_77,77,off_diagonal,-0.0,0.0,False
545,czz_77,77,diagonal,0.0,0.0,False
549,cxz_78,78,off_diagonal,-0.0,0.0,False
521,cxz_74,74,off_diagonal,-0.0,0.0,False
519,cxx_74,74,diagonal,0.0,0.0,False
606,cyy_86,86,diagonal,0.0,0.0,False
505,cxx_72,72,diagonal,0.0,0.0,False
493,cxz_70,70,off_diagonal,-0.0,0.0,False
494,cyy_70,70,diagonal,-0.0,0.0,False
496,czz_70,70,diagonal,0.0,0.0,False
499,cxy_71,71,off_diagonal,-0.0,0.0,False
500,cxz_71,71,off_diagonal,0.0,0.0,False
501,cyy_71,71,diagonal,-0.0,0.0,False
502,cyz_71,71,off_diagonal,-0.0,0.0,False
503,czz_71,71,diagonal,0.0,0.0,False
504,w_72,72,weight,-0.0,0.0,False
506,cxy_72,72,off_diagonal,-0.0,0.0,False
518,w_74,74,weight,-0.0,0.0,False
507,cxz_72,72,off_diagonal,-0.0,0.0,False
508,cyy_72,72,diagonal,-0.0,0.0,False
509,cyz_72,72,off_diagonal,-0.0,0.0,False
510,czz_72,72,diagonal,-0.0,0.0,False
511,w_73,73,weight,0.0,0.0,False
513,cxy_73,73,off_diagonal,0.0,0.0,False
514,cxz_73,73,off_diagonal,0.0,0.0,False
516,cyz_73,73,off_diagonal,0.0,0.0,False
517,czz_73,73,diagonal,-0.0,0.0,False
550,cyy_78,78,diagonal,0.0,0.0,False
551,cyz_78,78,off_diagonal,0.0,0.0,False
552,czz_78,78,diagonal,0.0,0.0,False
591,cxz_84,84,off_diagonal,0.0,0.0,False
579,cyz_82,82,off_diagonal,0.0,0.0,False
580,czz_82,82,diagonal,0.0,0.0,False
582,cxx_83,83,diagonal,-0.0,0.0,False
583,cxy_83,83,off_diagonal,0.0,0.0,False
584,cxz_83,83,off_diagonal,0.0,0.0,False
585,cyy_83,83,diagonal,-0.0,0.0,False
588,w_84,84,weight,-0.0,0.0,False
589,cxx_84,84,diagonal,0.0,0.0,False
590,cxy_84,84,off_diagonal,0.0,0.0,False
592,cyy_84,84,diagonal,-0.0,0.0,False
553,w_79,79,weight,0.0,0.0,False
593,cyz_84,84,off_diagonal,0.0,0.0,False
594,czz_84,84,diagonal,-0.0,0.0,False
595,w_85,85,weight,-0.0,0.0,False
596,cxx_85,85,diagonal,-0.0,0.0,False
597,cxy_85,85,off_diagonal,-0.0,0.0,False
600,cyz_85,85,off_diagonal,0.0,0.0,False
601,czz_85,85,diagonal,0.0,0.0,False
602,w_86,86,weight,-0.0,0.0,False
604,cxy_86,86,off_diagonal,0.0,0.0,False
578,cyy_82,82,diagonal,-0.0,0.0,False
577,cxz_82,82,off_diagonal,0.0,0.0,False
576,cxy_82,82,off_diagonal,0.0,0.0,False
574,w_82,82,weight,-0.0,0.0,False
554,cxx_79,79,diagonal,-0.0,0.0,False
555,cxy_79,79,off_diagonal,-0.0,0.0,False
556,cxz_79,79,off_diagonal,-0.0,0.0,False
557,cyy_79,79,diagonal,-0.0,0.0,False
558,cyz_79,79,off_diagonal,0.0,0.0,False
559,czz_79,79,diagonal,-0.0,0.0,False
560,w_80,80,weight,-0.0,0.0,False
562,cxy_80,80,off_diagonal,0.0,0.0,False
563,cxz_80,80,off_diagonal,-0.0,0.0,False
564,cyy_80,80,diagonal,0.0,0.0,False
565,cyz_80,80,off_diagonal,-0.0,0.0,False
566,czz_80,80,diagonal,-0.0,0.0,False
567,w_81,81,weight,0.0,0.0,False
568,cxx_81,81,diagonal,-0.0,0.0,False
569,cxy_81,81,off_diagonal,-0.0,0.0,False
570,cxz_81,81,off_diagonal,0.0,0.0,False
571,cyy_81,81,diagonal,0.0,0.0,False
572,cyz_81,81,off_diagonal,-0.0,0.0,False
573,czz_81,81,diagonal,0.0,0.0,False
730,cxy_104,104,off_diagonal,-0.0,0.0,False
732,cyy_104,104,diagonal,0.0,0.0,False
1982,cxx_283,283,diagonal,0.0,0.0,False
912,cxy_130,130,off_diagonal,0.0,0.0,False
899,cxz_128,128,off_diagonal,0.0,0.0,False
901,cyz_128,128,off_diagonal,0.0,0.0,False
902,czz_128,128,diagonal,-0.0,0.0,False
903,w_129,129,weight,0.0,0.0,False
904,cxx_129,129,diagonal,-0.0,0.0,False
907,cyy_129,129,diagonal,-0.0,0.0,False
908,cyz_129,129,off_diagonal,-0.0,0.0,False
909,czz_129,129,diagonal,0.0,0.0,False
911,cxx_130,130,diagonal,0.0,0.0,False
914,cyy_130,130,diagonal,-0.0,0.0,False
897,cxx_128,128,diagonal,-0.0,0.0,False
917,w_131,131,weight,0.0,0.0,False
918,cxx_131,131,diagonal,-0.0,0.0,False
919,cxy_131,131,off_diagonal,-0.0,0.0,False
920,cxz_131,131,off_diagonal,-0.0,0.0,False
923,czz_131,131,diagonal,0.0,0.0,False
924,w_132,132,weight,-0.0,0.0,False
925,cxx_132,132,diagonal,0.0,0.0,False
926,cxy_132,132,off_diagonal,0.0,0.0,False
927,cxz_132,132,off_diagonal,-0.0,0.0,False
898,cxy_128,128,off_diagonal,0.0,0.0,False
896,w_128,128,weight,0.0,0.0,False
868,w_124,124,weight,0.0,0.0,False
882,w_126,126,weight,-0.0,0.0,False
871,cxz_124,124,off_diagonal,-0.0,0.0,False
872,cyy_124,124,diagonal,-0.0,0.0,False
873,cyz_124,124,off_diagonal,-0.0,0.0,False
874,czz_124,124,diagonal,0.0,0.0,False
876,cxx_125,125,diagonal,-0.0,0.0,False
877,cxy_125,125,off_diagonal,-0.0,0.0,False
879,cyy_125,125,diagonal,0.0,0.0,False
880,cyz_125,125,off_diagonal,-0.0,0.0,False
881,czz_125,125,diagonal,-0.0,0.0,False
883,cxx_126,126,diagonal,0.0,0.0,False
895,czz_127,127,diagonal,0.0,0.0,False
885,cxz_126,126,off_diagonal,0.0,0.0,False
886,cyy_126,126,diagonal,0.0,0.0,False
887,cyz_126,126,off_diagonal,0.0,0.0,False
888,czz_126,126,diagonal,0.0,0.0,False
890,cxx_127,127,diagonal,-0.0,0.0,False
891,cxy_127,127,off_diagonal,-0.0,0.0,False
892,cxz_127,127,off_diagonal,-0.0,0.0,False
893,cyy_127,127,diagonal,-0.0,0.0,False
894,cyz_127,127,off_diagonal,-0.0,0.0,False
928,cyy_132,132,diagonal,-0.0,0.0,False
929,cyz_132,132,off_diagonal,-0.0,0.0,False
930,czz_132,132,diagonal,-0.0,0.0,False
976,cxz_139,139,off_diagonal,-0.0,0.0,False
964,cyz_137,137,off_diagonal,-0.0,0.0,False
965,czz_137,137,diagonal,-0.0,0.0,False
967,cxx_138,138,diagonal,-0.0,0.0,False
968,cxy_138,138,off_diagonal,-0.0,0.0,False
970,cyy_138,138,diagonal,-0.0,0.0,False
971,cyz_138,138,off_diagonal,-0.0,0.0,False
972,czz_138,138,diagonal,-0.0,0.0,False
973,w_139,139,weight,-0.0,0.0,False
974,cxx_139,139,diagonal,0.0,0.0,False
977,cyy_139,139,diagonal,-0.0,0.0,False
931,w_133,133,weight,-0.0,0.0,False
978,cyz_139,139,off_diagonal,-0.0,0.0,False
979,czz_139,139,diagonal,-0.0,0.0,False
980,w_140,140,weight,0.0,0.0,False
981,cxx_140,140,diagonal,-0.0,0.0,False
982,cxy_140,140,off_diagonal,-0.0,0.0,False
983,cxz_140,140,off_diagonal,0.0,0.0,False
984,cyy_140,140,diagonal,-0.0,0.0,False
985,cyz_140,140,off_diagonal,-0.0,0.0,False
986,czz_140,140,diagonal,-0.0,0.0,False
960,cxx_137,137,diagonal,-0.0,0.0,False
959,w_137,137,weight,-0.0,0.0,False
958,czz_136,136,diagonal,-0.0,0.0,False
957,cyz_136,136,off_diagonal,0.0,0.0,False
933,cxy_133,133,off_diagonal,-0.0,0.0,False
934,cxz_133,133,off_diagonal,-0.0,0.0,False
935,cyy_133,133,diagonal,-0.0,0.0,False
937,czz_133,133,diagonal,0.0,0.0,False
938,w_134,134,weight,-0.0,0.0,False
939,cxx_134,134,diagonal,-0.0,0.0,False
940,cxy_134,134,off_diagonal,-0.0,0.0,False
941,cxz_134,134,off_diagonal,-0.0,0.0,False
942,cyy_134,134,diagonal,0.0,0.0,False
943,cyz_134,134,off_diagonal,0.0,0.0,False
944,czz_134,134,diagonal,-0.0,0.0,False
947,cxy_135,135,off_diagonal,0.0,0.0,False
948,cxz_135,135,off_diagonal,-0.0,0.0,False
949,cyy_135,135,diagonal,0.0,0.0,False
950,cyz_135,135,off_diagonal,-0.0,0.0,False
952,w_136,136,weight,-0.0,0.0,False
953,cxx_136,136,diagonal,0.0,0.0,False
954,cxy_136,136,off_diagonal,-0.0,0.0,False
955,cxz_136,136,off_diagonal,0.0,0.0,False
869,cxx_124,124,diagonal,-0.0,0.0,False
867,czz_123,123,diagonal,0.0,0.0,False
735,w_105,105,weight,-0.0,0.0,False
782,cyz_111,111,off_diagonal,0.0,0.0,False
769,czz_109,109,diagonal,-0.0,0.0,False
771,cxx_110,110,diagonal,-0.0,0.0,False
772,cxy_110,110,off_diagonal,-0.0,0.0,False
773,cxz_110,110,off_diagonal,0.0,0.0,False
774,cyy_110,110,diagonal,-0.0,0.0,False
775,cyz_110,110,off_diagonal,0.0,0.0,False
776,czz_110,110,diagonal,-0.0,0.0,False
777,w_111,111,weight,0.0,0.0,False
781,cyy_111,111,diagonal,-0.0,0.0,False
783,czz_111,111,diagonal,0.0,0.0,False
766,cxz_109,109,off_diagonal,0.0,0.0,False
784,w_112,112,weight,0.0,0.0,False
785,cxx_112,112,diagonal,-0.0,0.0,False
786,cxy_112,112,off_diagonal,-0.0,0.0,False
788,cyy_112,112,diagonal,0.0,0.0,False
792,cxx_113,113,diagonal,0.0,0.0,False
793,cxy_113,113,off_diagonal,0.0,0.0,False
794,cxz_113,113,off_diagonal,0.0,0.0,False
796,cyz_113,113,off_diagonal,0.0,0.0,False
797,czz_113,113,diagonal,-0.0,0.0,False
768,cyz_109,109,off_diagonal,0.0,0.0,False
764,cxx_109,109,diagonal,-0.0,0.0,False
866,cyz_123,123,off_diagonal,0.0,0.0,False
747,cyz_106,106,off_diagonal,0.0,0.0,False
736,cxx_105,105,diagonal,0.0,0.0,False
737,cxy_105,105,off_diagonal,-0.0,0.0,False
738,cxz_105,105,off_diagonal,-0.0,0.0,False
739,cyy_105,105,diagonal,-0.0,0.0,False
741,czz_105,105,diagonal,0.0,0.0,False
742,w_106,106,weight,-0.0,0.0,False
743,cxx_106,106,diagonal,0.0,0.0,False
744,cxy_106,106,off_diagonal,-0.0,0.0,False
745,cxz_106,106,off_diagonal,0.0,0.0,False
748,czz_106,106,diagonal,0.0,0.0,False
763,w_109,109,weight,0.0,0.0,False
749,w_107,107,weight,-0.0,0.0,False
750,cxx_107,107,diagonal,-0.0,0.0,False
753,cyy_107,107,diagonal,-0.0,0.0,False
754,cyz_107,107,off_diagonal,0.0,0.0,False
755,czz_107,107,diagonal,-0.0,0.0,False
757,cxx_108,108,diagonal,-0.0,0.0,False
758,cxy_108,108,off_diagonal,0.0,0.0,False
761,cyz_108,108,off_diagonal,-0.0,0.0,False
762,czz_108,108,diagonal,0.0,0.0,False
798,w_114,114,weight,-0.0,0.0,False
799,cxx_114,114,diagonal,0.0,0.0,False
800,cxy_114,114,off_diagonal,0.0,0.0,False
849,cxy_121,121,off_diagonal,0.0,0.0,False
839,czz_119,119,diagonal,0.0,0.0,False
840,w_120,120,weight,0.0,0.0,False
842,cxy_120,120,off_diagonal,0.0,0.0,False
843,cxz_120,120,off_diagonal,0.0,0.0,False
844,cyy_120,120,diagonal,-0.0,0.0,False
845,cyz_120,120,off_diagonal,0.0,0.0,False
846,czz_120,120,diagonal,-0.0,0.0,False
847,w_121,121,weight,-0.0,0.0,False
848,cxx_121,121,diagonal,0.0,0.0,False
850,cxz_121,121,off_diagonal,0.0,0.0,False
802,cyy_114,114,diagonal,-0.0,0.0,False
852,cyz_121,121,off_diagonal,-0.0,0.0,False
853,czz_121,121,diagonal,0.0,0.0,False
854,w_122,122,weight,-0.0,0.0,False
856,cxy_122,122,off_diagonal,0.0,0.0,False
858,cyy_122,122,diagonal,0.0,0.0,False
859,cyz_122,122,off_diagonal,-0.0,0.0,False
861,w_123,123,weight,0.0,0.0,False
862,cxx_123,123,diagonal,-0.0,0.0,False
864,cxz_123,123,off_diagonal,0.0,0.0,False
838,cyz_119,119,off_diagonal,-0.0,0.0,False
837,cyy_119,119,diagonal,0.0,0.0,False
835,cxy_119,119,off_diagonal,0.0,0.0,False
831,cyz_118,118,off_diagonal,-0.0,0.0,False
803,cyz_114,114,off_diagonal,0.0,0.0,False
804,czz_114,114,diagonal,-0.0,0.0,False
805,w_115,115,weight,-0.0,0.0,False
808,cxz_115,115,off_diagonal,-0.0,0.0,False
810,cyz_115,115,off_diagonal,-0.0,0.0,False
811,czz_115,115,diagonal,0.0,0.0,False
813,cxx_116,116,diagonal,-0.0,0.0,False
814,cxy_116,116,off_diagonal,0.0,0.0,False
817,cyz_116,116,off_diagonal,0.0,0.0,False
819,w_117,117,weight,-0.0,0.0,False
820,cxx_117,117,diagonal,-0.0,0.0,False
821,cxy_117,117,off_diagonal,0.0,0.0,False
823,cyy_117,117,diagonal,0.0,0.0,False
824,cyz_117,117,off_diagonal,-0.0,0.0,False
825,czz_117,117,diagonal,0.0,0.0,False
826,w_118,118,weight,0.0,0.0,False
828,cxy_118,118,off_diagonal,-0.0,0.0,False
829,cxz_118,118,off_diagonal,0.0,0.0,False
830,cyy_118,118,diagonal,0.0,0.0,False
491,cxx_70,70,diagonal,0.0,0.0,False
489,czz_69,69,diagonal,-0.0,0.0,False
488,cyz_69,69,off_diagonal,-0.0,0.0,False
157,cxz_22,22,off_diagonal,-0.0,0.0,False
148,cxx_21,21,diagonal,-0.0,0.0,False
149,cxy_21,21,off_diagonal,-0.0,0.0,False
150,cxz_21,21,off_diagonal,0.0,0.0,False
151,cyy_21,21,diagonal,-0.0,0.0,False
152,cyz_21,21,off_diagonal,-0.0,0.0,False
153,czz_21,21,diagonal,0.0,0.0,False
154,w_22,22,weight,-0.0,0.0,False
155,cxx_22,22,diagonal,-0.0,0.0,False
156,cxy_22,22,off_diagonal,0.0,0.0,False
158,cyy_22,22,diagonal,-0.0,0.0,False
146,czz_20,20,diagonal,-0.0,0.0,False
160,czz_22,22,diagonal,0.0,0.0,False
161,w_23,23,weight,-0.0,0.0,False
163,cxy_23,23,off_diagonal,0.0,0.0,False
164,cxz_23,23,off_diagonal,-0.0,0.0,False
165,cyy_23,23,diagonal,-0.0,0.0,False
167,czz_23,23,diagonal,-0.0,0.0,False
168,w_24,24,weight,-0.0,0.0,False
169,cxx_24,24,diagonal,0.0,0.0,False
170,cxy_24,24,off_diagonal,-0.0,0.0,False
147,w_21,21,weight,-0.0,0.0,False
145,cyz_20,20,off_diagonal,-0.0,0.0,False
116,cyy_16,16,diagonal,0.0,0.0,False
129,cxz_18,18,off_diagonal,0.0,0.0,False
119,w_17,17,weight,0.0,0.0,False
121,cxy_17,17,off_diagonal,0.0,0.0,False
122,cxz_17,17,off_diagonal,0.0,0.0,False
123,cyy_17,17,diagonal,-0.0,0.0,False
124,cyz_17,17,off_diagonal,0.0,0.0,False
125,czz_17,17,diagonal,0.0,0.0,False
126,w_18,18,weight,0.0,0.0,False
127,cxx_18,18,diagonal,0.0,0.0,False
128,cxy_18,18,off_diagonal,-0.0,0.0,False
130,cyy_18,18,diagonal,0.0,0.0,False
144,cyy_20,20,diagonal,-0.0,0.0,False
132,czz_18,18,diagonal,-0.0,0.0,False
135,cxy_19,19,off_diagonal,0.0,0.0,False
136,cxz_19,19,off_diagonal,-0.0,0.0,False
137,cyy_19,19,diagonal,-0.0,0.0,False
138,cyz_19,19,off_diagonal,-0.0,0.0,False
139,czz_19,19,diagonal,-0.0,0.0,False
140,w_20,20,weight,0.0,0.0,False
141,cxx_20,20,diagonal,0.0,0.0,False
143,cxz_20,20,off_diagonal,-0.0,0.0,False
172,cyy_24,24,diagonal,0.0,0.0,False
173,cyz_24,24,off_diagonal,-0.0,0.0,False
174,czz_24,24,diagonal,-0.0,0.0,False
220,cxz_31,31,off_diagonal,0.0,0.0,False
209,czz_29,29,diagonal,-0.0,0.0,False
210,w_30,30,weight,0.0,0.0,False
211,cxx_30,30,diagonal,-0.0,0.0,False
212,cxy_30,30,off_diagonal,0.0,0.0,False
213,cxz_30,30,off_diagonal,0.0,0.0,False
214,cyy_30,30,diagonal,0.0,0.0,False
216,czz_30,30,diagonal,-0.0,0.0,False
217,w_31,31,weight,-0.0,0.0,False
219,cxy_31,31,off_diagonal,0.0,0.0,False
221,cyy_31,31,diagonal,0.0,0.0,False
175,w_25,25,weight,-0.0,0.0,False
222,cyz_31,31,off_diagonal,-0.0,0.0,False
223,czz_31,31,diagonal,0.0,0.0,False
225,cxx_32,32,diagonal,-0.0,0.0,False
227,cxz_32,32,off_diagonal,-0.0,0.0,False
229,cyz_32,32,off_diagonal,-0.0,0.0,False
230,czz_32,32,diagonal,-0.0,0.0,False
231,w_33,33,weight,-0.0,0.0,False
233,cxy_33,33,off_diagonal,-0.0,0.0,False
235,cyy_33,33,diagonal,0.0,0.0,False
208,cyz_29,29,off_diagonal,-0.0,0.0,False
207,cyy_29,29,diagonal,0.0,0.0,False
206,cxz_29,29,off_diagonal,0.0,0.0,False
203,w_29,29,weight,0.0,0.0,False
176,cxx_25,25,diagonal,-0.0,0.0,False
177,cxy_25,25,off_diagonal,-0.0,0.0,False
178,cxz_25,25,off_diagonal,-0.0,0.0,False
179,cyy_25,25,diagonal,0.0,0.0,False
180,cyz_25,25,off_diagonal,0.0,0.0,False
181,czz_25,25,diagonal,0.0,0.0,False
182,w_26,26,weight,0.0,0.0,False
183,cxx_26,26,diagonal,0.0,0.0,False
185,cxz_26,26,off_diagonal,-0.0,0.0,False
186,cyy_26,26,diagonal,-0.0,0.0,False
187,cyz_26,26,off_diagonal,0.0,0.0,False
188,czz_26,26,diagonal,-0.0,0.0,False
190,cxx_27,27,diagonal,-0.0,0.0,False
191,cxy_27,27,off_diagonal,-0.0,0.0,False
195,czz_27,27,diagonal,-0.0,0.0,False
196,w_28,28,weight,-0.0,0.0,False
197,cxx_28,28,diagonal,0.0,0.0,False
199,cxz_28,28,off_diagonal,0.0,0.0,False
200,cyy_28,28,diagonal,0.0,0.0,False
118,czz_16,16,diagonal,-0.0,0.0,False
115,cxz_16,16,off_diagonal,0.0,0.0,False
487,cyy_69,69,diagonal,-0.0,0.0,False
43,cxx_6,6,diagonal,-0.0,0.0,False
32,cyy_4,4,diagonal,0.0,0.0,False
33,cyz_4,4,off_diagonal,-0.0,0.0,False
34,czz_4,4,diagonal,-0.0,0.0,False
36,cxx_5,5,diagonal,0.0,0.0,False
37,cxy_5,5,off_diagonal,-0.0,0.0,False
39,cyy_5,5,diagonal,-0.0,0.0,False
40,cyz_5,5,off_diagonal,0.0,0.0,False
41,czz_5,5,diagonal,-0.0,0.0,False
42,w_6,6,weight,-0.0,0.0,False
44,cxy_6,6,off_diagonal,-0.0,0.0,False
29,cxx_4,4,diagonal,0.0,0.0,False
45,cxz_6,6,off_diagonal,-0.0,0.0,False
46,cyy_6,6,diagonal,0.0,0.0,False
47,cyz_6,6,off_diagonal,0.0,0.0,False
48,czz_6,6,diagonal,0.0,0.0,False
49,w_7,7,weight,0.0,0.0,False
50,cxx_7,7,diagonal,-0.0,0.0,False
51,cxy_7,7,off_diagonal,-0.0,0.0,False
52,cxz_7,7,off_diagonal,0.0,0.0,False
53,cyy_7,7,diagonal,-0.0,0.0,False
30,cxy_4,4,off_diagonal,-0.0,0.0,False
28,w_4,4,weight,0.0,0.0,False
114,cxy_16,16,off_diagonal,0.0,0.0,False
11,cyy_1,1,diagonal,0.0,0.0,False
2,cxy_0,0,off_diagonal,-0.0,0.0,False
3,cxz_0,0,off_diagonal,-0.0,0.0,False
4,cyy_0,0,diagonal,-0.0,0.0,False
5,cyz_0,0,off_diagonal,-0.0,0.0,False
6,czz_0,0,diagonal,-0.0,0.0,False
7,w_1,1,weight,-0.0,0.0,False
8,cxx_1,1,diagonal,-0.0,0.0,False
9,cxy_1,1,off_diagonal,0.0,0.0,False
10,cxz_1,1,off_diagonal,0.0,0.0,False
12,cyz_1,1,off_diagonal,-0.0,0.0,False
27,czz_3,3,diagonal,-0.0,0.0,False
13,czz_1,1,diagonal,0.0,0.0,False
17,cxz_2,2,off_diagonal,0.0,0.0,False
18,cyy_2,2,diagonal,-0.0,0.0,False
20,czz_2,2,diagonal,0.0,0.0,False
21,w_3,3,weight,-0.0,0.0,False
22,cxx_3,3,diagonal,0.0,0.0,False
23,cxy_3,3,off_diagonal,0.0,0.0,False
24,cxz_3,3,off_diagonal,-0.0,0.0,False
26,cyz_3,3,off_diagonal,0.0,0.0,False
54,cyz_7,7,off_diagonal,0.0,0.0,False
55,czz_7,7,diagonal,0.0,0.0,False
56,w_8,8,weight,-0.0,0.0,False
103,cyz_14,14,off_diagonal,-0.0,0.0,False
92,cxx_13,13,diagonal,-0.0,0.0,False
93,cxy_13,13,off_diagonal,0.0,0.0,False
95,cyy_13,13,diagonal,0.0,0.0,False
96,cyz_13,13,off_diagonal,-0.0,0.0,False
97,czz_13,13,diagonal,0.0,0.0,False
98,w_14,14,weight,0.0,0.0,False
99,cxx_14,14,diagonal,0.0,0.0,False
100,cxy_14,14,off_diagonal,0.0,0.0,False
101,cxz_14,14,off_diagonal,-0.0,0.0,False
104,czz_14,14,diagonal,0.0,0.0,False
59,cxz_8,8,off_diagonal,-0.0,0.0,False
105,w_15,15,weight,-0.0,0.0,False
106,cxx_15,15,diagonal,-0.0,0.0,False
107,cxy_15,15,off_diagonal,-0.0,0.0,False
108,cxz_15,15,off_diagonal,0.0,0.0,False
109,cyy_15,15,diagonal,-0.0,0.0,False
110,cyz_15,15,off_diagonal,0.0,0.0,False
111,czz_15,15,diagonal,0.0,0.0,False
112,w_16,16,weight,0.0,0.0,False
113,cxx_16,16,diagonal,-0.0,0.0,False
91,w_13,13,weight,-0.0,0.0,False
90,czz_12,12,diagonal,-0.0,0.0,False
86,cxy_12,12,off_diagonal,0.0,0.0,False
84,w_12,12,weight,-0.0,0.0,False
60,cyy_8,8,diagonal,-0.0,0.0,False
61,cyz_8,8,off_diagonal,0.0,0.0,False
63,w_9,9,weight,-0.0,0.0,False
64,cxx_9,9,diagonal,-0.0,0.0,False
66,cxz_9,9,off_diagonal,-0.0,0.0,False
67,cyy_9,9,diagonal,0.0,0.0,False
68,cyz_9,9,off_diagonal,-0.0,0.0,False
70,w_10,10,weight,0.0,0.0,False
72,cxy_10,10,off_diagonal,-0.0,0.0,False
73,cxz_10,10,off_diagonal,-0.0,0.0,False
74,cyy_10,10,diagonal,-0.0,0.0,False
75,cyz_10,10,off_diagonal,0.0,0.0,False
76,czz_10,10,diagonal,-0.0,0.0,False
77,w_11,11,weight,-0.0,0.0,False
78,cxx_11,11,diagonal,-0.0,0.0,False
80,cxz_11,11,off_diagonal,0.0,0.0,False
81,cyy_11,11,diagonal,0.0,0.0,False
82,cyz_11,11,off_diagonal,-0.0,0.0,False
83,czz_11,11,diagonal,0.0,0.0,False
236,cyz_33,33,off_diagonal,0.0,0.0,False
237,czz_33,33,diagonal,-0.0,0.0,False
238,w_34,34,weight,-0.0,0.0,False
413,w_59,59,weight,-0.0,0.0,False
400,cxx_57,57,diagonal,0.0,0.0,False
402,cxz_57,57,off_diagonal,0.0,0.0,False
403,cyy_57,57,diagonal,0.0,0.0,False
404,cyz_57,57,off_diagonal,0.0,0.0,False
405,czz_57,57,diagonal,-0.0,0.0,False
407,cxx_58,58,diagonal,-0.0,0.0,False
408,cxy_58,58,off_diagonal,-0.0,0.0,False
411,cyz_58,58,off_diagonal,0.0,0.0,False
412,czz_58,58,diagonal,-0.0,0.0,False
414,cxx_59,59,diagonal,-0.0,0.0,False
397,cyz_56,56,off_diagonal,0.0,0.0,False
415,cxy_59,59,off_diagonal,0.0,0.0,False
416,cxz_59,59,off_diagonal,-0.0,0.0,False
418,cyz_59,59,off_diagonal,-0.0,0.0,False
419,czz_59,59,diagonal,-0.0,0.0,False
420,w_60,60,weight,0.0,0.0,False
421,cxx_60,60,diagonal,-0.0,0.0,False
422,cxy_60,60,off_diagonal,-0.0,0.0,False
423,cxz_60,60,off_diagonal,-0.0,0.0,False
424,cyy_60,60,diagonal,0.0,0.0,False
398,czz_56,56,diagonal,-0.0,0.0,False
396,cyy_56,56,diagonal,0.0,0.0,False
239,cxx_34,34,diagonal,-0.0,0.0,False
383,cyz_54,54,off_diagonal,0.0,0.0,False
367,cxz_52,52,off_diagonal,-0.0,0.0,False
369,cyz_52,52,off_diagonal,0.0,0.0,False
370,czz_52,52,diagonal,-0.0,0.0,False
371,w_53,53,weight,0.0,0.0,False
373,cxy_53,53,off_diagonal,-0.0,0.0,False
376,cyz_53,53,off_diagonal,-0.0,0.0,False
377,czz_53,53,diagonal,-0.0,0.0,False
380,cxy_54,54,off_diagonal,-0.0,0.0,False
382,cyy_54,54,diagonal,0.0,0.0,False
384,czz_54,54,diagonal,-0.0,0.0,False
395,cxz_56,56,off_diagonal,0.0,0.0,False
385,w_55,55,weight,0.0,0.0,False
387,cxy_55,55,off_diagonal,-0.0,0.0,False
388,cxz_55,55,off_diagonal,-0.0,0.0,False
389,cyy_55,55,diagonal,-0.0,0.0,False
390,cyz_55,55,off_diagonal,0.0,0.0,False
391,czz_55,55,diagonal,0.0,0.0,False
392,w_56,56,weight,-0.0,0.0,False
393,cxx_56,56,diagonal,-0.0,0.0,False
394,cxy_56,56,off_diagonal,-0.0,0.0,False
425,cyz_60,60,off_diagonal,-0.0,0.0,False
426,czz_60,60,diagonal,0.0,0.0,False
427,w_61,61,weight,-0.0,0.0,False
473,cyy_67,67,diagonal,0.0,0.0,False
459,cyy_65,65,diagonal,-0.0,0.0,False
460,cyz_65,65,off_diagonal,0.0,0.0,False
461,czz_65,65,diagonal,0.0,0.0,False
462,w_66,66,weight,-0.0,0.0,False
463,cxx_66,66,diagonal,-0.0,0.0,False
464,cxy_66,66,off_diagonal,-0.0,0.0,False
465,cxz_66,66,off_diagonal,-0.0,0.0,False
471,cxy_67,67,off_diagonal,0.0,0.0,False
472,cxz_67,67,off_diagonal,0.0,0.0,False
474,cyz_67,67,off_diagonal,0.0,0.0,False
428,cxx_61,61,diagonal,0.0,0.0,False
475,czz_67,67,diagonal,0.0,0.0,False
476,w_68,68,weight,0.0,0.0,False
477,cxx_68,68,diagonal,0.0,0.0,False
479,cxz_68,68,off_diagonal,-0.0,0.0,False
480,cyy_68,68,diagonal,0.0,0.0,False
481,cyz_68,68,off_diagonal,0.0,0.0,False
483,w_69,69,weight,-0.0,0.0,False
485,cxy_69,69,off_diagonal,0.0,0.0,False
486,cxz_69,69,off_diagonal,0.0,0.0,False
458,cxz_65,65,off_diagonal,0.0,0.0,False
455,w_65,65,weight,0.0,0.0,False
454,czz_64,64,diagonal,-0.0,0.0,False
452,cyy_64,64,diagonal,0.0,0.0,False
429,cxy_61,61,off_diagonal,0.0,0.0,False
430,cxz_61,61,off_diagonal,0.0,0.0,False
431,cyy_61,61,diagonal,-0.0,0.0,False
432,cyz_61,61,off_diagonal,-0.0,0.0,False
433,czz_61,61,diagonal,0.0,0.0,False
434,w_62,62,weight,0.0,0.0,False
435,cxx_62,62,diagonal,-0.0,0.0,False
437,cxz_62,62,off_diagonal,0.0,0.0,False
438,cyy_62,62,diagonal,-0.0,0.0,False
439,cyz_62,62,off_diagonal,-0.0,0.0,False
440,czz_62,62,diagonal,-0.0,0.0,False
442,cxx_63,63,diagonal,0.0,0.0,False
443,cxy_63,63,off_diagonal,0.0,0.0,False
444,cxz_63,63,off_diagonal,0.0,0.0,False
445,cyy_63,63,diagonal,0.0,0.0,False
447,czz_63,63,diagonal,0.0,0.0,False
448,w_64,64,weight,-0.0,0.0,False
449,cxx_64,64,diagonal,-0.0,0.0,False
451,cxz_64,64,off_diagonal,-0.0,0.0,False
366,cxy_52,52,off_diagonal,-0.0,0.0,False
365,cxx_52,52,diagonal,-0.0,0.0,False
363,czz_51,51,diagonal,0.0,0.0,False
285,cyz_40,40,off_diagonal,0.0,0.0,False
274,cxx_39,39,diagonal,0.0,0.0,False
275,cxy_39,39,off_diagonal,0.0,0.0,False
276,cxz_39,39,off_diagonal,0.0,0.0,False
277,cyy_39,39,diagonal,-0.0,0.0,False
279,czz_39,39,diagonal,0.0,0.0,False
280,w_40,40,weight,0.0,0.0,False
281,cxx_40,40,diagonal,-0.0,0.0,False
283,cxz_40,40,off_diagonal,-0.0,0.0,False
284,cyy_40,40,diagonal,0.0,0.0,False
286,czz_40,40,diagonal,-0.0,0.0,False
299,cyz_42,42,off_diagonal,-0.0,0.0,False
287,w_41,41,weight,0.0,0.0,False
288,cxx_41,41,diagonal,0.0,0.0,False
289,cxy_41,41,off_diagonal,0.0,0.0,False
290,cxz_41,41,off_diagonal,0.0,0.0,False
291,cyy_41,41,diagonal,0.0,0.0,False
292,cyz_41,41,off_diagonal,-0.0,0.0,False
293,czz_41,41,diagonal,0.0,0.0,False
294,w_42,42,weight,-0.0,0.0,False
295,cxx_42,42,diagonal,-0.0,0.0,False
272,czz_38,38,diagonal,-0.0,0.0,False
270,cyy_38,38,diagonal,-0.0,0.0,False
269,cxz_38,38,off_diagonal,0.0,0.0,False
268,cxy_38,38,off_diagonal,0.0,0.0,False
240,cxy_34,34,off_diagonal,0.0,0.0,False
241,cxz_34,34,off_diagonal,0.0,0.0,False
242,cyy_34,34,diagonal,0.0,0.0,False
243,cyz_34,34,off_diagonal,-0.0,0.0,False
244,czz_34,34,diagonal,-0.0,0.0,False
245,w_35,35,weight,-0.0,0.0,False
246,cxx_35,35,diagonal,-0.0,0.0,False
249,cyy_35,35,diagonal,-0.0,0.0,False
250,cyz_35,35,off_diagonal,0.0,0.0,False
254,cxy_36,36,off_diagonal,-0.0,0.0,False
255,cxz_36,36,off_diagonal,-0.0,0.0,False
257,cyz_36,36,off_diagonal,0.0,0.0,False
258,czz_36,36,diagonal,-0.0,0.0,False
259,w_37,37,weight,-0.0,0.0,False
261,cxy_37,37,off_diagonal,0.0,0.0,False
263,cyy_37,37,diagonal,-0.0,0.0,False
265,czz_37,37,diagonal,-0.0,0.0,False
266,w_38,38,weight,-0.0,0.0,False
267,cxx_38,38,diagonal,-0.0,0.0,False
296,cxy_42,42,off_diagonal,-0.0,0.0,False
300,czz_42,42,diagonal,-0.0,0.0,False
362,cyz_51,51,off_diagonal,0.0,0.0,False
347,cyy_49,49,diagonal,-0.0,0.0,False
331,cxy_47,47,off_diagonal,-0.0,0.0,False
332,cxz_47,47,off_diagonal,-0.0,0.0,False
333,cyy_47,47,diagonal,0.0,0.0,False
334,cyz_47,47,off_diagonal,-0.0,0.0,False
335,czz_47,47,diagonal,0.0,0.0,False
337,cxx_48,48,diagonal,0.0,0.0,False
338,cxy_48,48,off_diagonal,-0.0,0.0,False
341,cyz_48,48,off_diagonal,-0.0,0.0,False
345,cxy_49,49,off_diagonal,-0.0,0.0,False
350,w_50,50,weight,-0.0,0.0,False
301,w_43,43,weight,-0.0,0.0,False
351,cxx_50,50,diagonal,-0.0,0.0,False
352,cxy_50,50,off_diagonal,0.0,0.0,False
353,cxz_50,50,off_diagonal,-0.0,0.0,False
354,cyy_50,50,diagonal,0.0,0.0,False
355,cyz_50,50,off_diagonal,-0.0,0.0,False
356,czz_50,50,diagonal,0.0,0.0,False
359,cxy_51,51,off_diagonal,0.0,0.0,False
360,cxz_51,51,off_diagonal,-0.0,0.0,False
361,cyy_51,51,diagonal,-0.0,0.0,False
330,cxx_47,47,diagonal,-0.0,0.0,False
329,w_47,47,weight,-0.0,0.0,False
328,czz_46,46,diagonal,-0.0,0.0,False
326,cyy_46,46,diagonal,-0.0,0.0,False
302,cxx_43,43,diagonal,0.0,0.0,False
303,cxy_43,43,off_diagonal,-0.0,0.0,False
304,cxz_43,43,off_diagonal,-0.0,0.0,False
306,cyz_43,43,off_diagonal,-0.0,0.0,False
307,czz_43,43,diagonal,-0.0,0.0,False
308,w_44,44,weight,-0.0,0.0,False
310,cxy_44,44,off_diagonal,-0.0,0.0,False
311,cxz_44,44,off_diagonal,0.0,0.0,False
312,cyy_44,44,diagonal,0.0,0.0,False
313,cyz_44,44,off_diagonal,-0.0,0.0,False
314,czz_44,44,diagonal,-0.0,0.0,False
316,cxx_45,45,diagonal,0.0,0.0,False
319,cyy_45,45,diagonal,0.0,0.0,False
320,cyz_45,45,off_diagonal,-0.0,0.0,False
321,czz_45,45,diagonal,0.0,0.0,False
322,w_46,46,weight,0.0,0.0,False
323,cxx_46,46,diagonal,-0.0,0.0,False
324,cxy_46,46,off_diagonal,-0.0,0.0,False
325,cxz_46,46,off_diagonal,0.0,0.0,False
988,cxx_141,141,diagonal,-0.0,0.0,False
989,cxy_141,141,off_diagonal,-0.0,0.0,False
991,cyy_141,141,diagonal,0.0,0.0,False
1655,cxz_236,236,off_diagonal,0.0,0.0,False
1643,cyz_234,234,off_diagonal,0.0,0.0,False
1644,czz_234,234,diagonal,-0.0,0.0,False
1645,w_235,235,weight,-0.0,0.0,False
1646,cxx_235,235,diagonal,-0.0,0.0,False
1647,cxy_235,235,off_diagonal,0.0,0.0,False
1648,cxz_235,235,off_diagonal,-0.0,0.0,False
1649,cyy_235,235,diagonal,-0.0,0.0,False
1650,cyz_235,235,off_diagonal,-0.0,0.0,False
1653,cxx_236,236,diagonal,0.0,0.0,False
1656,cyy_236,236,diagonal,0.0,0.0,False
1641,cxz_234,234,off_diagonal,0.0,0.0,False
1657,cyz_236,236,off_diagonal,-0.0,0.0,False
1659,w_237,237,weight,0.0,0.0,False
1660,cxx_237,237,diagonal,0.0,0.0,False
1661,cxy_237,237,off_diagonal,-0.0,0.0,False
1662,cxz_237,237,off_diagonal,0.0,0.0,False
1663,cyy_237,237,diagonal,-0.0,0.0,False
1665,czz_237,237,diagonal,0.0,0.0,False
1666,w_238,238,weight,0.0,0.0,False
1667,cxx_238,238,diagonal,-0.0,0.0,False
1642,cyy_234,234,diagonal,0.0,0.0,False
1640,cxy_234,234,off_diagonal,0.0,0.0,False
1608,cyz_229,229,off_diagonal,0.0,0.0,False
1622,cyz_231,231,off_diagonal,-0.0,0.0,False
1610,w_230,230,weight,-0.0,0.0,False
1611,cxx_230,230,diagonal,-0.0,0.0,False
1612,cxy_230,230,off_diagonal,0.0,0.0,False
1614,cyy_230,230,diagonal,-0.0,0.0,False
1616,czz_230,230,diagonal,-0.0,0.0,False
1617,w_231,231,weight,-0.0,0.0,False
1618,cxx_231,231,diagonal,0.0,0.0,False
1619,cxy_231,231,off_diagonal,0.0,0.0,False
1620,cxz_231,231,off_diagonal,-0.0,0.0,False
1623,czz_231,231,diagonal,0.0,0.0,False
1638,w_234,234,weight,-0.0,0.0,False
1624,w_232,232,weight,-0.0,0.0,False
1628,cyy_232,232,diagonal,-0.0,0.0,False
1629,cyz_232,232,off_diagonal,-0.0,0.0,False
1630,czz_232,232,diagonal,-0.0,0.0,False
1633,cxy_233,233,off_diagonal,-0.0,0.0,False
1634,cxz_233,233,off_diagonal,0.0,0.0,False
1635,cyy_233,233,diagonal,-0.0,0.0,False
1636,cyz_233,233,off_diagonal,0.0,0.0,False
1637,czz_233,233,diagonal,0.0,0.0,False
1668,cxy_238,238,off_diagonal,-0.0,0.0,False
1669,cxz_238,238,off_diagonal,0.0,0.0,False
1671,cyz_238,238,off_diagonal,0.0,0.0,False
1717,cxy_245,245,off_diagonal,0.0,0.0,False
1702,cxx_243,243,diagonal,0.0,0.0,False
1703,cxy_243,243,off_diagonal,-0.0,0.0,False
1704,cxz_243,243,off_diagonal,0.0,0.0,False
1705,cyy_243,243,diagonal,-0.0,0.0,False
1706,cyz_243,243,off_diagonal,-0.0,0.0,False
1708,w_244,244,weight,0.0,0.0,False
1712,cyy_244,244,diagonal,-0.0,0.0,False
1713,cyz_244,244,off_diagonal,-0.0,0.0,False
1716,cxx_245,245,diagonal,-0.0,0.0,False
1718,cxz_245,245,off_diagonal,-0.0,0.0,False
1672,czz_238,238,diagonal,-0.0,0.0,False
1720,cyz_245,245,off_diagonal,0.0,0.0,False
1722,w_246,246,weight,-0.0,0.0,False
1723,cxx_246,246,diagonal,0.0,0.0,False
1724,cxy_246,246,off_diagonal,0.0,0.0,False
1726,cyy_246,246,diagonal,0.0,0.0,False
1727,cyz_246,246,off_diagonal,-0.0,0.0,False
1728,czz_246,246,diagonal,-0.0,0.0,False
1729,w_247,247,weight,0.0,0.0,False
1730,cxx_247,247,diagonal,-0.0,0.0,False
1701,w_243,243,weight,0.0,0.0,False
1699,cyz_242,242,off_diagonal,0.0,0.0,False
1698,cyy_242,242,diagonal,0.0,0.0,False
1697,cxz_242,242,off_diagonal,-0.0,0.0,False
1673,w_239,239,weight,-0.0,0.0,False
1674,cxx_239,239,diagonal,-0.0,0.0,False
1675,cxy_239,239,off_diagonal,0.0,0.0,False
1677,cyy_239,239,diagonal,-0.0,0.0,False
1679,czz_239,239,diagonal,-0.0,0.0,False
1681,cxx_240,240,diagonal,0.0,0.0,False
1682,cxy_240,240,off_diagonal,0.0,0.0,False
1683,cxz_240,240,off_diagonal,-0.0,0.0,False
1684,cyy_240,240,diagonal,0.0,0.0,False
1685,cyz_240,240,off_diagonal,0.0,0.0,False
1686,czz_240,240,diagonal,-0.0,0.0,False
1687,w_241,241,weight,-0.0,0.0,False
1688,cxx_241,241,diagonal,0.0,0.0,False
1689,cxy_241,241,off_diagonal,-0.0,0.0,False
1690,cxz_241,241,off_diagonal,-0.0,0.0,False
1691,cyy_241,241,diagonal,-0.0,0.0,False
1692,cyz_241,241,off_diagonal,0.0,0.0,False
1693,czz_241,241,diagonal,0.0,0.0,False
1696,cxy_242,242,off_diagonal,-0.0,0.0,False
1609,czz_229,229,diagonal,-0.0,0.0,False
1607,cyy_229,229,diagonal,0.0,0.0,False
1481,cyy_211,211,diagonal,-0.0,0.0,False
1531,cyz_218,218,off_diagonal,0.0,0.0,False
1517,cyz_216,216,off_diagonal,-0.0,0.0,False
1518,czz_216,216,diagonal,-0.0,0.0,False
1519,w_217,217,weight,-0.0,0.0,False
1523,cyy_217,217,diagonal,0.0,0.0,False
1524,cyz_217,217,off_diagonal,-0.0,0.0,False
1527,cxx_218,218,diagonal,0.0,0.0,False
1528,cxy_218,218,off_diagonal,-0.0,0.0,False
1529,cxz_218,218,off_diagonal,-0.0,0.0,False
1530,cyy_218,218,diagonal,-0.0,0.0,False
1532,czz_218,218,diagonal,0.0,0.0,False
1515,cxz_216,216,off_diagonal,0.0,0.0,False
1533,w_219,219,weight,-0.0,0.0,False
1535,cxy_219,219,off_diagonal,-0.0,0.0,False
1536,cxz_219,219,off_diagonal,0.0,0.0,False
1537,cyy_219,219,diagonal,0.0,0.0,False
1539,czz_219,219,diagonal,-0.0,0.0,False
1541,cxx_220,220,diagonal,-0.0,0.0,False
1542,cxy_220,220,off_diagonal,0.0,0.0,False
1543,cxz_220,220,off_diagonal,-0.0,0.0,False
1546,czz_220,220,diagonal,0.0,0.0,False
1516,cyy_216,216,diagonal,0.0,0.0,False
1512,w_216,216,weight,0.0,0.0,False
1606,cxz_229,229,off_diagonal,0.0,0.0,False
1495,cyy_213,213,diagonal,-0.0,0.0,False
1484,w_212,212,weight,-0.0,0.0,False
1485,cxx_212,212,diagonal,-0.0,0.0,False
1486,cxy_212,212,off_diagonal,0.0,0.0,False
1488,cyy_212,212,diagonal,-0.0,0.0,False
1489,cyz_212,212,off_diagonal,0.0,0.0,False
1490,czz_212,212,diagonal,-0.0,0.0,False
1491,w_213,213,weight,0.0,0.0,False
1492,cxx_213,213,diagonal,-0.0,0.0,False
1493,cxy_213,213,off_diagonal,-0.0,0.0,False
1496,cyz_213,213,off_diagonal,-0.0,0.0,False
1511,czz_215,215,diagonal,0.0,0.0,False
1497,czz_213,213,diagonal,0.0,0.0,False
1498,w_214,214,weight,0.0,0.0,False
1499,cxx_214,214,diagonal,-0.0,0.0,False
1500,cxy_214,214,off_diagonal,0.0,0.0,False
1501,cxz_214,214,off_diagonal,0.0,0.0,False
1505,w_215,215,weight,0.0,0.0,False
1506,cxx_215,215,diagonal,0.0,0.0,False
1507,cxy_215,215,off_diagonal,-0.0,0.0,False
1510,cyz_215,215,off_diagonal,-0.0,0.0,False
1547,w_221,221,weight,-0.0,0.0,False
1548,cxx_221,221,diagonal,-0.0,0.0,False
1549,cxy_221,221,off_diagonal,-0.0,0.0,False
1593,cyy_227,227,diagonal,0.0,0.0,False
1582,w_226,226,weight,0.0,0.0,False
1583,cxx_226,226,diagonal,-0.0,0.0,False
1584,cxy_226,226,off_diagonal,0.0,0.0,False
1585,cxz_226,226,off_diagonal,-0.0,0.0,False
1587,cyz_226,226,off_diagonal,0.0,0.0,False
1588,czz_226,226,diagonal,-0.0,0.0,False
1589,w_227,227,weight,0.0,0.0,False
1590,cxx_227,227,diagonal,-0.0,0.0,False
1591,cxy_227,227,off_diagonal,-0.0,0.0,False
1594,cyz_227,227,off_diagonal,-0.0,0.0,False
1550,cxz_221,221,off_diagonal,0.0,0.0,False
1596,w_228,228,weight,0.0,0.0,False
1597,cxx_228,228,diagonal,-0.0,0.0,False
1598,cxy_228,228,off_diagonal,0.0,0.0,False
1599,cxz_228,228,off_diagonal,-0.0,0.0,False
1600,cyy_228,228,diagonal,0.0,0.0,False
1601,cyz_228,228,off_diagonal,-0.0,0.0,False
1602,czz_228,228,diagonal,0.0,0.0,False
1604,cxx_229,229,diagonal,-0.0,0.0,False
1605,cxy_229,229,off_diagonal,0.0,0.0,False
1581,czz_225,225,diagonal,-0.0,0.0,False
1580,cyz_225,225,off_diagonal,0.0,0.0,False
1579,cyy_225,225,diagonal,-0.0,0.0,False
1578,cxz_225,225,off_diagonal,-0.0,0.0,False
1555,cxx_222,222,diagonal,-0.0,0.0,False
1556,cxy_222,222,off_diagonal,-0.0,0.0,False
1557,cxz_222,222,off_diagonal,0.0,0.0,False
1559,cyz_222,222,off_diagonal,0.0,0.0,False
1560,czz_222,222,diagonal,-0.0,0.0,False
1562,cxx_223,223,diagonal,0.0,0.0,False
1563,cxy_223,223,off_diagonal,-0.0,0.0,False
1564,cxz_223,223,off_diagonal,-0.0,0.0,False
1565,cyy_223,223,diagonal,0.0,0.0,False
1567,czz_223,223,diagonal,0.0,0.0,False
1568,w_224,224,weight,-0.0,0.0,False
1569,cxx_224,224,diagonal,0.0,0.0,False
1570,cxy_224,224,off_diagonal,0.0,0.0,False
1571,cxz_224,224,off_diagonal,0.0,0.0,False
1572,cyy_224,224,diagonal,0.0,0.0,False
1573,cyz_224,224,off_diagonal,0.0,0.0,False
1574,czz_224,224,diagonal,0.0,0.0,False
1575,w_225,225,weight,-0.0,0.0,False
1576,cxx_225,225,diagonal,0.0,0.0,False
1731,cxy_247,247,off_diagonal,0.0,0.0,False
1733,cyy_247,247,diagonal,-0.0,0.0,False
1734,cyz_247,247,off_diagonal,0.0,0.0,False
1904,w_272,272,weight,-0.0,0.0,False
1892,cxy_270,270,off_diagonal,-0.0,0.0,False
1894,cyy_270,270,diagonal,0.0,0.0,False
1895,cyz_270,270,off_diagonal,0.0,0.0,False
1897,w_271,271,weight,-0.0,0.0,False
1898,cxx_271,271,diagonal,0.0,0.0,False
1899,cxy_271,271,off_diagonal,0.0,0.0,False
1900,cxz_271,271,off_diagonal,0.0,0.0,False
1901,cyy_271,271,diagonal,0.0,0.0,False
1903,czz_271,271,diagonal,0.0,0.0,False
1905,cxx_272,272,diagonal,0.0,0.0,False
1890,w_270,270,weight,-0.0,0.0,False
1907,cxz_272,272,off_diagonal,0.0,0.0,False
1908,cyy_272,272,diagonal,0.0,0.0,False
1909,cyz_272,272,off_diagonal,-0.0,0.0,False
1910,czz_272,272,diagonal,0.0,0.0,False
1911,w_273,273,weight,0.0,0.0,False
1912,cxx_273,273,diagonal,-0.0,0.0,False
1913,cxy_273,273,off_diagonal,-0.0,0.0,False
1914,cxz_273,273,off_diagonal,-0.0,0.0,False
1917,czz_273,273,diagonal,0.0,0.0,False
1891,cxx_270,270,diagonal,0.0,0.0,False
1889,czz_269,269,diagonal,-0.0,0.0,False
1735,czz_247,247,diagonal,-0.0,0.0,False
1871,cxy_267,267,off_diagonal,0.0,0.0,False
1862,w_266,266,weight,-0.0,0.0,False
1863,cxx_266,266,diagonal,-0.0,0.0,False
1864,cxy_266,266,off_diagonal,0.0,0.0,False
1865,cxz_266,266,off_diagonal,0.0,0.0,False
1866,cyy_266,266,diagonal,0.0,0.0,False
1867,cyz_266,266,off_diagonal,-0.0,0.0,False
1868,czz_266,266,diagonal,0.0,0.0,False
1869,w_267,267,weight,-0.0,0.0,False
1870,cxx_267,267,diagonal,0.0,0.0,False
1873,cyy_267,267,diagonal,0.0,0.0,False
1888,cyz_269,269,off_diagonal,-0.0,0.0,False
1875,czz_267,267,diagonal,-0.0,0.0,False
1877,cxx_268,268,diagonal,-0.0,0.0,False
1878,cxy_268,268,off_diagonal,-0.0,0.0,False
1879,cxz_268,268,off_diagonal,0.0,0.0,False
1880,cyy_268,268,diagonal,-0.0,0.0,False
1881,cyz_268,268,off_diagonal,0.0,0.0,False
1883,w_269,269,weight,0.0,0.0,False
1885,cxy_269,269,off_diagonal,-0.0,0.0,False
1886,cxz_269,269,off_diagonal,0.0,0.0,False
1918,w_274,274,weight,0.0,0.0,False
1919,cxx_274,274,diagonal,0.0,0.0,False
1920,cxy_274,274,off_diagonal,0.0,0.0,False
1964,cyy_280,280,diagonal,0.0,0.0,False
1953,w_279,279,weight,-0.0,0.0,False
1954,cxx_279,279,diagonal,0.0,0.0,False
1955,cxy_279,279,off_diagonal,0.0,0.0,False
1956,cxz_279,279,off_diagonal,-0.0,0.0,False
1957,cyy_279,279,diagonal,0.0,0.0,False
1960,w_280,280,weight,0.0,0.0,False
1961,cxx_280,280,diagonal,0.0,0.0,False
1962,cxy_280,280,off_diagonal,-0.0,0.0,False
1963,cxz_280,280,off_diagonal,-0.0,0.0,False
1965,cyz_280,280,off_diagonal,0.0,0.0,False
1921,cxz_274,274,off_diagonal,-0.0,0.0,False
1967,w_281,281,weight,-0.0,0.0,False
1968,cxx_281,281,diagonal,0.0,0.0,False
1969,cxy_281,281,off_diagonal,-0.0,0.0,False
1974,w_282,282,weight,-0.0,0.0,False
1976,cxy_282,282,off_diagonal,-0.0,0.0,False
1977,cxz_282,282,off_diagonal,0.0,0.0,False
1978,cyy_282,282,diagonal,0.0,0.0,False
1979,cyz_282,282,off_diagonal,0.0,0.0,False
1980,czz_282,282,diagonal,0.0,0.0,False
1950,cyy_278,278,diagonal,0.0,0.0,False
1949,cxz_278,278,off_diagonal,-0.0,0.0,False
1948,cxy_278,278,off_diagonal,0.0,0.0,False
1947,cxx_278,278,diagonal,-0.0,0.0,False
1922,cyy_274,274,diagonal,-0.0,0.0,False
1923,cyz_274,274,off_diagonal,-0.0,0.0,False
1924,czz_274,274,diagonal,0.0,0.0,False
1926,cxx_275,275,diagonal,-0.0,0.0,False
1929,cyy_275,275,diagonal,-0.0,0.0,False
1930,cyz_275,275,off_diagonal,-0.0,0.0,False
1932,w_276,276,weight,0.0,0.0,False
1933,cxx_276,276,diagonal,0.0,0.0,False
1934,cxy_276,276,off_diagonal,0.0,0.0,False
1935,cxz_276,276,off_diagonal,-0.0,0.0,False
1936,cyy_276,276,diagonal,-0.0,0.0,False
1938,czz_276,276,diagonal,0.0,0.0,False
1939,w_277,277,weight,-0.0,0.0,False
1941,cxy_277,277,off_diagonal,-0.0,0.0,False
1942,cxz_277,277,off_diagonal,0.0,0.0,False
1943,cyy_277,277,diagonal,-0.0,0.0,False
1944,cyz_277,277,off_diagonal,0.0,0.0,False
1945,czz_277,277,diagonal,-0.0,0.0,False
1946,w_278,278,weight,-0.0,0.0,False
1861,czz_265,265,diagonal,-0.0,0.0,False
1860,cyz_265,265,off_diagonal,0.0,0.0,False
1859,cyy_265,265,diagonal,0.0,0.0,False
1777,czz_253,253,diagonal,-0.0,0.0,False
1765,cxx_252,252,diagonal,0.0,0.0,False
1766,cxy_252,252,off_diagonal,-0.0,0.0,False
1767,cxz_252,252,off_diagonal,-0.0,0.0,False
1768,cyy_252,252,diagonal,-0.0,0.0,False
1769,cyz_252,252,off_diagonal,-0.0,0.0,False
1773,cxy_253,253,off_diagonal,-0.0,0.0,False
1774,cxz_253,253,off_diagonal,-0.0,0.0,False
1775,cyy_253,253,diagonal,-0.0,0.0,False
1776,cyz_253,253,off_diagonal,-0.0,0.0,False
1778,w_254,254,weight,0.0,0.0,False
1789,cyy_255,255,diagonal,-0.0,0.0,False
1779,cxx_254,254,diagonal,0.0,0.0,False
1780,cxy_254,254,off_diagonal,0.0,0.0,False
1781,cxz_254,254,off_diagonal,-0.0,0.0,False
1782,cyy_254,254,diagonal,0.0,0.0,False
1783,cyz_254,254,off_diagonal,-0.0,0.0,False
1784,czz_254,254,diagonal,0.0,0.0,False
1785,w_255,255,weight,0.0,0.0,False
1786,cxx_255,255,diagonal,-0.0,0.0,False
1787,cxy_255,255,off_diagonal,-0.0,0.0,False
1764,w_252,252,weight,-0.0,0.0,False
1763,czz_251,251,diagonal,0.0,0.0,False
1762,cyz_251,251,off_diagonal,-0.0,0.0,False
1761,cyy_251,251,diagonal,-0.0,0.0,False
1736,w_248,248,weight,-0.0,0.0,False
1739,cxz_248,248,off_diagonal,-0.0,0.0,False
1742,czz_248,248,diagonal,-0.0,0.0,False
1743,w_249,249,weight,-0.0,0.0,False
1744,cxx_249,249,diagonal,-0.0,0.0,False
1745,cxy_249,249,off_diagonal,-0.0,0.0,False
1746,cxz_249,249,off_diagonal,0.0,0.0,False
1747,cyy_249,249,diagonal,-0.0,0.0,False
1748,cyz_249,249,off_diagonal,-0.0,0.0,False
1,cxx_0,0,diagonal,-0.0,0.0,False
1751,cxx_250,250,diagonal,-0.0,0.0,False
1752,cxy_250,250,off_diagonal,0.0,0.0,False
1753,cxz_250,250,off_diagonal,0.0,0.0,False
1754,cyy_250,250,diagonal,-0.0,0.0,False
1755,cyz_250,250,off_diagonal,-0.0,0.0,False
1756,czz_250,250,diagonal,0.0,0.0,False
1757,w_251,251,weight,-0.0,0.0,False
1758,cxx_251,251,diagonal,-0.0,0.0,False
1760,cxz_251,251,off_diagonal,-0.0,0.0,False
1788,cxz_255,255,off_diagonal,-0.0,0.0,False
1791,czz_255,255,diagonal,0.0,0.0,False
1858,cxz_265,265,off_diagonal,-0.0,0.0,False
1847,czz_263,263,diagonal,-0.0,0.0,False
1830,cxz_261,261,off_diagonal,-0.0,0.0,False
1833,czz_261,261,diagonal,-0.0,0.0,False
1834,w_262,262,weight,0.0,0.0,False
1837,cxz_262,262,off_diagonal,-0.0,0.0,False
1838,cyy_262,262,diagonal,-0.0,0.0,False
1839,cyz_262,262,off_diagonal,0.0,0.0,False
1840,czz_262,262,diagonal,-0.0,0.0,False
1845,cyy_263,263,diagonal,0.0,0.0,False
1846,cyz_263,263,off_diagonal,0.0,0.0,False
1848,w_264,264,weight,0.0,0.0,False
1792,w_256,256,weight,-0.0,0.0,False
1849,cxx_264,264,diagonal,-0.0,0.0,False
1850,cxy_264,264,off_diagonal,-0.0,0.0,False
1851,cxz_264,264,off_diagonal,-0.0,0.0,False
1852,cyy_264,264,diagonal,0.0,0.0,False
1853,cyz_264,264,off_diagonal,0.0,0.0,False
1854,czz_264,264,diagonal,0.0,0.0,False
1855,w_265,265,weight,0.0,0.0,False
1856,cxx_265,265,diagonal,0.0,0.0,False
1857,cxy_265,265,off_diagonal,0.0,0.0,False
1828,cxx_261,261,diagonal,-0.0,0.0,False
1826,czz_260,260,diagonal,-0.0,0.0,False
1825,cyz_260,260,off_diagonal,-0.0,0.0,False
1824,cyy_260,260,diagonal,0.0,0.0,False
1793,cxx_256,256,diagonal,0.0,0.0,False
1794,cxy_256,256,off_diagonal,0.0,0.0,False
1795,cxz_256,256,off_diagonal,0.0,0.0,False
1796,cyy_256,256,diagonal,-0.0,0.0,False
1797,cyz_256,256,off_diagonal,-0.0,0.0,False
1798,czz_256,256,diagonal,-0.0,0.0,False
1799,w_257,257,weight,-0.0,0.0,False
1802,cxz_257,257,off_diagonal,-0.0,0.0,False
1804,cyz_257,257,off_diagonal,-0.0,0.0,False
1805,czz_257,257,diagonal,0.0,0.0,False
1806,w_258,258,weight,-0.0,0.0,False
1808,cxy_258,258,off_diagonal,0.0,0.0,False
1810,cyy_258,258,diagonal,0.0,0.0,False
1811,cyz_258,258,off_diagonal,0.0,0.0,False
1814,cxx_259,259,diagonal,0.0,0.0,False
1815,cxy_259,259,off_diagonal,0.0,0.0,False
1817,cyy_259,259,diagonal,-0.0,0.0,False
1818,cyz_259,259,off_diagonal,0.0,0.0,False
1822,cxy_260,260,off_diagonal,0.0,0.0,False
1482,cyz_211,211,off_diagonal,-0.0,0.0,False
1480,cxz_211,211,off_diagonal,0.0,0.0,False
994,w_142,142,weight,0.0,0.0,False
1159,cyy_165,165,diagonal,-0.0,0.0,False
1146,cyz_163,163,off_diagonal,0.0,0.0,False
1147,czz_163,163,diagonal,-0.0,0.0,False
1148,w_164,164,weight,-0.0,0.0,False
1151,cxz_164,164,off_diagonal,0.0,0.0,False
1152,cyy_164,164,diagonal,0.0,0.0,False
1153,cyz_164,164,off_diagonal,-0.0,0.0,False
1156,cxx_165,165,diagonal,-0.0,0.0,False
1157,cxy_165,165,off_diagonal,-0.0,0.0,False
1158,cxz_165,165,off_diagonal,0.0,0.0,False
1160,cyz_165,165,off_diagonal,-0.0,0.0,False
1143,cxy_163,163,off_diagonal,0.0,0.0,False
1161,czz_165,165,diagonal,0.0,0.0,False
1162,w_166,166,weight,0.0,0.0,False
1163,cxx_166,166,diagonal,-0.0,0.0,False
1164,cxy_166,166,off_diagonal,0.0,0.0,False
1165,cxz_166,166,off_diagonal,0.0,0.0,False
1166,cyy_166,166,diagonal,0.0,0.0,False
1168,czz_166,166,diagonal,0.0,0.0,False
1171,cxy_167,167,off_diagonal,-0.0,0.0,False
1172,cxz_167,167,off_diagonal,0.0,0.0,False
1145,cyy_163,163,diagonal,-0.0,0.0,False
1141,w_163,163,weight,-0.0,0.0,False
1112,czz_158,158,diagonal,0.0,0.0,False
1126,czz_160,160,diagonal,-0.0,0.0,False
1115,cxy_159,159,off_diagonal,0.0,0.0,False
1116,cxz_159,159,off_diagonal,-0.0,0.0,False
1118,cyz_159,159,off_diagonal,0.0,0.0,False
1119,czz_159,159,diagonal,-0.0,0.0,False
1120,w_160,160,weight,0.0,0.0,False
1122,cxy_160,160,off_diagonal,-0.0,0.0,False
1123,cxz_160,160,off_diagonal,0.0,0.0,False
1124,cyy_160,160,diagonal,-0.0,0.0,False
1125,cyz_160,160,off_diagonal,-0.0,0.0,False
1127,w_161,161,weight,-0.0,0.0,False
1140,czz_162,162,diagonal,-0.0,0.0,False
1129,cxy_161,161,off_diagonal,-0.0,0.0,False
1130,cxz_161,161,off_diagonal,0.0,0.0,False
1131,cyy_161,161,diagonal,-0.0,0.0,False
1133,czz_161,161,diagonal,-0.0,0.0,False
1134,w_162,162,weight,-0.0,0.0,False
1135,cxx_162,162,diagonal,-0.0,0.0,False
1137,cxz_162,162,off_diagonal,-0.0,0.0,False
1138,cyy_162,162,diagonal,-0.0,0.0,False
1139,cyz_162,162,off_diagonal,0.0,0.0,False
1175,czz_167,167,diagonal,0.0,0.0,False
1176,w_168,168,weight,0.0,0.0,False
1177,cxx_168,168,diagonal,0.0,0.0,False
1223,cyz_174,174,off_diagonal,-0.0,0.0,False
1210,czz_172,172,diagonal,0.0,0.0,False
1211,w_173,173,weight,-0.0,0.0,False
1212,cxx_173,173,diagonal,-0.0,0.0,False
1213,cxy_173,173,off_diagonal,0.0,0.0,False
1214,cxz_173,173,off_diagonal,0.0,0.0,False
1216,cyz_173,173,off_diagonal,0.0,0.0,False
1219,cxx_174,174,diagonal,-0.0,0.0,False
1220,cxy_174,174,off_diagonal,0.0,0.0,False
1222,cyy_174,174,diagonal,-0.0,0.0,False
1224,czz_174,174,diagonal,-0.0,0.0,False
1178,cxy_168,168,off_diagonal,0.0,0.0,False
1226,cxx_175,175,diagonal,0.0,0.0,False
1227,cxy_175,175,off_diagonal,-0.0,0.0,False
1228,cxz_175,175,off_diagonal,-0.0,0.0,False
1230,cyz_175,175,off_diagonal,-0.0,0.0,False
1231,czz_175,175,diagonal,0.0,0.0,False
1232,w_176,176,weight,-0.0,0.0,False
1233,cxx_176,176,diagonal,-0.0,0.0,False
1234,cxy_176,176,off_diagonal,0.0,0.0,False
1235,cxz_176,176,off_diagonal,0.0,0.0,False
1209,cyz_172,172,off_diagonal,0.0,0.0,False
1208,cyy_172,172,diagonal,-0.0,0.0,False
1207,cxz_172,172,off_diagonal,0.0,0.0,False
1206,cxy_172,172,off_diagonal,-0.0,0.0,False
1180,cyy_168,168,diagonal,-0.0,0.0,False
1181,cyz_168,168,off_diagonal,-0.0,0.0,False
1183,w_169,169,weight,-0.0,0.0,False
1184,cxx_169,169,diagonal,-0.0,0.0,False
1186,cxz_169,169,off_diagonal,0.0,0.0,False
1187,cyy_169,169,diagonal,-0.0,0.0,False
1188,cyz_169,169,off_diagonal,-0.0,0.0,False
1189,czz_169,169,diagonal,0.0,0.0,False
1190,w_170,170,weight,-0.0,0.0,False
1191,cxx_170,170,diagonal,-0.0,0.0,False
1192,cxy_170,170,off_diagonal,0.0,0.0,False
1193,cxz_170,170,off_diagonal,-0.0,0.0,False
1194,cyy_170,170,diagonal,0.0,0.0,False
1196,czz_170,170,diagonal,-0.0,0.0,False
1199,cxy_171,171,off_diagonal,0.0,0.0,False
1200,cxz_171,171,off_diagonal,-0.0,0.0,False
1202,cyz_171,171,off_diagonal,-0.0,0.0,False
1203,czz_171,171,diagonal,-0.0,0.0,False
1205,cxx_172,172,diagonal,0.0,0.0,False
1113,w_159,159,weight,-0.0,0.0,False
1110,cyy_158,158,diagonal,-0.0,0.0,False
1479,cxy_211,211,off_diagonal,0.0,0.0,False
1031,cxy_147,147,off_diagonal,0.0,0.0,False
1020,cyz_145,145,off_diagonal,-0.0,0.0,False
1022,w_146,146,weight,0.0,0.0,False
1023,cxx_146,146,diagonal,-0.0,0.0,False
1024,cxy_146,146,off_diagonal,-0.0,0.0,False
1025,cxz_146,146,off_diagonal,0.0,0.0,False
1026,cyy_146,146,diagonal,-0.0,0.0,False
1027,cyz_146,146,off_diagonal,0.0,0.0,False
1028,czz_146,146,diagonal,0.0,0.0,False
1030,cxx_147,147,diagonal,-0.0,0.0,False
1032,cxz_147,147,off_diagonal,0.0,0.0,False
1018,cxz_145,145,off_diagonal,0.0,0.0,False
1033,cyy_147,147,diagonal,-0.0,0.0,False
1034,cyz_147,147,off_diagonal,0.0,0.0,False
1035,czz_147,147,diagonal,-0.0,0.0,False
1038,cxy_148,148,off_diagonal,0.0,0.0,False
1039,cxz_148,148,off_diagonal,0.0,0.0,False
1040,cyy_148,148,diagonal,-0.0,0.0,False
1041,cyz_148,148,off_diagonal,-0.0,0.0,False
1042,czz_148,148,diagonal,-0.0,0.0,False
1043,w_149,149,weight,0.0,0.0,False
1019,cyy_145,145,diagonal,-0.0,0.0,False
1017,cxy_145,145,off_diagonal,0.0,0.0,False
1109,cxz_158,158,off_diagonal,0.0,0.0,False
1005,cyy_143,143,diagonal,0.0,0.0,False
995,cxx_142,142,diagonal,0.0,0.0,False
996,cxy_142,142,off_diagonal,-0.0,0.0,False
997,cxz_142,142,off_diagonal,0.0,0.0,False
998,cyy_142,142,diagonal,-0.0,0.0,False
999,cyz_142,142,off_diagonal,0.0,0.0,False
1000,czz_142,142,diagonal,-0.0,0.0,False
1001,w_143,143,weight,0.0,0.0,False
1003,cxy_143,143,off_diagonal,0.0,0.0,False
1004,cxz_143,143,off_diagonal,-0.0,0.0,False
1006,cyz_143,143,off_diagonal,0.0,0.0,False
1016,cxx_145,145,diagonal,-0.0,0.0,False
1007,czz_143,143,diagonal,-0.0,0.0,False
1008,w_144,144,weight,-0.0,0.0,False
1009,cxx_144,144,diagonal,0.0,0.0,False
1010,cxy_144,144,off_diagonal,-0.0,0.0,False
1011,cxz_144,144,off_diagonal,0.0,0.0,False
1012,cyy_144,144,diagonal,-0.0,0.0,False
1013,cyz_144,144,off_diagonal,-0.0,0.0,False
1014,czz_144,144,diagonal,-0.0,0.0,False
1015,w_145,145,weight,-0.0,0.0,False
1044,cxx_149,149,diagonal,-0.0,0.0,False
1045,cxy_149,149,off_diagonal,0.0,0.0,False
1046,cxz_149,149,off_diagonal,-0.0,0.0,False
1094,cxy_156,156,off_diagonal,-0.0,0.0,False
1080,cxy_154,154,off_diagonal,-0.0,0.0,False
1081,cxz_154,154,off_diagonal,0.0,0.0,False
1082,cyy_154,154,diagonal,0.0,0.0,False
1084,czz_154,154,diagonal,0.0,0.0,False
1088,cxz_155,155,off_diagonal,0.0,0.0,False
1089,cyy_155,155,diagonal,-0.0,0.0,False
1090,cyz_155,155,off_diagonal,-0.0,0.0,False
1092,w_156,156,weight,0.0,0.0,False
1093,cxx_156,156,diagonal,-0.0,0.0,False
1095,cxz_156,156,off_diagonal,-0.0,0.0,False
1048,cyz_149,149,off_diagonal,-0.0,0.0,False
1097,cyz_156,156,off_diagonal,0.0,0.0,False
1098,czz_156,156,diagonal,0.0,0.0,False
1101,cxy_157,157,off_diagonal,0.0,0.0,False
1102,cxz_157,157,off_diagonal,0.0,0.0,False
1103,cyy_157,157,diagonal,0.0,0.0,False
1104,cyz_157,157,off_diagonal,0.0,0.0,False
1105,czz_157,157,diagonal,-0.0,0.0,False
1106,w_158,158,weight,-0.0,0.0,False
1108,cxy_158,158,off_diagonal,-0.0,0.0,False
1079,cxx_154,154,diagonal,0.0,0.0,False
1078,w_154,154,weight,-0.0,0.0,False
1077,czz_153,153,diagonal,0.0,0.0,False
1076,cyz_153,153,off_diagonal,0.0,0.0,False
1049,czz_149,149,diagonal,-0.0,0.0,False
1050,w_150,150,weight,0.0,0.0,False
1052,cxy_150,150,off_diagonal,0.0,0.0,False
1055,cyz_150,150,off_diagonal,-0.0,0.0,False
1056,czz_150,150,diagonal,-0.0,0.0,False
1057,w_151,151,weight,-0.0,0.0,False
1058,cxx_151,151,diagonal,-0.0,0.0,False
1059,cxy_151,151,off_diagonal,-0.0,0.0,False
1060,cxz_151,151,off_diagonal,-0.0,0.0,False
1062,cyz_151,151,off_diagonal,-0.0,0.0,False
1063,czz_151,151,diagonal,0.0,0.0,False
1064,w_152,152,weight,0.0,0.0,False
1066,cxy_152,152,off_diagonal,0.0,0.0,False
1068,cyy_152,152,diagonal,-0.0,0.0,False
1069,cyz_152,152,off_diagonal,-0.0,0.0,False
1071,w_153,153,weight,0.0,0.0,False
1072,cxx_153,153,diagonal,0.0,0.0,False
1074,cxz_153,153,off_diagonal,-0.0,0.0,False
1075,cyy_153,153,diagonal,-0.0,0.0,False
1236,cyy_176,176,diagonal,0.0,0.0,False
1238,czz_176,176,diagonal,0.0,0.0,False
1239,w_177,177,weight,0.0,0.0,False
1402,cxy_200,200,off_diagonal,-0.0,0.0,False
1387,cxx_198,198,diagonal,-0.0,0.0,False
1388,cxy_198,198,off_diagonal,-0.0,0.0,False
1390,cyy_198,198,diagonal,0.0,0.0,False
1391,cyz_198,198,off_diagonal,-0.0,0.0,False
1392,czz_198,198,diagonal,-0.0,0.0,False
1394,cxx_199,199,diagonal,0.0,0.0,False
1396,cxz_199,199,off_diagonal,0.0,0.0,False
1398,cyz_199,199,off_diagonal,0.0,0.0,False
1400,w_200,200,weight,-0.0,0.0,False
1404,cyy_200,200,diagonal,-0.0,0.0,False
1384,cyz_197,197,off_diagonal,0.0,0.0,False
1405,cyz_200,200,off_diagonal,0.0,0.0,False
1406,czz_200,200,diagonal,-0.0,0.0,False
1407,w_201,201,weight,-0.0,0.0,False
1408,cxx_201,201,diagonal,-0.0,0.0,False
1409,cxy_201,201,off_diagonal,0.0,0.0,False
1410,cxz_201,201,off_diagonal,-0.0,0.0,False
1412,cyz_201,201,off_diagonal,0.0,0.0,False
1414,w_202,202,weight,0.0,0.0,False
1416,cxy_202,202,off_diagonal,0.0,0.0,False
1385,czz_197,197,diagonal,0.0,0.0,False
1382,cxz_197,197,off_diagonal,0.0,0.0,False
1241,cxy_177,177,off_diagonal,-0.0,0.0,False
1369,cyy_195,195,diagonal,0.0,0.0,False
1359,cxx_194,194,diagonal,0.0,0.0,False
1360,cxy_194,194,off_diagonal,0.0,0.0,False
1361,cxz_194,194,off_diagonal,-0.0,0.0,False
1362,cyy_194,194,diagonal,-0.0,0.0,False
1363,cyz_194,194,off_diagonal,-0.0,0.0,False
1364,czz_194,194,diagonal,-0.0,0.0,False
1365,w_195,195,weight,0.0,0.0,False
1366,cxx_195,195,diagonal,-0.0,0.0,False
1367,cxy_195,195,off_diagonal,0.0,0.0,False
1370,cyz_195,195,off_diagonal,0.0,0.0,False
1381,cxy_197,197,off_diagonal,0.0,0.0,False
1371,czz_195,195,diagonal,-0.0,0.0,False
1373,cxx_196,196,diagonal,0.0,0.0,False
1374,cxy_196,196,off_diagonal,-0.0,0.0,False
1375,cxz_196,196,off_diagonal,0.0,0.0,False
1376,cyy_196,196,diagonal,-0.0,0.0,False
1377,cyz_196,196,off_diagonal,0.0,0.0,False
1378,czz_196,196,diagonal,-0.0,0.0,False
1379,w_197,197,weight,0.0,0.0,False
1380,cxx_197,197,diagonal,-0.0,0.0,False
1417,cxz_202,202,off_diagonal,0.0,0.0,False
1418,cyy_202,202,diagonal,0.0,0.0,False
1419,cyz_202,202,off_diagonal,-0.0,0.0,False
1463,w_209,209,weight,-0.0,0.0,False
1451,cxy_207,207,off_diagonal,-0.0,0.0,False
1452,cxz_207,207,off_diagonal,-0.0,0.0,False
1453,cyy_207,207,diagonal,0.0,0.0,False
1456,w_208,208,weight,-0.0,0.0,False
1458,cxy_208,208,off_diagonal,-0.0,0.0,False
1459,cxz_208,208,off_diagonal,-0.0,0.0,False
1460,cyy_208,208,diagonal,0.0,0.0,False
1461,cyz_208,208,off_diagonal,-0.0,0.0,False
1462,czz_208,208,diagonal,-0.0,0.0,False
1465,cxy_209,209,off_diagonal,-0.0,0.0,False
1420,czz_202,202,diagonal,0.0,0.0,False
1466,cxz_209,209,off_diagonal,0.0,0.0,False
1467,cyy_209,209,diagonal,0.0,0.0,False
1469,czz_209,209,diagonal,0.0,0.0,False
1471,cxx_210,210,diagonal,0.0,0.0,False
1472,cxy_210,210,off_diagonal,-0.0,0.0,False
1473,cxz_210,210,off_diagonal,0.0,0.0,False
1474,cyy_210,210,diagonal,-0.0,0.0,False
1475,cyz_210,210,off_diagonal,0.0,0.0,False
1476,czz_210,210,diagonal,0.0,0.0,False
1450,cxx_207,207,diagonal,-0.0,0.0,False
1449,w_207,207,weight,0.0,0.0,False
1448,czz_206,206,diagonal,-0.0,0.0,False
1447,cyz_206,206,off_diagonal,-0.0,0.0,False
1421,w_203,203,weight,0.0,0.0,False
1423,cxy_203,203,off_diagonal,0.0,0.0,False
1424,cxz_203,203,off_diagonal,-0.0,0.0,False
1425,cyy_203,203,diagonal,0.0,0.0,False
1426,cyz_203,203,off_diagonal,0.0,0.0,False
1429,cxx_204,204,diagonal,-0.0,0.0,False
1430,cxy_204,204,off_diagonal,-0.0,0.0,False
1431,cxz_204,204,off_diagonal,-0.0,0.0,False
1434,czz_204,204,diagonal,-0.0,0.0,False
1435,w_205,205,weight,-0.0,0.0,False
1437,cxy_205,205,off_diagonal,-0.0,0.0,False
1438,cxz_205,205,off_diagonal,-0.0,0.0,False
1439,cyy_205,205,diagonal,-0.0,0.0,False
1440,cyz_205,205,off_diagonal,-0.0,0.0,False
1441,czz_205,205,diagonal,-0.0,0.0,False
1442,w_206,206,weight,-0.0,0.0,False
1444,cxy_206,206,off_diagonal,0.0,0.0,False
1445,cxz_206,206,off_diagonal,-0.0,0.0,False
1446,cyy_206,206,diagonal,0.0,0.0,False
1358,w_194,194,weight,0.0,0.0,False
1357,czz_193,193,diagonal,0.0,0.0,False
1356,cyz_193,193,off_diagonal,-0.0,0.0,False
1280,czz_182,182,diagonal,0.0,0.0,False
1271,cyy_181,181,diagonal,0.0,0.0,False
1272,cyz_181,181,off_diagonal,-0.0,0.0,False
1273,czz_181,181,diagonal,-0.0,0.0,False
1274,w_182,182,weight,-0.0,0.0,False
1275,cxx_182,182,diagonal,0.0,0.0,False
1276,cxy_182,182,off_diagonal,0.0,0.0,False
1277,cxz_182,182,off_diagonal,-0.0,0.0,False
1278,cyy_182,182,diagonal,-0.0,0.0,False
1279,cyz_182,182,off_diagonal,0.0,0.0,False
1281,w_183,183,weight,-0.0,0.0,False
1294,czz_184,184,diagonal,-0.0,0.0,False
1282,cxx_183,183,diagonal,-0.0,0.0,False
1283,cxy_183,183,off_diagonal,0.0,0.0,False
1284,cxz_183,183,off_diagonal,0.0,0.0,False
1286,cyz_183,183,off_diagonal,0.0,0.0,False
1287,czz_183,183,diagonal,-0.0,0.0,False
1288,w_184,184,weight,0.0,0.0,False
1290,cxy_184,184,off_diagonal,-0.0,0.0,False
1291,cxz_184,184,off_diagonal,-0.0,0.0,False
1292,cyy_184,184,diagonal,0.0,0.0,False
1270,cxz_181,181,off_diagonal,-0.0,0.0,False
1268,cxx_181,181,diagonal,-0.0,0.0,False
1267,w_181,181,weight,-0.0,0.0,False
1266,czz_180,180,diagonal,0.0,0.0,False
1242,cxz_177,177,off_diagonal,-0.0,0.0,False
1243,cyy_177,177,diagonal,-0.0,0.0,False
1244,cyz_177,177,off_diagonal,-0.0,0.0,False
1245,czz_177,177,diagonal,0.0,0.0,False
1246,w_178,178,weight,-0.0,0.0,False
1247,cxx_178,178,diagonal,0.0,0.0,False
1248,cxy_178,178,off_diagonal,-0.0,0.0,False
1249,cxz_178,178,off_diagonal,0.0,0.0,False
1250,cyy_178,178,diagonal,0.0,0.0,False
1252,czz_178,178,diagonal,0.0,0.0,False
1253,w_179,179,weight,-0.0,0.0,False
1255,cxy_179,179,off_diagonal,-0.0,0.0,False
1257,cyy_179,179,diagonal,0.0,0.0,False
1258,cyz_179,179,off_diagonal,-0.0,0.0,False
1259,czz_179,179,diagonal,0.0,0.0,False
1260,w_180,180,weight,-0.0,0.0,False
1263,cxz_180,180,off_diagonal,-0.0,0.0,False
1264,cyy_180,180,diagonal,0.0,0.0,False
1265,cyz_180,180,off_diagonal,-0.0,0.0,False
1293,cyz_184,184,off_diagonal,0.0,0.0,False
1297,cxy_185,185,off_diagonal,0.0,0.0,False
1355,cyy_193,193,diagonal,0.0,0.0,False
1340,cxz_191,191,off_diagonal,0.0,0.0,False
1327,cyy_189,189,diagonal,-0.0,0.0,False
1328,cyz_189,189,off_diagonal,-0.0,0.0,False
1329,czz_189,189,diagonal,-0.0,0.0,False
1330,w_190,190,weight,0.0,0.0,False
1332,cxy_190,190,off_diagonal,-0.0,0.0,False
1333,cxz_190,190,off_diagonal,-0.0,0.0,False
1334,cyy_190,190,diagonal,0.0,0.0,False
1337,w_191,191,weight,-0.0,0.0,False
1339,cxy_191,191,off_diagonal,-0.0,0.0,False
1341,cyy_191,191,diagonal,-0.0,0.0,False
1298,cxz_185,185,off_diagonal,0.0,0.0,False
1343,czz_191,191,diagonal,0.0,0.0,False
1344,w_192,192,weight,0.0,0.0,False
1345,cxx_192,192,diagonal,-0.0,0.0,False
1346,cxy_192,192,off_diagonal,-0.0,0.0,False
1347,cxz_192,192,off_diagonal,0.0,0.0,False
1348,cyy_192,192,diagonal,0.0,0.0,False
1350,czz_192,192,diagonal,-0.0,0.0,False
1351,w_193,193,weight,-0.0,0.0,False
1353,cxy_193,193,off_diagonal,0.0,0.0,False
1326,cxz_189,189,off_diagonal,0.0,0.0,False
1325,cxy_189,189,off_diagonal,-0.0,0.0,False
1323,w_189,189,weight,-0.0,0.0,False
1322,czz_188,188,diagonal,-0.0,0.0,False
1299,cyy_185,185,diagonal,0.0,0.0,False
1300,cyz_185,185,off_diagonal,-0.0,0.0,False
1301,czz_185,185,diagonal,0.0,0.0,False
1303,cxx_186,186,diagonal,-0.0,0.0,False
1304,cxy_186,186,off_diagonal,0.0,0.0,False
1305,cxz_186,186,off_diagonal,-0.0,0.0,False
1307,cyz_186,186,off_diagonal,0.0,0.0,False
1308,czz_186,186,diagonal,0.0,0.0,False
1309,w_187,187,weight,0.0,0.0,False
1310,cxx_187,187,diagonal,0.0,0.0,False
1311,cxy_187,187,off_diagonal,0.0,0.0,False
1312,cxz_187,187,off_diagonal,0.0,0.0,False
1313,cyy_187,187,diagonal,0.0,0.0,False
1314,cyz_187,187,off_diagonal,0.0,0.0,False
1315,czz_187,187,diagonal,0.0,0.0,False
1316,w_188,188,weight,-0.0,0.0,False
1319,cxz_188,188,off_diagonal,0.0,0.0,False
1320,cyy_188,188,diagonal,-0.0,0.0,False
1321,cyz_188,188,off_diagonal,-0.0,0.0,False
3499,czz_499,499,diagonal,-0.0,0.0,False
