subject,true_age,predicted_age,error
sub-100053248969,19.0,24.428165366903407,5.428165366903407
sub-100263562592,21.0,13.497506746923577,-7.502493253076423
sub-100479214233,21.0,20.274998165297923,-0.725001834702077
sub-100544064116,15.0,18.975808519777676,3.975808519777676
sub-101404752059,31.0,40.31679611011905,9.31679611011905
sub-101942030871,19.0,26.435428673384557,7.435428673384557
sub-102730278561,19.0,34.4010012159866,15.401001215986597
sub-103116472269,23.0,18.830464568291355,-4.1695354317086455
sub-103326586557,26.8528,32.08598081874349,5.233180818743488
sub-104230378530,21.0,16.72437297579509,-4.275627024204908
sub-104333986026,8.380561,12.912943173942583,4.532382173942583
sub-104625609853,21.38261464750171,23.04591590379916,1.6633012562974478
sub-104654659650,19.0,20.39919881078051,1.3991988107805113
sub-104756934188,30.0,26.696329464583236,-3.3036705354167637
sub-104774505992,23.0,22.69862794322532,-0.3013720567746816
sub-104893688989,27.0,22.560800619960304,-4.439199380039696
sub-105288153937,15.92,14.55937795813151,-1.3606220418684902
sub-105626036276,18.0,20.564926791779794,2.5649267917797935
sub-105699817140,21.0,29.58563279782505,8.585632797825049
sub-105890017872,10.96712329,15.63689525360171,4.669771963601709
sub-106084308551,27.5,25.06237087893264,-2.43762912106736
sub-106297012000,22.0,21.307711396721462,-0.6922886032785378
sub-106847803341,10.0,0.17742830455204128,-9.822571695447959
sub-107012705146,20.0,18.962614082808102,-1.037385917191898
sub-107385462103,19.0,14.127862688127049,-4.872137311872951
sub-107912335979,31.0,29.737419359159453,-1.2625806408405467
sub-108019181067,19.0,15.404834217846503,-3.5951657821534972
sub-108681547305,21.0,23.901612346099444,2.9016123460994443
sub-108737376161,22.0,15.14735886167843,-6.8526411383215695
sub-108893451515,23.0,25.21203658090201,2.2120365809020086
sub-109712998508,67.5,50.88468708487837,-16.615312915121628
sub-109861838866,21.0,20.35903053049156,-0.6409694695084411
sub-110463604078,35.51540041067762,30.69551766527348,-4.81988274540414
sub-110513034050,19.0,19.668910269117784,0.6689102691177844
sub-110519368768,11.3369863,9.786534401288842,-1.5504518987111577
sub-110648343433,22.0,18.682229768060783,-3.3177702319392175
sub-111020130501,21.0,21.226979178916345,0.2269791789163449
sub-111417977585,19.0,17.943127093687306,-1.0568729063126945
sub-111786255278,19.0,17.56291495221667,-1.4370850477833308
sub-112139632444,13.0,11.254799746600685,-1.7452002533993145
sub-112365363383,22.0,23.2641060851495,1.2641060851494998
sub-112581979205,19.0,22.525917322334394,3.5259173223343936
sub-113308512211,61.0,50.311991479344904,-10.688008520655096
sub-113484693835,22.5,22.553299531474657,0.05329953147465716
sub-113812293828,23.0,26.05319701475556,3.053197014755561
sub-114165623285,24.0,19.540380004992784,-4.459619995007216
sub-114383938758,22.5,20.25909083836219,-2.240909161637809
sub-115044780386,33.68651608487337,34.30189443615612,0.6153783512827502
sub-115179082434,21.0,28.982937695190955,7.982937695190955
sub-115321957741,24.0,21.89840077065682,-2.1015992293431793
sub-116096622843,15.0,12.253750160531684,-2.746249839468316
sub-116218240872,11.52876712,9.180803102711003,-2.347964017288996
sub-116602902372,20.0,23.005708925938603,3.0057089259386025
sub-116651167956,71.2060232717317,69.93067845497414,-1.2753448167575527
sub-117262576182,9.7,5.195944220013335,-4.504055779986665
sub-117310191719,21.0,19.720121112691338,-1.2798788873086622
sub-117722182135,9.55890411,14.346280882693922,4.787376772693921
sub-117730404599,32.5,28.83595989130133,-3.6640401086986714
sub-118300283712,27.5,28.840101876702246,1.3401018767022457
sub-119019619320,34.666666666666664,29.868108159598307,-4.798558507068357
sub-119139956064,24.312114989733058,27.50562797992232,3.1935129901892623
sub-119167600899,13.0,10.18489209359241,-2.81510790640759
sub-119194819365,19.2,20.70359535054051,1.503595350540511
sub-119568669419,19.0,19.88174904409106,0.8817490440910589
sub-119909871257,15.0,15.42316679363376,0.42316679363375975
sub-120159232504,19.0,21.277326031795944,2.277326031795944
sub-120208266498,60.539356605065024,56.68722474778882,-3.8521318572762056
sub-120256972451,20.0,19.951448384572608,-0.04855161542739239
sub-120396235891,8.1013,1.5619683636673756,-6.539331636332625
sub-120533702955,27.5,29.15366184501039,1.6536618450103902
sub-121114024899,21.0,24.750623099881906,3.7506230998819063
sub-121236619259,32.5,41.7189660593453,9.218966059345298
sub-121315843872,34.36550308008213,25.0859875244214,-9.279515555660726
sub-121725487399,33.51676933607118,30.303018675757357,-3.2137506603138206
sub-121738146757,25.0,27.754598636222717,2.754598636222717
sub-121916223122,72.5,65.33157564112392,-7.168424358876081
sub-122612583665,10.8,7.778458300118572,-3.0215416998814284
sub-123233851263,25.0,27.96018104446484,2.9601810444648393
sub-123234343655,44.48186173853525,35.41368282855695,-9.0681789099783
sub-123319906652,11.50718686,14.464887814095858,2.957700954095859
sub-123362026561,25.12,22.968847659819975,-2.151152340180026
sub-124641364359,21.0,23.475798256610165,2.4757982566101653
sub-124676200421,19.0,19.738051475723644,0.738051475723644
sub-124729451238,67.5,57.21127734688008,-10.288722653119919
sub-124881102242,45.388090349075966,52.858889413687365,7.470799064611398
sub-125025808425,23.0,21.441454280636933,-1.5585457193630674
sub-125239324117,8.906849315,2.0581866095237586,-6.848662705476242
sub-125295604279,23.0,33.935909994811965,10.935909994811965
sub-125353958428,27.5,23.976917358714076,-3.5230826412859244
sub-125580637682,24.0,17.113412393518292,-6.886587606481708
sub-125891952943,19.0,20.60774569293391,1.6077456929339107
sub-126224773957,23.0,22.114319461622344,-0.885680538377656
sub-126388114927,19.0,19.05592111602983,0.055921116029828966
sub-126474072032,45.229295003422315,38.925316761711436,-6.30397824171088
sub-126731927083,21.0,24.17985739756904,3.179857397569041
sub-127024850810,19.0,23.11395593876947,4.113955938769472
sub-127230151008,27.5,27.22453822473065,-0.2754617752693491
sub-127322656952,21.0,23.82200657074117,2.82200657074117
sub-127621480063,19.0,26.32156957937414,7.321569579374142
sub-127728266565,21.0,19.385577405901703,-1.614422594098297
sub-127989683000,11.8,-2.6212849762336816,-14.421284976233682
sub-128924235805,72.5,54.88557809256719,-17.614421907432813
sub-129453382420,19.0,21.67785196380916,2.677851963809161
sub-129609320842,34.47775496235455,42.79052244497669,8.312767482622135
sub-130270412535,21.0,19.22517069104613,-1.7748293089538691
sub-130281900088,25.0,24.154816479615143,-0.8451835203848574
sub-130488967679,22.0,19.19100189049945,-2.80899810950055
sub-130624212805,9.564383562,4.817261600856895,-4.747121961143105
sub-130699587566,20.0,24.5325741217434,4.5325741217434015
sub-130730148206,17.79,19.63415212754453,1.8441521275445325
sub-130750381188,27.01437371663245,28.297378425731146,1.283004709098698
sub-131091186433,12.8739726,3.626994284200297,-9.246978315799703
sub-131485716864,10.49,7.369496987828178,-3.120503012171822
sub-132314739842,19.0,25.369687667726737,6.369687667726737
sub-132529129288,11.0,14.700290453815626,3.700290453815626
sub-132624812140,27.5,29.68822044013797,2.1882204401379717
sub-133104642441,25.0,23.388395286629983,-1.611604713370017
sub-133292484570,29.0,32.57013626775521,3.5701362677552098
sub-133341745639,69.28952772073922,59.98963722847371,-9.299890492265504
sub-133559617458,42.0,46.66249118559519,4.6624911855951865
sub-133871479599,12.0411,7.65957781617098,-4.38152218382902
sub-134269526020,25.0,24.687134129515062,-0.31286587048493786
sub-134360128280,22.5,25.326440627479197,2.8264406274791973
sub-134583532509,23.0,19.800139522445896,-3.199860477554104
sub-134690078113,20.0,21.71042990053862,1.710429900538621
sub-134999314713,23.0,22.750608707535932,-0.24939129246406821
sub-135700393345,19.0,18.944432002105067,-0.05556799789493283
sub-137109291560,11.0,13.333527990528143,2.333527990528143
sub-137114651299,28.0,26.69177900813986,-1.3082209918601393
sub-137249105377,19.0,20.239100152265607,1.2391001522656069
sub-137613044284,27.5,31.990775517925243,4.490775517925243
sub-137935620257,19.0,22.128554523395138,3.128554523395138
sub-138111937707,10.35342466,11.760600727217671,1.4071760672176712
sub-139265000445,21.0,22.695759159874655,1.6957591598746546
sub-139365339602,60.10951403148528,57.2105269501554,-2.898987081329885
sub-139426192767,15.0,21.13549587670369,6.13549587670369
sub-140076989326,21.0,23.712534659954006,2.712534659954006
sub-140330630373,22.5,20.744952872362198,-1.755047127637802
sub-140606705309,10.08,11.311985888004735,1.2319858880047345
sub-140809415420,19.0,22.336247983169024,3.3362479831690237
sub-140896025599,19.0,31.134254583805323,12.134254583805323
sub-141217766873,21.0,16.506004978302865,-4.493995021697135
sub-141883005255,42.0,33.9138133056899,-8.0861866943101
sub-142069343741,19.0,18.234895311051034,-0.7651046889489663
sub-142102321393,72.0,77.57819057636384,5.578190576363838
sub-142262191767,19.0,26.461357724328536,7.461357724328536
sub-142380817861,21.0,19.97918978412082,-1.0208102158791803
sub-142608681206,31.0,28.646934316243538,-2.353065683756462
sub-142756155441,16.2,15.680782568324542,-0.5192174316754574
sub-142798556047,23.0,24.99399732215067,1.993997322150669
sub-143185051068,25.0,28.838405314015393,3.838405314015393
sub-143433115346,21.0,21.823307255392074,0.8233072553920735
sub-143597719481,53.56605065023956,52.34341537088614,-1.222635279353419
sub-143693932248,14.2,16.960836374192315,2.7608363741923156
sub-144197550366,21.0,20.157502857276924,-0.8424971427230759
sub-144446563322,24.0,28.26448773723392,4.264487737233921
sub-144517208850,19.0,13.235950248023308,-5.7640497519766924
sub-144550081547,19.0,18.0710687196475,-0.9289312803525007
sub-144658033075,29.0,25.327515125942263,-3.672484874057737
sub-144863316344,21.0,26.655176901177924,5.655176901177924
sub-144960174539,23.0,15.645317346473927,-7.354682653526073
sub-145200850196,23.0,37.28238675454067,14.282386754540667
sub-145580633313,31.0,31.00496674583754,0.004966745837538866
sub-146014608627,19.0,15.730539988598943,-3.2694600114010566
sub-146447578450,23.0,23.78840846629892,0.7884084662989217
sub-146639891883,22.5,23.52194801680431,1.0219480168043091
sub-146945452536,21.0,31.586222652267786,10.586222652267786
sub-147386486868,11.0739726,15.7341514457563,4.660178845756301
sub-148237622396,19.0,12.76789512076364,-6.23210487923636
sub-148388865585,10.0,9.634799215459049,-0.36520078454095106
sub-149020310221,24.342231348391515,27.53008826697421,3.187856918582696
sub-149065190596,21.0,29.33817333478508,8.338173334785079
sub-149522007327,23.0,26.891367243631905,3.8913672436319047
sub-149787481275,17.2,18.52754769060249,1.32754769060249
sub-149907628658,59.89322381930185,63.78945873041772,3.8962349111158687
sub-150220157566,18.0,14.590639982445445,-3.4093600175545546
sub-150529102662,29.0,27.43852132288918,-1.56147867711082
sub-150819102994,60.5968514715948,47.163907590015,-13.432943881579803
sub-153637972221,21.0,24.665041598197014,3.665041598197014
sub-153810221421,24.83,21.395025451836784,-3.434974548163215
sub-153874780317,21.0,22.29860158917181,1.2986015891718097
sub-154103308424,13.01369863,18.50751904914222,5.493820419142221
sub-154228017477,20.0,20.101515802260472,0.1015158022604723
sub-154460108156,67.5,58.63484252441384,-8.865157475586159
sub-154711749424,20.0,16.833881986386235,-3.166118013613765
sub-154886350989,64.0,47.040587241329746,-16.959412758670254
sub-154926948330,21.0,22.205919604560485,1.205919604560485
sub-155222075279,67.0,49.75780692027121,-17.242193079728793
sub-155379893261,22.5,23.881577996981903,1.3815779969819033
sub-155433706397,50.023271731690606,41.628661034064365,-8.394610697626241
sub-155704740362,23.0,26.757831746135622,3.757831746135622
sub-156242290939,9.819178082,6.762868758332502,-3.0563093236674987
sub-156459137356,21.0,19.16969116495072,-1.83030883504928
sub-156820928962,19.0,20.422321658656298,1.4223216586562977
sub-157152153605,19.0,16.254738355165365,-2.7452616448346348
sub-157363866990,19.0,17.89938276941561,-1.1006172305843904
sub-157424007228,19.0,17.054267099741303,-1.9457329002586974
sub-157479410408,19.0,16.490871314243485,-2.509128685756515
sub-157494563025,21.0,21.781915886200153,0.781915886200153
sub-157627390163,24.0,23.50542564702706,-0.49457435297293983
sub-157747575462,21.0,19.936826991093888,-1.0631730089061122
sub-157912888148,21.0,20.720146053507257,-0.279853946492743
sub-158500314736,32.0,23.489714694923485,-8.510285305076515
sub-158561810586,21.0,24.449077697568757,3.4490776975687574
sub-158783204186,7.126626,9.623802420261931,2.4971764202619315
sub-159585669819,28.347707049965766,30.39084385802519,2.0431368080594225
sub-160079241762,24.0,21.183338008987594,-2.816661991012406
sub-160619551339,21.0,14.535401038606857,-6.464598961393143
sub-161153388655,22.0,21.949823414329124,-0.050176585670875795
sub-161374462751,21.0,22.002584996277765,1.0025849962777649
sub-161819845928,25.0,27.698617734571595,2.698617734571595
sub-162530081874,43.0,36.76320917259518,-6.236790827404818
sub-162643690447,15.0,21.176627223019462,6.176627223019462
sub-162911360437,21.0,24.9614405652798,3.9614405652798013
sub-162962669437,33.59342915811088,35.323559578302685,1.7301304201918057
sub-163171707993,21.0,23.6359972080249,2.6359972080249
sub-163329912000,25.0,22.837350842663845,-2.162649157336155
sub-163558591208,62.08898015058179,49.500848380862145,-12.588131769719645
sub-163903932976,19.0,22.11982419677586,3.119824196775859
sub-164064925038,16.0,13.625744863640282,-2.374255136359718
sub-164822438556,21.0,22.034225067691118,1.0342250676911178
sub-165604485425,14.0,8.39652932310398,-5.60347067689602
sub-165972132497,21.0,20.891821281660203,-0.10817871833979709
sub-166141323302,22.5,27.11888076936731,4.618880769367308
sub-166243374724,10.83,12.82119782610095,1.991197826100949
sub-166414771116,28.3669,27.446728570687096,-0.9201714293129051
sub-166839342556,22.0,27.5036649551325,5.5036649551325
sub-167010474107,28.0,26.00784119477275,-1.9921588052272483
sub-167716104239,20.0,21.69376174699592,1.6937617469959214
sub-168699804203,25.0,24.84543572256626,-0.1545642774337388
sub-168789437246,19.0,20.448258551132298,1.448258551132298
sub-169297286201,30.0,25.57575519577073,-4.4242448042292715
sub-169353478984,19.0,15.879204452454466,-3.1207955475455336
sub-169447897045,10.0,15.406275817485453,5.406275817485453
sub-169489783028,41.82067077344285,45.985166092291934,4.1644953188490845
sub-170052380551,19.0,26.79233851082194,7.7923385108219385
sub-170536232281,55.54004106776181,58.05068410805397,2.510643040292159
sub-171162169563,52.5,42.93767717920603,-9.562322820793973
sub-171290254658,23.0,21.168197216490917,-1.831802783509083
sub-171351329809,10.9,14.224026065404251,3.324026065404251
sub-171356174380,12.0,10.403534726469875,-1.596465273530125
sub-171539146010,23.0,21.25356351326744,-1.7464364867325592
sub-172045848348,18.0,18.16895950855313,0.16895950855312947
sub-172054310094,19.0,22.4416380707304,3.4416380707303986
sub-172140404865,19.0,15.457763996581091,-3.5422360034189087
sub-172216873628,24.0,21.557924461980516,-2.442075538019484
sub-172409403491,21.0,19.365520512160167,-1.6344794878398332
sub-172456558358,10.3477,21.825393210440613,11.477693210440613
sub-172761051392,21.0,15.495773244936892,-5.504226755063108
sub-173601103742,21.0,25.833578197003302,4.833578197003302
sub-173733544878,15.0,17.530549201841303,2.5305492018413034
sub-174036160594,31.0,22.291051451128578,-8.708948548871422
sub-174763886500,61.78507871321013,52.95914700940937,-8.825931703800762
sub-175461878916,16.3943,16.859517530840492,0.46521753084049067
sub-175500819727,20.0,21.382028289551673,1.3820282895516733
sub-175836676634,13.0,11.678915015154042,-1.3210849848459585
sub-175857403422,23.0,28.201447221520382,5.201447221520382
sub-176038899289,22.0,25.05859989765871,3.058599897658709
sub-176123703987,23.0,23.113634760554156,0.11363476055415589
sub-176402200469,23.0,23.386611375031805,0.386611375031805
sub-177231880980,33.0,32.323313326196406,-0.6766866738035944
sub-177803877315,26.0,27.542704547117214,1.5427045471172143
sub-178028010876,23.0,18.277170581551644,-4.722829418448356
sub-178209467155,12.9391,12.382088497579343,-0.5570115024206572
sub-178636788500,21.0,20.192168640981244,-0.8078313590187562
sub-178786468108,9.75,15.114643748470737,5.364643748470737
sub-178794433937,21.0,18.605221111134007,-2.394778888865993
sub-179250768268,69.0,50.67895161788421,-18.32104838211579
sub-179730432713,24.0,21.169261772857034,-2.830738227142966
sub-180525608294,51.0,40.78399111224372,-10.216008887756281
sub-181062043787,21.0,27.069746671732673,6.069746671732673
sub-181291024762,14.0,11.741320507876127,-2.258679492123873
sub-181539725053,19.0,19.266611841306695,0.2666118413066947
sub-181778515289,23.0,24.864700051362583,1.8647000513625827
sub-182055715585,64.64613278576317,64.17834835575876,-0.4677844300044143
sub-182445285893,19.0,18.400778566661106,-0.5992214333388937
sub-182645665011,11.444,11.304275962681205,-0.13972403731879623
sub-182985606883,59.0,53.256424697538534,-5.7435753024614655
sub-183303321841,11.17,8.038717135849616,-3.131282864150384
sub-183469359841,23.0,21.358431683509,-1.641568316491
sub-183469803882,29.0,25.071749215759006,-3.928250784240994
sub-183653154751,18.0,21.724373175088584,3.7243731750885836
sub-183797804453,9.1,6.538653225798754,-2.5613467742012457
sub-184465736712,19.0,24.783886741375923,5.783886741375923
sub-184653081457,27.5,25.4017704520574,-2.0982295479426014
sub-184796333025,15.0,12.933985041610555,-2.066014958389445
sub-185058251219,27.5,23.92563727050034,-3.5743627294996614
sub-185101775136,28.0,36.6030312202073,8.6030312202073
sub-185811521075,21.0,28.250851889072898,7.250851889072898
sub-186154851157,30.006844626967823,34.1571389816107,4.150294354642877
sub-186670859341,27.0,27.27971507495889,0.27971507495889014
sub-186971960974,27.5,35.09383850677976,7.593838506779761
sub-187090693848,22.0,22.43769308498173,0.4376930849817313
sub-187117061343,24.0,20.366364045566115,-3.6336359544338848
sub-187117610937,14.37,11.66038693322927,-2.7096130667707286
sub-187923963114,30.67214236824093,31.045381297651268,0.37323892941033776
sub-187995579553,21.0,24.768219818055456,3.7682198180554565
sub-188659362086,23.0,19.79251268834917,-3.20748731165083
sub-188694833436,35.0,27.801898933468348,-7.1981010665316525
sub-189320820344,31.0,19.702581245758388,-11.297418754241612
sub-189547516532,23.0,15.204359672085705,-7.795640327914295
sub-190572977508,21.0,22.301917369354776,1.3019173693547756
sub-190741588707,19.0,19.58090744654956,0.5809074465495598
sub-190752474867,76.78028747433265,70.79496923177923,-5.985318242553419
sub-190824700808,42.0,35.50715841616944,-6.492841583830561
sub-190926752717,25.0,22.192452420557423,-2.807547579442577
sub-190960900665,60.0,45.656731310957625,-14.343268689042375
sub-191130301619,27.0,25.286514482284108,-1.7134855177158919
sub-191462151641,19.0,14.389846308999354,-4.6101536910006455
sub-191710084170,17.1,13.894007147516266,-3.2059928524837353
sub-191721733310,21.0,26.965266412682368,5.965266412682368
sub-191917648773,11.8,15.446166547341965,3.6461665473419647
sub-192108161449,25.0,19.120680986800604,-5.879319013199396
sub-192165999733,21.0,24.236660496404113,3.236660496404113
sub-192342344812,20.0,16.374035734273775,-3.6259642657262248
sub-192529878872,19.0,19.136485593722988,0.13648559372298763
sub-192969634654,32.5,33.94964409593678,1.4496440959367831
sub-193705299750,21.0,20.93285559979482,-0.06714440020517998
sub-194435801089,19.0,22.1799450404395,3.179945040439499
sub-194461506428,27.5,19.871195816476764,-7.628804183523236
sub-194684487354,27.5,29.00157118836823,1.5015711883682314
sub-194725619450,12.76,8.726844946062712,-4.033155053937287
sub-195203771483,30.17659137577002,36.94474705291705,6.768155677147032
sub-195281345026,23.0,22.01557094952651,-0.9844290504734907
sub-195594361453,26.0,18.544183885945337,-7.455816114054663
sub-195649292771,19.0,23.731938677847005,4.731938677847005
sub-195818230472,25.0,22.104633984751583,-2.895366015248417
sub-195935417501,21.0,24.082178902979262,3.082178902979262
sub-196146731599,46.0,28.322127094754922,-17.677872905245078
sub-196179687529,27.5,29.19205938136092,1.6920593813609202
sub-196183703425,13.0,15.544191803961994,2.5441918039619935
sub-196364717054,27.0,28.782965396334113,1.782965396334113
sub-196554400534,25.0,22.182208535732943,-2.8177914642670565
sub-197022623926,19.7591,19.46768704884287,-0.29141295115713106
sub-197059739649,48.54757015742642,40.50479371922905,-8.042776438197372
sub-197226188680,60.46269678302532,51.82842508629007,-8.634271696735254
sub-197974406551,23.9,25.34698404422454,1.4469840442245427
sub-198357080175,25.0,21.462033670184333,-3.537966329815667
sub-198802102032,19.0,23.765337506409125,4.765337506409125
sub-198882545020,21.0,18.977578023169954,-2.0224219768300458
sub-199079306360,10.53,9.308298322014396,-1.2217016779856031
sub-199368890202,27.0,24.833392886530074,-2.166607113469926
sub-199603028032,30.66,33.51329105383085,2.853291053830848
sub-199857158538,21.0,13.778233816466907,-7.221766183533093
sub-199914722921,23.0,23.240146574638356,0.24014657463835576
sub-199939483372,56.87337440109514,50.823985714397196,-6.049388686697945
sub-200054890273,9.8,26.22134482372522,16.42134482372522
sub-200367335302,23.0,26.216615785026598,3.2166157850265975
sub-200503449675,27.0,19.396117428627303,-7.603882571372697
sub-200688160174,23.0,26.845236018480144,3.8452360184801435
sub-200829694210,21.0,20.406566141258903,-0.593433858741097
sub-200978776791,18.0,22.432918617018228,4.4329186170182275
sub-201390671874,13.30684932,9.68632581264738,-3.620523507352619
sub-202036712129,21.0,15.519482874531345,-5.480517125468655
sub-202057545121,22.5,23.840683858484294,1.3406838584842937
sub-202617672982,11.28493151,14.417747106277808,3.1328155962778084
sub-202694887076,23.0,26.250988336830808,3.250988336830808
sub-203218358650,25.0,31.623367296779335,6.623367296779335
sub-203693889668,23.0,30.989498719338783,7.989498719338783
sub-203856470224,65.85352498288843,50.98969718694226,-14.863827795946172
sub-204753452338,19.0,26.327584330970915,7.3275843309709146
sub-204882758146,72.3258042436687,82.33413551473271,10.008331271064009
sub-205057332807,23.0,24.465877322537068,1.465877322537068
sub-205303482394,23.34839151266256,19.187317889825472,-4.161073622837087
sub-205485410446,27.0,24.59001225293012,-2.4099877470698807
sub-205762939076,20.0,25.771652462971115,5.771652462971115
sub-206044002155,19.0,21.342493265427056,2.3424932654270556
sub-206099391777,29.0,29.646454066396117,0.6464540663961174
sub-206369659892,26.03,23.886339686842362,-2.143660313157639
sub-206815249910,45.7741273100616,49.92591362367311,4.15178631361151
sub-206949772311,10.78082192,10.762169123870466,-0.0186527961295333
sub-207042049080,21.0,19.12488022124888,-1.8751197787511202
sub-207254625725,21.0,17.12461955493297,-3.87538044506703
sub-207275791415,78.20396988364135,70.03081357974852,-8.173156303892824
sub-207858828670,19.0,19.50575914299902,0.5057591429990183
sub-208102410175,27.5,24.756719668374156,-2.7432803316258436
sub-209038064880,21.0,26.632922651973225,5.6329226519732245
sub-209223851167,18.5818,16.73973154114359,-1.84206845885641
sub-209325230764,16.0,17.347774465668856,1.3477744656688557
sub-209401728890,19.0,20.389016568321452,1.389016568321452
sub-209571211775,15.25,21.78727040074717,6.537270400747168
sub-209581014407,10.0,6.754449430090329,-3.245550569909671
sub-209902813254,21.22,21.64260040380598,0.42260040380597985
sub-210027157954,11.0,12.001901932697525,1.0019019326975247
sub-210286147525,21.0,22.18291336042188,1.1829133604218782
sub-210405402058,27.5,24.19531840424682,-3.3046815957531805
sub-211479171648,30.0,31.033187581650395,1.0331875816503953
sub-211632456861,21.0,20.60753027432264,-0.3924697256773584
sub-211700292441,8.0,14.75603707962329,6.75603707962329
sub-211816595199,45.61533196440794,50.14790415911433,4.53257219470639
sub-211954748415,12.0,11.533873486740644,-0.46612651325935595
sub-212082942916,19.0,21.164107944784284,2.164107944784284
sub-212174852658,19.0,11.121352238660297,-7.878647761339703
sub-212519080242,27.5,25.074026114756027,-2.425973885243973
sub-212864828873,22.5,28.063746946615247,5.563746946615247
sub-213073713974,11.8816,7.863635054974086,-4.0179649450259145
sub-213494831059,11.1999,6.117799093468207,-5.082100906531792
sub-213536717598,30.0,21.184813601804272,-8.815186398195728
sub-213706959470,19.0,17.721341147088932,-1.278658852911068
sub-214324126120,21.0,20.945254071342465,-0.05474592865753536
sub-214490071049,6.685832,4.232476871218886,-2.453355128781115
sub-214736954511,27.0,25.461061920977045,-1.5389380790229552
sub-215260895776,21.0,13.113589344004945,-7.886410655995055
sub-215309667822,23.0,23.050344082985923,0.05034408298592297
sub-215419545430,13.66,12.227484639122089,-1.432515360877911
sub-215886595624,27.5,29.167443264398038,1.6674432643980381
sub-216116849338,23.0,20.512769922272984,-2.487230077727016
sub-216155634163,48.0,40.325764889309085,-7.6742351106909155
sub-216284306640,21.0,26.897712248659897,5.8977122486598965
sub-216437025414,14.4,9.844466649644406,-4.555533350355594
sub-216691637184,29.0,28.664292584009704,-0.33570741599029574
sub-217201093508,25.0,20.51569402102204,-4.484305978977961
sub-217737190292,16.1,20.447463561366252,4.347463561366251
sub-218043359082,13.28,6.075320370063334,-7.204679629936665
sub-218188880547,22.5,22.139318326931683,-0.3606816730683171
sub-218293958057,25.0,20.16482779574632,-4.835172204253681
sub-218365089631,21.0,16.667117082030654,-4.332882917969346
sub-218946650908,20.0,24.924665747834954,4.924665747834954
sub-219362965054,21.0,19.855191034214755,-1.144808965785245
sub-219534619012,19.0,12.520908459697983,-6.479091540302017
sub-220335571493,25.0,39.560372459020414,14.560372459020414
sub-220370805249,21.0,21.63473117493782,0.6347311749378193
sub-220390354293,21.0,14.741763057939929,-6.258236942060071
sub-221187714859,21.0,18.997202718762736,-2.002797281237264
sub-221201405517,41.20465434633813,44.072231793584024,2.8675774472458926
sub-221264002579,24.0,21.186012697257887,-2.813987302742113
sub-221319995904,19.0,16.59073363908999,-2.40926636091001
sub-221347736884,21.0,17.705063360918768,-3.2949366390812322
sub-221448045666,20.0,26.602993534059557,6.602993534059557
sub-221620880012,20.908966461327857,22.80647057335842,1.897504112030564
sub-222431356338,21.0,27.471666640624022,6.471666640624022
sub-222441587470,8.46,10.182373886121994,1.7223738861219928
sub-222716353013,25.0,40.004483023900214,15.004483023900214
sub-222856043629,9.5,16.4079432194891,6.907943219489098
sub-222857937247,11.0,11.989759668004652,0.9897596680046519
sub-223064692200,21.0,28.21268407459079,7.21268407459079
sub-223185119590,27.5,27.924193394500136,0.4241933945001364
sub-223760514375,21.0,19.888062540194863,-1.1119374598051373
sub-224217740103,62.5,54.04608333957535,-8.453916660424653
sub-224367464213,23.0,24.37059409313465,1.370594093134649
sub-224456072364,19.0,15.992557604489114,-3.0074423955108855
sub-225032756965,19.0,19.498185835108963,0.49818583510896275
sub-225227561439,11.07,5.892725039542611,-5.177274960457389
sub-225288020622,19.0,23.31637485150369,4.316374851503689
sub-225338597322,27.0,22.89941490545349,-4.10058509454651
sub-225495052599,25.0,24.663570423043247,-0.33642957695675335
sub-225761821123,67.5,49.94040278252608,-17.55959721747392
sub-225907205512,14.41,21.826556512946762,7.416556512946762
sub-225946046364,19.0,22.396391733846148,3.396391733846148
sub-226154264891,19.0,21.27923081716585,2.2792308171658497
sub-226452786587,26.0,22.741651620508726,-3.2583483794912738
sub-226781082361,25.0,24.65509648237515,-0.34490351762485005
sub-226872124353,18.0,18.980401521089007,0.9804015210890071
sub-228370965361,24.0,26.167724944730832,2.167724944730832
sub-228560693895,22.5,33.9207210173562,11.4207210173562
sub-228707233803,24.3750855578371,19.167126313728716,-5.207959244108384
sub-229077327791,15.0,20.16001976652933,5.160019766529331
sub-229294744251,27.0,18.545800164518724,-8.454199835481276
sub-229531083910,21.0,23.621337710484646,2.621337710484646
sub-229569889740,9.82,7.358532375441605,-2.461467624558395
sub-230496424118,78.5845311430527,79.9214506199559,1.336919476903205
sub-230539378159,11.14794521,7.383850915423512,-3.7640942945764877
sub-231330798218,10.29589041,2.6766243450859335,-7.619266064914067
sub-231581179705,21.0,19.624131346892263,-1.3758686531077373
sub-231906033276,9.64109589,14.914466519120596,5.2733706291205955
sub-231974987170,30.89390828199863,35.796426371023074,4.9025180890244435
sub-232331035108,72.5,86.92157811847883,14.421578118478834
sub-232603114020,21.0,19.73540707099019,-1.2645929290098117
sub-232874226715,19.0,14.869365145339533,-4.130634854660467
sub-232903721765,19.0,18.53096594743666,-0.46903405256334096
sub-232954346633,22.5,30.2725508930455,7.772550893045501
sub-233320582225,23.0,24.491089156195454,1.4910891561954536
sub-233439764905,21.0,24.400684061365403,3.4006840613654035
sub-234024541244,25.0,28.30881497192792,3.3088149719279194
sub-234330619817,21.0,23.93974693773997,2.9397469377399688
sub-234533737919,11.0,10.086779558847969,-0.9132204411520313
sub-234544356705,23.0,15.777343983346036,-7.222656016653964
sub-234754984795,24.0,27.75547288334493,3.755472883344929
sub-235188204269,19.0,20.649754985844943,1.6497549858449432
sub-235364138668,25.0,19.66985791410663,-5.330142085893371
sub-235909880442,21.0,22.10473201379205,1.1047320137920487
sub-236070480159,15.0,13.157955219383496,-1.8420447806165043
sub-236684962470,31.134839151266256,28.574515753119954,-2.560323398146302
sub-236877858843,21.0,17.305385958391007,-3.694614041608993
sub-237021285455,27.0,31.16365806111587,4.163658061115871
sub-237188599607,16.6,11.001653462607067,-5.598346537392935
sub-237453925731,23.0,17.734697385069524,-5.2653026149304765
sub-237774525299,24.0,22.58884637758691,-1.4111536224130887
sub-238305757701,21.0,23.48162416356545,2.4816241635654492
sub-238319148726,30.0,30.34671968056253,0.3467196805625292
sub-238501970612,21.0,21.65810143222388,0.6581014322238801
sub-238515208525,21.0,18.777248713828754,-2.2227512861712455
sub-238616702365,63.4031485284052,76.71950702967948,13.31635850127428
sub-238824792464,21.0,22.410434033396022,1.4104340333960224
sub-238840828064,12.65753425,2.4959508005838202,-10.16158344941618
sub-238860242118,19.0,19.11921551738334,0.11921551738333847
sub-239134718630,21.0,26.850056482337266,5.850056482337266
sub-239489511795,13.5,14.246636488579263,0.7466364885792629
sub-239529578005,43.460643394934976,51.80195683288704,8.341313437952067
sub-239667774037,19.0,16.167191704877396,-2.8328082951226037
sub-240000170343,13.35,13.279892557432971,-0.0701074425670285
sub-240663724967,20.698151950718685,27.587022516634786,6.8888705659161005
sub-240921511661,19.0,21.005287691343106,2.0052876913431064
sub-241089644624,37.0,23.451733835500313,-13.548266164499687
sub-241198125340,21.0,19.75351621108055,-1.2464837889194484
sub-241456506011,14.2,15.82666112643953,1.6266611264395312
sub-241645046959,19.0,20.773158403778027,1.7731584037780266
sub-241645657962,21.0,25.358566549020193,4.358566549020193
sub-241739908307,79.0,77.73618570148923,-1.2638142985107663
sub-241934772035,27.38398357289528,34.61999676500842,7.236013192113145
sub-242113707606,25.0,25.294303687752098,0.29430368775209814
sub-242581855070,53.41273100616017,51.34623354188598,-2.0664974642741925
sub-242738003665,21.0,19.19652608009494,-1.8034739199050591
sub-242962705641,21.0,18.077969267962658,-2.922030732037342
sub-243251639637,21.0,22.545618957264068,1.5456189572640682
sub-244062002869,8.0,8.259908506868406,0.25990850686840616
sub-244085485212,10.4,11.57367254792064,1.1736725479206402
sub-244687579716,19.0,20.620170289500745,1.620170289500745
sub-244803317233,70.0,49.56594443079715,-20.434055569202847
sub-244867958007,38.902121834360024,41.605842085483374,2.7037202511233502
sub-244954065411,19.0,21.76750128462093,2.7675012846209306
sub-245055811403,36.0,29.44376425202858,-6.556235747971421
sub-245235309359,21.0,26.931792085628853,5.931792085628853
sub-245306557719,30.0,20.674875114638795,-9.325124885361205
sub-247003464078,21.0,32.51076709455577,11.510767094555767
sub-247404824122,19.0,16.520718744563702,-2.479281255436298
sub-247463425270,21.0,26.667363381107133,5.667363381107133
sub-247550701786,23.0,19.831193669990334,-3.168806330009666
sub-247787484871,23.0,25.728931049648867,2.7289310496488675
sub-248018078594,21.0,19.476145806825578,-1.5238541931744223
sub-248621586039,67.5,46.53069785536602,-20.96930214463398
sub-249349570195,19.0,28.90650034641318,9.906500346413178
sub-249453595661,17.1,14.383070795393756,-2.716929204606245
sub-249490422156,17.13,15.245855280420807,-1.8841447195791918
sub-249622142769,27.5,33.4715435120755,5.971543512075499
sub-250216400468,19.0,17.84311921672488,-1.1568807832751205
sub-250479162697,59.38124572210815,64.05910912131722,4.677863399209073
sub-250511855843,8.9747,19.06818213651121,10.093482136511211
sub-250517852869,9.4,12.192388529405221,2.792388529405221
sub-250739202322,23.0,23.48804889516225,0.48804889516225103
sub-250777583312,22.0,21.590336492271756,-0.40966350772824356
sub-250985467668,19.0,24.684683671190452,5.684683671190452
sub-251108118714,40.5284052019165,36.899141864364054,-3.6292633375524446
sub-251152153076,27.0,26.981457583358512,-0.01854241664148759
sub-251224069006,21.0,22.612897577479448,1.6128975774794476
sub-251630004450,29.0,30.97627717613176,1.9762771761317595
sub-251693910372,11.0,6.862138399342129,-4.137861600657871
sub-252483776634,19.0,9.34571358954243,-9.65428641045757
sub-252614167190,19.0,15.479190800595193,-3.520809199404807
sub-252670417736,19.0,17.367619477669756,-1.6323805223302443
sub-252716718575,21.0,21.185135311366835,0.18513531136683525
sub-252717977376,68.50924024640658,64.05182585738605,-4.457414389020528
sub-252880188419,17.56,24.45918252077263,6.89918252077263
sub-253019663551,19.5,19.130676965598997,-0.36932303440100256
sub-253582671864,23.0,19.416873828811198,-3.583126171188802
sub-253628051441,19.0,24.234638001883514,5.234638001883514
sub-254063930053,43.16221765913758,44.86539107810826,1.7031734189706782
sub-254246195492,19.0,24.626755389576335,5.626755389576335
sub-254729298278,42.5,38.111693688254974,-4.388306311745026
sub-255136963981,28.0,27.88312353936399,-0.11687646063601065
sub-255360929670,29.0,29.318797280416643,0.3187972804166428
sub-255727004569,19.0,15.609167107961541,-3.3908328920384587
sub-255882149200,56.67624914442163,42.7121253742789,-13.964123770142734
sub-256138999520,22.5,20.73373671380867,-1.7662632861913288
sub-256341839765,56.9637234770705,53.16466050712475,-3.7990629699457514
sub-256357251266,59.671457905544145,54.57528184455842,-5.0961760609857265
sub-256511281689,19.0,21.28309911428621,2.283099114286209
sub-256844989684,25.0,17.782827589739654,-7.217172410260346
sub-257021428477,19.0,17.54789935665891,-1.4521006433410903
sub-257828464685,19.0,23.73701081956834,4.73701081956834
sub-258048891312,21.0,21.099400789158825,0.09940078915882467
sub-258374254828,19.0,26.26412970819502,7.264129708195021
sub-258404721857,22.0,23.203673113652595,1.203673113652595
sub-259351679051,21.0,20.68479297905114,-0.3152070209488613
sub-259391245786,59.0,47.244779965227316,-11.755220034772684
sub-259424184976,11.0,10.160262957738281,-0.839737042261719
sub-259547897813,19.0,17.266235812597614,-1.733764187402386
sub-260062396891,19.0,20.533323177258108,1.533323177258108
sub-260346128610,9.0,6.221917203735249,-2.7780827962647514
sub-261295933568,13.0,18.13860797948513,5.13860797948513
sub-261666162953,28.0,46.047240827053464,18.047240827053464
sub-262202743250,13.1,20.35566319043646,7.25566319043646
sub-262457593277,21.0,20.8173877705784,-0.1826122294216006
sub-263819529475,33.91649555099247,34.598061178220085,0.6815656272276129
sub-264104876540,21.0,25.79008633343722,4.79008633343722
sub-264717518453,19.0,17.093507520390368,-1.906492479609632
sub-264782182812,55.0,66.81600472715294,11.816004727152944
sub-265153296950,13.5,8.832067471171904,-4.667932528828096
sub-265273157235,29.0,29.545124982872835,0.5451249828728351
sub-265534577682,13.8,16.89992966155193,3.099929661551929
sub-265685893940,23.0,14.577087302128154,-8.422912697871846
sub-266307733456,25.0,19.245096652431062,-5.754903347568938
sub-266666775428,12.0,9.597507527222344,-2.4024924727776558
sub-268040113669,21.0,17.621420469979192,-3.378579530020808
sub-268081601695,12.0,15.726026648697616,3.7260266486976157
sub-268346653282,22.0,17.583623084797473,-4.416376915202527
sub-268420839498,28.120465434633807,39.41632528452004,11.295859849886234
sub-268879454052,61.48665297741273,51.099116296927804,-10.387536680484928
sub-269394554138,29.0,28.114846423336775,-0.8851535766632246
sub-269603671377,19.0,25.73383106448196,6.7338310644819614
sub-269937866674,21.0,18.352241968513976,-2.647758031486024
sub-270347217232,26.0,23.586456291028277,-2.413543708971723
sub-270971154789,21.0,24.001696675261837,3.0016966752618366
sub-271317255923,23.69883641341547,31.020687689150492,7.321851275735021
sub-271649634632,21.0,26.6939923881333,5.693992388133299
sub-271688697419,29.0,24.94983008705013,-4.050169912949869
sub-271880337764,19.0,25.962346082170484,6.962346082170484
sub-272699721591,21.0,20.45717127371566,-0.5428287262843412
sub-272887401785,21.0,22.460645960741132,1.4606459607411324
sub-273169726487,19.0,29.436377906657015,10.436377906657015
sub-273391779679,38.78165639972622,44.81095002374476,6.029293624018543
sub-273534194914,10.79,8.639463630284318,-2.150536369715681
sub-273748695345,19.0,18.974004382680576,-0.025995617319424014
sub-273799460640,8.062971000000001,3.65900554478975,-4.403965455210251
sub-273878067755,10.0,9.993381705230831,-0.006618294769168642
sub-274268361591,72.5,50.664369935798355,-21.835630064201645
sub-274305053661,23.0,25.671271242427807,2.6712712424278067
sub-274663764893,19.0,18.844580194786303,-0.1554198052136968
sub-275393428702,21.0,27.336201253868335,6.336201253868335
sub-275672449200,21.0,20.23181372891312,-0.7681862710868792
sub-275841492998,30.0,19.806555512610466,-10.193444487389534
sub-276219914266,28.0,17.77334173384498,-10.22665826615502
sub-276300333762,19.0,19.299036121044395,0.29903612104439503
sub-276630944980,72.5,60.43554548440062,-12.06445451559938
sub-276750471965,13.0,12.689396872267046,-0.3106031277329535
sub-277072542882,27.0,23.984597904308533,-3.015402095691467
sub-277563534370,19.0,19.21604198900861,0.21604198900860894
sub-278098605573,17.2,22.193670419602476,4.993670419602477
sub-278306641376,19.0,17.15220042512898,-1.8477995748710185
sub-278339857109,12.66027397,20.472265360162243,7.811991390162243
sub-278388213595,23.0,29.031836278598128,6.031836278598128
sub-278820149983,21.0,24.311258188294868,3.311258188294868
sub-278859613706,8.375086,2.4961600294513246,-5.878925970548675
sub-279716221372,13.0,9.896173459415877,-3.103826540584123
sub-280353298061,23.0,28.69316163134189,5.693161631341891
sub-280491821637,11.04109589,10.040139618172944,-1.0009562718270555
sub-280829663174,27.5,20.31807305181544,-7.181926948184561
sub-281171079038,19.0,19.302160785790278,0.30216078579027794
sub-281250458251,10.29,9.31372646555101,-0.976273534448989
sub-282274124491,13.24931507,8.15426960885777,-5.095045461142229
sub-283866019979,25.0,24.76950090045319,-0.2304990995468117
sub-284188545251,21.0,19.908484568370003,-1.0915154316299969
sub-284462322919,36.47912388774811,39.45246531146648,2.9733414237183737
sub-284467484968,25.0,25.050946525341075,0.050946525341075244
sub-284931213796,9.745205479,8.458162218411779,-1.28704326058822
sub-284979093050,25.0,27.49061952769438,2.490619527694381
sub-285593347262,21.0,17.47019392600052,-3.529806073999481
sub-285839371492,12.0,13.568719506834938,1.5687195068349382
sub-286013330597,12.16438356,8.928199207806994,-3.236184352193005
sub-286260365723,6.329911,7.033232494303217,0.7033214943032169
sub-286377011623,19.0,19.46593623582012,0.46593623582012
sub-287060632619,23.0,17.76604817586617,-5.233951824133829
sub-287389356878,74.0,50.16537840314405,-23.834621596855953
sub-287470725724,14.0,18.18330098940103,4.18330098940103
sub-287536234169,21.0,21.7743121909038,0.7743121909037995
sub-287677435094,21.0,24.793346952600835,3.793346952600835
sub-287694968928,58.28062970568104,68.18846967946865,9.907839973787617
sub-288219585847,21.0,22.391687590468038,1.3916875904680381
sub-288264084208,7.764544832,16.904530101128472,9.139985269128472
sub-288275511552,57.06776180698152,48.85680556763628,-8.210956239345244
sub-289431285739,14.0,10.626642239403616,-3.3733577605963845
sub-289461458220,18.0,20.5506414589635,2.5506414589635007
sub-289686316524,23.0,23.84420128470471,0.8442012847047096
sub-290730786497,41.122518822724146,41.37209847422122,0.24957965149707206
sub-290821153245,19.0,24.967735618311927,5.967735618311927
sub-290836566577,23.0,26.65960196779658,3.659601967796579
sub-291587861176,16.104,18.697053361598943,2.593053361598944
sub-291670704840,14.0,14.494616029516148,0.49461602951614836
sub-291992215520,19.0,17.77498240985441,-1.2250175901455904
sub-292093039235,21.0,23.91333289863856,2.9133328986385614
sub-292163783288,41.51950718685831,49.950711970663576,8.431204783805264
sub-292562158968,19.0,14.025045038835547,-4.974954961164453
sub-292931997189,10.82,17.884632723013304,7.064632723013304
sub-292984908300,23.0,20.25842636478325,-2.7415736352167492
sub-293152138205,19.0,18.25079178038743,-0.7492082196125693
sub-293359437443,23.0,23.6003975675602,0.6003975675602007
sub-293445012236,25.018480492813143,18.639647911773775,-6.378832581039369
sub-294096075340,25.0,36.54246815327643,11.542468153276431
sub-294920124233,19.0,24.407574737621385,5.407574737621385
sub-295055472914,14.0,19.730557200544517,5.730557200544517
sub-295441371216,22.0,22.687164360607085,0.6871643606070847
sub-295485375852,13.0,12.724293117054355,-0.27570688294564505
sub-295664409002,23.0,32.61838099218821,9.618380992188207
sub-295818217348,21.0,19.01247375607175,-1.9875262439282508
sub-296199045528,22.5,20.20555008058411,-2.2944499194158894
sub-296427539569,19.0,24.05540126927664,5.05540126927664
sub-296480886181,25.0,21.72204810689817,-3.2779518931018288
sub-296656452301,19.0,16.992761714565592,-2.0072382854344077
sub-296950225202,72.5,47.548623381296196,-24.951376618703804
sub-297343119496,21.0,19.027967429534655,-1.9720325704653447
sub-298312793047,21.0,22.30920063725773,1.3092006372577316
sub-298381638165,15.0,15.31396478169723,0.31396478169722997
sub-298394215355,19.0,24.307152640320275,5.307152640320275
sub-299053759850,67.0,57.588319854193095,-9.411680145806905
sub-299128749353,13.0,13.734611716508947,0.7346117165089474
sub-299189190633,21.0,18.954268068939562,-2.0457319310604376
sub-299515347423,19.0,17.933532511965222,-1.0664674880347782
sub-299651462165,21.0,18.17943321817228,-2.8205667818277185
sub-299666419729,30.0,21.350897922619477,-8.649102077380523
sub-299690677871,32.0,32.85762963083503,0.857629630835028
sub-299813216713,19.0,19.81833953670996,0.81833953670996
sub-299898598078,24.0,31.04812081494571,7.048120814945712
sub-300059242922,21.0,21.54894072263862,0.5489407226386191
sub-300202586409,21.0,22.132287069653646,1.1322870696536462
sub-300521812714,32.0,29.15649625944675,-2.843503740553249
sub-300699768338,23.0,25.022427774090378,2.022427774090378
sub-300869797602,23.0,20.840473888346985,-2.1595261116530153
sub-301313422615,23.0,25.00465838982629,2.0046583898262895
sub-302717422870,57.22108145106093,46.030887612633606,-11.190193838427327
sub-303198127376,67.53456536618754,54.1648745575233,-13.369690808664238
sub-303310574754,72.5,66.79133584343349,-5.708664156566513
sub-303698168005,70.24777549623546,68.29229436653036,-1.955481129705106
sub-303933482994,21.0,23.002513104858018,2.002513104858018
sub-304120926484,12.0,11.012889091366503,-0.9871109086334968
sub-304156026895,21.0,20.905773463495905,-0.09422653650409529
sub-304598813829,25.0,26.519144074903608,1.5191440749036076
sub-304646821863,19.0,15.438861789654041,-3.561138210345959
sub-305035849276,25.0,18.86052408425386,-6.139475915746139
sub-305193425414,8.583333332999999,7.8503716919039235,-0.7329616410960753
sub-305446044226,26.92950034223135,22.524228723794565,-4.405271618436785
sub-305664557456,25.0,20.27126377749994,-4.728736222500061
sub-305971565873,19.0,12.419255072003127,-6.580744927996873
sub-306129715275,12.0,15.212281884765556,3.212281884765556
sub-306285398472,13.0,15.650145458964829,2.650145458964829
sub-306640245722,33.0,31.017084969484944,-1.9829150305150556
sub-306848656753,8.39,11.806677863049881,3.4166778630498804
sub-307350205323,32.936344969199176,40.92969007540219,7.993345106203016
sub-307727489701,23.0,26.72868742150158,3.7286874215015793
sub-308203540046,23.0,51.36810575932712,28.368105759327122
sub-308416050275,21.0,24.091120940535752,3.0911209405357525
sub-309024406654,12.3477,11.674063028441827,-0.6736369715581727
sub-309443085461,18.0,19.847793374512968,1.8477933745129675
sub-309746819287,30.417522245037645,32.078131953834294,1.660609708796649
sub-309832555943,44.093086926762496,46.20599933037367,2.112912403611176
sub-309845444862,57.5,48.71762132971067,-8.782378670289333
sub-310729634371,14.0,15.257714516675065,1.2577145166750654
sub-310730152538,28.933607118412045,30.42488796175116,1.4912808433391156
sub-310760540924,21.0,24.487130669079846,3.4871306690798463
sub-310792111263,31.2827,21.107335788908742,-10.175364211091257
sub-310907729263,70.55989048596851,62.77697421543103,-7.782916270537477
sub-310951661896,25.0,24.865105694488093,-0.1348943055119065
sub-311225423865,6.0,17.5896379089491,11.5896379089491
sub-312033062176,19.0,18.087076614032174,-0.9129233859678259
sub-312401593415,40.81314168377824,45.70627724647641,4.89313556269817
sub-312461126831,19.0,26.68726757125887,7.687267571258872
sub-312712182553,10.72,17.96783431540097,7.24783431540097
sub-313276563858,25.0,27.672756141939047,2.672756141939047
sub-313720413578,27.4114,39.089261971585685,11.677861971585685
sub-313783979215,23.0,21.424278718520473,-1.5757212814795274
sub-314160125753,27.0,23.632092974445385,-3.367907025554615
sub-314392017666,21.0,18.38575289076572,-2.614247109234281
sub-314576902106,23.0,25.32698063122446,2.3269806312244583
sub-314632035565,23.0,17.761746224241573,-5.238253775758427
sub-314809725029,14.0,15.707449426329834,1.707449426329834
sub-315096818503,7.0,17.553287805662116,10.553287805662116
sub-315163558934,19.0,16.71843705092425,-2.2815629490757487
sub-315326586497,66.37371663244353,52.64906138295258,-13.72465524949095
sub-315766466513,19.0,20.340335640971944,1.3403356409719436
sub-316019186858,23.0,29.57062792037385,6.570627920373848
sub-316838712821,69.28952772073922,61.73740623996772,-7.552121480771497
sub-317505052751,21.0,24.570291679595634,3.570291679595634
sub-317592679020,22.5,25.30732484910701,2.8073248491070117
sub-318449589396,25.927446954141,30.211188763804913,4.283741809663912
sub-318523911068,19.0,17.74816216821574,-1.2518378317842611
sub-318586218751,8.912328767,8.746956136796477,-0.16537263020352277
sub-318712015856,62.68035592060232,60.27452688602198,-2.4058290345803357
sub-318994317964,16.0,11.433888951028354,-4.566111048971646
sub-319179226836,21.0,25.645822577215633,4.6458225772156325
sub-319525352770,61.58795345653662,68.3502789521345,6.762325495597885
sub-319716522814,19.0,23.02641256505833,4.02641256505833
sub-319982702208,9.7201,12.892665351380074,3.172565351380074
sub-320209332584,20.8,18.987915165638213,-1.8120848343617872
sub-320367804429,10.63013699,10.299348491134717,-0.3307884988652834
sub-320423880026,25.0,17.361195505144345,-7.6388044948556555
sub-320966169093,21.0,18.199687356348512,-2.8003126436514876
sub-321009379265,22.5,26.48469088638377,3.9846908863837704
sub-322828430074,24.0,28.060460722485146,4.060460722485146
sub-322877038510,37.21013004791239,40.20782726152542,2.99769721361303
sub-322973581068,11.67,13.167655648583725,1.4976556485837254
sub-323003434264,23.0,27.74595789371769,4.745957893717691
sub-323188212103,18.7379,27.977528443205003,9.239628443205003
sub-323546159905,19.0,23.81553311676545,4.815533116765451
sub-323928652465,19.0,11.266049137360106,-7.733950862639894
sub-324113689628,21.0,19.63646436232233,-1.3635356376776713
sub-324287385116,60.86789869952089,62.212691393788376,1.3447926942674826
sub-324608238151,8.7,11.099928017678039,2.3999280176780395
sub-324666272814,23.0,26.638898269564848,3.638898269564848
sub-324821590774,9.0,12.562268007989147,3.5622680079891467
sub-325005086709,19.0,26.56687303957795,7.566873039577949
sub-325116559617,21.0,36.227104096692656,15.227104096692656
sub-325497793662,19.0,20.63670527251888,1.6367052725188813
sub-326017893990,72.14510609171799,70.21695693662238,-1.9281491550956105
sub-326198300394,22.5,25.47169428643993,2.9716942864399307
sub-326361078662,56.2,52.62980156147676,-3.570198438523242
sub-326546999502,7.7502,5.1721997854811335,-2.578000214518867
sub-326649012046,19.0,25.769504866590616,6.769504866590616
sub-326678679771,28.996577686516083,41.032548203039184,12.0359705165231
sub-326733202937,19.0,20.156495262484558,1.1564952624845581
sub-327435196846,13.0,14.753412775818026,1.7534127758180258
sub-327818254945,74.6365503080082,66.1170821984011,-8.51946810960709
sub-328411797408,21.0,25.661684360352076,4.661684360352076
sub-328703488095,27.0,23.470216596072916,-3.529783403927084
sub-329074353178,19.0,17.043728409963286,-1.9562715900367138
sub-329113742821,21.0,22.743250799430573,1.743250799430573
sub-329178400817,25.0,27.726001518126104,2.726001518126104
sub-329448724359,18.0,14.734597453749938,-3.265402546250062
sub-329453058291,21.0,25.153552100935656,4.153552100935656
sub-329510193737,16.66,17.87230580490765,1.2123058049076505
sub-329524874913,23.0,27.82267124872136,4.82267124872136
sub-329566651189,19.0,27.259163720825907,8.259163720825907
sub-329567117750,11.0,10.405168922271269,-0.5948310777287311
sub-329979629812,19.0,15.073847873733676,-3.9261521262663237
sub-330153651241,19.0,22.26706229744194,3.2670622974419388
sub-330412849241,19.0,21.802676093810298,2.802676093810298
sub-330605044269,21.0,21.69371816797414,0.69371816797414
sub-331339723620,19.0,21.61207184510904,2.612071845109039
sub-331344566757,73.0,65.40854699364617,-7.591453006353831
sub-331566282606,24.62149212867899,26.299839821609766,1.6783476929307746
sub-331581518043,63.83572895277207,58.05743229804447,-5.778296654727605
sub-331640023396,18.0,14.298669411213961,-3.701330588786039
sub-333365007279,19.0,18.724486472106953,-0.27551352789304673
sub-333565589079,7.0,21.818030518427875,14.818030518427875
sub-333583533583,24.0,25.887917837604796,1.887917837604796
sub-333684578808,11.66027397,12.187978609018613,0.5277046390186122
sub-333770090916,55.63586584531143,57.97004129160979,2.33417544629836
sub-334015511861,8.0,12.534147912457886,4.534147912457886
sub-334231800739,21.0,19.429293555117525,-1.5707064448824752
sub-334236675736,26.0,24.890630652319594,-1.1093693476804063
sub-334239670511,19.0,18.39108085619072,-0.6089191438092811
sub-334327381873,63.663244353182755,53.5643307236751,-10.098913629507656
sub-334710741179,9.021917808,6.000160108859909,-3.0217576991400907
sub-334925895861,33.0,32.15737484602091,-0.8426251539790925
sub-334998047154,19.0,29.90348731867963,10.90348731867963
sub-335118521931,21.0,26.82462789727147,5.824627897271469
sub-336517455359,23.0,24.777170128369868,1.7771701283698675
sub-336832105241,32.5,28.7608255624026,-3.7391744375973985
sub-337161398064,23.0,21.22294472539022,-1.7770552746097792
sub-337609361472,21.0,21.08456128181387,0.08456128181386902
sub-337864103314,23.0,23.977852241800385,0.9778522418003845
sub-338078821659,14.0,14.067886837963822,0.06788683796382244
sub-338866539867,27.5,22.300493247276307,-5.199506752723693
sub-338890021385,25.0,28.06799478332067,3.067994783320671
sub-339410322806,23.0,19.18551043225193,-3.814489567748069
sub-339463534591,19.0,11.525116977608498,-7.474883022391502
sub-339606210085,21.0,17.78578058824956,-3.2142194117504417
sub-340211623411,22.0,27.542250448557688,5.542250448557688
sub-340425446065,53.32785763175906,54.37255097017545,1.0446933384163941
sub-340884207361,42.151950718685825,36.975758604604096,-5.176192114081729
sub-341026253050,69.54688569472964,83.00817931765843,13.461293622928793
sub-341129349615,8.898630137,14.585609336857443,5.6869791998574435
sub-341274549863,21.0,16.333890811567855,-4.666109188432145
sub-341486332051,9.0,10.304144017350783,1.304144017350783
sub-341598013517,54.74332648870637,57.24053986758307,2.497213378876694
sub-341853067493,9.9,11.854517530279633,1.9545175302796327
sub-342263404069,25.0,33.81886026830394,8.818860268303943
sub-342594433655,28.0,27.583533021964886,-0.416466978035114
sub-342678331032,10.0,10.796363409151112,0.7963634091511125
sub-343000404329,27.5,32.504597523283884,5.004597523283884
sub-343048366064,19.0,11.516553627717718,-7.483446372282282
sub-343316485262,11.323,17.226389328336428,5.903389328336427
sub-343373917254,28.0,29.47435470338277,1.4743547033827689
sub-343433330208,23.0,26.645285687620166,3.6452856876201665
sub-343769189656,21.0,13.055512226791642,-7.944487773208358
sub-343940609775,22.0,22.980008055176047,0.9800080551760466
sub-344002344757,13.0,13.167995933829545,0.1679959338295447
sub-344117507142,43.82477754962355,37.04939227121379,-6.7753852784097575
sub-344931898645,9.0,5.555788957922697,-3.4442110420773027
sub-345201265289,32.5,28.011584727442493,-4.488415272557507
sub-345317688447,27.0,37.36875855432142,10.368758554321417
sub-345321776588,23.0,19.34481128442647,-3.65518871557353
sub-345577831841,23.0,22.179226538936618,-0.8207734610633821
sub-345708177080,33.59342915811088,35.00595055397858,1.4125213958676994
sub-345814656280,81.94113620807666,89.34383820452814,7.4027019964514835
sub-345990586356,21.0,21.54567185145757,0.5456718514575698
sub-346184404122,22.5,20.620813054695944,-1.8791869453040562
sub-346320393320,27.5,29.875225072784552,2.375225072784552
sub-346545954848,11.15890411,14.361003439779957,3.2020993297799567
sub-346578532827,26.0,23.149133163379485,-2.850866836620515
sub-347308296503,22.0,23.13400686983662,1.1340068698366217
sub-347451361275,30.0,-13.385412942965395,-43.385412942965395
sub-347536493520,21.0,28.025524235985262,7.025524235985262
sub-347793800576,22.0,24.721317684852814,2.7213176848528136
sub-347809484806,22.5,29.325490690049335,6.825490690049335
sub-347834054808,27.0,23.694595047211614,-3.305404952788386
sub-348206206376,20.0,26.275746339991255,6.2757463399912545
sub-348472885765,23.0,20.888522819240187,-2.111477180759813
sub-348573416015,42.5,31.9325589072524,-10.5674410927476
sub-348791915798,21.0,21.721446855811486,0.7214468558114859
sub-349042220249,11.0,14.331201819019986,3.331201819019986
sub-349083925568,19.0,16.16073656347574,-2.8392634365242593
sub-349091379990,11.95068493,13.934073105437172,1.983388175437172
sub-349234485107,19.0,26.574657924532644,7.574657924532644
sub-349851138030,33.0,24.636825617039737,-8.363174382960263
sub-349981404460,19.0,19.162756046400382,0.1627560464003821
sub-350232178893,21.0,19.464086515920787,-1.535913484079213
sub-350614246455,21.0,16.435096375571298,-4.564903624428702
sub-351385167537,27.83572895277207,31.84419424151002,4.008465288737952
sub-351416711766,21.0,25.28500746319775,4.285007463197751
sub-351431035741,19.0,19.490625099811908,0.4906250998119077
sub-351489708854,19.0,20.97783815973171,1.9778381597317107
sub-351546374188,19.0,26.741199652872332,7.741199652872332
sub-351603832845,63.24709103353867,60.87119820087154,-2.375892832667134
sub-351668169349,19.0,18.51015344951767,-0.48984655048232995
sub-351877235707,24.0,30.091326781064577,6.091326781064577
sub-351910982438,21.0,23.80911794626095,2.809117946260951
sub-352012295215,21.0,21.316572239701063,0.3165722397010633
sub-352179726844,19.0,20.681102077142196,1.6811020771421958
sub-352464986144,20.0,19.2149301097553,-0.7850698902446993
sub-352892368365,10.0,16.492748464463997,6.492748464463997
sub-353103739610,34.1,36.75025526068657,2.6502552606865706
sub-353156518163,22.5,26.87164853206921,4.371648532069209
sub-353499953161,22.5,26.2720673276779,3.772067327677899
sub-353593360279,41.62,35.69991838914157,-5.920081610858425
sub-353927466643,21.0979,21.834664429425203,0.7367644294252038
sub-354022763474,23.0,24.93532129522174,1.9353212952217405
sub-354196077108,23.8466803559206,37.165716349005095,13.319035993084494
sub-354347287146,15.0,15.713768500226488,0.7137685002264877
sub-354836536215,18.75,21.58526010248111,2.8352601024811115
sub-354907815533,8.178082192,9.710765781848064,1.5326835898480642
sub-355310107861,21.0,21.76765257388625,0.7676525738862487
sub-355720694224,72.13141683778234,58.59021985059368,-13.541196987188663
sub-356042483824,19.0,20.56977341415593,1.5697734141559287
sub-356952233015,19.0,17.239806827041065,-1.7601931729589353
sub-357131710050,20.0,27.571171095008477,7.571171095008477
sub-357408449075,45.25667351129363,44.923315744004924,-0.33335776728870314
sub-357813435697,8.0,4.337191482776362,-3.662808517223638
sub-357880664413,21.0,26.01607718965407,5.0160771896540695
sub-358027372224,68.26830937713895,62.949058100489374,-5.319251276649574
sub-358063655154,21.0,23.199741071477135,2.199741071477135
sub-358153816547,18.2,13.124961397138435,-5.075038602861564
sub-358180723346,23.0,24.24500370192864,1.2450037019286384
sub-359665775969,13.0,14.189253495867277,1.189253495867277
sub-360345095022,23.0,24.98585379195696,1.9858537919569592
sub-360501602626,23.0,27.50422554287451,4.5042255428745115
sub-360897302316,21.0,21.04965875161132,0.049658751611321605
sub-361024685049,16.9,18.49759273438498,1.5975927343849818
sub-361390550814,12.08,15.88174570715498,3.8017457071549803
sub-361496299961,13.5,13.802464343060063,0.30246434306006265
sub-361497480263,25.0,30.425694552713917,5.425694552713917
sub-361621631193,21.0,20.557177600333183,-0.4428223996668166
sub-361639893379,19.0,16.699594036118548,-2.3004059638814525
sub-361759510060,23.0,22.616653596053798,-0.38334640394620223
sub-362543492336,25.0,25.503459402310583,0.5034594023105825
sub-363363913061,26.0,19.974371621036262,-6.025628378963738
sub-363459366347,33.0,31.908959968712182,-1.0910400312878181
sub-363511136031,41.20191649555099,33.070902567544294,-8.131013928006695
sub-364387139516,20.0,24.731314269512975,4.731314269512975
sub-365096018286,40.555783709787825,39.86660050004754,-0.6891832097402855
sub-365377487798,23.03901437371664,37.71078552193529,14.671771148218653
sub-365665621965,21.0,15.310982005906489,-5.689017994093511
sub-365929187605,23.0,26.736081478206643,3.7360814782066427
sub-365948065175,8.0,9.952125144052777,1.9521251440527774
sub-366125129833,19.0,23.890315604766027,4.890315604766027
sub-366419892031,27.0,24.595325738640796,-2.4046742613592045
sub-366954527967,10.25,5.944706324471774,-4.305293675528226
sub-366954944274,23.0,20.824036147399386,-2.1759638526006135
sub-367831112850,27.0,35.211518695253645,8.211518695253645
sub-368153573682,75.97262149212868,65.35224583383257,-10.620375658296112
sub-368447789543,53.53593429158111,49.57661355717714,-3.959320734403967
sub-368864599927,46.89664613278576,48.11386171658414,1.217215583798378
sub-368981431172,21.0,23.122779500901196,2.1227795009011956
sub-369377780623,23.0,25.983638890771996,2.9836388907719957
sub-369521632168,72.5,53.688234362335784,-18.811765637664216
sub-369829615819,68.12320328542093,57.049411066713745,-11.073792218707183
sub-369885949666,31.0,22.683191536753498,-8.316808463246502
sub-370345433121,14.0,14.604258351228948,0.6042583512289479
sub-371096451080,21.0,28.48484192284222,7.484841922842222
sub-371655681187,21.0,20.00290147935419,-0.9970985206458103
sub-371832295715,23.0,24.900728509176698,1.9007285091766981
sub-372353765912,21.0,25.614451098562874,4.614451098562874
sub-372729344859,46.59000684462697,49.492763551735294,2.902756707108324
sub-372796067335,34.0,26.45801028232199,-7.54198971767801
sub-372903120618,12.0,10.166941772832669,-1.8330582271673315
sub-373122705602,22.0,28.504367797548248,6.504367797548248
sub-373628596753,21.0,19.34055680699897,-1.6594431930010316
sub-373873295969,21.0,23.79042391217735,2.7904239121773493
sub-373939546182,21.0,25.35042076633007,4.350420766330071
sub-375011751246,21.0,18.773133149932626,-2.226866850067374
sub-375087699975,70.50239561943873,60.97587782644528,-9.526517792993452
sub-375721442544,25.21286789869952,33.37390217442255,8.161034275723026
sub-375744717263,19.0,20.05440996800328,1.0544099680032808
sub-375839754407,9.0,12.059963761170627,3.0599637611706267
sub-375914855182,29.0,26.944549635897918,-2.0554503641020823
sub-375939080828,27.0,23.477125243139835,-3.5228747568601655
sub-375954438630,9.3,3.496181542251392,-5.8038184577486085
sub-376021642604,11.0,10.012715351762651,-0.987284648237349
sub-376234889907,19.0,18.35678672016409,-0.6432132798359085
sub-376614727318,11.02465753,24.542175068662655,13.517517538662654
sub-376647528418,12.0,16.343928414395513,4.3439284143955135
sub-376916029284,46.00684462696783,52.12508351576878,6.118238888800946
sub-377530347743,25.0,25.21880194014203,0.21880194014202914
sub-377767908219,55.08829568788501,50.50222641257319,-4.5860692753118215
sub-377800494410,19.0,16.52769449207465,-2.4723055079253484
sub-378122195243,17.5,16.229485898188567,-1.2705141018114325
sub-378259915805,21.0,19.528128373014077,-1.4718716269859229
sub-378447768137,21.0,27.780588791329173,6.780588791329173
sub-378455376400,14.0,13.163593209654133,-0.8364067903458672
sub-378603840552,20.0,21.964593178751535,1.9645931787515352
sub-379219398221,21.0,26.51581770937802,5.51581770937802
sub-379233294160,56.438056125941145,65.16411318124139,8.726057055300245
sub-379901232997,9.156164384,17.333696796817573,8.177532412817573
sub-380007171793,27.0,24.080368909120498,-2.919631090879502
sub-380107200295,19.0,22.14680179971347,3.1468017997134687
sub-380291732370,19.0,23.655179442070043,4.655179442070043
sub-380421212894,19.0,19.56268502900527,0.5626850290052694
sub-380484222237,19.0,21.236775758870188,2.2367757588701878
sub-380938374512,23.0,29.48903064133914,6.489030641339141
sub-380942221635,12.0,18.036367753258382,6.036367753258382
sub-381299063045,21.0,15.740580612583685,-5.259419387416315
sub-381318055265,22.0,30.56778541851832,8.56778541851832
sub-382364549184,23.0,21.36594189613689,-1.6340581038631115
sub-382373781002,19.0,19.50243919586336,0.50243919586336
sub-382503391733,21.0,17.42917253501888,-3.5708274649811216
sub-382993467413,21.0,29.863707158283425,8.863707158283425
sub-383134182753,24.0,30.63495079535513,6.634950795355131
sub-383278900382,21.0,26.788906763690093,5.788906763690093
sub-383918872195,19.0,17.477381967414843,-1.5226180325851573
sub-384366007647,25.0,25.454291407318735,0.45429140731873474
sub-384430999120,19.0,16.3844106086895,-2.6155893913105004
sub-385702896791,19.0,21.895596952436172,2.895596952436172
sub-385965134643,48.0,36.280468376617584,-11.719531623382416
sub-386384203868,21.0,21.110456474608075,0.11045647460807473
sub-386443623879,19.0,23.176933446840355,4.176933446840355
sub-386477621787,39.0,33.978229785776804,-5.021770214223196
sub-386499017794,9.15,12.730535229917127,3.5805352299171265
sub-387138524123,78.07255304585901,73.35069505267131,-4.721857993187697
sub-387252211403,18.0,15.697948784607439,-2.302051215392561
sub-387293597353,21.0,18.233198324892484,-2.7668016751075157
sub-387627806786,19.0,22.96942660608332,3.9694266060833208
sub-387928413810,19.0,13.60518750509176,-5.3948124949082406
sub-387984296108,21.0,24.584494427253,3.5844944272529986
sub-388025307838,13.0,13.06659135655399,0.06659135655399062
sub-388132398369,19.0,15.36481755271063,-3.6351824472893703
sub-388296216663,12.60547945,15.717518172870053,3.112038722870052
sub-388946336311,41.889117043121146,40.545537918168364,-1.3435791249527824
sub-389059678082,9.282191781,11.585541514137745,2.303349733137745
sub-389128831451,21.0,20.344365658168844,-0.6556343418311563
sub-389237925618,29.2,30.13159852575488,0.9315985257548824
sub-389561985623,19.0,16.26703430136534,-2.7329656986346613
sub-389833780372,26.0,26.884000330329282,0.8840003303292825
sub-390641627114,24.0,21.485110352146737,-2.5148896478532627
sub-390696380218,27.0,24.176958645099234,-2.8230413549007665
sub-390946969743,10.10958904,11.896546487554016,1.7869574475540162
sub-391000843234,28.0,24.353141089301523,-3.6468589106984766
sub-391658536077,15.0,16.889299162211817,1.8892991622118167
sub-391717879650,19.0,19.910916999868633,0.9109169998686326
sub-392003255317,22.5,28.488584268674096,5.988584268674096
sub-392945946755,48.101300479123886,42.19971504951916,-5.901585429604722
sub-393287507182,27.0,14.625653485534553,-12.374346514465447
sub-394058698992,19.0,23.47032327484155,4.470323274841551
sub-394973589257,25.0,23.49768444543021,-1.5023155545697904
sub-395113287039,50.3956194387406,52.35997026239594,1.9643508236553373
sub-395205550869,69.27583846680356,62.92763461272388,-6.348203854079685
sub-395594591950,23.0,32.46829496791703,9.468294967917032
sub-395668270984,23.0,24.963237632537254,1.963237632537254
sub-395709751936,23.0,22.84403577596308,-0.15596422403692145
sub-395784692228,13.0,18.10174550899151,5.10174550899151
sub-397509469353,21.0,21.192227669955017,0.19222766995501672
sub-397541416103,9.819178082,12.638949391331817,2.8197713093318164
sub-397789536679,29.0,36.33256251467074,7.332562514670741
sub-398220399143,27.0,24.19782045391223,-2.802179546087771
sub-398724148083,15.6,16.190319244286545,0.5903192442865457
sub-398759391290,55.58110882956878,51.747403330134574,-3.8337054994342026
sub-398850980214,23.0,28.553370039197027,5.553370039197027
sub-399014895585,30.0,24.00165166143874,-5.998348338561261
sub-399087126702,19.0,14.891701835719369,-4.108298164280631
sub-399293606571,37.0,36.79306270641081,-0.206937293589192
sub-399522447362,60.016427104722794,51.621500771532,-8.394926333190796
sub-399532554772,20.0,20.406690731109666,0.40669073110966636
sub-399633402331,15.75,20.774388511632893,5.024388511632893
sub-399660498118,25.0,31.78969289848759,6.789692898487591
sub-399695603994,19.0,17.340353515977633,-1.6596464840223675
sub-399896091241,27.5,26.824370020922743,-0.6756299790772573
sub-400076789412,15.0,20.648187749501552,5.6481877495015524
sub-400356548320,24.0,28.08529527711104,4.08529527711104
sub-401570348713,29.0,25.011825605456835,-3.988174394543165
sub-402295700509,17.0,14.762410603860362,-2.2375893961396383
sub-403072282252,19.0,19.569115589092462,0.569115589092462
sub-403183909828,25.0,29.408501203800235,4.408501203800235
sub-403868905316,9.5,15.944638923639875,6.444638923639875
sub-403893360607,33.0,31.11566315929884,-1.8843368407011596
sub-403901799268,35.0,26.540427918937844,-8.459572081062156
sub-404282612970,21.0,31.169378529484778,10.169378529484778
sub-404426387175,27.0,23.805965824797926,-3.1940341752020736
sub-404462559347,9.435616438,7.803764996833973,-1.6318514411660274
sub-404646362299,11.55,12.961847305007382,1.411847305007381
sub-404890471575,51.0,38.51314549625033,-12.486854503749669
sub-405164913230,70.9514031485284,67.99985097941544,-2.951552169112958
sub-405742266217,36.21629021218344,38.971001931515616,2.754711719332178
sub-406012214137,18.0,19.327596749433862,1.3275967494338623
sub-406097282943,19.0,11.151439655355674,-7.848560344644326
sub-406442518076,68.0,55.850327014224945,-12.149672985775055
sub-406506048364,10.24109589,12.160553440055171,1.9194575500551707
sub-406583604959,65.25941136208077,57.204783292740146,-8.054628069340623
sub-407135588455,47.0691307323751,47.55486706062837,0.4857363282532674
sub-407652242836,18.2,18.039357121094127,-0.1606428789058718
sub-408202532508,59.0,45.5510674401953,-13.448932559804703
sub-408240315301,21.0,17.93417707671516,-3.0658229232848413
sub-408349314195,23.0,28.560437964568386,5.560437964568386
sub-408824965323,15.28,22.587512634554756,7.307512634554756
sub-408964579184,27.5,23.617191243559844,-3.8828087564401557
sub-409603744945,23.0,27.71822107207816,4.718221072078158
sub-410173634990,13.33,7.048522352451521,-6.2814776475484795
sub-411028202173,21.0,20.94371703701279,-0.05628296298721125
sub-411339149603,17.0,15.36399502410173,-1.6360049758982704
sub-411511299951,19.0,25.18224544567856,6.182245445678561
sub-411578175554,39.39767282683093,36.84467250872476,-2.5530003181061645
sub-411909651851,19.0,20.972779789777345,1.972779789777345
sub-412405591527,25.0,24.700534260921835,-0.2994657390781654
sub-413362965269,22.5,24.3843928472037,1.8843928472036993
sub-414156611560,22.0,20.729944073692277,-1.2700559263077231
sub-414506329694,72.26557152635182,83.02043452359901,10.754862997247187
sub-414574519306,58.830937713894606,59.1618231054194,0.3308853915247951
sub-414840159897,19.0,23.530641012213692,4.530641012213692
sub-414912404483,8.07,12.8595504947878,4.7895504947878
sub-415092780642,21.0,17.58954941693451,-3.41045058306549
sub-415792694831,14.0,16.69356264553781,2.69356264553781
sub-416196732139,21.0,25.579731408702635,4.579731408702635
sub-416363571113,16.0,15.691185586535493,-0.308814413464507
sub-416382670304,25.0,25.933149443187883,0.9331494431878831
sub-416547426671,19.0,18.464418273729258,-0.5355817262707419
sub-417503911696,27.0,20.99912570774789,-6.00087429225211
sub-417519708424,21.0,19.976869931137962,-1.023130068862038
sub-417535604177,19.0,21.88498805510326,2.8849880551032605
sub-417541833452,10.44383562,13.453234770890687,3.0093991508906868
sub-418353004170,21.0,21.198400031455684,0.19840003145568375
sub-418508603690,19.0,16.175711713254596,-2.8242882867454036
sub-418986926612,21.0,22.145416328925496,1.1454163289254957
sub-419207025644,21.0,11.95069355948964,-9.04930644051036
sub-419439734818,19.0,26.737510350324946,7.737510350324946
sub-419512319299,21.0,21.65214460865314,0.6521446086531384
sub-420357341840,36.06023271731691,42.622962877829366,6.562730160512459
sub-420700440504,29.0,26.971747518863005,-2.0282524811369953
sub-420871026622,19.0,25.858314197216917,6.858314197216917
sub-420880909961,10.95342466,10.364787649315465,-0.5886370106845344
sub-421100177732,72.88432580424367,67.0818068014662,-5.802519002777473
sub-421334775387,41.22929500342232,30.800666808051787,-10.428628195370536
sub-421366001843,19.0,20.47396930507356,1.4739693050735596
sub-421534005893,21.0,19.095081057760808,-1.904918942239192
sub-421547770064,8.506849315,11.853460769448148,3.346611454448148
sub-421557870822,20.0,18.880098069979027,-1.1199019300209727
sub-421587906428,19.0,18.503359807831455,-0.49664019216854527
sub-421808511913,23.0,26.496322662798345,3.4963226627983452
sub-422564244037,25.0,26.017347742309898,1.017347742309898
sub-422726021651,21.0,27.55392277273432,6.553922772734321
sub-423076478965,33.0,38.983879577109384,5.983879577109384
sub-424062327797,21.0,21.42259834154573,0.4225983415457293
sub-424379445589,19.0,22.801145916462417,3.801145916462417
sub-424384119731,19.0,23.00244022385237,4.002440223852371
sub-425107191963,25.0,27.60543130081307,2.60543130081307
sub-425345863440,21.0,22.464973618103823,1.4649736181038229
sub-425788429649,23.0,20.64198290593962,-2.3580170940603793
sub-425902114613,22.5,28.665620100921835,6.165620100921835
sub-426134424341,18.0,38.63141421522285,20.631414215222847
sub-426162600454,19.0,19.285529186454134,0.2855291864541343
sub-426538206069,25.0,22.591042564792488,-2.408957435207512
sub-427009086482,10.2218,11.426459893574378,1.2046598935743784
sub-427038737479,48.67898699520876,41.640356666068875,-7.038630329139885
sub-427255899112,13.0,17.68297682558096,4.682976825580958
sub-427488165084,22.0,21.405953464851144,-0.5940465351488555
sub-427917643660,15.0253,17.10181559299682,2.076515592996822
sub-427954163702,23.0,28.212576001286468,5.212576001286468
sub-428405531533,8.873972603,14.265143365593605,5.391170762593605
sub-428735293071,25.0,20.14013217633178,-4.859867823668221
sub-428749095291,23.0,29.563276389818217,6.563276389818217
sub-429128697868,11.8761,3.116942271070453,-8.759157728929546
sub-429376973784,21.0,19.350475709512086,-1.6495242904879142
sub-429708332868,23.0,25.17061983602033,2.170619836020329
sub-429746311818,73.54414784394251,59.546800144495386,-13.997347699447126
sub-429751358413,19.0,20.32190088841619,1.3219008884161916
sub-429797756660,21.0,19.668490446970694,-1.3315095530293064
sub-429800757560,18.0,16.949449101074723,-1.0505508989252768
sub-430212986919,24.854209445585212,31.890727388617833,7.036517943032621
sub-430905405415,50.0,43.74784559724111,-6.25215440275889
sub-431091782369,9.789041096,10.032577309521693,0.2435362135216934
sub-431389684208,32.5,30.24089069355813,-2.2591093064418715
sub-431442510774,20.0,22.695691181783115,2.695691181783115
sub-431876074723,31.0,27.419319121886684,-3.5806808781133164
sub-431931021444,35.800136892539356,45.397967933766864,9.597831041227508
sub-432795930135,23.0,15.35334953264592,-7.64665046735408
sub-433613356059,19.0,13.86774686904536,-5.1322531309546395
sub-433634856529,22.5,22.342106340179487,-0.1578936598205125
sub-433878320958,19.0,24.7394472932137,5.739447293213701
sub-433901926108,27.5,31.954383830938504,4.454383830938504
sub-434327587010,20.0,25.419168124165147,5.419168124165147
sub-434364030663,21.0,25.336440011545847,4.336440011545847
sub-434727906853,20.0,16.701851163359354,-3.298148836640646
sub-435215843686,22.0,30.362848248320436,8.362848248320436
sub-435541553101,23.0,28.77246181349925,5.772461813499248
sub-436067739350,25.0,28.540226091105865,3.5402260911058647
sub-436168467409,21.0,20.712233001543858,-0.2877669984561422
sub-436435395823,50.5242984257358,46.91047188430673,-3.61382654142907
sub-436570577076,24.0,23.76953332133666,-0.23046667866334047
sub-436602454221,14.0,8.972052158066969,-5.027947841933031
sub-436915075418,9.083333333,10.405249447199935,1.3219161141999347
sub-437220520402,27.0,24.38713354089006,-2.6128664591099415
sub-437418373981,21.0,26.130885886466025,5.130885886466025
sub-437563318459,11.0,9.14186088627309,-1.85813911372691
sub-438120135608,62.06160164271046,57.95134023279229,-4.1102614099181665
sub-438282986473,60.906228610540715,60.98367552092917,0.07744691038845275
sub-438699025347,19.0,19.39812012482975,0.3981201248297488
sub-438858327228,59.12936344969199,61.047584540448554,1.9182210907565604
sub-440221941356,21.0,13.948352752653083,-7.051647247346917
sub-441115735819,22.5,21.852467156476603,-0.6475328435233969
sub-441255509461,9.665753425,10.792897771786652,1.1271443467866522
sub-441895637368,34.0,33.60944700110912,-0.39055299889088246
sub-441940877850,10.44383562,11.990918229626413,1.547082609626413
sub-442069078771,52.5,40.35221947493807,-12.147780525061933
sub-442131715190,23.0,26.731493445629127,3.731493445629127
sub-442200955077,44.20533880903491,38.50979319462604,-5.695545614408871
sub-442462161667,19.0,18.24449437177065,-0.7555056282293506
sub-443057998898,19.0,16.825493421719187,-2.1745065782808126
sub-443216080871,21.0,19.82543591755457,-1.1745640824454284
sub-443270005074,23.0,25.349398585930786,2.3493985859307855
sub-443441729661,27.5,24.825027078631237,-2.674972921368763
sub-443528393725,20.0,16.73842338606828,-3.2615766139317195
sub-443552576139,23.0,29.65657423892818,6.6565742389281795
sub-443563336342,19.0,26.87974383885703,7.879743838857031
sub-443586727583,18.0,22.411109029368326,4.411109029368326
sub-443699143391,19.0,18.66281011297744,-0.3371898870225607
sub-443884348394,72.0,68.61165121807826,-3.388348781921735
sub-444080364099,19.0,23.633936317017806,4.633936317017806
sub-444777292394,23.0,25.141765272660344,2.1417652726603436
sub-445165036651,43.0,46.471291973206164,3.4712919732061636
sub-445357467271,22.5,26.869731839908106,4.3697318399081055
sub-445528481752,19.0,21.221837620309593,2.221837620309593
sub-446105610730,23.0,19.35148134339805,-3.6485186566019507
sub-446116942428,13.63,12.160608189555681,-1.4693918104443195
sub-446176984200,11.85205479,11.895088954109124,0.043034164109123196
sub-446371809226,21.0,17.08502115499266,-3.91497884500734
sub-447368311317,23.0,25.153365750319896,2.153365750319896
sub-447558225957,9.3149,2.6226980406747415,-6.692201959325258
sub-447559688249,23.0,25.411441275114747,2.411441275114747
sub-448118881004,30.699520876112253,35.28873482235853,4.589213946246275
sub-448154838901,21.0,16.811937279232275,-4.188062720767725
sub-448606737356,19.0,28.20367215794279,9.20367215794279
sub-448749767497,27.0,26.022156129984214,-0.9778438700157857
sub-448817166729,9.120547945,8.391358705451317,-0.729189239548683
sub-449504710644,13.85,6.01461713781087,-7.83538286218913
sub-449523109612,29.0,25.4663180322748,-3.533681967725201
sub-449691454748,21.0,20.556168595682806,-0.44383140431719426
sub-450248382846,11.0,9.613922086682384,-1.3860779133176155
sub-450325596992,11.0,9.902452121127086,-1.0975478788729145
sub-450416431697,21.0,17.21878433139575,-3.7812156686042506
sub-450811446575,21.0,18.406511371062354,-2.5934886289376458
sub-450965099560,21.0,18.730335324772987,-2.2696646752270127
sub-451093590992,20.51,23.44317416986204,2.9331741698620384
sub-451533497093,19.0,16.73502655317096,-2.264973446829039
sub-451568083712,27.0,34.05794993148937,7.057949931489368
sub-451569316549,31.95619438740589,37.20868770086412,5.252493313458228
sub-451748173269,23.0,24.867060811987283,1.8670608119872831
sub-451753737202,22.0,23.392229223241074,1.392229223241074
sub-452339919944,27.0,28.513095691661864,1.5130956916618636
sub-452602070698,19.0,19.82867601403132,0.8286760140313199
sub-452912513368,19.0,22.126214016379325,3.1262140163793255
sub-453576742612,22.5,31.456321579590274,8.956321579590274
sub-453679403294,19.0,17.14610911990742,-1.8538908800925817
sub-453954863516,19.0,21.07452403775426,2.0745240377542586
sub-454545291918,11.0,5.22249355115175,-5.77750644884825
sub-454953257900,24.0,24.923211007855105,0.9232110078551052
sub-455375044946,33.0,27.975576612939324,-5.024423387060676
sub-455526833022,21.0,29.543980373640313,8.543980373640313
sub-456043823379,19.0,24.482796458471142,5.482796458471142
sub-456312815950,8.3,5.804936784744257,-2.495063215255744
sub-456944734649,21.0,10.885582131972937,-10.114417868027063
sub-456991816184,22.5,27.327363430874563,4.827363430874563
sub-457656563132,25.0,24.28351615380852,-0.7164838461914798
sub-457967549631,22.5,27.58907096272794,5.089070962727941
sub-458227466938,21.0,18.84158898730754,-2.1584110126924614
sub-458230027649,19.0,22.550304773913183,3.550304773913183
sub-458506665556,21.0,24.650740825088597,3.6507408250885973
sub-458724067747,12.43835616,17.40729303791697,4.968936877916969
sub-459709692111,8.94,13.622847826998182,4.682847826998183
sub-459781782269,19.0,20.110362834090584,1.1103628340905836
sub-459946543901,12.6489,7.135642900369962,-5.513257099630037
sub-460516282099,35.446954140999324,34.76266609266781,-0.684288048331517
sub-460702666723,19.0,16.522554158585308,-2.477445841414692
sub-460977191979,23.0,22.71787306452963,-0.2821269354703695
sub-461059456603,63.181382614647504,57.73328443141588,-5.448098183231622
sub-461078040898,10.1,4.298783561765589,-5.801216438234411
sub-461138178469,19.0,17.9265038992053,-1.0734961007946993
sub-461276348768,8.74,10.447831657084585,1.7078316570845846
sub-461789283926,12.66,13.637576956144224,0.9775769561442242
sub-461899341745,23.0,28.02656192244948,5.026561922449481
sub-462044176559,22.5,26.38174400115779,3.8817440011577915
sub-462074510675,24.0,26.62361753310386,2.623617533103861
sub-462484204390,72.5,78.70344084681723,6.20344084681723
sub-462590078135,22.5,37.79238379248252,15.292383792482518
sub-462927684123,22.5,22.42254267853906,-0.07745732146094042
sub-463017442825,24.0,20.339806040413183,-3.6601939595868167
sub-463459305778,14.0,15.013852876909864,1.0138528769098638
sub-463896670279,19.0,22.712728086763363,3.712728086763363
sub-464503842359,67.5,51.204976092250305,-16.295023907749695
sub-464682388944,23.0,21.38100481194452,-1.6189951880554787
sub-464956463990,32.5,27.166567914898625,-5.333432085101375
sub-465136351800,19.0,21.976493867114204,2.976493867114204
sub-465311144460,27.0,29.661736105032343,2.661736105032343
sub-465791099145,25.0,27.736738506822768,2.7367385068227676
sub-466074153509,25.0,27.848094115966354,2.8480941159663544
sub-466344740883,9.0,14.826631280043586,5.8266312800435855
sub-466416085736,13.0,8.142087291080205,-4.857912708919795
sub-467112314797,9.309589041,5.344414012606649,-3.965175028393352
sub-467327021506,22.0,19.14676570045716,-2.853234299542841
sub-467335236616,20.0,27.064296382452785,7.064296382452785
sub-467642644644,21.0,21.26198606479491,0.26198606479491104
sub-467659061528,73.18275154004107,64.49382904700644,-8.688922493034624
sub-468044019609,21.0,18.404635905044785,-2.5953640949552153
sub-468109133630,18.0,30.65221913272174,12.65221913272174
sub-468259562618,21.0,21.73884303115583,0.7388430311558309
sub-468444508245,10.0,10.089683275367168,0.08968327536716814
sub-469001676302,27.0,23.861223210879036,-3.138776789120964
sub-469128986440,53.41273100616017,43.70832838067214,-9.70440262548803
sub-470124848081,33.0,25.621539153939636,-7.378460846060364
sub-471019443594,23.71526351813826,30.316459510727622,6.601195992589361
sub-471055677982,67.5,53.60559774365147,-13.894402256348528
sub-471135465411,21.0,22.196851961481187,1.1968519614811868
sub-471209465684,21.0,18.384494346157844,-2.615505653842156
sub-471390842283,25.530458590006837,21.922611011187776,-3.6078475788190616
sub-472325050640,60.0,65.07235072320033,5.07235072320033
sub-472759352092,59.222450376454475,53.45083553143775,-5.771614845016728
sub-473325785671,23.0,19.449665392840778,-3.550334607159222
sub-473379095025,28.50650239561944,34.488539878931206,5.9820374833117675
sub-473649162520,23.0,22.660220076071596,-0.33977992392840406
sub-473872191496,19.0,21.800279329112566,2.8002793291125663
sub-473893612384,21.0,15.126435787065295,-5.8735642129347045
sub-474246759950,22.0,25.483242922146086,3.4832429221460863
sub-474704091659,44.9199178644764,39.46391557422169,-5.456002290254716
sub-474905652662,23.0,23.83527370213425,0.8352737021342485
sub-475042891594,13.79726027,15.332733617554897,1.5354733475548965
sub-475410408128,21.33,21.62446864850264,0.2944686485026402
sub-475942618761,41.0,43.26978141931225,2.2697814193122525
sub-476225261644,19.0,19.910464224213513,0.9104642242135128
sub-476332359213,66.94866529774127,68.18172708434547,1.2330617866041962
sub-476860143951,26.0,32.15301417745252,6.153014177452519
sub-477160054985,75.93702943189597,78.12748752942723,2.1904580975312626
sub-477274544676,24.0,18.541038767133053,-5.4589612328669475
sub-477302946114,8.542094,4.300271234621679,-4.241822765378322
sub-477362713467,10.08767123,6.455732169754963,-3.6319390602450365
sub-477401855410,6.0,4.21781558164637,-1.78218441835363
sub-477544457426,10.41369863,6.384457593973767,-4.029241036026233
sub-477777727414,23.0,14.952677284380824,-8.047322715619176
sub-477906303107,67.5,56.14321661850777,-11.356783381492228
sub-478046709665,53.30595482546201,57.57665572612781,4.270700900665801
sub-478282076570,23.0,19.317315529601625,-3.6826844703983745
sub-478424896940,25.0,21.02932689699122,-3.9706731030087816
sub-478734208494,25.0,31.24106215585395,6.24106215585395
sub-479008488319,21.0,15.976115776321427,-5.023884223678573
sub-479447504648,10.2,16.2913782912066,6.091378291206599
sub-479540589250,19.0,24.042847350161864,5.042847350161864
sub-479779230782,21.0,26.51619196869535,5.516191968695349
sub-479820841591,21.0,23.935226404633585,2.9352264046335854
sub-480081003183,11.66,11.343267720411223,-0.31673227958877703
sub-480092109529,23.0,22.585671193102627,-0.41432880689737317
sub-480168790227,34.0,57.6530996378114,23.6530996378114
sub-480228126690,16.03,14.680310063299011,-1.3496899367009902
sub-480242224316,19.0,21.492204611106324,2.492204611106324
sub-480547839037,29.0,27.291720224981624,-1.7082797750183758
sub-480561361979,21.0,24.3233851569571,3.3233851569571016
sub-481338540032,27.5,32.32030427828449,4.820304278284489
sub-481372512191,19.0,21.884370606121983,2.8843706061219834
sub-481376362072,19.0,16.419160766202978,-2.580839233797022
sub-481487710813,20.0,21.071223572552146,1.071223572552146
sub-481729032242,18.0,13.529712935908554,-4.470287064091446
sub-482033781584,23.0,19.902383594302083,-3.0976164056979165
sub-482038057597,19.0,16.663051759115362,-2.336948240884638
sub-482555510183,19.0,20.117171524652846,1.1171715246528464
sub-482977570138,29.0,29.924745649552463,0.9247456495524631
sub-483402142821,22.5,23.966455562104763,1.4664555621047626
sub-483551880880,27.5,21.688303147313345,-5.811696852686655
sub-483923683945,25.4072553045859,34.875147207040754,9.467891902454856
sub-484148497117,22.5,26.251057133219774,3.751057133219774
sub-484948078712,58.04243668720055,56.004770708506,-2.037665978694548
sub-485023310830,13.38,13.8579079334088,0.4779079334087992
sub-485776903651,44.02464065708419,43.18501308334867,-0.8396275737355197
sub-485953220500,21.0,18.37180493895999,-2.62819506104001
sub-486133856944,23.0,25.141572136553336,2.141572136553336
sub-486143240913,9.897,15.33486968416739,5.43786968416739
sub-486245124301,27.5,28.347306146317923,0.8473061463179228
sub-486417717551,11.09,11.801045667640214,0.7110456676402137
sub-486423606320,43.91786447638604,41.76607915651436,-2.151785319871685
sub-486471404776,66.90759753593429,62.68076459312631,-4.226832942807974
sub-486615289589,19.0,16.796916300185796,-2.2030836998142043
sub-486972667341,24.0,24.600946775334286,0.6009467753342861
sub-487060207493,23.0,26.745079257291273,3.7450792572912732
sub-487347404192,21.0,24.047668379652293,3.0476683796522934
sub-487885864728,20.0,19.51353393282657,-0.4864660671734313
sub-488302703346,13.0,10.560807190777902,-2.4391928092220976
sub-488756364056,27.5,24.528700882768476,-2.971299117231524
sub-488848096628,20.0,23.67379089121495,3.6737908912149493
sub-488893580166,22.0,24.314993250570005,2.314993250570005
sub-489027396007,12.25,8.83420425246884,-3.4157957475311598
sub-489158333694,18.0,22.174449670103368,4.1744496701033675
sub-489797046592,10.0,8.474787528906322,-1.5252124710936776
sub-490000239058,19.0,16.221395304583524,-2.778604695416476
sub-490316768116,27.0,24.92782584142817,-2.07217415857183
sub-491115214422,25.24,30.13941478160877,4.8994147816087725
sub-491354632411,23.0,26.59565253646826,3.595652536468261
sub-491370394347,25.0,21.63051992134031,-3.3694800786596915
sub-491555377117,28.561259411362077,36.24478222210141,7.683522810739337
sub-491975081522,12.04,10.583653844942532,-1.4563461550574672
sub-492227230800,19.0,16.62945105630183,-2.3705489436981715
sub-492310557789,25.0,22.65967569871506,-2.340324301284941
sub-492342176669,23.0,21.421226635365965,-1.578773364634035
sub-492464773660,12.92,12.45832298926463,-0.4616770107353698
sub-493277753851,9.394520548,12.474001780553424,3.079481232553425
sub-493471626213,20.0,24.465116750461135,4.465116750461135
sub-493548099048,21.0,21.24428027551226,0.24428027551225995
sub-493826676373,25.0,16.56383167860146,-8.43616832139854
sub-494054491223,21.0,17.676673262224554,-3.323326737775446
sub-494149399145,10.30410959,6.972088252427916,-3.3320213375720833
sub-494293108467,20.0,20.825320577950354,0.8253205779503539
sub-494369842715,10.87123288,12.415161644931514,1.543928764931513
sub-494402729031,62.24503764544832,55.7701839334448,-6.474853712003522
sub-494429682464,21.0,19.644368825013032,-1.3556311749869678
sub-494516431871,9.7721,10.547208632185775,0.7751086321857752
sub-494562255867,12.9,8.924544680985655,-3.975455319014346
sub-494597935437,22.0,21.767606511176226,-0.23239348882377442
sub-494788265618,12.00547945,17.294254368703754,5.288774918703755
sub-494808050710,21.0,25.093817615401996,4.093817615401996
sub-495207539415,21.0,21.79105738436993,0.7910573843699282
sub-495214442213,19.0,21.33410937442809,2.3341093744280883
sub-495387604500,19.08,19.794359965041377,0.7143599650413783
sub-496049662826,15.0,13.98794258730954,-1.01205741269046
sub-496494295468,19.0,20.00175120699133,1.0017512069913295
sub-497005491341,23.0,31.579436257486712,8.579436257486712
sub-497215688436,21.0,21.484128838278107,0.4841288382781066
sub-497483458757,8.42,10.34384877084662,1.9238487708466199
sub-497501390567,59.0,45.294606853979914,-13.705393146020086
sub-497610867892,23.0,25.152858595979758,2.152858595979758
sub-497678537794,19.0,25.89404527763812,6.894045277638121
sub-498296814482,9.057534247,10.292752533828011,1.2352182868280117
sub-498374469326,12.97,11.92858390015882,-1.0414160998411806
sub-498933429251,22.5,24.6329586351858,2.132958635185801
sub-499061605207,20.0,20.470769643701,0.4707696437010007
sub-499165373448,33.0,29.2266290331926,-3.7733709668073985
sub-499339327714,16.0,19.307769437422156,3.307769437422156
sub-499898787180,23.0,19.828718300644788,-3.1712816993552124
sub-499917422866,12.36986301,18.297368881910973,5.927505871910974
sub-500210727969,19.0,15.645908192091294,-3.3540918079087056
sub-500943633771,21.0,21.287334677237354,0.28733467723735373
sub-501401162183,62.5,44.325102377698435,-18.174897622301565
sub-501412735160,10.79726027,8.278502044633424,-2.518758225366577
sub-502014416815,21.0,18.495600322033013,-2.504399677966987
sub-502254701139,17.0,18.136713472872948,1.1367134728729482
sub-502693562289,25.0,19.030770567131334,-5.969229432868666
sub-502800059899,21.0,19.576487204068698,-1.4235127959313019
sub-502907007823,14.0,13.109089673000371,-0.890910326999629
sub-503460268168,17.8,17.803291548310867,0.003291548310865977
sub-503660804724,27.0,27.688452229183937,0.6884522291839374
sub-503738728205,14.03,15.12602027294692,1.0960202729469213
sub-504022302723,18.0,17.997166376186986,-0.002833623813014441
sub-504073242885,22.0,20.815330456490216,-1.1846695435097843
sub-504254596687,18.0,11.644685674956147,-6.355314325043853
sub-504323401470,12.0,11.83182552692655,-0.16817447307344935
sub-504662286528,28.0,27.623822204571752,-0.3761777954282479
sub-505113843035,20.0,20.938619200647363,0.9386192006473628
sub-505223133481,62.7378507871321,77.55967247345214,14.821821686320035
sub-505298572621,16.0986,18.092939747268307,1.994339747268306
sub-505313912099,10.0,12.97812717465835,2.9781271746583506
sub-505669140091,32.5,35.98536336054878,3.4853633605487815
sub-506026946056,22.0,23.601433438567803,1.6014334385678026
sub-506541958125,32.0,31.770291783374674,-0.22970821662532614
sub-507316241895,20.33,28.29138969570557,7.96138969570557
sub-507884784363,23.0,24.355906650275656,1.3559066502756565
sub-507959688959,23.0,28.797274444040628,5.797274444040628
sub-508155480644,19.0,14.941554096742948,-4.058445903257052
sub-508767756378,12.0,8.228475600689574,-3.771524399310426
sub-509770945531,9.783,10.042148456293177,0.2591484562931772
sub-509844839359,21.0,23.286112619624774,2.286112619624774
sub-510407668762,15.53,15.818185948862993,0.28818594886299387
sub-510703389436,21.0,29.52216300223091,8.522163002230911
sub-510978667156,10.67671233,10.786682928529654,0.10997059852965307
sub-510989746907,37.097878165639976,40.55578644855945,3.457908282919476
sub-511100454521,19.0,17.092637265647227,-1.9073627343527733
sub-511145985367,31.854893908282,38.611707734807084,6.756813826525082
sub-511947368541,19.0,17.502511394465525,-1.4974886055344747
sub-511948912967,19.0,16.34537721731887,-2.6546227826811304
sub-511979172515,34.8227,29.751135814481287,-5.07156418551871
sub-512419690162,19.0,27.626398541970765,8.626398541970765
sub-512558933065,27.5,29.624783197986673,2.124783197986673
sub-512591307504,24.876112251882272,29.623152098296178,4.747039846413905
sub-512682505677,21.0,24.590353107426004,3.5903531074260044
sub-512752293894,9.0,9.772946805925717,0.7729468059257165
sub-513149413681,41.30047912388775,42.01770685740482,0.7172277335170705
sub-513432871555,11.0,16.6283467542099,5.6283467542099
sub-513571495706,11.3,14.726149887010251,3.4261498870102507
sub-513842955165,52.6652977412731,52.35636960703755,-0.30892813423555054
sub-514113966552,29.0,26.410306805321692,-2.5896931946783077
sub-514216395702,21.0,14.529335788606836,-6.470664211393164
sub-514546668706,60.9199178644764,54.38270490233059,-6.537212962145816
sub-514812597461,9.0,11.51012131839431,2.51012131839431
sub-515049857854,20.0,25.15446014394443,5.15446014394443
sub-515081497394,21.0,24.85912269354194,3.8591226935419414
sub-515473988139,72.5,48.06246088550254,-24.43753911449746
sub-516034188736,33.24,29.171420081898024,-4.068579918101978
sub-517171317509,21.0,23.66110746002366,2.6611074600236613
sub-517485012755,20.0,26.810761769291673,6.810761769291673
sub-517627279842,8.67,9.456522208491393,0.7865222084913928
sub-517932747297,71.66324435318275,63.18133798292013,-8.481906370262621
sub-518050018372,23.0,18.961723657774066,-4.0382763422259345
sub-518056224773,27.0,23.51600383206216,-3.483996167937839
sub-518298583047,67.5,59.6615485326465,-7.838451467353501
sub-518733647647,22.5,26.47778821381572,3.977788213815721
sub-518817165912,11.04931507,9.145145623646854,-1.904169446353146
sub-518818481065,23.0,22.38580888541347,-0.6141911145865286
sub-519085723694,83.0,84.89306426851343,1.8930642685134274
sub-519122653786,18.0,19.539529912022925,1.5395299120229247
sub-519236401892,13.0,10.938368523487016,-2.061631476512984
sub-519256340478,9.25,5.682644020733118,-3.567355979266882
sub-519310637883,23.0,21.442418207397264,-1.5575817926027362
sub-519698613585,23.0,20.196232231476777,-2.8037677685232225
sub-519733259421,23.0,21.03887165192619,-1.9611283480738102
sub-519801603913,19.0,15.53573740029693,-3.464262599703069
sub-520091474797,34.236824093086916,40.99126794329771,6.754443850210791
sub-520349870969,52.887063655030786,55.26672019214476,2.3796565371139735
sub-520988708445,21.0,22.93908555908191,1.93908555908191
sub-521130407753,19.0,24.979262477431973,5.979262477431973
sub-521410433804,33.24024640657084,24.04904700279154,-9.1911994037793
sub-521784895043,8.898015,4.117167351957114,-4.780847648042885
sub-522535703135,77.0,68.88398542957,-8.116014570429996
sub-522546505826,54.21492128678987,44.67973600734685,-9.53518527944302
sub-522635986366,10.67,8.462346915671453,-2.2076530843285465
sub-522815183788,21.0,15.410999444034031,-5.589000555965969
sub-522964764253,27.0,22.38407906243636,-4.61592093756364
sub-523056996207,23.0,26.838566703996662,3.838566703996662
sub-523098042038,19.0,24.62206455860296,5.622064558602961
sub-523327138347,15.91,17.271226542398843,1.3612265423988426
sub-523987222100,21.0,24.250472728171545,3.2504727281715446
sub-524224102666,68.15058179329226,61.126943434169235,-7.0236383591230265
sub-524609168470,21.0,26.62113367071212,5.621133670712119
sub-524943052363,16.0,18.671250034090775,2.671250034090775
sub-525079718146,44.2,27.92269878533448,-16.277301214665524
sub-525096935871,22.0,26.411421711267696,4.411421711267696
sub-525182251128,19.0,20.220222677765015,1.2202226777650154
sub-525443507902,14.0,12.563048917319355,-1.436951082680645
sub-525653325297,24.0,19.95552397617255,-4.04447602382745
sub-525763369127,27.66,25.66402057689475,-1.9959794231052506
sub-525789234356,27.5,22.624911662684383,-4.875088337315617
sub-526031133456,10.11232877,13.431811896206794,3.3194831262067943
sub-526119249037,22.5,16.50188127785468,-5.998118722145321
sub-526462261938,21.0,16.035212505502685,-4.964787494497315
sub-526879269662,21.0,23.540010704662667,2.5400107046626665
sub-527212529902,19.0,20.123665141370584,1.1236651413705836
sub-527520173294,57.73853524982889,63.29480123489165,5.556265985062758
sub-527550273544,20.0,20.352664827313646,0.3526648273136459
sub-527982967568,62.09445585215607,50.997904753993275,-11.096551098162792
sub-528086828510,19.0,21.65382483884459,2.6538248388445886
sub-528159895368,19.0,17.804491268244885,-1.1955087317551154
sub-528349758820,26.0,27.460055029157488,1.4600550291574876
sub-528365243313,19.0,16.698847895719695,-2.3011521042803054
sub-528421144678,15.91,12.001609100168192,-3.908390899831808
sub-529591604049,18.0,15.911632774750602,-2.0883672252493977
sub-529610647368,19.0,16.116648588852364,-2.883351411147636
sub-530484284929,27.0,25.316923158462274,-1.6830768415377264
sub-530551923943,19.0,18.585834190498137,-0.41416580950186344
sub-530581463174,36.46817248459959,41.296880796161005,4.828708311561414
sub-530817417732,19.0,19.88666931458357,0.8866693145835711
sub-530934590183,31.0,25.312111624890488,-5.687888375109512
sub-531119398497,19.0,17.308705688895024,-1.6912943111049756
sub-531172214225,25.0,25.499152640448,0.4991526404479991
sub-531902648118,27.5,35.87243907488421,8.372439074884213
sub-532024257558,67.1129363449692,72.48529704759285,5.372360702623652
sub-532271128785,59.74264202600958,52.61470932242746,-7.127932703582118
sub-532899301034,9.3,6.706635601587781,-2.59336439841222
sub-534104063338,23.0,20.012158124696136,-2.9878418753038645
sub-535399597427,32.0,35.55922957586406,3.559229575864059
sub-535587500460,10.0,10.510940934848033,0.5109409348480334
sub-535704909571,25.0,25.185667869851436,0.1856678698514358
sub-535707981968,24.0,25.5239972312175,1.5239972312174999
sub-536470263663,21.0,18.24869457915132,-2.7513054208486807
sub-536531144180,21.0,20.033604489960076,-0.9663955100399235
sub-536879781890,19.0,24.79322265808155,5.79322265808155
sub-537034379289,17.36,18.643339479508064,1.283339479508065
sub-537117242845,21.0,25.453701786062133,4.453701786062133
sub-537131646189,54.277891854893895,55.16465761152715,0.8867657566332525
sub-537149039924,13.0,21.119634978334073,8.119634978334073
sub-537492154508,29.730321697467488,27.807325998131823,-1.9229956993356652
sub-537820593556,22.1081,16.706747043453362,-5.4013529565466385
sub-537896211156,7.326489,6.558857292325328,-0.7676317076746715
sub-538011067524,19.0,20.29502358872056,1.2950235887205608
sub-538129865393,9.2081,5.925146545747253,-3.2829534542527465
sub-538224989757,23.0,17.626935201560585,-5.373064798439415
sub-538778430581,21.0,23.165491357368314,2.165491357368314
sub-538898447435,9.1752,12.067335100420408,2.8921351004204077
sub-538946903744,27.0,30.78054245080573,3.7805424508057293
sub-539211759402,24.0,26.402684071903995,2.4026840719039946
sub-539327928394,19.0,15.024234491243037,-3.9757655087569628
sub-539663876342,10.54246575,7.502758774996757,-3.0397069750032433
sub-539946177552,21.0,26.116817021596617,5.116817021596617
sub-540417431290,18.0,20.104253447324805,2.1042534473248047
sub-540478978405,23.0,26.235094318115518,3.235094318115518
sub-540543807336,19.0,23.92477158036254,4.924771580362538
sub-540712487602,21.0,20.861219535755083,-0.13878046424491686
sub-541303066659,19.0,25.848384592721516,6.848384592721516
sub-541464924960,59.68514715947981,68.0306422678525,8.345495108372688
sub-541568909688,7.0,6.1715482290095025,-0.8284517709904975
sub-541782998562,21.0,25.84233698831946,4.84233698831946
sub-541821932799,19.0,15.762359365832463,-3.237640634167537
sub-542120424077,70.83641341546884,68.07594015365935,-2.7604732618094943
sub-542231428806,37.828884325804246,31.152556140166496,-6.67632818563775
sub-542257236175,21.0,21.681075204487534,0.6810752044875343
sub-542398394549,24.0,22.393184404137543,-1.6068155958624573
sub-542761478680,11.01643836,15.385720960984663,4.369282600984663
sub-543380072448,20.0,18.59329733293183,-1.4067026670681706
sub-543866398227,11.84383562,8.066817453022388,-3.777018166977612
sub-544128411470,74.98973305954826,79.87518556446452,4.885452504916259
sub-544177506947,11.7892,12.321947968709324,0.5327479687093248
sub-544551531568,27.3238,24.022218177298768,-3.3015818227012304
sub-544715833793,22.5,23.163522190078062,0.6635221900780621
sub-545189027962,20.0,16.595584359544794,-3.4044156404552055
sub-545343612156,23.0,20.52021680111593,-2.4797831988840713
sub-545397923902,21.0,21.762148423461667,0.7621484234616673
sub-545455624714,14.8,16.94806254675811,2.1480625467581085
sub-545465269376,24.0,30.749206732331963,6.749206732331963
sub-545766225869,72.5,64.3084249911258,-8.191575008874196
sub-546159793818,19.0,17.068042711510603,-1.9319572884893965
sub-546222000389,24.569472963723477,30.399539906825492,5.830066943102015
sub-546466749045,20.0,27.828001680618108,7.828001680618108
sub-546875623860,21.0,18.350119451376262,-2.649880548623738
sub-547139274284,19.0,20.654355049574587,1.654355049574587
sub-547312228567,21.0,23.547881966776867,2.547881966776867
sub-547450106968,27.5,23.14258261933479,-4.357417380665211
sub-547460968610,19.0,19.123998383543906,0.12399838354390624
sub-548237648888,8.331506849,7.06123046519652,-1.2702763838034805
sub-548299471837,23.0,22.892098944774553,-0.10790105522544735
sub-548382705939,14.25,8.836068514642925,-5.413931485357075
sub-548750637639,12.73,16.80590073267486,4.07590073267486
sub-548760873320,19.0,18.931123712285064,-0.06887628771493581
sub-549448988509,9.0,16.392650087004377,7.392650087004377
sub-550373790770,26.57905544147844,33.284658343246484,6.705602901768042
sub-550394965552,32.0,25.431838640333677,-6.568161359666323
sub-551457299823,12.70136986,9.762200300312227,-2.939169559687773
sub-551781438290,21.0,22.013116978260996,1.013116978260996
sub-551972724558,21.0,21.945692829623646,0.9456928296236455
sub-552444560261,69.6892539356605,85.60262112026415,15.913367184603644
sub-552670227215,12.42739726,9.322132836621323,-3.105264423378676
sub-553719287153,22.5,32.71193710511111,10.211937105111112
sub-553980195351,14.0,17.44327421841722,3.443274218417219
sub-554090328633,22.5,28.686242465055866,6.186242465055866
sub-554433867792,11.0,10.891618724963156,-0.10838127503684447
sub-554540369195,57.210130047912386,49.8767269125582,-7.333403135354189
sub-554894252350,19.0,15.067609428842438,-3.932390571157562
sub-555146543406,8.82739726,18.210740399371463,9.383343139371464
sub-555813233988,25.58521560574949,24.625153861848926,-0.9600617439005639
sub-556188520622,21.0,16.609181452180845,-4.390818547819155
sub-556282864284,19.0,22.62072588007415,3.6207258800741506
sub-557315657627,27.5,34.817136778144175,7.3171367781441745
sub-557485689083,18.0,17.972172348286342,-0.02782765171365753
sub-557526146186,19.0,20.760429763403433,1.7604297634034332
sub-557844531627,23.0,22.837021480708618,-0.16297851929138218
sub-558059595100,19.0,20.732054122506213,1.732054122506213
sub-558379537642,9.7,16.724458102797886,7.024458102797887
sub-558400453988,8.942465752999999,6.851321310153619,-2.09114444284638
sub-558541399225,21.0,15.041548263996784,-5.958451736003216
sub-558593437333,18.0,29.193492063337274,11.193492063337274
sub-558604874300,32.16974674880219,34.754929556858436,2.5851828080562456
sub-558698688863,15.7,16.47735035258952,0.7773503525895222
sub-558802533319,8.471232877,15.22919028402325,6.75795740702325
sub-558939022769,24.0,25.565077209535804,1.5650772095358043
sub-558960275349,22.0,21.754759453474296,-0.2452405465257037
sub-559597730211,23.0,19.283399313994238,-3.716600686005762
sub-560549455828,27.5,32.916812039219934,5.416812039219934
sub-560904425980,24.0,24.674539798057676,0.6745397980576762
sub-561045643649,22.5,23.194595368561796,0.6945953685617958
sub-561139464018,69.0,55.74676595712802,-13.25323404287198
sub-561225919354,22.5,21.997674064354264,-0.5023259356457359
sub-561366951241,21.0,18.424024763005725,-2.5759752369942746
sub-561734337718,31.0,28.05026061299673,-2.9497393870032695
sub-561752414596,46.0,29.01010554120077,-16.98989445879923
sub-561933935805,28.61327857631759,34.97962544027524,6.366346863957652
sub-562485434705,9.063,21.836821469583068,12.773821469583067
sub-562524748965,24.0,31.722886283149535,7.722886283149535
sub-562839089454,42.5,38.625619410027014,-3.8743805899729864
sub-562931531957,75.82751540041069,74.29779033045733,-1.5297250699533578
sub-563023335884,12.0,12.091658877224425,0.09165887722442534
sub-563291815565,19.0,20.820367146120233,1.8203671461202333
sub-563294691785,8.783561644,15.97262866650919,7.189067022509189
sub-563981968175,19.0,17.057075467168744,-1.942924532831256
sub-564557955687,79.0,63.57975504880666,-15.42024495119334
sub-564848221621,23.2909,19.839887286322206,-3.4510127136777946
sub-565025526070,21.0,25.629563975061505,4.6295639750615045
sub-565703410370,21.0,26.85420627347941,5.854206273479409
sub-565741667065,15.1,18.37839426996318,3.278394269963181
sub-565839592675,22.0,17.54418579468686,-4.455814205313139
sub-565908100162,12.4298,16.06380921494247,3.63400921494247
sub-566100490218,20.0,11.742782584784788,-8.257217415215212
sub-566155888990,24.28473648186174,28.991418823925844,4.706682342064106
sub-566211969588,23.0,26.59041183369658,3.5904118336965816
sub-566226278120,22.5,19.45688457429834,-3.043115425701661
sub-566608301162,18.0,22.02952003986151,4.029520039861509
sub-566869073328,9.632876712,13.949516921596532,4.316640209596532
sub-567011290205,25.0,16.1050638242936,-8.894936175706398
sub-567035745011,10.50136986,7.762239084558754,-2.7391307754412466
sub-567138629151,24.6,23.981418568230783,-0.6185814317692184
sub-567753707774,21.0,23.753056265948484,2.7530562659484836
sub-568161091231,51.65776865160849,48.3034535442589,-3.354315107349592
sub-568610648241,14.0,13.219906475436705,-0.780093524563295
sub-568873041221,23.0,22.259319972991854,-0.7406800270081462
sub-569532759972,64.26830937713895,51.474300523355154,-12.794008853783794
sub-570598617499,11.8109589,14.357000573856345,2.5460416738563456
sub-572336248338,22.5,18.1213953956768,-4.3786046043232005
sub-572513296369,21.0,24.81455032892935,3.81455032892935
sub-572517794446,20.0,21.33922661151663,1.3392266115166294
sub-572747785752,11.76712329,19.549299507896357,7.782176217896357
sub-572750930282,21.0,18.06389819825776,-2.9361018017422396
sub-573108584695,19.0,20.504540850499097,1.5045408504990974
sub-573338784763,12.58,13.094742566769707,0.5147425667697068
sub-573830855349,21.0,25.64938091943508,4.649380919435082
sub-574114738756,18.0,22.342545703558073,4.3425457035580735
sub-574140052026,36.0,40.068096751896604,4.068096751896604
sub-574160796443,21.0,24.67173256004617,3.67173256004617
sub-574676182729,21.0,25.95058953722096,4.95058953722096
sub-575234378047,22.0,27.12431031116181,5.1243103111618105
sub-575605093745,23.0,23.551310943794054,0.5513109437940535
sub-576178414159,21.0,26.72111375780623,5.721113757806229
sub-576627281914,37.5,33.1028127984829,-4.397187201517099
sub-577293045337,20.0,29.595941825208303,9.595941825208303
sub-578146676720,23.0,25.702047908433443,2.7020479084334426
sub-578385109718,61.015742642026005,67.2143192378531,6.198576595827099
sub-578842404933,24.0,12.878285231367482,-11.121714768632518
sub-578912543438,13.0,13.5878403115239,0.5878403115238999
sub-578915055891,21.0,19.076584273150903,-1.9234157268490968
sub-579120328387,12.51232877,14.346818499665677,1.8344897296656768
sub-579327790838,22.0,20.508247731980212,-1.4917522680197877
sub-579548048094,10.60273973,7.942870890535026,-2.6598688394649734
sub-579899565725,21.0,15.751305112305747,-5.248694887694253
sub-579996063674,11.0,5.218726375053674,-5.781273624946326
sub-580285657273,10.0,14.727755423281385,4.727755423281385
sub-580748616468,11.72876712,12.326064234668747,0.5972971146687467
sub-581074279240,72.5,63.937816520291385,-8.562183479708615
sub-581150303156,21.0,14.736698421963407,-6.263301578036593
sub-581313710290,7.66,13.145649788001325,5.485649788001325
sub-582324789442,21.0,23.311165664830106,2.3111656648301064
sub-582536446323,24.0,19.923590094723092,-4.076409905276908
sub-582956839439,21.0,22.930175469829674,1.930175469829674
sub-584071855973,18.0,21.749068164583687,3.7490681645836865
sub-584112525911,23.0,19.253025811665662,-3.746974188334338
sub-584133814549,21.0,23.376877488979506,2.376877488979506
sub-584305222833,22.5,25.138549833821163,2.6385498338211626
sub-585134564411,31.0,30.79989829207841,-0.20010170792158988
sub-585178633428,23.0,16.302922887824497,-6.697077112175503
sub-585840627036,19.0,19.722591995829504,0.7225919958295037
sub-585890839608,26.98425735797399,29.90773805232508,2.9234806943510883
sub-586524106373,11.44657534,8.133495019407864,-3.313080320592137
sub-586887695836,8.821917808,4.9556814979808905,-3.8662363100191097
sub-587009566043,21.0,23.33034514545182,2.330345145451819
sub-587717071548,22.0,22.13277846372352,0.13277846372351831
sub-587734814736,18.0,18.967028021088286,0.9670280210882858
sub-588017006762,21.0,27.804383659846955,6.804383659846955
sub-588680393420,22.5,31.86707078637061,9.367070786370611
sub-589159090994,25.0,21.439647767629133,-3.5603522323708674
sub-590290455236,11.23013699,12.904455023427342,1.6743180334273422
sub-590542611343,23.0,29.20875270091439,6.208752700914388
sub-591687985082,19.0,23.89598158897374,4.89598158897374
sub-592239322410,19.0,18.891897705714467,-0.10810229428553342
sub-592480598244,19.0,20.090960455646982,1.0909604556469823
sub-592747222720,79.41409993155374,77.6580939362417,-1.7560059953120373
sub-592933699184,23.0,29.288522228412965,6.288522228412965
sub-593517093579,22.5,27.608166719741504,5.108166719741504
sub-593650733821,27.0,26.515523157688385,-0.48447684231161503
sub-593784360328,27.0,29.766478505610735,2.766478505610735
sub-594451160548,21.0,20.202347507968867,-0.7976524920311334
sub-594656396715,29.0,35.11791746994076,6.117917469940757
sub-594745664942,16.0,19.575816192485494,3.575816192485494
sub-595338991165,21.0,25.156352503284175,4.156352503284175
sub-595372614006,24.6543,27.030707244691484,2.3764072446914852
sub-595618580909,18.7,21.841692768469134,3.1416927684691345
sub-596066839689,23.0,25.673549250986923,2.673549250986923
sub-596190685497,15.2,14.667591368587933,-0.532408631412066
sub-596439418214,59.14852840520192,55.51207475000224,-3.6364536551996807
sub-596552068250,14.0,13.30813795863054,-0.6918620413694594
sub-596630833773,21.0,22.3662955549022,1.3662955549022016
sub-596648006143,22.0,23.086407622023252,1.086407622023252
sub-596962321361,9.375342466,6.255501164475213,-3.1198413015247866
sub-597843888777,9.73,8.791709787683835,-0.9382902123161649
sub-598246474606,19.0,28.952149692221006,9.952149692221006
sub-599591857106,21.0,15.23225566380001,-5.767744336199989
sub-599933244197,67.5,58.15933731757115,-9.34066268242885
sub-600098084610,21.0,17.70498719387625,-3.2950128061237507
sub-600265031153,18.0,21.124766205316124,3.1247662053161243
sub-600275574870,8.920547945,13.148482068991935,4.227934123991936
sub-600444550688,22.5,24.38899293571192,1.8889929357119186
sub-600488415104,25.0,18.019528711959527,-6.980471288040473
sub-600606462331,13.0,13.584931752601914,0.5849317526019142
sub-600653104909,25.0,24.3996252904249,-0.6003747095750995
sub-601575314713,18.0,18.679053146202808,0.6790531462028078
sub-602114713255,16.0,12.10238252378703,-3.89761747621297
sub-602900008789,29.27857631759069,37.630572800350116,8.351996482759425
sub-603015713565,10.0,9.875981251685626,-0.12401874831437354
sub-603274442678,21.0,16.22790580099634,-4.772094199003661
sub-603550058118,21.0,19.04767208332872,-1.9523279166712797
sub-603637173781,21.0,18.344317598343146,-2.655682401656854
sub-604403915211,22.5,21.256434832808804,-1.2435651671911963
sub-604494512599,10.08767123,9.71643294812587,-0.37123828187412933
sub-604727014440,15.25,17.001778109354024,1.7517781093540243
sub-605330686646,19.0,20.404808106642818,1.4048081066428182
sub-605373904061,23.0,20.519807753586957,-2.4801922464130435
sub-605870296030,18.0,22.39593160821391,4.39593160821391
sub-606047187144,18.0,22.198858684013196,4.198858684013196
sub-606245703129,19.0,25.42171154697209,6.421711546972091
sub-606417784213,26.0,30.733802739700966,4.733802739700966
sub-606527255214,22.0,26.177572503180272,4.177572503180272
sub-606619069147,14.2,16.6382143765891,2.4382143765891016
sub-606946325458,27.5,29.277284416768463,1.7772844167684632
sub-607709228236,19.0,20.784747392301618,1.7847473923016182
sub-607793324229,21.0,16.4180252354006,-4.581974764599401
sub-607808523191,23.0,23.913343413941217,0.9133434139412167
sub-608227590536,18.0,18.293939588568545,0.29393958856854496
sub-608679778524,19.0,17.492905459657,-1.507094540343001
sub-608690804111,23.0,23.184102839619626,0.18410283961962648
sub-609017504616,19.0,18.76339691441034,-0.23660308558966037
sub-609030289266,54.0,39.935556309171616,-14.064443690828384
sub-609062293978,48.25462012320329,37.42166010518794,-10.83296001801535
sub-609656607957,48.07939767282682,49.351048726701634,1.2716510538748125
sub-609892457500,13.75,17.94289085088559,4.19289085088559
sub-610209673140,21.0,22.934899221967154,1.9348992219671537
sub-610293547167,21.0,17.54183657447248,-3.4581634255275198
sub-610598919254,35.58,45.85970715803424,10.279707158034242
sub-611520063730,19.0,15.266257320316175,-3.733742679683825
sub-611990204992,21.0,24.488673889867407,3.488673889867407
sub-612136152096,23.0,22.778808109565993,-0.22119189043400667
sub-612159600570,19.0,19.15443086449604,0.15443086449603882
sub-612498412297,21.0,24.193191489615984,3.193191489615984
sub-612699294349,38.0,45.45026363166873,7.450263631668733
sub-612846439329,23.0,21.906577603635675,-1.0934223963643248
sub-612992669944,19.33,25.52867282823073,6.19867282823073
sub-613224225766,9.9548,7.67559927529647,-2.2792007247035304
sub-613987073343,27.5,21.444122205702058,-6.055877794297942
sub-614478580712,72.82683093771391,66.76001893125057,-6.066812006463337
sub-614655003675,27.0,24.27908750272706,-2.7209124972729413
sub-614767601532,22.0,25.369148517976484,3.369148517976484
sub-614986450038,27.5,23.96411188605766,-3.5358881139423417
sub-615195654528,26.87748117727584,24.619509385381072,-2.257971791894768
sub-615353760008,9.933,10.644736285948134,0.7117362859481347
sub-615418240534,23.0,25.797449306762086,2.7974493067620863
sub-615511318906,27.5,32.79772625060788,5.29772625060788
sub-615539517070,17.0,22.68083612400721,5.680836124007211
sub-616304398458,21.0,19.00706874543155,-1.9929312545684503
sub-616650002943,49.0,35.85991779610288,-13.140082203897123
sub-616981188326,15.0,14.852859823369457,-0.14714017663054335
sub-617184569359,23.0,27.44302459495591,4.4430245949559115
sub-617228447780,21.0,24.437358974823802,3.437358974823802
sub-617548875008,32.5,31.624733031398755,-0.8752669686012453
sub-617551838591,26.0,32.07407739735662,6.074077397356618
sub-617764434567,54.19301848049281,54.479346481412946,0.2863280009201361
sub-617901292458,20.0,20.997118712786055,0.9971187127860546
sub-618287927693,13.0,14.115844688512837,1.115844688512837
sub-619041447551,13.86447639,20.84695913468483,6.98248274468483
sub-619456358765,29.0,29.8297775228578,0.8297775228577997
sub-619472236320,11.0,7.76734957322828,-3.2326504267717198
sub-619489060193,19.0,20.810989716434936,1.8109897164349356
sub-619550922545,38.77344284736482,42.799824453883076,4.026381606518257
sub-619614013878,40.0,35.753055264927575,-4.246944735072425
sub-619633240608,21.0,25.688227564524865,4.688227564524865
sub-620208115958,19.0,18.059957065185447,-0.9400429348145529
sub-620257630539,19.0,18.581824717154227,-0.4181752828457732
sub-620369093938,10.7529,14.44939795705727,3.69649795705727
sub-620984229042,44.88158795345654,35.107778119500395,-9.773809833956143
sub-621736610839,10.69589041,12.908384744977434,2.2124943349774338
sub-621749560707,21.0,23.08150930148379,2.0815093014837913
sub-622250944839,21.0,29.668479299752917,8.668479299752917
sub-622381959459,19.0,20.197607074297935,1.1976070742979346
sub-622552266432,21.0,25.847173323754447,4.847173323754447
sub-622843285408,21.0,15.37368535159417,-5.626314648405829
sub-622888774016,19.0,16.72521856332682,-2.2747814366731802
sub-622939334251,8.983561644,10.55342763012386,1.56986598612386
sub-622953019079,41.752224503764545,44.508182694096064,2.755958190331519
sub-623405236906,21.0,31.28540766687278,10.285407666872779
sub-623833254305,67.5,56.21313811453213,-11.286861885467872
sub-624448003003,31.0,24.45189162489796,-6.548108375102039
sub-625380292482,19.0,23.778575072566692,4.778575072566692
sub-625883065867,20.0,24.811725280218823,4.811725280218823
sub-625981000050,19.0,23.48991966127186,4.489919661271859
sub-626188931445,17.0,15.983369675473163,-1.0166303245268367
sub-626212764612,14.0,9.594968228103696,-4.405031771896304
sub-626261127584,59.88227241615331,62.251858408314455,2.3695859921611415
sub-627005612106,19.0,29.81546334833204,10.815463348332042
sub-627471727969,66.90759753593429,57.61159290916247,-9.296004626771818
sub-627612378300,27.0,29.55075576393471,2.55075576393471
sub-628738898345,21.0,26.58494612063729,5.584946120637291
sub-628789413034,21.0,14.0323541196088,-6.967645880391199
sub-628893530541,9.189041096,5.61857464599014,-3.57046645000986
sub-628907340229,22.0,25.9666303289331,3.9666303289330997
sub-629066084898,21.0,19.183939019280707,-1.8160609807192927
sub-630442925754,23.0,24.93162381288614,1.9316238128861407
sub-630551983437,59.83572895277207,55.53440015214489,-4.301328800627182
sub-631426044350,23.0,20.014661581477284,-2.9853384185227156
sub-631760081925,21.0,18.69548872581938,-2.3045112741806193
sub-632118830745,27.0,27.56063605652604,0.5606360565260395
sub-632446705337,19.0,21.032114921889864,2.032114921889864
sub-632509073360,11.55,16.572702031469774,5.022702031469773
sub-633602514995,23.0,24.975621449884503,1.9756214498845033
sub-633708423748,21.0,23.109208415579687,2.109208415579687
sub-634456883025,24.0,18.483865945484386,-5.516134054515614
sub-634620596226,21.0,18.36377714790818,-2.6362228520918194
sub-635354190905,21.0,14.596337074587098,-6.4036629254129025
sub-635915234969,19.0,18.878002534108116,-0.12199746589188365
sub-636129540020,24.0,21.985870764021232,-2.0141292359787677
sub-636479953124,19.0,17.63461112124042,-1.3653888787595783
sub-638598699448,19.0,14.334368704102076,-4.665631295897924
sub-638986001058,11.0,5.158119091755143,-5.841880908244857
sub-639397399359,13.0,9.873625872857827,-3.1263741271421726
sub-639544814415,21.0,19.803367843685876,-1.1966321563141236
sub-639549203110,20.9,19.040642595807572,-1.8593574041924263
sub-639706198725,19.0,20.72457953501466,1.7245795350146587
sub-639874239232,22.0,26.081254019653215,4.081254019653215
sub-640225753017,11.0,13.007891017987218,2.007891017987218
sub-640376430100,21.0,19.714804921981333,-1.285195078018667
sub-640474032496,19.0,19.66727626672975,0.6672762667297505
sub-640745291862,19.0,28.576924050243843,9.576924050243843
sub-640829640252,10.68767123,6.7506624403611255,-3.937008789638874
sub-640887142993,19.0,18.18794416753671,-0.8120558324632903
sub-641082032277,31.37029431895961,38.93665140026862,7.566357081309015
sub-641201171998,9.61369863,11.616383382720542,2.0026847527205422
sub-641352058645,19.0,17.938461755561374,-1.0615382444386263
sub-641503012169,12.30410959,12.436416645973624,0.1323070559736248
sub-641778374478,23.0,26.682904605977296,3.6829046059772956
sub-641785343493,24.76386036960985,26.890215362216992,2.1263549926071406
sub-641924756694,27.5,29.6874608270835,2.1874608270834983
sub-642488241612,25.0,23.67164538228233,-1.3283546177176717
sub-642532666019,19.0,21.123149974839478,2.123149974839478
sub-642736420938,21.0,19.590952865225308,-1.409047134774692
sub-642915495773,25.0,25.282933766103927,0.28293376610392684
sub-643156878338,18.0,19.312373468214055,1.312373468214055
sub-643420326642,20.0,19.050159683696,-0.9498403163040017
sub-643481278758,10.37260274,10.930275437441026,0.557672697441026
sub-644183180436,27.0,31.767833047792156,4.7678330477921556
sub-644560253408,22.601,19.43256193593911,-3.16843806406089
sub-644732629191,19.0,20.93936117586398,1.9393611758639793
sub-644777973300,27.5,31.21676262136609,3.7167626213660903
sub-644890417557,21.0,20.541451697179685,-0.458548302820315
sub-644906648465,27.0,31.4354262626263,4.435426262626301
sub-645057554740,21.0,23.808363558148013,2.808363558148013
sub-645692300786,21.0,19.01861850062783,-1.9813814993721692
sub-645710982073,21.0,23.320999934521268,2.320999934521268
sub-645780261271,27.0,32.433611032121455,5.433611032121455
sub-645850258593,29.0,25.508865747855502,-3.491134252144498
sub-646068282127,19.0,21.124489324875967,2.1244893248759666
sub-646345876621,12.68,5.890494135484165,-6.789505864515835
sub-646517610067,19.0,16.875894980608535,-2.1241050193914646
sub-646744484684,20.16700889801506,27.284445619329183,7.1174367213141245
sub-646866546911,19.0,21.12972908615255,2.129729086152551
sub-647719670521,19.0,16.018219180280553,-2.9817808197194466
sub-648086716299,37.6974674880219,34.623832272718744,-3.073635215303156
sub-648249718476,11.76164384,14.099169117984705,2.337525277984705
sub-648278856903,15.0,19.814625677846735,4.814625677846735
sub-648515033769,14.42,7.41314824561853,-7.00685175438147
sub-648576491590,23.0,23.309396469715868,0.30939646971586754
sub-648813490696,21.0,14.001610776381108,-6.998389223618892
sub-649823056480,24.342231348391515,30.893032594612333,6.550801246220818
sub-649973856258,21.0,23.209907857557237,2.209907857557237
sub-650124359274,19.0,22.320132839174658,3.320132839174658
sub-650193008460,23.0,17.56306076480724,-5.43693923519276
sub-650286627379,12.0,12.787901141687065,0.7879011416870654
sub-650323162497,13.95,13.728802397814869,-0.2211976021851303
sub-651378609045,10.0,8.345915872773023,-1.6540841272269766
sub-651379322987,12.33,2.4255536748120115,-9.904446325187989
sub-651479451260,9.684931507,7.972865509719501,-1.712065997280499
sub-651562292984,21.0,16.907730607160975,-4.092269392839025
sub-652391251578,19.0,17.65942716490104,-1.3405728350989605
sub-652746983023,20.0,21.011027758692283,1.0110277586922827
sub-653961973252,19.0,26.816473921653866,7.816473921653866
sub-654087624056,13.9,16.183284709880866,2.2832847098808653
sub-654400627499,60.0,49.67195633567671,-10.328043664323289
sub-654814550678,22.5,29.631257601650937,7.131257601650937
sub-655048546266,21.0,23.367678485980395,2.367678485980395
sub-655374246890,28.870636550308017,29.557475218950017,0.6868386686420003
sub-656950957845,24.0,25.29547497284916,1.29547497284916
sub-656989737791,41.09514031485284,33.49772788636725,-7.59741242848559
sub-657153755669,31.0,28.042289980723258,-2.9577100192767425
sub-657490657270,25.0,24.36669357695826,-0.6333064230417413
sub-657704975547,18.0,25.225772218728366,7.225772218728366
sub-658403838316,17.0,16.404180661919032,-0.5958193380809682
sub-658732984981,27.5,38.957352672983575,11.457352672983575
sub-658776671303,17.83,19.484645065505674,1.654645065505676
sub-659006086496,18.0,25.332117064247644,7.332117064247644
sub-659008210173,22.5,26.557198874471982,4.0571988744719825
sub-659343191601,19.0,25.2180754788496,6.218075478849599
sub-659455743211,22.5,33.424160364374174,10.924160364374174
sub-659518732450,22.5,20.50137280419126,-1.9986271958087407
sub-659879157552,19.0,23.42074043327883,4.42074043327883
sub-659885055931,22.0,21.773762441471124,-0.22623755852887584
sub-660642229990,19.0,19.400468178534222,0.4004681785342221
sub-660847550385,8.408219178,4.9919793544882936,-3.416239823511706
sub-660910676815,20.0,29.180062896637352,9.180062896637352
sub-661066566833,13.0,10.299242546379968,-2.7007574536200316
sub-661217121523,21.0,18.119699919269614,-2.880300080730386
sub-661697346338,19.0,24.525277549144047,5.525277549144047
sub-661825354690,30.069815195071868,27.997877492833325,-2.071937702238543
sub-662096726150,13.0,11.116625044047591,-1.8833749559524087
sub-663994701427,24.2611,24.459643686458357,0.19854368645835763
sub-664052311069,21.0,17.678665724934937,-3.3213342750650625
sub-664063551695,31.46064339493498,33.93320447004407,2.4725610751090876
sub-664400075329,21.0,22.58783879181879,1.5878387918187897
sub-664760112772,56.939082819986325,59.90208642246542,2.963003602479098
sub-664974219741,27.0,14.117713621203631,-12.882286378796369
sub-665112865981,19.0,19.207489199083312,0.20748919908331231
sub-665230680224,23.0,23.327396713281313,0.32739671328131337
sub-665303060615,19.0,24.854613005667893,5.854613005667893
sub-665358094819,19.0,19.52339488915758,0.5233948891575793
sub-665518598470,9.161,8.856763844935323,-0.30423615506467705
sub-666278270179,21.0,23.174170516389484,2.174170516389484
sub-666304483965,23.0,23.725886519849343,0.7258865198493432
sub-666694788584,41.0,31.605189676888916,-9.394810323111084
sub-667083244912,19.0,13.471262879414287,-5.528737120585713
sub-667267572569,66.33264887063655,62.07331293345914,-4.259335937177404
sub-667802455407,58.0,48.451393082122664,-9.548606917877336
sub-668199381050,18.0,9.62023853072056,-8.37976146927944
sub-668766205850,65.66735112936345,71.83078259507315,6.163431465709692
sub-668780942457,29.0,24.722040536607583,-4.277959463392417
sub-669071917132,21.0,15.259988055561202,-5.740011944438798
sub-669147517964,22.5,28.07662381343394,5.57662381343394
sub-669502250517,21.0,25.800889192722806,4.800889192722806
sub-669938223438,12.4,6.1044765409785136,-6.295523459021487
sub-670439921796,21.0,26.02576248368951,5.025762483689508
sub-670440267086,21.0,18.59875632936147,-2.4012436706385287
sub-670914982191,17.6,44.83258059968523,27.232580599685228
sub-670965706532,18.0,28.16062540189059,10.160625401890591
sub-671107640505,28.158795345653655,33.48563029432869,5.326834948675039
sub-671682598086,10.96,13.674661140719508,2.7146611407195067
sub-671852511180,29.9685,17.17854684639925,-12.789953153600749
sub-671881150872,21.0,25.63014109938768,4.630141099387679
sub-672056914948,83.45790554414785,66.28865379332862,-17.169251750819228
sub-672403936752,35.40588637919233,38.34966272101678,2.943776341824446
sub-672500627179,31.895961670088983,36.03799159407935,4.142029923990368
sub-672514734200,12.3,10.012458404520558,-2.2875415954794427
sub-672611254530,21.0,19.228461325191667,-1.7715386748083333
sub-672666802566,19.0,12.853265184044904,-6.146734815955096
sub-672791368571,11.65753425,9.946077441362274,-1.7114568086377258
sub-673092908902,11.0,12.813342303071483,1.813342303071483
sub-673884038980,27.326488706365502,31.34595231528661,4.019463608921107
sub-674146639032,19.0,20.456212798835352,1.4562127988353524
sub-674149431427,25.0,24.76737008876655,-0.2326299112334489
sub-674240758679,8.083333332999999,8.01334217491139,-0.06999115808860878
sub-674509869536,23.0,16.417705785732522,-6.582294214267478
sub-674592363321,73.56331279945243,63.485136508900375,-10.078176290552058
sub-674684870917,21.0,21.848135729189032,0.8481357291890319
sub-674820667498,18.0,20.302291344130044,2.302291344130044
sub-675221521310,18.1383,16.92415065478999,-1.2141493452100107
sub-675459567756,21.0,28.12412605193478,7.12412605193478
sub-675837960607,37.5,37.12092979170883,-0.3790702082911679
sub-675854313594,16.05,19.43145466147807,3.3814546614780703
sub-676756169324,13.12,17.770283329004656,4.650283329004656
sub-676763352592,61.15263518138261,65.65881460410012,4.5061794227175085
sub-677544915835,19.0,18.794727995662576,-0.20527200433742365
sub-677684213717,21.0,16.033061392575945,-4.966938607424055
sub-677737173589,9.0,10.417038226719948,1.4170382267199475
sub-678520978380,49.04312114989733,42.64276272442142,-6.400358425475915
sub-678825690563,67.5,52.138979932459655,-15.361020067540345
sub-678999721414,27.5,25.613027307019436,-1.8869726929805637
sub-679338528035,31.849418206707732,34.908329373792725,3.058911167084993
sub-679731921792,26.0,25.97833423947427,-0.02166576052573177
sub-679762367696,46.22039698836414,45.373059551914324,-0.8473374364498198
sub-679864071438,21.0,22.552978891810636,1.5529788918106355
sub-680302874420,13.36,12.755380532062036,-0.6046194679379635
sub-680339578873,50.902121834360024,48.226530727366644,-2.67559110699338
sub-680398942665,21.0,22.07534572468795,1.0753457246879492
sub-680734042819,14.91,12.235369545899772,-2.674630454100228
sub-680757856739,22.5,28.248788856421054,5.748788856421054
sub-680772685788,13.0,12.978783425461181,-0.02121657453881909
sub-680990983274,28.0,24.25198084484673,-3.748019155153269
sub-681456690857,24.0,23.810792989199573,-0.1892070108004269
sub-682089304633,27.5,27.45374163121869,-0.0462583687813094
sub-682175285376,20.0,19.168814531566646,-0.831185468433354
sub-682251382971,19.0,20.2184485126075,1.2184485126075018
sub-682373025096,16.5,12.148065243532905,-4.351934756467095
sub-682540333780,19.0,25.863381338723418,6.863381338723418
sub-682565238858,21.0,21.74687237788548,0.7468723778854809
sub-683077578493,19.0,17.60456654978604,-1.395433450213961
sub-683311152225,62.5,54.77308507186462,-7.726914928135379
sub-683939707752,63.81656399726214,49.71499148900075,-14.101572508261391
sub-683977145503,23.0,26.21782440639512,3.2178244063951205
sub-684188028169,11.66849315,15.216162789088028,3.547669639088028
sub-684466732098,21.0,25.1373922436561,4.137392243656102
sub-685152998724,21.0,23.093121715907714,2.0931217159077136
sub-685299118745,18.0,3.861020952515787,-14.138979047484213
sub-686082388541,30.0,29.03232438199756,-0.9676756180024384
sub-686436805646,33.17,35.54898555505135,2.378985555051351
sub-686706639402,22.0,27.76188178757335,5.761881787573351
sub-687363608821,10.80547945,10.837372041104254,0.031892591104254464
sub-687730767942,23.0,16.391917853735688,-6.608082146264312
sub-687870123935,21.0,21.157954621179265,0.15795462117926462
sub-687905632775,21.0,19.890982966244383,-1.1090170337556167
sub-688318858034,19.0,23.222145005621478,4.222145005621478
sub-688375758179,41.71937029431896,43.34220553979631,1.6228352454773471
sub-688740919551,9.808219178,17.35869189370404,7.550472715704041
sub-689747547774,62.95961670088982,61.99866896494504,-0.960947735944778
sub-690309517436,55.0,43.85006129879549,-11.149938701204512
sub-690700446552,19.0,15.48548852378236,-3.51451147621764
sub-690905328014,65.40999315537303,56.497386040851595,-8.912607114521435
sub-690939385110,25.0,29.72573553521716,4.7257355352171615
sub-691371386930,21.0,16.762472021657338,-4.237527978342662
sub-691485115052,23.0,19.050554764463495,-3.949445235536505
sub-691759233511,19.0,24.25783338849948,5.257833388499481
sub-691921149119,29.49760438056126,34.530492943950925,5.032888563389665
sub-692024859380,27.0,22.287416906091998,-4.712583093908002
sub-692150651594,22.5,21.314298965245648,-1.1857010347543522
sub-693063068070,23.0,16.265121272482467,-6.734878727517533
sub-693325060378,21.0,22.548498179203932,1.548498179203932
sub-693382231073,29.0,30.684598066228457,1.6845980662284568
sub-693399183927,22.5,25.503099235372613,3.0030992353726127
sub-693783915366,19.0,20.429636409141242,1.4296364091412421
sub-693974688215,42.98973305954826,47.48061410068549,4.490881041137236
sub-694112100550,22.41478439425052,23.21798487916991,0.8032004849193903
sub-694127992242,17.6,22.90320989458712,5.30320989458712
sub-694932022560,27.5,29.192010311228533,1.6920103112285325
sub-695085570524,27.92,30.54428790332505,2.6242879033250475
sub-695242338127,21.0,24.45567458277364,3.4556745827736393
sub-695273924163,21.0,25.17371483214491,4.17371483214491
sub-695333487294,9.229295,3.171065239817633,-6.058229760182368
sub-695426581946,21.0,17.953686115660197,-3.0463138843398028
sub-696040052001,22.0,23.783206327196968,1.783206327196968
sub-696273606035,26.0,27.272404569978544,1.2724045699785442
sub-696387902428,27.5,32.167899926599226,4.667899926599226
sub-696878407859,21.0,23.694697932618617,2.6946979326186167
sub-697141427612,62.4558521560575,65.98924636594761,3.5333942098901048
sub-697168059795,21.0,22.078434482482336,1.0784344824823364
sub-697452970135,37.002053388090346,35.29822030303028,-1.7038330850600687
sub-697511740663,49.38535249828885,57.6548523179879,8.26949981969905
sub-698477815272,21.0,25.13255919394758,4.1325591939475785
sub-698490319297,29.0,25.721804598400734,-3.278195401599266
sub-698835635925,22.0479,26.355166001035343,4.3072660010353445
sub-698839379175,9.0,16.576479914201226,7.576479914201226
sub-698919527941,15.3,14.136008614600012,-1.1639913853999886
sub-699269720091,61.0,43.82553943170004,-17.174460568299963
sub-699308493154,20.0,22.613915193379153,2.613915193379153
sub-699419348039,21.0,23.81444061511553,2.8144406151155295
sub-700193003380,29.0,28.369249101834164,-0.6307508981658358
sub-700247842557,25.0,21.634713862627002,-3.3652861373729976
sub-700501332403,21.0,17.563750397374676,-3.436249602625324
sub-700656025905,10.37260274,8.69000611030594,-1.6825966296940589
sub-700850861541,13.8,11.97601688712999,-1.8239831128700104
sub-700916661679,23.0,22.716008066797308,-0.28399193320269234
sub-701764432954,38.93771389459275,43.27841804680004,4.340704152207294
sub-701863915807,77.5,61.765523387031564,-15.734476612968436
sub-701904337000,40.36139630390144,37.257293679640576,-3.104102624260861
sub-702089918687,22.5,31.31552769386397,8.81552769386397
sub-702445157950,19.0,17.636008615330944,-1.3639913846690561
sub-702490913073,19.0,18.633708197730936,-0.366291802269064
sub-702763965954,27.0,28.39979273482664,1.3997927348266401
sub-702869357469,63.09650924024641,68.36173416096396,5.26522492071755
sub-702874441281,72.5,56.068554525923005,-16.431445474076995
sub-703251898539,21.0,22.26825979578961,1.2682597957896107
sub-703811884563,19.0,18.910706714498577,-0.08929328550142301
sub-703926084547,42.789869952087614,36.52482610772765,-6.265043844359965
sub-704612841491,25.0,24.948601372716396,-0.05139862728360356
sub-704648129030,9.0,8.97091723096798,-0.02908276903201923
sub-705041557672,58.568104038329906,55.33934227606427,-3.228761762265634
sub-705166047617,21.0,20.702633886571302,-0.2973661134286978
sub-705262524970,19.0,22.781888389518635,3.7818883895186346
sub-705347968085,33.138945927446954,37.701111113162824,4.56216518571587
sub-705884941324,17.0,20.068398176801626,3.068398176801626
sub-706711530535,20.0,17.88364935749567,-2.1163506425043295
sub-706713051754,21.0,19.932480972743733,-1.0675190272562673
sub-707270874156,74.0,62.680467651755436,-11.319532348244564
sub-707724054383,62.0,39.20867127634348,-22.79132872365652
sub-707875583398,23.0,31.905938761778877,8.905938761778877
sub-707906391106,19.0,25.120800420943084,6.120800420943084
sub-707928232054,23.0,20.84247889882712,-2.157521101172879
sub-708325248310,18.0,21.373419680678857,3.3734196806788574
sub-708489424449,23.0,23.378792930742243,0.3787929307422431
sub-709113271534,21.0,23.948362310543793,2.948362310543793
sub-709336090516,21.0,21.683371585531493,0.6833715855314928
sub-709379526999,53.407255304585895,50.778596095694205,-2.6286592088916905
sub-709709181957,8.87,12.538871157375382,3.668871157375383
sub-709739847071,27.3812,23.086637993516867,-4.294562006483133
sub-710310558743,21.0,19.170428781109642,-1.829571218890358
sub-710313763466,12.38,11.749929542956462,-0.6300704570435389
sub-710627620309,11.0,13.840571902367437,2.8405719023674365
sub-710653466581,62.5,46.38525831363644,-16.11474168636356
sub-710980622258,60.101300479123886,51.709943160007185,-8.3913573191167
sub-711287293064,21.0,22.66625576309409,1.6662557630940888
sub-711316088881,39.46611909650924,44.07924546868888,4.613126372179643
sub-711460991328,25.0,26.19667237453465,1.19667237453465
sub-711702933403,6.0,14.382527476351207,8.382527476351207
sub-711810000233,52.30116358658453,41.33873425367247,-10.962429332912059
sub-711825599373,22.0,26.195147975415814,4.195147975415814
sub-711880120870,19.0,20.077053338936544,1.077053338936544
sub-713067588921,23.0,18.068672339083626,-4.931327660916374
sub-713238312807,54.425735797399035,54.351077199053634,-0.07465859834540112
sub-713258499606,86.19849418206707,72.22996068144839,-13.968533500618676
sub-714049164247,44.0,37.59141295560717,-6.4085870443928314
sub-714133828625,29.0,28.44225265772578,-0.5577473422742187
sub-714328515596,20.65,24.338634815372956,3.688634815372957
sub-714454703838,9.5202,18.0344463402802,8.5142463402802
sub-715170698474,27.0,24.171606722988,-2.828393277012001
sub-715188657730,41.90280629705681,31.731998864902693,-10.17080743215412
sub-715391018569,59.471594798083494,57.542623778162316,-1.9289710199211783
sub-715646324429,19.0,21.097650651324198,2.097650651324198
sub-715730829823,46.0,43.607232057969625,-2.3927679420303747
sub-716555194023,24.854209445585212,28.659524251566133,3.8053148059809203
sub-716652117874,72.5,62.843776786059436,-9.656223213940564
sub-716969824239,23.0,18.416828281954196,-4.583171718045804
sub-717096758205,20.0,21.23137179728527,1.23137179728527
sub-717241611030,11.2,18.232336723286373,7.032336723286374
sub-717383994201,27.0,25.72592571608683,-1.2740742839131691
sub-717521415493,83.81108829568788,71.93971361045614,-11.871374685231743
sub-717749803047,23.0,25.54128931456245,2.5412893145624516
sub-717875401784,65.11430527036276,58.75806403205307,-6.356241238309693
sub-717904447748,7.0,13.509156345953233,6.509156345953233
sub-717923170669,58.0,41.43973076636084,-16.56026923363916
sub-718994616498,22.0,27.268810492728715,5.268810492728715
sub-719305753553,29.0,24.224524484207546,-4.775475515792454
sub-719423973532,22.0,24.67677737902469,2.6767773790246885
sub-720232681928,19.0,26.56418824196645,7.564188241966448
sub-720493926180,8.594520548,9.189862130124936,0.5953415821249362
sub-720776154383,10.05479452,9.176539531753246,-0.8782549882467539
sub-722431421602,21.0,30.394580298348757,9.394580298348757
sub-722687973057,19.0,23.328179099300083,4.328179099300083
sub-722712736840,23.0,24.990206795669447,1.9902067956694474
sub-723029434653,27.5,33.01566361853228,5.51566361853228
sub-723096670239,19.0,28.36677684218785,9.36677684218785
sub-723325961518,23.0,26.250460555029694,3.2504605550296937
sub-723403836764,21.0,19.55233389012231,-1.4476661098776908
sub-723425355879,22.0,25.34490984609047,3.34490984609047
sub-723719996349,23.0,20.791553142199703,-2.208446857800297
sub-723995805134,8.64109589,19.72990223381788,11.08880634381788
sub-724285887201,21.0,24.700027813698277,3.700027813698277
sub-724721518392,72.09034907597534,66.11188526034653,-5.978463815628814
sub-725415967620,19.0,22.918155610804643,3.918155610804643
sub-725586193692,23.0,26.765986628968356,3.7659866289683563
sub-725785336385,82.18754277891856,80.71819291324474,-1.46934986567382
sub-725821040249,40.0,45.89086013663557,5.890860136635567
sub-726037746493,19.0,22.599967783343924,3.5999677833439243
sub-726357481279,25.0,25.250259667959995,0.25025966795999466
sub-726436684201,22.0,22.444546486538954,0.4445464865389539
sub-726447225950,9.97,16.894592625294635,6.924592625294634
sub-726583561602,59.78370978781656,49.01025048419838,-10.773459303618182
sub-726862226876,55.0,35.19183754419714,-19.808162455802858
sub-727848229209,21.0,25.04480683418752,4.0448068341875185
sub-728001286523,22.5,25.187382204519327,2.687382204519327
sub-728218320536,23.0,18.504415725714303,-4.495584274285697
sub-728882736260,25.0,20.016305396096392,-4.983694603903608
sub-729003209199,8.139726027,11.586905358619312,3.447179331619312
sub-729143650901,19.0,17.98012486685656,-1.0198751331434401
sub-730071150053,19.0,24.922975585129166,5.922975585129166
sub-730097934670,27.5,30.07114357511488,2.5711435751148812
sub-730918684622,10.12328767,6.745402079214156,-3.3778855907858443
sub-730972405484,19.0,25.124925033584507,6.124925033584507
sub-731053537710,28.0,26.102276108822867,-1.897723891177133
sub-731158961758,26.0,23.27806014413525,-2.7219398558647505
sub-731383185695,12.3,10.922600799796804,-1.3773992002031967
sub-731884047204,21.0,23.590664197859315,2.590664197859315
sub-732461942615,8.1,10.826554681480692,2.7265546814806925
sub-732953690458,21.0,22.223107075580515,1.223107075580515
sub-733521303257,19.0,18.052658279592826,-0.9473417204071737
sub-733532206179,21.0,22.510431113396542,1.5104311133965425
sub-733655780174,25.0,31.445795296522952,6.445795296522952
sub-733766223690,11.0,10.977822109924848,-0.022177890075152362
sub-733900295883,19.0,25.158002309702198,6.158002309702198
sub-734028308401,23.0,19.919059582956038,-3.080940417043962
sub-734097348430,23.0,18.56471487885444,-4.4352851211455615
sub-734237194162,24.0,25.035947669107202,1.0359476691072018
sub-734267087534,19.0,21.020521408863686,2.0205214088636865
sub-734932297481,25.0,26.82665472930757,1.8266547293075703
sub-736060141260,44.8514715947981,53.04009693649621,8.188625341698113
sub-736336902194,25.0,18.370260895598435,-6.629739104401565
sub-737123719510,19.0,25.54010567196012,6.54010567196012
sub-737279775927,20.0,21.45748355502625,1.4574835550262506
sub-737612352942,16.0,17.87766051964846,1.8776605196484617
sub-737772953793,63.67693360711843,50.06279889312596,-13.61413471399247
sub-737776786402,11.0,5.002223652039994,-5.997776347960006
sub-738958020045,19.0,21.998027945472465,2.998027945472465
sub-739307848909,17.0,17.91772125958135,0.9177212595813486
sub-739389914455,23.0,25.07734478691873,2.0773447869187294
sub-739807799326,15.35,13.017963756493408,-2.3320362435065913
sub-740850556012,29.77960301163587,32.39795986432529,2.6183568526894163
sub-741157514614,19.0,20.889836406700955,1.8898364067009545
sub-741359564210,67.69883641341546,59.79548919358858,-7.903347219826884
sub-741541005641,54.60917180013689,42.36165155236927,-12.247520247767625
sub-741636551928,38.0,34.970790823771665,-3.029209176228335
sub-741652187641,21.0,20.455843396273167,-0.544156603726833
sub-741706908470,19.0,20.539187053971943,1.5391870539719434
sub-742020470746,19.0,14.045864155042711,-4.954135844957289
sub-742191010883,43.0,31.18862665520669,-11.81137334479331
sub-742564189204,19.0,16.51168446334278,-2.4883155366572183
sub-742853610871,15.0,13.900014202691825,-1.0999857973081753
sub-743352477595,27.5,33.883904370144265,6.383904370144265
sub-743455835231,37.0,46.110601175997346,9.110601175997346
sub-744141834517,46.71047227926078,49.07836596566262,2.3678936864018425
sub-744298999140,47.5,30.675320341913277,-16.824679658086723
sub-744423042424,13.8097,4.445675500627992,-9.364024499372007
sub-744840336405,24.0,33.77271860182218,9.772718601822177
sub-745672226345,12.8,15.734982529869042,2.934982529869041
sub-745755840633,18.0,21.611889692548676,3.611889692548676
sub-745767581086,8.854794521,-0.23591386278668836,-9.090708383786689
sub-745910997827,21.0,20.90730244453918,-0.09269755546081981
sub-746032496734,32.5,29.762213035062494,-2.7377869649375057
sub-746079690441,10.19726027,4.697677581909534,-5.499582688090465
sub-747049784071,19.0,18.692856551798428,-0.3071434482015718
sub-747532219636,53.53593429158111,41.14982735155873,-12.38610694002238
sub-747751581308,23.0,26.86574331454671,3.865743314546709
sub-748028963399,19.0,12.198877358607266,-6.801122641392734
sub-748953105656,9.734246575,14.99519673313546,5.26095015813546
sub-749050549103,18.8008,21.11887199411637,2.3180719941163694
sub-749242679952,60.41067761806981,49.11428728013678,-11.296390337933033
sub-749312838847,8.17,8.250758844812498,0.08075884481249851
sub-749715302318,21.0,18.44592522131643,-2.554074778683571
sub-750015954760,27.0,29.34440610269508,2.3444061026950784
sub-750186825284,19.0,17.072590734134927,-1.927409265865073
sub-750196886752,62.425735797399035,58.693380962928586,-3.732354834470449
sub-750206436120,25.0,22.899219759886357,-2.100780240113643
sub-750507848849,9.750684932,16.36288791005002,6.6122029780500196
sub-750841455509,33.0,36.65046412944524,3.65046412944524
sub-751188829255,21.0,26.100059002282393,5.100059002282393
sub-751517719808,24.0,23.72431370227941,-0.27568629772058983
sub-751707093596,52.689938398357285,46.96248569259512,-5.727452705762161
sub-751985660700,19.0,21.836681793054282,2.8366817930542823
sub-752296417260,19.0,25.666072143923596,6.666072143923596
sub-752442155878,19.0,20.747680997920973,1.7476809979209733
sub-752781093429,19.0,21.504616665607784,2.5046166656077844
sub-752827719198,20.0,15.937521208185318,-4.062478791814682
sub-752863684946,21.0,25.148855325911555,4.148855325911555
sub-753786847117,19.0,21.491782264296845,2.4917822642968446
sub-754051367234,23.0,23.74590594708628,0.7459059470862783
sub-754065609304,27.0,-40.28269643787537,-67.28269643787537
sub-754201155706,19.0,23.2388849735589,4.2388849735589
sub-754258049359,21.0,17.69577950348332,-3.304220496516681
sub-754454498342,22.0,20.29882680580933,-1.7011731941906696
sub-754458206989,19.0,18.950088493068446,-0.04991150693155433
sub-755143257543,18.2806,24.482282539523112,6.201682539523112
sub-755228432677,10.53,12.264980566143599,1.7349805661435997
sub-755625059611,8.851472,9.371336135846501,0.5198641358465022
sub-755838130322,19.0,16.09025431877159,-2.9097456812284115
sub-756104556615,25.0,29.335911743915545,4.3359117439155455
sub-757057096066,22.5,30.080991485973446,7.5809914859734455
sub-757266037663,25.0,25.003673193266824,0.0036731932668239153
sub-757369811232,21.0,19.162088407796457,-1.8379115922035432
sub-757409269329,60.0,45.31265714155449,-14.687342858445511
sub-757931942373,23.0,18.752091798788754,-4.247908201211246
sub-758007443326,21.0,25.77467694111475,4.774676941114748
sub-758975121093,19.0,18.496727500790087,-0.5032724992099133
sub-758981695931,19.0,24.039288414709095,5.039288414709095
sub-759162668860,19.75,26.88174152188546,7.131741521885459
sub-760088018063,49.0,34.84381932595875,-14.156180674041252
sub-760422023808,23.0,23.638125767928894,0.6381257679288943
sub-760566903733,22.0,19.603945834274406,-2.3960541657255945
sub-760845068933,19.0,21.142915685226633,2.142915685226633
sub-760927711967,19.0,23.746934036212913,4.746934036212913
sub-761008927690,51.75359342915811,64.22584191410314,12.472248484945034
sub-761178177952,19.0,15.5324086429848,-3.4675913570152
sub-761342473396,21.0,22.132230237855577,1.1322302378555769
sub-761743611697,19.0,17.730997232393733,-1.269002767606267
sub-761787072334,21.0,21.952858003123755,0.9528580031237546
sub-761933517719,19.0,28.63482306379009,9.63482306379009
sub-761933695478,40.03559206023272,44.10243422983838,4.066842169605657
sub-762070675429,62.0,43.70306586823426,-18.296934131765738
sub-762537788840,32.0,17.933701487154977,-14.066298512845023
sub-762833422997,79.0,86.9686552256349,7.968655225634905
sub-763015005475,19.0,20.76608257315604,1.7660825731560408
sub-763328690129,27.0,25.74869316376519,-1.2513068362348108
sub-763770809315,19.0,23.046329890756102,4.046329890756102
sub-764231879634,27.5,22.76888353538908,-4.7311164646109205
sub-764593805284,26.0,29.141396466552834,3.141396466552834
sub-765217637922,23.0,22.349270599111072,-0.6507294008889275
sub-765748207688,19.0,15.721696869409024,-3.2783031305909756
sub-765759462999,19.0,21.578039532631305,2.578039532631305
sub-765816134328,9.578082192,12.152358194355958,2.5742760023559583
sub-766124719459,32.5,30.242774933708155,-2.257225066291845
sub-766202082508,20.0,20.055988363581587,0.05598836358158721
sub-766537706017,12.4,10.353381794337668,-2.046618205662332
sub-766685974606,13.92,15.333453734988147,1.4134537349881473
sub-766767730847,9.97,11.877705872617659,1.9077058726176581
sub-766890196426,22.0,20.57026316353735,-1.4297368364626486
sub-766985344911,23.0,25.865041002301034,2.8650410023010338
sub-767758047479,51.29089664613279,55.041891757498846,3.750995111366052
sub-768287290520,70.1409993155373,67.10691823137304,-3.0340810841642565
sub-768568343560,20.0,23.94826474459545,3.9482647445954484
sub-768580810599,23.0,20.351363955800004,-2.6486360441999963
sub-768654883244,9.034908,8.012835983436506,-1.0220720165634933
sub-768852153668,32.5,30.882794600207866,-1.6172053997921338
sub-769197912961,23.0,26.95051894528821,3.9505189452882092
sub-769448459080,23.0,17.76671325404921,-5.233286745950789
sub-769671625319,15.0,15.22032341298914,0.22032341298914027
sub-769744298197,19.0,23.03468845254504,4.034688452545041
sub-770198451893,25.0,16.42401577722838,-8.57598422277162
sub-770298145539,19.0,23.716745679037277,4.7167456790372775
sub-770697219769,25.0,22.229017858216714,-2.7709821417832856
sub-770752645310,19.0,22.732863514676186,3.732863514676186
sub-771165526785,27.0,19.588565975490305,-7.4114340245096955
sub-771399282765,19.0,18.38141038327668,-0.6185896167233196
sub-771512436978,16.8,20.691605222582425,3.891605222582424
sub-772014211701,23.0,26.48255239488289,3.482552394882891
sub-772118614430,59.00342231348392,53.9723755720676,-5.0310467414163185
sub-772633785103,19.0,15.19599395567094,-3.8040060443290606
sub-772653333590,20.0,20.07364801893776,0.07364801893776018
sub-772805471815,25.0,24.23444915224857,-0.765550847751431
sub-774322633508,19.0,20.98974620098477,1.9897462009847686
sub-774375266270,22.5,34.28756023915791,11.787560239157912
sub-774740356265,53.670088980150574,49.332315140849644,-4.3377738393009295
sub-775173632081,21.0,17.245751255339094,-3.754248744660906
sub-775521066439,68.48186173853524,87.52718398383202,19.045322245296774
sub-775584956556,8.854794521,13.183677814548068,4.328883293548067
sub-775700335060,12.0,12.53713323611143,0.5371332361114298
sub-775830586801,29.0,22.066224763287643,-6.933775236712357
sub-775870565890,13.21643836,13.910219218310951,0.6937808583109515
sub-775940679010,23.0,21.70198951657601,-1.2980104834239903
sub-776152914559,24.002737850787128,28.1688826656177,4.166144814830574
sub-776201201249,23.0,19.642468211023274,-3.3575317889767256
sub-776489659954,72.5,78.72291911038938,6.222919110389384
sub-776519740044,19.0,20.723768394465147,1.7237683944651465
sub-776559088401,25.741273100616016,34.96070152681501,9.219428426198991
sub-777229560355,23.0,21.06836165452105,-1.9316383454789516
sub-777549072852,10.64,5.709871754615765,-4.930128245384235
sub-777893483077,30.0,31.302463390690683,1.3024633906906828
sub-777922197558,20.928131416837783,21.104859761302983,0.17672834446520014
sub-778029593360,21.0,21.229567625103993,0.22956762510399287
sub-778048043938,22.0,19.63563070423653,-2.3643692957634705
sub-778080071565,22.5,32.56156794042766,10.061567940427658
sub-778816944846,23.0,23.515163629179117,0.5151636291791171
sub-778826665322,19.0,22.440527892410078,3.4405278924100777
sub-778852656136,21.0,23.18639082200402,2.1863908220040216
sub-779173736338,29.0,22.04666350028389,-6.953336499716109
sub-779514017707,19.0,25.025346361891124,6.025346361891124
sub-779760142266,20.0,18.16244258652694,-1.8375574134730606
sub-779882127370,19.0,17.07003647644941,-1.9299635235505903
sub-780065374239,20.0,19.55488647447462,-0.44511352552537886
sub-780103882043,59.50992470910335,57.24020700729757,-2.2697177018057815
sub-780180841050,9.0,3.640533355397526,-5.359466644602474
sub-780786882991,19.0,19.085555712182696,0.0855557121826962
sub-780945670746,32.75,32.39406720463546,-0.3559327953645379
sub-781171966594,31.0,26.32843485330317,-4.671565146696832
sub-781236951487,23.0,23.455933663304815,0.45593366330481544
sub-781892887045,21.0,18.743138344127352,-2.2568616558726475
sub-782020601813,21.0,19.8525936160035,-1.1474063839965005
sub-782213755099,19.0,21.944306988145946,2.9443069881459465
sub-782327830408,19.0,18.686035456850576,-0.31396454314942446
sub-782541652483,22.5,26.821931927138944,4.3219319271389445
sub-782755729398,37.5,39.80135002988753,2.30135002988753
sub-783542275031,21.0,22.420325453832735,1.420325453832735
sub-783690359289,19.0,19.14430108354292,0.1443010835429206
sub-783961028096,19.0,19.313723781595257,0.3137237815952574
sub-784538675800,19.0,17.972762609219338,-1.0272373907806625
sub-784744094165,21.0,25.50639777809245,4.506397778092449
sub-784746686469,12.2546,5.596444901270388,-6.658155098729612
sub-784844785371,19.0,21.04554111704095,2.045541117040951
sub-785101208040,60.0,67.52357339927836,7.523573399278362
sub-785605129869,19.0,14.502615378297698,-4.497384621702302
sub-786210585416,23.0,21.65029750312829,-1.3497024968717106
sub-786291754095,8.3313,6.234508398303234,-2.0967916016967667
sub-786490511114,27.0,27.555255661779967,0.5552556617799667
sub-786594979854,6.0,8.539109726456665,2.5391097264566653
sub-787007356879,22.0,21.557396388692922,-0.4426036113070779
sub-787199115410,62.5,53.84622741546943,-8.653772584530572
sub-787231969341,59.0,50.16087006488851,-8.839129935111487
sub-787417420604,23.0,24.160730352936987,1.1607303529369872
sub-787578957117,12.0,18.16501581933842,6.1650158193384215
sub-787836264343,25.0,28.85747676632389,3.8574767663238916
sub-788150792132,22.0,23.658324112877082,1.6583241128770823
sub-788416388677,31.61670088980151,36.96863485178853,5.351933961987019
sub-788492862739,69.0,55.17655196540756,-13.823448034592438
sub-788524139489,25.0,27.995458571129543,2.995458571129543
sub-788968945004,26.0,20.454985986985186,-5.545014013014814
sub-789224424631,19.0,24.385643390786388,5.385643390786388
sub-789237283790,12.66027397,17.21495525840062,4.554681288400621
sub-789284069383,24.17522245037645,28.44214488641226,4.266922436035813
sub-789333583005,35.0,26.74144188116048,-8.25855811883952
sub-789505181151,21.0,18.174545333524744,-2.825454666475256
sub-790004250935,18.0,21.60681470633156,3.6068147063315585
sub-790241781136,72.59411362080766,60.39261235972555,-12.201501261082115
sub-790515405307,19.0,22.598936725512512,3.5989367255125124
sub-790692389068,21.0,23.510596003508923,2.5105960035089225
sub-790734373738,19.0,22.091960964051076,3.0919609640510757
sub-790852388297,10.9,11.79269347499866,0.8926934749986604
sub-790913183441,23.0,24.580254082919367,1.5802540829193674
sub-791237244812,24.0,22.057013506454876,-1.9429864935451242
sub-791276074550,32.5,23.97635358662439,-8.523646413375609
sub-792038430709,21.0,24.605285900493,3.6052859004930013
sub-792075286865,19.0,17.92814839357402,-1.0718516064259802
sub-792504229121,17.0,14.619961520604212,-2.380038479395788
sub-793040141067,21.0,17.205317087292737,-3.7946829127072625
sub-793173130184,19.0,23.2036769050111,4.2036769050111005
sub-794588803641,9.301369863,13.284670750994524,3.983300887994524
sub-794734640420,23.0,19.8277238327413,-3.172276167258701
sub-794804660894,14.0,14.991131786924655,0.9911317869246545
sub-795002530881,23.0,27.597124535452597,4.597124535452597
sub-795676218612,11.02465753,11.388072912211786,0.3634153822117856
sub-795710895899,9.0,0.960958468819836,-8.039041531180164
sub-795773669005,67.5,56.781402435019366,-10.718597564980634
sub-795872008215,21.0,26.59457866781855,5.594578667818549
sub-795999168691,37.0,46.078404839402296,9.078404839402296
sub-796075391296,21.0,23.689263207963172,2.6892632079631724
sub-796107983896,12.0,12.68219603103488,0.6821960310348807
sub-796344361436,21.0,22.87260826294586,1.8726082629458602
sub-796461524642,19.0,23.236103336427483,4.236103336427483
sub-797020001946,23.0,21.22489029348532,-1.7751097065146801
sub-797027765789,18.0,14.362201531766566,-3.6377984682334343
sub-797715138957,21.0,26.595587871443904,5.595587871443904
sub-797812763865,23.0,16.909156318529643,-6.090843681470357
sub-798608728848,19.0,21.689559018599716,2.6895590185997165
sub-798649997254,21.0,26.120007691396424,5.120007691396424
sub-798827199180,19.0,17.996949748830513,-1.003050251169487
sub-798868156113,11.9,9.91541181896699,-1.9845881810330095
sub-799096182745,25.938398357289532,23.029675951900348,-2.9087224053891845
sub-799436047340,21.0,20.229441001616195,-0.7705589983838053
sub-799740592794,22.0,20.84188548310788,-1.1581145168921196
sub-800311395021,19.0,19.986784869035105,0.9867848690351053
sub-800520411823,22.0,22.506587284914673,0.5065872849146729
sub-800961042105,19.0,22.2574746170738,3.2574746170738003
sub-800984068342,25.0,19.741327943514236,-5.258672056485764
sub-801338861657,22.0,27.31718300694524,5.317183006945239
sub-801361893773,19.0,28.42067624544823,9.420676245448231
sub-801540568785,27.0,23.419513136780665,-3.5804868632193347
sub-801647502527,19.0,20.522435801980667,1.5224358019806665
sub-801779602005,23.0,27.475977589393217,4.475977589393217
sub-802008837921,25.0,23.373084032038086,-1.6269159679619136
sub-802325946883,21.0,26.514228152364616,5.514228152364616
sub-802458837032,21.0,22.89749325790009,1.8974932579000914
sub-802577239020,10.09041096,12.293538707485977,2.2031277474859774
sub-803058753287,18.0,21.577091304956415,3.577091304956415
sub-803177652573,8.276523,7.0577049992646295,-1.2188180007353697
sub-803554308913,22.0,29.349841743615734,7.349841743615734
sub-803660783259,39.38398357289528,42.66490488780654,3.280921314911261
sub-804584597484,21.0,17.872552531660475,-3.1274474683395255
sub-804603292659,41.05954825462013,32.443213601962796,-8.616334652657336
sub-804610978249,8.9363,15.674006608568,6.737706608568001
sub-805310521997,9.44,10.001830914879367,0.5618309148793674
sub-805388577387,34.0,23.922224978897464,-10.077775021102536
sub-805727987150,45.37987679671458,44.40892368407765,-0.9709531126369342
sub-805739682206,21.0,23.151222624096025,2.1512226240960253
sub-805806601715,18.0,30.35707628419039,12.357076284190391
sub-806223413897,23.0,22.410624451563233,-0.5893755484367666
sub-806263558975,28.0,36.78086966929215,8.780869669292152
sub-806757429701,69.60985626283367,55.84693333500542,-13.762922927828257
sub-806984120210,57.5,52.23675502781977,-5.263244972180232
sub-806985265271,18.0,23.23273143407864,5.232731434078641
sub-807155774087,19.0,15.973142420381057,-3.0268575796189428
sub-807440222278,25.0,25.15868254177596,0.15868254177595986
sub-807604407302,9.0,5.06783836426882,-3.9321616357311804
sub-807851354224,19.0,20.55155217311426,1.5515521731142599
sub-808039124835,19.0,24.312190376445873,5.312190376445873
sub-808051274484,32.5,30.83609496591128,-1.663905034088721
sub-808157587639,23.0,21.220181890367027,-1.7798181096329735
sub-809063090399,48.0,32.61707061818822,-15.382929381811778
sub-809210264000,21.0,22.795437782929515,1.7954377829295147
sub-809505482452,19.0,13.698697214450307,-5.301302785549693
sub-809547720905,19.0,21.159349003630787,2.159349003630787
sub-809580291106,30.0,30.289200476581684,0.2892004765816836
sub-809667175823,43.0,44.65271918102498,1.6527191810249775
sub-810607919990,22.0,17.751227703258593,-4.248772296741407
sub-810772531079,22.5,26.135524791958023,3.635524791958023
sub-810826854275,19.0,27.65897719033131,8.65897719033131
sub-811547022329,21.0,22.506112573970423,1.506112573970423
sub-811800470787,12.0,10.409949601375763,-1.5900503986242374
sub-812214146764,19.08,26.607258427665702,7.5272584276657035
sub-812672057112,21.0,21.478558063964424,0.47855806396442446
sub-812837651289,9.1068,13.047861506117126,3.9410615061171264
sub-813575465955,22.0,27.60464642730674,5.60464642730674
sub-813637963361,23.0,25.271630620112276,2.2716306201122762
sub-814384510207,21.0,23.631791583508384,2.6317915835083845
sub-814384578384,71.0,69.40468396987166,-1.5953160301283447
sub-814718160007,24.0,21.454626344888425,-2.5453736551115753
sub-815173026303,18.0,26.01667498570956,8.01667498570956
sub-815376101199,10.4668,14.487460847795703,4.020660847795703
sub-815491283103,13.0,16.7859549689694,3.785954968969399
sub-815762978204,16.88,17.53123619568671,0.6512361956867103
sub-815780161044,18.0,24.32522133373552,6.32522133373552
sub-815980899157,10.80547945,12.853161876862458,2.0476824268624583
sub-816072514616,47.014373716632434,40.872990261357295,-6.14138345527514
sub-816361417384,21.0,19.929323155047246,-1.0706768449527537
sub-816794694787,19.0,18.702121884424702,-0.29787811557529764
sub-817170359143,21.0,29.4935680929004,8.4935680929004
sub-817372801543,26.0,31.092414932763536,5.0924149327635355
sub-817638670886,8.75,4.879520675410237,-3.8704793245897626
sub-817752088722,35.80561259411362,38.75472049437398,2.9491079002603584
sub-818138400676,62.80355920602327,69.25879145853686,6.455232252513589
sub-818648562062,9.167123288,7.924974600825255,-1.2421486871747458
sub-819058231563,50.65023956194389,48.022090998344,-2.6281485635998934
sub-819345651599,10.0,16.802902225043464,6.802902225043464
sub-819728345558,12.0,13.98048471020181,1.9804847102018108
sub-819765846714,12.66575342,12.788376298285618,0.12262287828561824
sub-819847023081,27.0,26.24119569475421,-0.7588043052457891
sub-820231231679,40.0,31.300807072620806,-8.699192927379194
sub-820918431463,21.0,22.429680472731395,1.4296804727313948
sub-822012913315,64.10403832991102,48.36943500935139,-15.734603320559629
sub-822496166954,49.40451745379877,48.90533162041045,-0.49918583338831723
sub-822667153127,60.895277207392205,63.016297521545425,2.1210203141532205
sub-823056441215,23.0,20.941456879618848,-2.0585431203811524
sub-823314386412,23.0,18.95773041929842,-4.0422695807015785
sub-823338568536,19.0,16.413296623798345,-2.5867033762016547
sub-823640829061,30.0,29.912379531281843,-0.08762046871815699
sub-823805022711,55.23887748117728,62.85935944820599,7.620481967028709
sub-824016129369,19.0,17.936297030357963,-1.063702969642037
sub-824231976656,29.114305270362767,39.395968159611584,10.281662889248818
sub-824258100265,19.0,16.858223271676437,-2.1417767283235634
sub-824506674083,25.1854893908282,24.912321698517818,-0.2731676923103805
sub-825201030964,22.0,24.310977924903426,2.310977924903426
sub-825486549892,61.0,45.86697972986326,-15.13302027013674
sub-825991117035,42.220396988364136,45.243133548164465,3.022736559800329
sub-826102254940,23.0,21.245097312549998,-1.7549026874500022
sub-826451552289,21.0,20.823394747493214,-0.1766052525067856
sub-826455898290,30.0,28.30056817627394,-1.6994318237260586
sub-826772137795,26.0,21.69004083356659,-4.3099591664334085
sub-826893413413,20.0,26.153392900849713,6.153392900849713
sub-827202849142,26.0,19.22636204671302,-6.773637953286979
sub-827210987847,10.25,15.629987585095451,5.379987585095451
sub-827347252526,19.0,29.70207133872049,10.70207133872049
sub-827668818840,12.91,12.725880203991586,-0.18411979600841377
sub-828187678695,8.1,16.83136976666089,8.731369766660892
sub-828311225647,12.01,15.194878865768555,3.184878865768555
sub-828779825670,21.0,28.680320465367213,7.680320465367213
sub-828825650995,18.0,18.32510409668455,0.32510409668455154
sub-828848864811,20.0,25.75147500774955,5.751475007749551
sub-829229264200,9.69,10.605429778627762,0.9154297786277628
sub-829279911985,19.0,5.849681178033492,-13.150318821966508
sub-829286451165,46.36550308008214,42.52604660830181,-3.8394564717803306
sub-829944719647,27.0,26.03506796196374,-0.9649320380362596
sub-830297451917,23.0,25.6019781104324,2.6019781104323982
sub-831004498487,10.5,9.478458676570643,-1.021541323429357
sub-831104295303,21.0,27.69837934491189,6.6983793449118885
sub-831420461855,18.0,21.900690625713295,3.9006906257132954
sub-831498430235,21.0,22.238207983247527,1.238207983247527
sub-831623495535,18.0,20.690947462072188,2.690947462072188
sub-831631755294,14.9432,12.824818065255327,-2.118381934744672
sub-831859007293,9.25,8.81420648443859,-0.43579351556141077
sub-832192965978,19.0,22.424381350968602,3.424381350968602
sub-832211824826,36.0,41.36569723262277,5.365697232622772
sub-833405084335,24.0,23.450022824819793,-0.5499771751802065
sub-833762581917,22.5,25.400644113128468,2.900644113128468
sub-833785451044,25.582477754962355,27.497185120291473,1.914707365329118
sub-833933618360,68.0,59.779166166025966,-8.220833833974034
sub-834050217069,19.0,17.484454639964873,-1.5155453600351265
sub-834265926310,21.0,19.90069044084869,-1.0993095591513082
sub-834759665803,21.0,18.966026074374653,-2.0339739256253466
sub-834921406993,21.0,20.96546969649829,-0.034530303501711046
sub-834928817578,63.41683778234086,63.95476943772513,0.5379316553842699
sub-835150699145,25.0,27.825465724318562,2.825465724318562
sub-835540494601,23.0,19.368703195220043,-3.631296804779957
sub-835915863975,13.0,14.489837405211109,1.4898374052111087
sub-836204819379,9.268493151,15.22826463255283,5.959771481552831
sub-836224924436,60.84052019164955,56.43228030615561,-4.408239885493941
sub-836293495017,13.0,23.85541889221412,10.855418892214121
sub-836905304579,71.0,111.70792872147582,40.707928721475824
sub-837107069292,18.2177,17.13424522790953,-1.0834547720904695
sub-837165336315,21.0,23.191127497176804,2.1911274971768044
sub-837432293199,32.361396303901444,30.38182377078232,-1.979572533119125
sub-837824233766,11.1697,4.92400041122437,-6.245699588775631
sub-838089558550,35.0,23.267269883836263,-11.732730116163737
sub-838826556270,21.0,22.67755822519032,1.677558225190321
sub-839032642270,67.81930184804928,62.16957073083204,-5.649731117217236
sub-839253254886,19.0,21.029319814025804,2.029319814025804
sub-839341084854,22.5,28.132337334604763,5.632337334604763
sub-839452249071,60.5968514715948,43.71026125642733,-16.886590215167473
sub-839924034192,22.1793,26.702378383259802,4.523078383259801
sub-840506833125,29.004791238877484,27.392959418938094,-1.6118318199393897
sub-840847898906,25.0,21.69007797336305,-3.3099220266369507
sub-840924117029,21.0,30.44251404366824,9.44251404366824
sub-841148850958,47.0,33.47992039852493,-13.520079601475068
sub-841518676943,25.0,26.690573909612606,1.6905739096126062
sub-842111262914,48.05201916495551,40.09122476228103,-7.96079440267448
sub-842259835992,27.5,27.134206078358247,-0.3657939216417532
sub-842405684907,11.0,5.753848386705695,-5.246151613294305
sub-842437178908,10.0,7.763832334665739,-2.2361676653342606
sub-842438804330,27.5975,22.102258252851776,-5.495241747148224
sub-842826176759,23.0,17.13334481939686,-5.866655180603139
sub-843302791192,80.1697467488022,72.32891904986107,-7.840827698941126
sub-843782950137,14.76,16.450157700185173,1.690157700185173
sub-844284773354,19.0,17.62438700135104,-1.3756129986489611
sub-844369335575,10.59726027,10.577139238345008,-0.02012103165499113
sub-844469283877,14.1,16.738239370090607,2.6382393700906075
sub-844502343291,23.0,21.4762829851385,-1.5237170148615
sub-844668091281,23.0,17.11304260630105,-5.88695739369895
sub-844809889086,20.34,19.394701869982107,-0.9452981300178926
sub-845938829891,21.0,23.395005471688535,2.3950054716885347
sub-846136040386,24.0,22.338251561232426,-1.6617484387675745
sub-846161019971,22.0,18.064590367242772,-3.935409632757228
sub-846237231836,10.0,7.436705433104013,-2.563294566895987
sub-846809877368,55.16769336071184,63.662935022894345,8.495241662182508
sub-846911830744,12.25,11.926142432681825,-0.32385756731817494
sub-847264219865,27.5,28.86403317650222,1.3640331765022182
sub-847649503818,21.0,16.752209710346907,-4.247790289653093
sub-847858782530,66.85831622176592,74.56972267021929,7.711406448453374
sub-848303531880,74.02600958247777,62.13746156113915,-11.888548021338622
sub-848304365784,28.0,28.105851129840936,0.1058511298409357
sub-848559622345,21.0,21.738864832317255,0.7388648323172546
sub-848863381663,13.78,11.736125096475085,-2.043874903524914
sub-848884705355,19.0,18.005948096321625,-0.9940519036783755
sub-849064822186,27.0,29.926554087309036,2.926554087309036
sub-849137971945,21.0,23.067086211571752,2.067086211571752
sub-849159958030,19.0,21.781169467863222,2.781169467863222
sub-849439788219,19.0,15.726732759997637,-3.2732672400023635
sub-849953102115,9.7,12.99694470956003,3.29694470956003
sub-850074786993,8.024657534,5.396317586432179,-2.62833994756782
sub-850736393225,21.0,18.03700893018385,-2.9629910698161517
sub-850844438672,23.0,15.68655339438482,-7.31344660561518
sub-851134973595,33.0,29.308541277809667,-3.691458722190333
sub-851444737023,15.5,19.209296207231667,3.7092962072316666
sub-851549490177,31.0,28.520607482714244,-2.4793925172857563
sub-851847771111,33.763175906913084,40.879360204667776,7.1161842977546925
sub-851966215203,22.5,14.128587247026552,-8.371412752973448
sub-852119035315,29.0,27.07015719610069,-1.9298428038993087
sub-852627676676,60.9308692676249,58.040237046737715,-2.890632220887184
sub-852840866495,9.860273973,15.477345057146128,5.6170710841461275
sub-853076739302,18.75,19.4742239414567,0.7242239414566995
sub-853151028555,26.0,24.289615970205478,-1.7103840297945219
sub-853205286014,27.0,30.501006506534267,3.5010065065342673
sub-853317809055,21.0,21.171612697138762,0.17161269713876237
sub-853829288453,14.86,11.370343522490586,-3.4896564775094134
sub-854122998143,23.0,23.56595299917239,0.5659529991723886
sub-854248757945,77.5,66.94293463212615,-10.557065367873847
sub-854351385010,21.0,21.683468816132034,0.6834688161320344
sub-855367719661,13.0,12.28892854594771,-0.7110714540522896
sub-855608929551,21.0,17.712473560132725,-3.2875264398672748
sub-855788658491,27.822039698836413,31.205156159879266,3.383116461042853
sub-855821008773,21.0,15.162588815530082,-5.837411184469918
sub-856532049659,9.79,7.572162032188253,-2.2178379678117466
sub-856562281896,19.0,19.630160335844707,0.6301603358447068
sub-857145788944,19.33,20.23291048054951,0.9029104805495116
sub-857482847130,16.0,23.615250771696008,7.615250771696008
sub-858287668746,25.0,16.77091206038927,-8.229087939610729
sub-858715801001,19.0,22.544968810726452,3.544968810726452
sub-858765038570,19.0,19.361909221184575,0.36190922118457536
sub-858944435768,30.143737166324435,32.08916031028955,1.9454231439651153
sub-859071508378,39.2526,36.79353770012565,-2.459062299874354
sub-859835440909,27.0,29.539758055831427,2.5397580558314274
sub-860138007442,21.0,22.44298305024495,1.4429830502449512
sub-860968728819,11.909,19.209467230974603,7.300467230974602
sub-861145867214,18.9,13.288057358119834,-5.611942641880164
sub-861531345127,19.0,21.458828323895055,2.4588283238950552
sub-861783882992,10.119097,11.690622121900574,1.5715251219005744
sub-862294090540,13.65205479,11.514857410298454,-2.1371973797015453
sub-862348505049,58.568104038329906,52.25691402640652,-6.311190011923387
sub-862351405786,21.0,21.042860333463114,0.04286033346311413
sub-862537982546,49.919233401779614,40.875403395852175,-9.04383000592744
sub-862728958301,23.0,15.575511869940435,-7.424488130059565
sub-862933690787,21.0,14.82378010229136,-6.1762198977086396
sub-863158771926,9.032876712,6.040197092590741,-2.992679619409259
sub-863700256831,19.0,25.64648406067334,6.646484060673341
sub-864075417113,24.0,28.296950269715566,4.296950269715566
sub-864390147957,27.5,24.76427450239484,-2.7357254976051593
sub-864417281787,27.0,27.26878343226956,0.2687834322695615
sub-864521527320,27.5,26.783350107578546,-0.7166498924214544
sub-865049849440,18.0,16.527501830904818,-1.4724981690951822
sub-865130064686,23.0,22.612698744193686,-0.3873012558063138
sub-865463279252,10.60821918,10.143079732345546,-0.4651394476544546
sub-865831043042,12.36164384,6.898087302623509,-5.4635565373764905
sub-865879829269,11.01917808,16.802364740561472,5.783186660561473
sub-866125125908,67.16221765913758,58.2612767378035,-8.900940921334083
sub-866415490846,16.0,20.562813359099547,4.562813359099547
sub-866498030343,23.948,31.154076580274403,7.206076580274402
sub-866659229411,71.0,64.38456129573221,-6.615438704267788
sub-866713785429,62.5,48.07329218878644,-14.42670781121356
sub-866905041948,22.0,25.262248693748788,3.262248693748788
sub-866922267325,19.0,17.55705074205053,-1.4429492579494685
sub-867260065005,42.507871321013006,42.92569615791884,0.4178248369058366
sub-867582298309,12.5777,12.527762821623163,-0.049937178376836755
sub-867701378046,20.0,23.977274760661274,3.977274760661274
sub-868182247503,27.0,23.30035715125621,-3.699642848743789
sub-868370615460,13.6,21.68013952763188,8.08013952763188
sub-868388089302,19.0,19.951441107152895,0.9514411071528954
sub-868866368860,72.5,67.14451339166507,-5.355486608334928
sub-869287444915,22.5,21.763543281814904,-0.7364567181850958
sub-869522707783,7.989049,7.654940358776127,-0.33410864122387274
sub-869561056537,25.0,23.183624744055365,-1.8163752559446351
sub-869792866260,63.86858316221765,65.80248976576598,1.933906603548337
sub-869807719337,23.0,25.4040840554247,2.4040840554247005
sub-870097433973,19.0,23.08224213682267,4.082242136822671
sub-870309621562,11.16986301,15.416798843577219,4.2469358335772185
sub-870383451100,19.0,18.481893775993584,-0.5181062240064165
sub-870394430007,27.0,27.363744217001305,0.36374421700130455
sub-870400442875,17.9,24.209595383709512,6.309595383709514
sub-870653878584,34.43,32.16661238861231,-2.2633876113876923
sub-871014392779,23.0,22.014497050966643,-0.9855029490333571
sub-871062020088,21.0,25.091064914882615,4.091064914882615
sub-871227205934,45.6974674880219,37.906237004302035,-7.791230483719865
sub-871327886768,19.8,23.100242569808785,3.300242569808784
sub-871665254271,19.0,16.539490940524516,-2.460509059475484
sub-872219746706,26.0,26.92058003806828,0.9205800380682803
sub-872310189561,25.0,24.622514984558627,-0.3774850154413727
sub-872499226250,35.071868583162214,40.25874788485928,5.1868793016970685
sub-872529642832,21.0,26.175403301909245,5.175403301909245
sub-872890949648,23.0,18.077888005155035,-4.922111994844965
sub-873064193457,22.0,20.66782954824427,-1.3321704517557293
sub-873856873596,71.0,183.14331351306325,112.14331351306325
sub-874881043824,21.0,19.342753261116684,-1.657246738883316
sub-875390673251,27.5,31.10689554887676,3.6068955488767607
sub-875887270246,14.66,16.697434901798864,2.037434901798864
sub-875946477747,18.0,19.849317518086963,1.8493175180869628
sub-876065686543,14.25,20.368913872313627,6.118913872313627
sub-876168816548,14.0,19.433036185307643,5.4330361853076425
sub-876267012411,19.0,20.35239168689106,1.3523916868910604
sub-876413804784,9.136986301,7.730617072086311,-1.4063692289136895
sub-876583468696,24.0,25.834029979147672,1.8340299791476724
sub-877523533189,22.0,21.83390264849874,-0.1660973515012607
sub-877751571376,61.33607118412046,59.81603411735058,-1.5200370667698806
sub-877769535521,19.06,15.402290330315044,-3.657709669684955
sub-878102231037,13.82,10.51713994342354,-3.30286005657646
sub-878124223907,24.0,21.62995799490403,-2.3700420050959714
sub-878299241368,21.0,18.242949252640905,-2.757050747359095
sub-878901535563,21.0,17.413130689188318,-3.5868693108116823
sub-878981166880,25.0,24.784154897990778,-0.21584510200922224
sub-880687234086,32.64339493497605,29.880592742787762,-2.762802192188289
sub-880811779741,19.0,21.728812133236286,2.7288121332362856
sub-880908935164,52.53114305270363,56.82449664126694,4.293353588563313
sub-881158372238,19.0,20.954197022349295,1.9541970223492946
sub-881514656591,25.0,20.80965196368981,-4.190348036310191
sub-881702885069,25.0,21.131938708630834,-3.868061291369166
sub-881950556152,14.0,12.49754667790664,-1.5024533220933591
sub-881977543881,21.0,14.625375507072373,-6.374624492927627
sub-882803056246,27.5,26.84563593955441,-0.6543640604455909
sub-882865046935,21.0,27.705003272180054,6.705003272180054
sub-883718570961,19.0,19.566013721002722,0.5660137210027223
sub-885298009427,67.5,57.22162889995029,-10.27837110004971
sub-886003620269,19.0,21.10964871441347,2.1096487144134706
sub-886027172791,22.5,25.05639511469895,2.556395114698951
sub-886413354960,21.0,18.684191843028803,-2.3158081569711975
sub-886636260175,21.0,22.762778040448342,1.7627780404483424
sub-887283177563,8.556164384,9.957167824496523,1.4010034404965221
sub-887424714190,76.0,66.56494607565564,-9.43505392434436
sub-887530654767,25.0,22.437992432581193,-2.5620075674188065
sub-887796798530,29.738535249828885,29.754247603412992,0.01571235358410661
sub-887907228454,21.0,25.081742945564987,4.0817429455649865
sub-888082536248,14.3,18.292392296916383,3.992392296916382
sub-888374824441,72.5,56.603940135503024,-15.896059864496976
sub-888390950359,35.02258726899384,33.76842004797987,-1.2541672210139652
sub-889247652259,49.0,35.995253563345926,-13.004746436654074
sub-889475973950,21.0,21.60702927958597,0.6070292795859693
sub-890264397859,60.073921971252574,49.89278296261823,-10.181139008634347
sub-890363771287,74.01232032854209,77.02135596937832,3.009035640836231
sub-890378597643,19.0,20.790689768737323,1.790689768737323
sub-890440701443,9.575342466,12.530717724667024,2.955375258667024
sub-890707760272,19.0,21.93181396683182,2.9318139668318217
sub-890940320423,31.0,22.856558417689033,-8.143441582310967
sub-891012875278,21.0,23.623830325832376,2.623830325832376
sub-891338570370,10.63013699,22.624243751189205,11.994106761189204
sub-891609925981,13.0,17.088190003156903,4.088190003156903
sub-891619944015,19.0,19.950901952553572,0.950901952553572
sub-891643843487,21.0,15.39374654760867,-5.60625345239133
sub-891720291413,14.09,6.40422976028993,-7.68577023971007
sub-892536614491,21.0,20.78299358866174,-0.21700641133826082
sub-892593645708,6.0,10.260615047198353,4.260615047198353
sub-892946894485,18.0,13.517089491344336,-4.482910508655664
sub-892980852230,21.0,19.64267378322504,-1.3573262167749611
sub-893262325357,11.25,13.6829259126681,2.4329259126681
sub-893805064891,28.0,25.81361591995539,-2.1863840800446113
sub-893818760027,8.2656,9.053506077615687,0.7879060776156876
sub-894332605596,21.0,19.970112287266506,-1.029887712733494
sub-894511350563,46.0,40.436438002183415,-5.563561997816585
sub-894512709599,12.36,15.978974128922067,3.6189741289220674
sub-894680676162,55.59753593429159,52.61529566733249,-2.982240266959103
sub-895133658171,21.0,16.950454495762614,-4.049545504237386
sub-895397981435,18.5517,17.13836052576631,-1.413339474233691
sub-895750786932,28.0,25.039993261131517,-2.9600067388684828
sub-896035160007,53.74948665297741,54.306646051400385,0.557159398422975
sub-896261416622,23.0,18.352414391626453,-4.6475856083735465
sub-896362723142,21.0,23.732526060886123,2.732526060886123
sub-898016119281,19.0,18.85073717928053,-0.14926282071947128
sub-898717996826,11.83,11.02774981703189,-0.8022501829681108
sub-899087531809,10.43561644,11.494045416147015,1.058428976147015
sub-899095634562,21.0,22.02703036470936,1.0270303647093613
sub-899919102280,31.80835044490076,28.661312353314003,-3.147038091586758
sub-900004567178,54.0,38.401854954690435,-15.598145045309565
sub-900102424486,21.0,21.438427230715153,0.43842723071515266
sub-900153837660,12.6,13.81841475415213,1.2184147541521302
sub-900348386642,33.0,34.631091633471556,1.6310916334715557
sub-900503064848,23.0,17.677347147796034,-5.322652852203966
sub-900669455649,23.0,19.87176473949261,-3.1282352605073918
sub-901004563315,23.0,27.39311162634833,4.393111626348329
sub-901032588667,70.10540725530457,79.80625570880113,9.700848453496562
sub-901046779045,26.0,23.92113746370838,-2.07886253629162
sub-901077160766,66.01505817932923,57.640663882487,-8.374394296842233
sub-901120068549,21.0,22.721047308434002,1.7210473084340023
sub-901679307794,22.5,17.76973224842935,-4.730267751570651
sub-901853622053,24.0,24.774404883128533,0.7744048831285326
sub-902497495837,19.0,30.875803531322234,11.875803531322234
sub-902598751321,21.0,23.249285679104528,2.2492856791045277
sub-902688287778,10.0,13.639463420341581,3.639463420341581
sub-903069823853,19.0,22.456062297536917,3.456062297536917
sub-903102643483,19.0,18.474186691662503,-0.5258133083374972
sub-903137810093,18.0,18.548376307649228,0.5483763076492281
sub-903309024146,60.97467488021904,52.020938374054865,-8.953736506164176
sub-904150571086,21.0,29.149102949531123,8.149102949531123
sub-904230068278,9.0,9.809816426470018,0.8098164264700181
sub-904298927510,29.0,26.208162318654306,-2.7918376813456938
sub-904786156336,19.0,16.268851936053647,-2.7311480639463532
sub-904963069377,19.0,20.761830758282308,1.7618307582823078
sub-905468027051,19.0,23.79765463294961,4.797654632949609
sub-905521354661,16.66,12.839457323891956,-3.820542676108044
sub-905655778274,19.0,18.14132507306185,-0.85867492693815
sub-905823095507,19.7,22.34562550007395,2.645625500073951
sub-906109401964,12.35342466,10.859746199251882,-1.493678460748118
sub-906156735518,25.661875427789184,21.50016466184038,-4.161710765948804
sub-906563060004,25.0,23.9729242260705,-1.0270757739295
sub-906893775405,23.0,28.921022677416012,5.921022677416012
sub-907154865800,21.0,26.162844130276078,5.162844130276078
sub-907173410181,19.0,20.486244022304476,1.4862440223044757
sub-907846695925,32.0,28.651324619020578,-3.3486753809794223
sub-907977518564,27.0,24.34854623135417,-2.6514537686458297
sub-908407882813,19.0,16.167107201402374,-2.8328927985976264
sub-908535648673,52.533880903490754,42.69202965842218,-9.841851245068575
sub-908737113272,19.0,26.59260801526221,7.592608015262211
sub-909164871422,23.0,20.92258970643455,-2.0774102935654497
sub-910257374237,52.5,43.87827322475249,-8.62172677524751
sub-910309160908,27.5,32.448675610558034,4.948675610558034
sub-910315280332,21.0,15.350225350110344,-5.649774649889656
sub-911498902603,21.0,17.258381107597238,-3.7416188924027622
sub-911595640218,21.0,22.39825783789425,1.3982578378942492
sub-911803480648,19.0,23.275862314867666,4.275862314867666
sub-912008466536,17.2,27.88583617264726,10.68583617264726
sub-912062086904,58.658453114305274,60.163133694467696,1.5046805801624217
sub-912195063185,11.45,2.8579493041058655,-8.592050695894134
sub-912438054748,21.0,20.056517873406886,-0.9434821265931141
sub-912891258738,25.0,24.642449714300227,-0.357550285699773
sub-913496053208,12.15,8.254238193341436,-3.895761806658564
sub-913530350055,23.0,30.242132191948908,7.242132191948908
sub-913628264858,73.53867214236823,70.5743697920279,-2.9643023503403327
sub-914048964145,25.0,27.472382940646177,2.4723829406461775
sub-914173373482,23.0,22.381367869785656,-0.618632130214344
sub-914185919173,21.0,17.893256117186493,-3.1067438828135074
sub-914210574111,22.5,29.419020438559187,6.919020438559187
sub-914484668303,27.5,28.92545430581997,1.4254543058199687
sub-914841201324,25.0,27.696283475068256,2.696283475068256
sub-915025691063,68.4845995893224,66.20447959213861,-2.280119997183789
sub-915468023299,11.2,11.610276048991693,0.4102760489916939
sub-915647446189,19.0,20.97768635701131,1.9776863570113115
sub-915876060239,23.0,17.66916199768147,-5.330838002318529
sub-916402602255,23.0,14.719021710505457,-8.280978289494543
sub-916525803970,29.0,34.38492738957582,5.384927389575822
sub-916542852934,27.5,26.5817693129272,-0.9182306870727999
sub-917008309577,33.0,31.469060497276573,-1.5309395027234274
sub-917433394750,21.0,24.333502173786165,3.333502173786165
sub-917435174544,22.0,21.262288653268648,-0.7377113467313521
sub-917600588024,69.0,56.36072378826005,-12.639276211739947
sub-917758363758,14.0,8.85833688043924,-5.141663119560761
sub-917842166945,30.0,34.23316157399653,4.233161573996533
sub-917938246101,43.0,32.95377088481902,-10.046229115180978
sub-918148858049,12.16438356,8.649307823412975,-3.5150757365870238
sub-918704529377,65.3305954825462,49.08464644329108,-16.245949039255123
sub-918881052509,8.67,13.864421936802996,5.194421936802996
sub-918944432928,27.5,32.562617403669435,5.062617403669435
sub-919028468459,13.25,21.47122841053964,8.221228410539641
sub-919231839233,21.0,23.447556362301462,2.4475563623014622
sub-919267100021,73.01574264202601,69.33043232687669,-3.685310315149323
sub-920272941764,29.0,36.809706932656454,7.809706932656454
sub-920482922866,19.0,23.42789088342368,4.427890883423679
sub-920531713757,21.0,24.087737557128605,3.087737557128605
sub-920810018627,22.5,26.12642383746668,3.6264238374666817
sub-920988541453,27.5,22.412520295305864,-5.087479704694136
sub-921444161224,21.0,25.581829140540744,4.581829140540744
sub-921858841687,21.0,22.23911547605077,1.2391154760507703
sub-922289872992,19.0,15.809942418062741,-3.1900575819372587
sub-922622292927,21.0,27.37479721161796,6.37479721161796
sub-922751720998,18.0,21.095951013994938,3.095951013994938
sub-922949023576,16.0,16.330114622291422,0.33011462229142197
sub-923062764742,27.5,26.15465553309216,-1.3453444669078394
sub-923406567679,13.0,14.955027992473498,1.9550279924734983
sub-923642697698,19.0,17.16480130977442,-1.8351986902255817
sub-924333698510,11.178,9.946773105241993,-1.2312268947580076
sub-924511741709,64.0,55.74884953282271,-8.25115046717729
sub-924651987648,11.76438356,18.302838663589945,6.5384551035899445
sub-924687982745,29.57426420260096,29.43447268913549,-0.1397915134654717
sub-924828864147,12.5,15.132929992946796,2.6329299929467957
sub-924907998371,67.33196440793976,59.25254791644453,-8.079416491495238
sub-924996943078,18.0,33.318176552403614,15.318176552403614
sub-925037100804,21.0,27.19163928434464,6.191639284344639
sub-925264389205,70.0,58.06178187560292,-11.938218124397082
sub-925503805331,25.0,19.33972065447498,-5.660279345525019
sub-926186325110,21.0,26.839688237116178,5.839688237116178
sub-926492892497,67.4551676933607,62.45499972763166,-5.000167965729048
sub-926570528626,21.0,18.70798916939256,-2.2920108306074383
sub-926583949527,21.0,23.242253326958814,2.2422533269588136
sub-926868125478,16.0,18.32780324956594,2.327803249565939
sub-927248566385,19.0,7.249999549573996,-11.750000450426004
sub-927624489801,7.0,8.9731635883198,1.9731635883197995
sub-928156652019,8.2,7.663244491052257,-0.536755508947742
sub-928379379406,19.0,15.85725072701495,-3.14274927298505
sub-928386832910,8.969863014,10.361071714932649,1.3912087009326495
sub-928674316476,21.0,25.81344572811142,4.813445728111422
sub-929232257334,29.77138945927447,40.21395834210303,10.442568882828557
sub-929322786948,37.94934976043805,52.680084912445565,14.730735152007519
sub-929374751111,22.0,20.14290889241625,-1.8570911075837486
sub-929447174283,27.5,30.38088031177289,2.8808803117728914
sub-929587773359,23.0,29.18591110245556,6.1859111024555595
sub-929666036859,19.0,23.660842178650714,4.660842178650714
sub-930307385185,19.0,19.200404405817913,0.2004044058179133
sub-930665355870,58.76796714579056,57.8391633884651,-0.9288037573254542
sub-930818807780,21.0,24.331647413689467,3.331647413689467
sub-930887135237,12.0,14.51630671741639,2.5163067174163896
sub-931316549796,11.82191781,12.966808584121788,1.1448907741217873
sub-931419407006,22.5,26.641247227066696,4.141247227066696
sub-931522580771,21.0,23.060923413787474,2.0609234137874743
sub-931524427617,27.5,23.625021263774553,-3.8749787362254473
sub-931789686026,21.0,13.865556836447945,-7.134443163552055
sub-932328801110,27.0,23.2502069948035,-3.7497930051965014
sub-932928363014,12.0,11.342710410223592,-0.6572895897764077
sub-932962485355,20.0,19.78468740745098,-0.2153125925490187
sub-933451667612,31.0,26.13405092612587,-4.8659490738741304
sub-933669624404,24.8952772073922,31.379584989357905,6.484307781965704
sub-933794001889,21.0,18.222426576488736,-2.7775734235112637
sub-934122562621,23.0,22.992076613739986,-0.007923386260014098
sub-934881118276,21.0,27.41761247952021,6.4176124795202085
sub-934982332122,21.0,19.10587600633582,-1.8941239936641807
sub-935002971646,9.619178082,11.018132094046987,1.3989540120469872
sub-935090080624,30.705,23.04198037865289,-7.663019621347107
sub-935183687348,19.0,29.5629758407539,10.5629758407539
sub-935317604703,21.0,16.119458931747374,-4.880541068252626
sub-936672607215,19.0,19.942048620195393,0.9420486201953935
sub-936703241140,66.52703627652294,63.48705278258821,-3.039983493934727
sub-936900293798,21.0,23.040819165236588,2.040819165236588
sub-937301500163,21.0,25.00532965945104,4.005329659451039
sub-937364217957,10.82465753,9.93963350204662,-0.8850240279533796
sub-937536731279,22.0,15.502311313705388,-6.497688686294612
sub-937872457728,21.0,32.10873409611444,11.10873409611444
sub-938380050399,23.0,27.29757254898763,4.297572548987631
sub-938749379533,19.0,23.46154199171992,4.461541991719919
sub-938896811577,10.26849315,9.600158587790496,-0.6683345622095036
sub-938981109987,23.0,25.757853630014633,2.7578536300146332
sub-939037999646,23.0,21.155043565856996,-1.844956434143004
sub-939381022830,19.0,20.394537634301198,1.394537634301198
sub-939635291034,21.0,18.134833986726882,-2.865166013273118
sub-939702092734,19.0,18.67375576623815,-0.32624423376185163
sub-939910199671,34.0,29.566153373943397,-4.433846626056603
sub-940212166039,21.0,19.322829750957567,-1.6771702490424332
sub-940263536733,24.26,27.01390184040558,2.753901840405579
sub-940869963183,19.0,15.41697450169763,-3.5830254983023693
sub-940873808553,24.14236824093087,26.879448891900722,2.737080650969851
sub-940884975885,19.0,22.909811818659023,3.9098118186590227
sub-942090196392,21.0,24.393711341010004,3.393711341010004
sub-942097864031,22.647501711156742,25.20124148310032,2.553739771943576
sub-942337019356,23.0,23.488387996455174,0.48838799645517383
sub-942553576158,27.0,28.807231199530342,1.8072311995303423
sub-943000203930,22.0,27.969094720661598,5.969094720661598
sub-943181440809,16.6,15.836396375709342,-0.7636036242906599
sub-943359697274,9.471232877,4.6169444404212285,-4.854288436578772
sub-943639486886,72.30663928815879,80.82561230578503,8.518973017626237
sub-944068231803,18.0,16.510163829118696,-1.4898361708813042
sub-944780637236,22.5,25.700148875928292,3.200148875928292
sub-944831654822,25.0,25.51825969966139,0.5182596996613889
sub-945354197992,13.0,16.027248534319327,3.0272485343193267
sub-945685896914,18.3,20.922605386074853,2.622605386074852
sub-946000351967,19.0,16.35701937217252,-2.6429806278274803
sub-946082716347,15.0,15.934903519520141,0.934903519520141
sub-947029891941,25.0,25.949645819757347,0.9496458197573467
sub-947048943658,22.5,27.887772992800848,5.387772992800848
sub-947217988145,10.6927,0.2235184069393341,-10.469181593060666
sub-947434480702,19.0,19.07428882012918,0.07428882012917981
sub-947530831842,25.0,17.185705863728906,-7.814294136271094
sub-947688278769,9.117808219,16.399877650574105,7.282069431574104
sub-947714204613,52.12867898699521,53.38621855968902,1.2575395726938083
sub-948024242025,21.0,28.466487954338653,7.466487954338653
sub-948053748378,25.0,23.81622868896799,-1.183771311032011
sub-948173892357,22.5,24.79825959863936,2.2982595986393584
sub-948196399366,10.92,15.613732619928655,4.693732619928655
sub-948402139122,21.0,19.251679168659464,-1.7483208313405356
sub-949217685462,22.5,30.372344393185074,7.872344393185074
sub-949281546209,10.64,13.62517258273699,2.9851725827369897
sub-949327608209,21.0,17.14608748959942,-3.85391251040058
sub-949681988886,13.5,24.005865994662273,10.505865994662273
sub-949804034624,23.0,23.42881603496551,0.4288160349655108
sub-950287307481,8.0,9.989571767407398,1.9895717674073978
sub-950542329934,21.0,17.941215171403716,-3.058784828596284
sub-951010277782,26.0,24.037692083676376,-1.9623079163236241
sub-951202505969,23.53730321697468,23.056880525159336,-0.48042269181534536
sub-951213761774,22.0,21.846245447982557,-0.1537545520174426
sub-951339198782,12.5257,17.784301064245,5.258601064244999
sub-951545085553,28.5613,26.705807929037626,-1.8554920709623737
sub-952300611928,22.52,29.76553323425658,7.24553323425658
sub-952405077290,19.0,21.835656702639344,2.835656702639344
sub-952477762961,21.0,20.726557489353045,-0.27344251064695513
sub-952655976849,11.85,11.898857989758069,0.04885798975806921
sub-952776637852,19.0,20.79817001741297,1.7981700174129713
sub-953022551113,25.0,29.384863039643502,4.384863039643502
sub-953314118927,21.0,24.31298305825638,3.3129830582563784
sub-953400604911,9.208219178,7.787680718381747,-1.4205384596182533
sub-953496715521,9.41,6.583576753808764,-2.8264232461912364
sub-953700135343,20.0,25.031811509552824,5.031811509552824
sub-953824010639,7.1293630000000014,5.681114965144754,-1.4482480348552471
sub-954220905647,29.81793292265571,39.13067119357224,9.31273827091653
sub-954430934773,19.0,8.274239334403198,-10.725760665596802
sub-954625005461,12.74246575,19.131374956478513,6.388909206478514
sub-954752152568,19.0,20.86893119752022,1.8689311975202187
sub-954946498969,75.6331279945243,75.54158455901296,-0.09154343551134048
sub-955099440993,19.0,18.32752962876868,-0.67247037123132
sub-955777977378,64.57768651608487,62.76065945239233,-1.8170270636925352
sub-955861473301,69.0,46.37432738897273,-22.62567261102727
sub-956075512385,21.0,24.020504093098136,3.020504093098136
sub-957634463134,26.0,25.73846646109019,-0.26153353890980924
sub-958050974251,21.0,18.16969368206628,-2.8303063179337187
sub-958265595037,11.21643836,5.90920810547631,-5.30723025452369
sub-958464456805,55.65503080082137,57.18912919602516,1.5340983952037917
sub-958916458255,11.4962,8.27157792544038,-3.224622074559621
sub-959069242210,22.0,24.945613060468112,2.945613060468112
sub-959189618055,19.83,20.827834618288104,0.9978346182881062
sub-959696927213,58.36824093086928,48.19411678966368,-10.174124141205596
sub-960401383220,23.0,16.081565761276906,-6.918434238723094
sub-960513601275,11.09041096,16.463168065613992,5.372757105613992
sub-960700816342,28.0,28.7180878417936,0.7180878417936007
sub-960931863944,47.72347707049966,49.577069453846235,1.853592383346573
sub-961483413696,8.153319999999999,5.999969690772595,-2.1533503092274042
sub-961825214664,25.0,21.368521654944214,-3.631478345055786
sub-962058833465,12.0,21.00586666331095,9.00586666331095
sub-962095900736,31.0,32.27741378042036,1.2774137804203605
sub-962108996665,8.333333332999999,2.6364133828932914,-5.696919950106707
sub-962854214097,27.0,25.56163733672633,-1.4383626632736686
sub-963133661163,17.0,17.352464622964945,0.35246462296494485
sub-963376929670,13.46,16.692066929419088,3.232066929419087
sub-963802934589,19.0,19.861968054111614,0.8619680541116139
sub-963831379087,19.0,17.140737388721718,-1.8592626112782824
sub-964214262654,21.0,17.037619631388026,-3.9623803686119743
sub-964531986227,57.86447638603696,58.79192732945195,0.9274509434149891
sub-964642400113,20.0,19.55097819814597,-0.4490218018540304
sub-965710943519,27.5,27.349256237569737,-0.15074376243026322
sub-966603052384,64.66255989048598,70.29886144194123,5.636301551455247
sub-966847586845,19.0,20.101192840383625,1.101192840383625
sub-967034372580,9.887671233,16.255550781453294,6.367879548453294
sub-967482205242,14.0,16.497994766578735,2.497994766578735
sub-967739637280,15.0,13.725602215999977,-1.2743977840000227
sub-967803211352,68.60232717316906,64.84747662496204,-3.754850548207017
sub-968205067686,10.0,15.46394401041342,5.463944010413419
sub-968573886024,19.0,13.850872177834932,-5.1491278221650685
sub-968674783031,27.5,27.646685883917815,0.14668588391781512
sub-969623446939,19.0,16.282430428349766,-2.717569571650234
sub-969765470206,18.0,10.148044767146871,-7.851955232853129
sub-969931025667,15.0,19.118503546922724,4.1185035469227245
sub-970497665874,21.0,17.773674585645054,-3.226325414354946
sub-970724365551,19.0,15.351493911944992,-3.648506088055008
sub-970917164596,25.0,18.416864348595958,-6.583135651404042
sub-971324477087,21.0,20.866718933164243,-0.1332810668357567
sub-971873286741,31.0,28.50949117648621,-2.490508823513789
sub-972488849948,27.0,34.81485565659361,7.814855656593608
sub-972559314245,27.0,24.5599064586686,-2.4400935413314
sub-972635191339,13.78,17.469610926497992,3.689610926497993
sub-972640558751,19.0,22.96800890920899,3.96800890920899
sub-972664409918,27.0,27.33917011040071,0.3391701104007083
sub-973056160459,10.556,11.549296526389291,0.9932965263892921
sub-973270677867,19.0,18.540952965338406,-0.45904703466159447
sub-973295701579,19.0,19.294876787416268,0.29487678741626766
sub-973488879665,19.0,22.4671907524819,3.4671907524819012
sub-973607125517,8.063013698999999,5.0168136350648105,-3.0462000639351885
sub-973735615773,19.0,20.130610206421586,1.1306102064215864
sub-973781454136,19.0,26.321459561903612,7.3214595619036125
sub-974114228993,19.0,17.52944125969333,-1.4705587403066716
sub-974405616418,41.94934976043805,40.52511301856814,-1.4242367418699047
sub-974416298113,33.0,29.98954557728489,-3.01045442271511
sub-974659202683,14.0,13.856637171134107,-0.14336282886589302
sub-974877812246,21.0,25.08641667476835,4.086416674768351
sub-975176498961,21.0,18.467500543858428,-2.532499456141572
sub-975454592840,20.0,26.716639998694777,6.716639998694777
sub-975567474439,10.99,10.68599919467681,-0.30400080532318974
sub-975770121455,8.2,8.802117638318375,0.6021176383183757
sub-975829508513,21.0,30.354103204219836,9.354103204219836
sub-976127076696,70.71047227926078,68.24438659159154,-2.466085687669249
sub-976139172060,21.0,23.060624265051977,2.0606242650519775
sub-976182490642,33.53,27.2549384609477,-6.275061539052302
sub-976250033322,21.0,19.88892994053552,-1.1110700594644811
sub-976906636902,22.5,32.60395805886082,10.103958058860819
sub-976941323987,21.0,21.459801292078986,0.45980129207898557
sub-977410937885,19.0,23.434231702597682,4.434231702597682
sub-977560143527,11.75890411,13.388848601466185,1.6299444914661851
sub-978611220179,21.0,22.241725549610496,1.2417255496104964
sub-978703528815,33.0,25.676955760508953,-7.323044239491047
sub-978719853586,36.70636550308008,40.39489369194044,3.68852818886036
sub-978760006475,13.77,6.6418324705145935,-7.128167529485406
sub-979328387432,12.4,9.558452260974281,-2.841547739025719
sub-979395608934,23.0,20.624990851824823,-2.3750091481751774
sub-979591660457,19.0,19.752089484980722,0.752089484980722
sub-980881834392,8.060273973,5.147729611701656,-2.912544361298343
sub-980931195450,19.0,20.622350207380723,1.6223502073807232
sub-981286493399,23.0,17.790019593309204,-5.209980406690796
sub-981966417728,29.85,33.853141076122306,4.003141076122304
sub-983172589376,11.72876712,14.754097476582125,3.025330356582124
sub-983287078347,15.74,10.367630945687845,-5.372369054312156
sub-983539557734,19.0,21.885967525200805,2.8859675252008046
sub-984146928463,60.895277207392205,50.77052324108782,-10.124753966304382
sub-984212089358,21.0,19.401175787367567,-1.598824212632433
sub-984786358175,57.702943189596176,51.92090368024946,-5.782039509346717
sub-985491199225,18.0,22.660622951474327,4.660622951474327
sub-985675086687,9.270362765,10.998716675367525,1.7283539103675256
sub-986168019499,23.0,22.62891288979634,-0.3710871102036606
sub-986189704225,72.3504449007529,55.84809471565701,-16.502350185095892
sub-986532015071,21.0,21.538726859681933,0.5387268596819332
sub-986553319740,29.0,29.476293914066254,0.4762939140662539
sub-986598837703,21.0,26.669600793343967,5.669600793343967
sub-986662453858,22.5,23.615326833788597,1.1153268337885969
sub-987076720776,12.77,11.529202700888112,-1.2407972991118879
sub-987183158187,21.0,20.57756321103095,-0.42243678896905124
sub-987405498938,14.0,12.866571405439561,-1.1334285945604385
sub-987675138457,18.0,17.213592395457795,-0.7864076045422053
sub-987725617016,24.0,35.49631863419082,11.496318634190821
sub-987863853354,72.5,46.451585239153744,-26.048414760846256
sub-987949390718,25.0,28.647230379132388,3.647230379132388
sub-988151025685,29.09240246406571,39.00286114768737,9.910458683621659
sub-988202444857,24.0,26.829031780699253,2.8290317806992533
sub-988766407304,22.0,23.49061261074192,1.4906126107419198
sub-988922689261,39.0,27.217557721028285,-11.782442278971715
sub-989118728356,25.0,23.1985367618275,-1.8014632381724986
sub-989364744933,63.54004106776181,63.20200032592313,-0.3380407418386824
sub-989482280855,19.0,20.349581004489906,1.349581004489906
sub-989610403127,58.71594798083505,52.73342283748145,-5.982525143353598
sub-989703928298,10.8,6.9339456297132,-3.8660543702868004
sub-989894994426,25.0,21.40555606263344,-3.5944439373665595
sub-990401935145,51.65776865160849,48.93492182966554,-2.7228468219429516
sub-990930608075,54.19301848049281,48.832186881182125,-5.360831599310686
sub-990935060181,27.5,34.18713727341332,6.68713727341332
sub-991826633582,24.0,16.957389105801845,-7.042610894198155
sub-992514956211,15.0,15.995227294813683,0.9952272948136827
sub-992555534948,20.213552361396307,20.491927409892735,0.2783750484964287
sub-992659217265,26.0,28.39597682421221,2.395976824212209
sub-992939872393,24.0,20.13942085652411,-3.8605791434758885
sub-993601032415,68.85147159479808,46.481980659513795,-22.36949093528429
sub-993886391753,60.016427104722794,55.84854807453246,-4.167879030190335
sub-994089426413,27.9,36.75076199831996,8.85076199831996
sub-994359308124,21.0,18.08096704069202,-2.9190329593079802
sub-994631602724,10.84,11.867794687314834,1.0277946873148345
sub-994666209803,37.5,30.802945105029245,-6.697054894970755
sub-994785703004,66.27515400410678,64.09124730244062,-2.18390670166616
sub-995055914773,23.0,27.868416057363874,4.8684160573638735
sub-995156278869,29.0,25.21914891670864,-3.7808510832913598
sub-995547093580,10.2,17.52841242101466,7.3284124210146615
sub-996103732554,19.0,15.520484161582518,-3.4795158384174822
sub-996579398931,27.0,21.37671559788887,-5.623284402111128
sub-996590600673,8.43,13.238667699613057,4.808667699613057
sub-996716777224,23.0,17.298259026923468,-5.701740973076532
sub-996843901663,25.0,24.592433457215087,-0.4075665427849131
sub-997004175200,21.0,31.210296065704654,10.210296065704654
sub-997144206185,41.0,40.44859470088299,-0.5514052991170075
sub-997249731765,22.0,19.38919897054585,-2.6108010294541515
sub-997337611588,23.0,23.16376527181856,0.1637652718185585
sub-997577988986,22.0,23.09481543405156,1.0948154340515615
sub-997706219656,23.0,15.595543477332313,-7.404456522667687
sub-997863968388,23.0,23.26453015795807,0.26453015795807033
sub-998196661811,20.0,23.18535513575711,3.18535513575711
sub-998375364631,11.6,13.926624314245462,2.3266243142454623
sub-998567081914,60.0,57.023194843803225,-2.976805156196775
sub-999027816075,22.0,22.86143965287334,0.8614396528733401
sub-999184404925,21.0,19.996389997113628,-1.0036100028863721
sub-999832619027,19.0,24.066010586809615,5.066010586809615
