subject,true_age,pred_lasso,pred_xgb,pred_ensemble,error_ensemble
sub-100053248969,19.0,24.428165366903407,21.852209091186523,23.140187229044965,4.140187229044965
sub-100263562592,21.0,13.497506746923577,21.006263732910156,17.251885239916867,-3.7481147600831335
sub-100479214233,21.0,20.274998165297923,21.453214645385746,20.864106405341836,-0.13589359465816386
sub-100544064116,15.0,18.975808519777676,18.07798957824707,18.52689904901237,3.5268990490123713
sub-101404752059,31.0,40.31679611011905,26.758764266967773,33.53778018854341,2.537780188543408
sub-101942030871,19.0,26.435428673384557,22.644184112548828,24.539806392966693,5.5398063929666925
sub-102730278561,19.0,34.4010012159866,31.41198348999023,32.906492352988415,13.906492352988415
sub-103116472269,23.0,18.830464568291355,20.053495407104492,19.441979987697923,-3.5580200123020767
sub-103326586557,26.8528,32.08598081874349,26.596904754638672,29.34144278669108,2.4886427866910807
sub-104230378530,21.0,16.72437297579509,20.893760681152344,18.809066828473718,-2.1909331715262823
sub-104333986026,8.380561,12.912943173942583,12.358762741088867,12.635852957515725,4.255291957515725
sub-104625609853,21.38261464750171,23.04591590379916,24.321714401245117,23.683815152522136,2.301200505020425
sub-104654659650,19.0,20.39919881078051,20.63774299621582,20.518470903498166,1.5184709034981658
sub-104756934188,30.0,26.696329464583236,25.738798141479492,26.217563803031364,-3.7824361969686358
sub-104774505992,23.0,22.69862794322532,22.91450881958008,22.8065683814027,-0.19343161859730174
sub-104893688989,27.0,22.560800619960304,23.661237716674805,23.111019168317554,-3.8889808316824457
sub-105288153937,15.92,14.55937795813151,17.916290283203125,16.237834120667316,0.31783412066731564
sub-105626036276,18.0,20.564926791779794,22.080472946166992,21.322699868973395,3.3226998689733946
sub-105699817140,21.0,29.58563279782505,25.422693252563477,27.504163025194263,6.504163025194263
sub-105890017872,10.96712329,15.63689525360171,15.261651039123535,15.449273146362621,4.482149856362621
sub-106084308551,27.5,25.06237087893264,23.86313819885254,24.46275453889259,-3.0372454611074104
sub-106297012000,22.0,21.307711396721466,25.580163955688477,23.44393767620497,1.4439376762049712
sub-106847803341,10.0,0.1774283045520412,9.568543434143066,4.872985869347554,-5.127014130652446
sub-107012705146,20.0,18.962614082808106,22.808061599731445,20.885337841269774,0.8853378412697737
sub-107385462103,19.0,14.127862688127047,19.998043060302734,17.06295287421489,-1.93704712578511
sub-107912335979,31.0,29.737419359159453,26.42703628540039,28.082227822279922,-2.917772177720078
sub-108019181067,19.0,15.404834217846505,17.43891716003418,16.421875688940343,-2.578124311059657
sub-108681547305,21.0,23.901612346099444,22.680421829223633,23.291017087661537,2.2910170876615368
sub-108737376161,22.0,15.14735886167843,20.272064208984375,17.7097115353314,-4.290288464668599
sub-108893451515,23.0,25.21203658090201,24.083465576171875,24.647751078536942,1.6477510785369418
sub-109712998508,67.5,50.88468708487837,64.2988510131836,57.59176904903099,-9.908230950969013
sub-109861838866,21.0,20.35903053049156,21.329702377319336,20.844366453905447,-0.1556335460945526
sub-110463604078,35.51540041067762,30.69551766527348,37.21461486816406,33.955066266718774,-1.5603341439588476
sub-110513034050,19.0,19.668910269117784,19.943958282470703,19.806434275794246,0.8064342757942455
sub-110519368768,11.3369863,9.786534401288842,16.57782554626465,13.182179973776744,1.8451936737767447
sub-110648343433,22.0,18.682229768060783,17.986440658569336,18.334335213315057,-3.6656647866849426
sub-111020130501,21.0,21.226979178916345,19.459247589111328,20.343113384013837,-0.6568866159861635
sub-111417977585,19.0,17.943127093687306,21.124406814575195,19.533766954131252,0.5337669541312522
sub-111786255278,19.0,17.56291495221667,18.742042541503903,18.152478746860286,-0.847521253139714
sub-112139632444,13.0,11.254799746600684,16.075529098510742,13.665164422555712,0.6651644225557121
sub-112365363383,22.0,23.2641060851495,22.317852020263672,22.790979052706586,0.7909790527065859
sub-112581979205,19.0,22.525917322334394,20.2292537689209,21.377585545627646,2.377585545627646
sub-113308512211,61.0,50.311991479344904,41.74356460571289,46.027778042528894,-14.972221957471106
sub-113484693835,22.5,22.553299531474657,24.03976821899414,23.2965338752344,0.7965338752343989
sub-113812293828,23.0,26.05319701475556,22.43498992919922,24.24409347197739,1.24409347197739
sub-114165623285,24.0,19.540380004992784,21.623104095458984,20.581742050225884,-3.418257949774116
sub-114383938758,22.5,20.25909083836219,21.75460624694824,21.006848542655213,-1.493151457344787
sub-115044780386,33.68651608487337,34.30189443615612,39.74825668334961,37.025075559752864,3.338559474879496
sub-115179082434,21.0,28.982937695190955,22.65567970275879,25.819308698974872,4.819308698974872
sub-115321957741,24.0,21.89840077065682,23.721649169921875,22.810024970289348,-1.1899750297106522
sub-116096622843,15.0,12.253750160531684,13.53703498840332,12.895392574467502,-2.104607425532498
sub-116218240872,11.52876712,9.180803102711003,11.243081092834473,10.211942097772738,-1.3168250222272615
sub-116602902372,20.0,23.005708925938603,22.25278091430664,22.629244920122623,2.6292449201226233
sub-116651167956,71.2060232717317,69.93067845497414,69.68202209472656,69.80635027485036,-1.3996729968813355
sub-117262576182,9.7,5.195944220013335,14.126834869384766,9.66138954469905,-0.0386104553009492
sub-117310191719,21.0,19.720121112691334,20.717939376831055,20.219030244761193,-0.7809697552388073
sub-117722182135,9.55890411,14.346280882693922,14.018671035766602,14.182475959230262,4.623571849230261
sub-117730404599,32.5,28.83595989130133,25.125089645385746,26.980524768343535,-5.519475231656465
sub-118300283712,27.5,28.84010187670225,25.419261932373047,27.129681904537648,-0.37031809546235195
sub-119019619320,34.666666666666664,29.868108159598307,28.983287811279297,29.425697985438802,-5.240968681227862
sub-119139956064,24.312114989733058,27.50562797992232,21.8015079498291,24.653567964875712,0.34145297514265494
sub-119167600899,13.0,10.18489209359241,14.01876449584961,12.10182829472101,-0.8981717052789904
sub-119194819365,19.2,20.70359535054051,22.468957901000977,21.586276625770743,2.386276625770744
sub-119568669419,19.0,19.88174904409106,19.841854095458984,19.86180156977502,0.8618015697750216
sub-119909871257,15.0,15.42316679363376,17.406002044677734,16.414584419155748,1.414584419155748
sub-120159232504,19.0,21.277326031795944,21.529834747314453,21.4035803895552,2.4035803895551986
sub-120208266498,60.539356605065024,56.68722474778882,59.208621978759766,57.94792336327429,-2.5914332417907318
sub-120256972451,20.0,19.951448384572608,21.089284896850582,20.520366640711593,0.5203666407115932
sub-120396235891,8.1013,1.5619683636673756,9.323880195617676,5.442924279642526,-2.6583757203574745
sub-120533702955,27.5,29.15366184501039,25.02741813659668,27.090539990803535,-0.4094600091964651
sub-121114024899,21.0,24.750623099881903,21.588754653930664,23.169688876906285,2.169688876906285
sub-121236619259,32.5,41.7189660593453,28.969406127929688,35.34418609363749,2.8441860936374894
sub-121315843872,34.36550308008213,25.0859875244214,31.464807510375977,28.275397517398687,-6.090105562683441
sub-121725487399,33.51676933607118,30.303018675757357,37.55746841430664,33.930243545032,0.413474208960821
sub-121738146757,25.0,27.754598636222717,20.321535110473633,24.038066873348175,-0.9619331266518252
sub-121916223122,72.5,65.33157564112392,75.45892333984375,70.39524949048383,-2.1047505095161654
sub-122612583665,10.8,7.778458300118572,12.01947784423828,9.898968072178427,-0.9010319278215739
sub-123233851263,25.0,27.96018104446484,26.229930877685547,27.095055961075193,2.095055961075193
sub-123234343655,44.48186173853525,35.41368282855695,37.2459716796875,36.32982725412222,-8.15203448441303
sub-123319906652,11.50718686,14.464887814095858,9.93754768371582,12.20121774890584,0.6940308889058411
sub-123362026561,25.12,22.968847659819975,23.70087432861328,23.334860994216626,-1.7851390057833747
sub-124641364359,21.0,23.475798256610165,21.9919376373291,22.73386794696963,1.7338679469696316
sub-124676200421,19.0,19.738051475723644,22.929893493652344,21.333972484687994,2.333972484687994
sub-124729451238,67.5,57.21127734688008,57.97338104248047,57.592329194680275,-9.907670805319725
sub-124881102242,45.388090349075966,52.858889413687365,63.05073165893555,57.954810536311456,12.56672018723549
sub-125025808425,23.0,21.441454280636933,21.901466369628903,21.67146032513292,-1.3285396748670806
sub-125239324117,8.906849315,2.058186609523758,8.127768516540527,5.092977563032143,-3.8138717519678575
sub-125295604279,23.0,33.935909994811965,30.741971969604492,32.33894098220823,9.338940982208229
sub-125353958428,27.5,23.976917358714076,24.39881896972656,24.18786816422032,-3.312131835779681
sub-125580637682,24.0,17.113412393518292,19.73490333557129,18.42415786454479,-5.575842135455211
sub-125891952943,19.0,20.60774569293391,21.534950256347656,21.071347974640783,2.0713479746407835
sub-126224773957,23.0,22.114319461622344,21.229209899902344,21.671764680762344,-1.3282353192376561
sub-126388114927,19.0,19.05592111602983,22.063953399658203,20.559937257844016,1.559937257844016
sub-126474072032,45.229295003422315,38.92531676171144,42.75514221191406,40.84022948681275,-4.389065516609563
sub-126731927083,21.0,24.17985739756904,23.363046646118164,23.7714520218436,2.7714520218436007
sub-127024850810,19.0,23.11395593876947,21.892297744750977,22.503126841760224,3.503126841760224
sub-127230151008,27.5,27.22453822473065,27.1939754486084,27.209256836669525,-0.29074316333047534
sub-127322656952,21.0,23.82200657074117,22.718935012817383,23.270470791779275,2.2704707917792746
sub-127621480063,19.0,26.32156957937414,22.143213272094727,24.232391425734434,5.232391425734434
sub-127728266565,21.0,19.385577405901703,20.09111595153809,19.738346678719896,-1.2616533212801038
sub-127989683000,11.8,-2.6212849762336816,13.533734321594238,5.456224672680278,-6.343775327319722
sub-128924235805,72.5,54.88557809256719,64.43302154541016,59.65929981898867,-12.840700181011329
sub-129453382420,19.0,21.67785196380916,21.98125457763672,21.82955327072294,2.82955327072294
sub-129609320842,34.47775496235455,42.79052244497669,48.37203598022461,45.58127921260065,11.103524250246096
sub-130270412535,21.0,19.22517069104613,20.266202926635746,19.745686808840937,-1.2543131911590635
sub-130281900088,25.0,24.154816479615143,22.585264205932617,23.37004034277388,-1.6299596572261201
sub-130488967679,22.0,19.19100189049945,21.570940017700195,20.380970954099823,-1.6190290459001773
sub-130624212805,9.564383562,4.817261600856895,9.05548858642578,6.936375093641337,-2.6280084683586624
sub-130699587566,20.0,24.5325741217434,21.638381958007812,23.085478039875607,3.085478039875607
sub-130730148206,17.79,19.63415212754453,18.466262817382812,19.050207472463672,1.260207472463673
sub-130750381188,27.01437371663245,28.297378425731143,32.73787307739258,30.51762575156186,3.5032520349294103
sub-131091186433,12.8739726,3.626994284200297,11.227675437927246,7.4273348610637715,-5.446637738936229
sub-131485716864,10.49,7.369496987828178,10.789680480957031,9.079588734392605,-1.4104112656073955
sub-132314739842,19.0,25.369687667726737,23.506126403808594,24.437907035767665,5.437907035767665
sub-132529129288,11.0,14.700290453815626,11.778786659240724,13.239538556528174,2.2395385565281742
sub-132624812140,27.5,29.68822044013797,23.044450759887695,26.36633560001283,-1.1336643999871683
sub-133104642441,25.0,23.388395286629983,24.949480056762695,24.16893767169634,-0.8310623283036591
sub-133292484570,29.0,32.57013626775521,24.445823669433594,28.5079799685944,-0.49202003140559825
sub-133341745639,69.28952772073922,59.98963722847371,62.122520446777344,61.05607883762553,-8.233448883113688
sub-133559617458,42.0,46.66249118559519,55.0662727355957,50.864381960595445,8.864381960595445
sub-133871479599,12.0411,7.65957781617098,12.037490844726562,9.848534330448771,-2.192565669551229
sub-134269526020,25.0,24.687134129515066,21.733415603637695,23.21027486657638,-1.7897251334236195
sub-134360128280,22.5,25.326440627479197,24.343713760375977,24.83507719392759,2.3350771939275887
sub-134583532509,23.0,19.800139522445896,23.40153694152832,21.600838231987108,-1.3991617680128918
sub-134690078113,20.0,21.71042990053862,19.657978057861328,20.684203979199975,0.6842039791999746
sub-134999314713,23.0,22.750608707535932,21.37132453918457,22.06096662336025,-0.939033376639749
sub-135700393345,19.0,18.944432002105067,20.200925827026367,19.572678914565717,0.5726789145657172
sub-137109291560,11.0,13.333527990528143,22.039278030395508,17.686403010461824,6.686403010461824
sub-137114651299,28.0,26.69177900813986,26.92543601989746,26.80860751401866,-1.1913924859813392
sub-137249105377,19.0,20.239100152265607,21.847341537475582,21.043220844870596,2.0432208448705964
sub-137613044284,27.5,31.990775517925243,26.94545555114746,29.468115534536352,1.9681155345363521
sub-137935620257,19.0,22.128554523395135,21.2617244720459,21.69513949772052,2.6951394977205183
sub-138111937707,10.35342466,11.760600727217671,8.265382766723633,10.012991746970652,-0.34043291302934797
sub-139265000445,21.0,22.695759159874655,22.429759979248047,22.56275956956135,1.5627595695613508
sub-139365339602,60.10951403148528,57.2105269501554,60.14015579223633,58.67534137119586,-1.4341726602894198
sub-139426192767,15.0,21.13549587670369,17.935834884643555,19.53566538067362,4.5356653806736205
sub-140076989326,21.0,23.71253465995401,24.324867248535156,24.018700954244583,3.018700954244583
sub-140330630373,22.5,20.7449528723622,22.511295318603516,21.62812409548286,-0.8718759045171396
sub-140606705309,10.08,11.311985888004736,10.706829071044922,11.009407479524828,0.9294074795248282
sub-140809415420,19.0,22.336247983169024,24.521240234375,23.428744108772012,4.428744108772012
sub-140896025599,19.0,31.134254583805323,23.372913360595703,27.253583972200513,8.253583972200513
sub-141217766873,21.0,16.506004978302865,21.430946350097656,18.968475664200263,-2.0315243357997375
sub-141883005255,42.0,33.9138133056899,28.35157585144043,31.132694578565165,-10.867305421434835
sub-142069343741,19.0,18.234895311051034,20.79762077331543,19.51625804218323,0.5162580421832317
sub-142102321393,72.0,77.57819057636384,74.12054443359375,75.8493675049788,3.849367504978801
sub-142262191767,19.0,26.461357724328536,23.246864318847656,24.854111021588096,5.854111021588096
sub-142380817861,21.0,19.97918978412082,19.562908172607425,19.77104897836412,-1.2289510216358792
sub-142608681206,31.0,28.646934316243534,29.718769073486328,29.18285169486493,-1.8171483051350705
sub-142756155441,16.2,15.680782568324542,16.223934173583984,15.952358370954263,-0.24764162904573617
sub-142798556047,23.0,24.99399732215067,22.504547119140625,23.749272220645647,0.749272220645647
sub-143185051068,25.0,28.838405314015393,24.02472496032715,26.43156513717127,1.431565137171269
sub-143433115346,21.0,21.823307255392074,20.03827857971191,20.93079291755199,-0.06920708244800977
sub-143597719481,53.56605065023956,52.34341537088614,52.13360595703125,52.23851066395869,-1.3275399862808683
sub-143693932248,14.2,16.960836374192315,16.553903579711914,16.757369976952113,2.5573699769521134
sub-144197550366,21.0,20.157502857276924,19.532743453979492,19.845123155628208,-1.1548768443717918
sub-144446563322,24.0,28.26448773723392,21.378076553344727,24.821282145289324,0.8212821452893238
sub-144517208850,19.0,13.235950248023308,21.01050567626953,17.12322796214642,-1.8767720378535806
sub-144550081547,19.0,18.0710687196475,21.23838806152344,19.65472839058547,0.6547283905854684
sub-144658033075,29.0,25.327515125942263,20.62248420715332,22.97499966654779,-6.025000333452208
sub-144863316344,21.0,26.655176901177924,23.083669662475582,24.869423281826755,3.869423281826755
sub-144960174539,23.0,15.645317346473927,20.84191131591797,18.24361433119595,-4.75638566880405
sub-145200850196,23.0,37.28238675454067,39.99966049194336,38.64102362324201,15.641023623242013
sub-145580633313,31.0,31.00496674583754,23.109785079956055,27.057375912896795,-3.942624087103205
sub-146014608627,19.0,15.730539988598943,19.833417892456055,17.781978940527498,-1.2180210594725018
sub-146447578450,23.0,23.78840846629892,21.44908905029297,22.618748758295943,-0.38125124170405655
sub-146639891883,22.5,23.52194801680431,25.291996002197266,24.406972009500787,1.9069720095007874
sub-146945452536,21.0,31.586222652267782,25.849763870239254,28.71799326125352,7.717993261253518
sub-147386486868,11.0739726,15.7341514457563,13.51689910888672,14.625525277321511,3.551552677321512
sub-148237622396,19.0,12.76789512076364,21.028892517089844,16.898393818926742,-2.101606181073258
sub-148388865585,10.0,9.634799215459047,8.967483520507812,9.30114136798343,-0.6988586320165702
sub-149020310221,24.342231348391515,27.53008826697421,35.42668533325195,31.478386800113082,7.136155451721567
sub-149065190596,21.0,29.33817333478508,22.69999313354492,26.019083234165,5.019083234164999
sub-149522007327,23.0,26.891367243631905,22.661806106567383,24.776586675099644,1.7765866750996437
sub-149787481275,17.2,18.52754769060249,19.34929656982422,18.938422130213354,1.7384221302133547
sub-149907628658,59.89322381930185,63.78945873041772,62.88195037841797,63.335704554417845,3.4424807351159927
sub-150220157566,18.0,14.590639982445444,17.701074600219727,16.145857291332586,-1.854142708667414
sub-150529102662,29.0,27.43852132288918,22.849550247192383,25.14403578504078,-3.8559642149592186
sub-150819102994,60.5968514715948,47.163907590015,50.8714714050293,49.01768949752215,-11.579161974072655
sub-153637972221,21.0,24.665041598197018,24.031269073486328,24.348155335841675,3.3481553358416747
sub-153810221421,24.83,21.395025451836784,21.252111434936523,21.323568443386655,-3.506431556613343
sub-153874780317,21.0,22.29860158917181,21.166584014892575,21.732592802032194,0.7325928020321939
sub-154103308424,13.01369863,18.50751904914222,17.452329635620117,17.979924342381167,4.966225712381167
sub-154228017477,20.0,20.101515802260472,20.466524124145508,20.28401996320299,0.28401996320299006
sub-154460108156,67.5,58.63484252441384,69.70769500732422,64.17126876586903,-3.32873123413097
sub-154711749424,20.0,16.833881986386235,19.254772186279297,18.044327086332764,-1.955672913667236
sub-154886350989,64.0,47.040587241329746,38.70672225952149,42.873654750425615,-21.126345249574385
sub-154926948330,21.0,22.205919604560485,23.106334686279297,22.65612714541989,1.656127145419891
sub-155222075279,67.0,49.75780692027121,52.61148834228515,51.18464763127818,-15.815352368721818
sub-155379893261,22.5,23.881577996981903,24.2435245513916,24.062551274186752,1.5625512741867524
sub-155433706397,50.023271731690606,41.628661034064365,38.4246940612793,40.02667754767183,-9.996594184018775
sub-155704740362,23.0,26.757831746135626,24.192628860473633,25.475230303304627,2.4752303033046275
sub-156242290939,9.819178082,6.762868758332502,10.129859924316406,8.446364341324454,-1.3728137406755465
sub-156459137356,21.0,19.16969116495072,20.984060287475582,20.076875726213153,-0.923124273786847
sub-156820928962,19.0,20.422321658656298,21.549142837524418,20.985732248090358,1.9857322480903576
sub-157152153605,19.0,16.254738355165365,19.18701171875,17.720875036957683,-1.2791249630423174
sub-157363866990,19.0,17.89938276941561,16.62123680114746,17.260309785281535,-1.7396902147184647
sub-157424007228,19.0,17.054267099741303,19.845190048217773,18.449728573979538,-0.550271426020462
sub-157479410408,19.0,16.490871314243485,19.29320526123047,17.892038287736977,-1.1079617122630232
sub-157494563025,21.0,21.781915886200153,20.414464950561523,21.098190418380838,0.0981904183808382
sub-157627390163,24.0,23.50542564702706,24.81180953979492,24.158617593410987,0.15861759341098747
sub-157747575462,21.0,19.936826991093888,24.784149169921875,22.36048808050788,1.3604880805078814
sub-157912888148,21.0,20.720146053507257,26.96990966796875,23.845027860738004,2.8450278607380035
sub-158500314736,32.0,23.489714694923485,23.64312171936035,23.56641820714192,-8.433581792858082
sub-158561810586,21.0,24.449077697568757,28.672149658203125,26.56061367788594,5.560613677885939
sub-158783204186,7.126626,9.623802420261931,7.043416976928711,8.333609698595321,1.2069836985953213
sub-159585669819,28.347707049965766,30.39084385802519,36.39642333984375,33.39363359893447,5.045926548968705
sub-160079241762,24.0,21.18333800898759,25.142892837524418,23.163115423256002,-0.8368845767439979
sub-160619551339,21.0,14.535401038606857,20.64309883117676,17.58924993489181,-3.4107500651081892
sub-161153388655,22.0,21.949823414329124,21.43254852294922,21.69118596863917,-0.3088140313608285
sub-161374462751,21.0,22.002584996277765,22.17292594909668,22.08775547268722,1.0877554726872205
sub-161819845928,25.0,27.698617734571595,22.194313049316406,24.946465391944002,-0.053534608055997523
sub-162530081874,43.0,36.76320917259518,26.56281089782715,31.663010035211165,-11.336989964788835
sub-162643690447,15.0,21.176627223019462,15.452495574951172,18.31456139898532,3.314561398985319
sub-162911360437,21.0,24.9614405652798,18.427230834960938,21.69433570012037,0.6943357001203694
sub-162962669437,33.59342915811088,35.323559578302685,30.52357292175293,32.923566250027804,-0.6698629080830756
sub-163171707993,21.0,23.6359972080249,20.859386444091797,22.24769182605835,1.2476918260583503
sub-163329912000,25.0,22.837350842663845,25.00763511657715,23.922492979620497,-1.0775070203795032
sub-163558591208,62.08898015058179,49.500848380862145,55.76469039916992,52.63276939001604,-9.456210760565753
sub-163903932976,19.0,22.11982419677586,21.504383087158203,21.81210364196703,2.812103641967031
sub-164064925038,16.0,13.625744863640282,17.7957820892334,15.71076347643684,-0.28923652356315976
sub-164822438556,21.0,22.03422506769112,22.79169464111328,22.412959854402203,1.412959854402203
sub-165604485425,14.0,8.39652932310398,15.173819541931152,11.785174432517566,-2.2148255674824338
sub-165972132497,21.0,20.891821281660203,22.355627059936523,21.62372417079836,0.6237241707983614
sub-166141323302,22.5,27.11888076936731,24.5270938873291,25.822987328348205,3.322987328348205
sub-166243374724,10.83,12.82119782610095,16.13336181640625,14.4772798212536,3.6472798212535995
sub-166414771116,28.3669,27.446728570687096,21.64409446716309,24.545411518925093,-3.8214884810749083
sub-166839342556,22.0,27.5036649551325,25.48051643371582,26.49209069442416,4.49209069442416
sub-167010474107,28.0,26.00784119477275,41.68828582763672,33.848063511204735,5.848063511204735
sub-167716104239,20.0,21.69376174699592,25.244443893432617,23.469102820214268,3.4691028202142675
sub-168699804203,25.0,24.84543572256626,23.46412467956543,24.154780201065847,-0.8452197989341528
sub-168789437246,19.0,20.448258551132295,21.623109817504883,21.03568418431859,2.0356841843185904
sub-169297286201,30.0,25.57575519577073,25.15932846069336,25.367541828232042,-4.632458171767958
sub-169353478984,19.0,15.879204452454466,21.304197311401367,18.591700881927917,-0.4082991180720832
sub-169447897045,10.0,15.406275817485453,8.896148681640625,12.151212249563038,2.151212249563038
sub-169489783028,41.82067077344285,45.985166092291934,46.407623291015625,46.19639469165378,4.37572391821093
sub-170052380551,19.0,26.79233851082194,23.791391372680664,25.2918649417513,6.2918649417512995
sub-170536232281,55.54004106776181,58.05068410805397,57.2318115234375,57.641247815745736,2.101206747983923
sub-171162169563,52.5,42.93767717920603,36.40330123901367,39.670489209109846,-12.829510790890154
sub-171290254658,23.0,21.168197216490917,22.049699783325195,21.608948499908056,-1.391051500091944
sub-171351329809,10.9,14.224026065404251,10.454283714294434,12.339154889849343,1.439154889849343
sub-171356174380,12.0,10.403534726469877,11.75876235961914,11.08114854304451,-0.9188514569554904
sub-171539146010,23.0,21.25356351326744,22.32547378540039,21.789518649333914,-1.210481350666086
sub-172045848348,18.0,18.16895950855313,23.60550308227539,20.88723129541426,2.88723129541426
sub-172054310094,19.0,22.4416380707304,20.881820678710938,21.661729374720668,2.661729374720668
sub-172140404865,19.0,15.457763996581091,20.188213348388672,17.822988672484882,-1.1770113275151175
sub-172216873628,24.0,21.557924461980516,22.91095542907715,22.234439945528834,-1.765560054471166
sub-172409403491,21.0,19.365520512160167,21.988676071166992,20.67709829166358,-0.3229017083364205
sub-172456558358,10.3477,21.825393210440613,15.141033172607422,18.483213191524015,8.135513191524016
sub-172761051392,21.0,15.495773244936892,18.872865676879883,17.184319460908387,-3.8156805390916126
sub-173601103742,21.0,25.833578197003305,20.194910049438477,23.01424412322089,2.014244123220891
sub-173733544878,15.0,17.530549201841303,12.29504108428955,14.912795143065427,-0.08720485693457292
sub-174036160594,31.0,22.291051451128578,24.267837524414062,23.279444487771322,-7.720555512228678
sub-174763886500,61.78507871321013,52.95914700940937,66.14678192138672,59.55296446539805,-2.232114247812085
sub-175461878916,16.3943,16.859517530840492,16.30008316040039,16.57980034562044,0.18550034562044004
sub-175500819727,20.0,21.382028289551673,22.993749618530273,22.18788895404097,2.1878889540409716
sub-175836676634,13.0,11.678915015154042,14.789596557617188,13.234255786385614,0.23425578638561362
sub-175857403422,23.0,28.201447221520382,23.098812103271484,25.650129662395933,2.6501296623959334
sub-176038899289,22.0,25.05859989765871,23.849090576171875,24.453845236915292,2.453845236915292
sub-176123703987,23.0,23.113634760554156,20.74300193786621,21.928318349210183,-1.0716816507898166
sub-176402200469,23.0,23.386611375031805,22.68227195739746,23.034441666214633,0.03444166621463296
sub-177231880980,33.0,32.323313326196406,28.862520217895508,30.592916772045957,-2.4070832279540433
sub-177803877315,26.0,27.542704547117214,23.647350311279297,25.595027429198254,-0.4049725708017462
sub-178028010876,23.0,18.277170581551644,22.371234893798828,20.324202737675236,-2.675797262324764
sub-178209467155,12.9391,12.382088497579344,13.955142974853516,13.168615736216431,0.22951573621643107
sub-178636788500,21.0,20.192168640981244,21.34745979309082,20.769814217036032,-0.23018578296396797
sub-178786468108,9.75,15.114643748470735,9.157386779785156,12.136015264127945,2.386015264127945
sub-178794433937,21.0,18.605221111134007,19.38828468322754,18.996752897180773,-2.003247102819227
sub-179250768268,69.0,50.67895161788421,39.6943359375,45.186643777692105,-23.813356222307895
sub-179730432713,24.0,21.16926177285703,25.261810302734375,23.2155360377957,-0.784463962204299
sub-180525608294,51.0,40.78399111224372,33.396148681640625,37.09006989694217,-13.909930103057832
sub-181062043787,21.0,27.069746671732673,23.627721786499023,25.34873422911585,4.348734229115848
sub-181291024762,14.0,11.741320507876129,16.354827880859375,14.048074194367752,0.048074194367751844
sub-181539725053,19.0,19.266611841306695,21.762929916381836,20.514770878844267,1.514770878844267
sub-181778515289,23.0,24.864700051362583,25.0966854095459,24.98069273045424,1.9806927304542405
sub-182055715585,64.64613278576317,64.17834835575876,69.60314178466797,66.89074507021337,2.2446122844501986
sub-182445285893,19.0,18.400778566661103,21.67159080505371,20.036184685857407,1.0361846858574069
sub-182645665011,11.444,11.304275962681205,18.497638702392575,14.90095733253689,3.4569573325368896
sub-182985606883,59.0,53.256424697538534,27.417015075683594,40.336719886611064,-18.663280113388936
sub-183303321841,11.17,8.038717135849616,9.07028579711914,8.554501466484378,-2.6154985335156216
sub-183469359841,23.0,21.358431683509,22.2037296295166,21.7810806565128,-1.218919343487201
sub-183469803882,29.0,25.07174921575901,23.24736213684082,24.159555676299917,-4.840444323700083
sub-183653154751,18.0,21.724373175088584,24.681489944458008,23.202931559773297,5.2029315597732975
sub-183797804453,9.1,6.538653225798754,12.03463077545166,9.286642000625207,0.18664200062520742
sub-184465736712,19.0,24.783886741375923,23.021926879882812,23.902906810629368,4.902906810629368
sub-184653081457,27.5,25.4017704520574,25.290712356567383,25.34624140431239,-2.1537585956876093
sub-184796333025,15.0,12.933985041610557,16.21681022644043,14.575397634025492,-0.42460236597450773
sub-185058251219,27.5,23.92563727050034,24.242307662963867,24.083972466732103,-3.416027533267897
sub-185101775136,28.0,36.6030312202073,27.53456687927246,32.06879904973988,4.06879904973988
sub-185811521075,21.0,28.250851889072894,28.15281105041504,28.201831469743965,7.201831469743965
sub-186154851157,30.006844626967823,34.1571389816107,29.00135803222656,31.57924850691863,1.5724038799508087
sub-186670859341,27.0,27.27971507495889,23.921634674072266,25.600674874515576,-1.399325125484424
sub-186971960974,27.5,35.09383850677976,29.48967170715332,32.29175510696654,4.791755106966541
sub-187090693848,22.0,22.43769308498173,26.057241439819336,24.247467262400534,2.2474672624005336
sub-187117061343,24.0,20.366364045566115,23.027278900146484,21.6968214728563,-2.3031785271437
sub-187117610937,14.37,11.66038693322927,12.80339527130127,12.23189110226527,-2.13810889773473
sub-187923963114,30.67214236824093,31.045381297651268,29.539691925048828,30.292536611350048,-0.37960575689088216
sub-187995579553,21.0,24.768219818055456,21.23111343383789,22.999666625946674,1.9996666259466735
sub-188659362086,23.0,19.79251268834917,20.62298011779785,20.20774640307351,-2.7922535969264892
sub-188694833436,35.0,27.801898933468348,23.976533889770508,25.88921641161943,-9.11078358838057
sub-189320820344,31.0,19.702581245758388,23.827125549316406,21.764853397537397,-9.235146602462603
sub-189547516532,23.0,15.204359672085705,19.777278900146484,17.490819286116093,-5.509180713883907
sub-190572977508,21.0,22.301917369354776,22.31361961364746,22.30776849150112,1.3077684915011183
sub-190741588707,19.0,19.58090744654956,20.09317398071289,19.837040713631225,0.8370407136312252
sub-190752474867,76.78028747433265,70.79496923177923,57.35528564453125,64.07512743815525,-12.705160036177404
sub-190824700808,42.0,35.50715841616944,37.117210388183594,36.31218440217651,-5.687815597823487
sub-190926752717,25.0,22.192452420557423,21.719932556152344,21.956192488354883,-3.0438075116451166
sub-190960900665,60.0,45.656731310957625,43.79477310180664,44.72575220638213,-15.274247793617867
sub-191130301619,27.0,25.286514482284108,23.085168838500977,24.18584166039254,-2.8141583396074594
sub-191462151641,19.0,14.389846308999354,19.374906539916992,16.882376424458172,-2.1176235755418276
sub-191710084170,17.1,13.894007147516266,16.57558822631836,15.234797686917313,-1.8652023130826887
sub-191721733310,21.0,26.965266412682368,22.38922119140625,24.67724380204431,3.677243802044309
sub-191917648773,11.8,15.446166547341964,11.539944648742676,13.49305559804232,1.693055598042319
sub-192108161449,25.0,19.120680986800604,22.12277030944824,20.62172564812442,-4.378274351875579
sub-192165999733,21.0,24.236660496404113,23.048725128173828,23.64269281228897,2.6426928122889706
sub-192342344812,20.0,16.374035734273775,20.659496307373047,18.51676602082341,-1.483233979176589
sub-192529878872,19.0,19.136485593722988,22.43217658996582,20.784331091844404,1.784331091844404
sub-192969634654,32.5,33.94964409593678,26.979516983032227,30.464580539484505,-2.035419460515495
sub-193705299750,21.0,20.93285559979482,18.131450653076172,19.532153126435496,-1.467846873564504
sub-194435801089,19.0,22.1799450404395,20.18174934387207,21.180847192155785,2.1808471921557846
sub-194461506428,27.5,19.871195816476764,22.823701858520508,21.347448837498636,-6.152551162501364
sub-194684487354,27.5,29.00157118836823,24.21906852722168,26.610319857794956,-0.8896801422050444
sub-194725619450,12.76,8.726844946062712,14.010605812072754,11.368725379067733,-1.3912746209322666
sub-195203771483,30.17659137577002,36.94474705291705,38.9689826965332,37.95686487472513,7.780273498955108
sub-195281345026,23.0,22.01557094952651,25.34225845336914,23.678914701447823,0.6789147014478232
sub-195594361453,26.0,18.544183885945337,24.00067901611328,21.27243145102931,-4.727568548970691
sub-195649292771,19.0,23.731938677847005,22.647443771362305,23.189691224604655,4.189691224604655
sub-195818230472,25.0,22.104633984751583,23.26464080810547,22.684637396428528,-2.3153626035714723
sub-195935417501,21.0,24.082178902979265,23.50130844116211,23.791743672070687,2.7917436720706874
sub-196146731599,46.0,28.32212709475492,22.63045883178711,25.476292963271014,-20.523707036728986
sub-196179687529,27.5,29.19205938136092,26.340774536132812,27.766416958746866,0.26641695874686633
sub-196183703425,13.0,15.544191803961994,17.664608001708984,16.60439990283549,3.604399902835489
sub-196364717054,27.0,28.782965396334113,24.415874481201172,26.599419938767642,-0.40058006123235756
sub-196554400534,25.0,22.182208535732943,22.380834579467773,22.281521557600357,-2.7184784423996433
sub-197022623926,19.7591,19.46768704884287,22.340660095214844,20.904173572028856,1.1450735720288563
sub-197059739649,48.54757015742642,40.50479371922905,43.65071487426758,42.07775429674831,-6.469815860678111
sub-197226188680,60.46269678302532,51.82842508629007,50.6981201171875,51.263272601738784,-9.199424181286538
sub-197974406551,23.9,25.34698404422454,21.32438850402832,23.33568627412643,-0.5643137258735678
sub-198357080175,25.0,21.462033670184333,23.899675369262695,22.680854519723514,-2.319145480276486
sub-198802102032,19.0,23.765337506409125,22.018518447875977,22.89192797714255,3.891927977142551
sub-198882545020,21.0,18.97757802316995,20.706310272216797,19.841944147693376,-1.1580558523066244
sub-199079306360,10.53,9.308298322014396,13.167818069458008,11.238058195736201,0.7080581957362018
sub-199368890202,27.0,24.83339288653007,23.87006378173828,24.351728334134176,-2.648271665865824
sub-199603028032,30.66,33.51329105383085,25.688169479370117,29.600730266600483,-1.0592697333995176
sub-199857158538,21.0,13.778233816466908,21.157411575317383,17.467822695892146,-3.5321773041078544
sub-199914722921,23.0,23.240146574638356,22.573026657104492,22.906586615871426,-0.09341338412857425
sub-199939483372,56.87337440109514,50.8239857143972,54.32602310180664,52.57500440810192,-4.298369992993223
sub-200054890273,9.8,26.22134482372522,18.93028259277344,22.57581370824933,12.77581370824933
sub-200367335302,23.0,26.2166157850266,23.151302337646484,24.683959061336544,1.6839590613365445
sub-200503449675,27.0,19.396117428627303,21.191736221313477,20.29392682497039,-6.7060731750296085
sub-200688160174,23.0,26.845236018480144,24.48204040527344,25.663638211876794,2.663638211876794
sub-200829694210,21.0,20.406566141258903,21.768260955810547,21.087413548534727,0.08741354853472671
sub-200978776791,18.0,22.432918617018228,25.675945281982425,24.054431949500326,6.0544319495003265
sub-201390671874,13.30684932,9.68632581264738,13.052194595336914,11.369260203992148,-1.9375891160078513
sub-202036712129,21.0,15.519482874531343,21.037506103515625,18.278494489023483,-2.7215055109765167
sub-202057545121,22.5,23.840683858484297,22.59770965576172,23.219196757123008,0.719196757123008
sub-202617672982,11.28493151,14.417747106277808,8.737162590026855,11.577454848152332,0.292523338152332
sub-202694887076,23.0,26.250988336830808,23.48851203918457,24.86975018800769,1.8697501880076892
sub-203218358650,25.0,31.623367296779335,27.086273193359375,29.354820245069355,4.354820245069355
sub-203693889668,23.0,30.989498719338783,30.947328567504883,30.968413643421833,7.968413643421833
sub-203856470224,65.85352498288843,50.98969718694226,55.12217330932617,53.05593524813422,-12.797589734754212
sub-204753452338,19.0,26.327584330970915,21.395702362060547,23.86164334651573,4.861643346515731
sub-204882758146,72.3258042436687,82.33413551473271,71.9814682006836,77.15780185770815,4.831997614039452
sub-205057332807,23.0,24.465877322537068,24.339696884155273,24.40278710334617,1.4027871033461707
sub-205303482394,23.34839151266256,19.187317889825472,23.95465087890625,21.57098438436586,-1.777407128296698
sub-205485410446,27.0,24.59001225293012,19.689599990844727,22.139806121887425,-4.860193878112575
sub-205762939076,20.0,25.771652462971115,23.683095932006836,24.727374197488977,4.727374197488977
sub-206044002155,19.0,21.342493265427056,19.647808074951172,20.495150670189112,1.495150670189112
sub-206099391777,29.0,29.646454066396117,26.540830612182617,28.093642339289367,-0.9063576607106327
sub-206369659892,26.03,23.88633968684236,22.062255859375,22.97429777310868,-3.05570222689132
sub-206815249910,45.7741273100616,49.92591362367311,43.533695220947266,46.72980442231019,0.955677112248587
sub-206949772311,10.78082192,10.762169123870466,12.161967277526855,11.46206820069866,0.6812462806986606
sub-207042049080,21.0,19.12488022124888,22.33504295349121,20.729961587370045,-0.27003841262995465
sub-207254625725,21.0,17.12461955493297,17.980785369873047,17.55270246240301,-3.4472975375969916
sub-207275791415,78.20396988364135,70.03081357974852,64.65721130371094,67.34401244172973,-10.859957441911618
sub-207858828670,19.0,19.50575914299902,20.63961410522461,20.072686624111814,1.0726866241118138
sub-208102410175,27.5,24.756719668374156,26.066518783569336,25.411619225971748,-2.088380774028252
sub-209038064880,21.0,26.632922651973225,23.541994094848633,25.08745837341093,4.087458373410929
sub-209223851167,18.5818,16.73973154114359,15.719057083129885,16.229394312136737,-2.352405687863264
sub-209325230764,16.0,17.347774465668856,19.47064781188965,18.409211138779252,2.409211138779252
sub-209401728890,19.0,20.389016568321452,21.255788803100582,20.82240268571102,1.822402685711019
sub-209571211775,15.25,21.78727040074717,19.55061912536621,20.66894476305669,5.41894476305669
sub-209581014407,10.0,6.754449430090329,15.996949195861816,11.375699312976073,1.3756993129760726
sub-209902813254,21.22,21.64260040380598,20.55514144897461,21.098870926390294,-0.12112907360970482
sub-210027157954,11.0,12.001901932697525,16.26265525817871,14.132278595438118,3.132278595438118
sub-210286147525,21.0,22.18291336042188,22.48179626464844,22.332354812535158,1.3323548125351579
sub-210405402058,27.5,24.19531840424682,21.16402244567871,22.679670424962765,-4.820329575037235
sub-211479171648,30.0,31.033187581650395,26.219690322875977,28.626438952263186,-1.373561047736814
sub-211632456861,21.0,20.60753027432264,20.80674934387207,20.707139809097356,-0.29286019090264404
sub-211700292441,8.0,14.75603707962329,11.495687484741213,13.12586228218225,5.125862282182251
sub-211816595199,45.61533196440794,50.14790415911433,46.35858917236328,48.25324666573881,2.637914701330864
sub-211954748415,12.0,11.533873486740644,13.85381031036377,12.693841898552208,0.6938418985522077
sub-212082942916,19.0,21.164107944784284,19.688072204589844,20.426090074687064,1.426090074687064
sub-212174852658,19.0,11.121352238660297,18.91099548339844,15.016173861029369,-3.983826138970631
sub-212519080242,27.5,25.074026114756027,24.09502410888672,24.58452511182137,-2.915474888178629
sub-212864828873,22.5,28.063746946615247,24.260377883911133,26.16206241526319,3.6620624152631898
sub-213073713974,11.8816,7.863635054974086,20.893348693847656,14.378491874410871,2.4968918744108706
sub-213494831059,11.1999,6.117799093468207,11.30655002593994,8.712174559704074,-2.4877254402959252
sub-213536717598,30.0,21.184813601804272,23.28219223022461,22.23350291601444,-7.766497083985559
sub-213706959470,19.0,17.721341147088932,17.794668197631836,17.758004672360386,-1.2419953276396143
sub-214324126120,21.0,20.945254071342465,19.236873626708984,20.091063849025723,-0.9089361509742773
sub-214490071049,6.685832,4.232476871218886,8.040582656860352,6.136529764039619,-0.5493022359603819
sub-214736954511,27.0,25.461061920977045,22.239328384399418,23.85019515268823,-3.1498048473117706
sub-215260895776,21.0,13.113589344004945,20.320127487182617,16.71685841559378,-4.28314158440622
sub-215309667822,23.0,23.050344082985923,21.367111206054688,22.208727644520305,-0.7912723554796948
sub-215419545430,13.66,12.227484639122087,16.916839599609375,14.572162119365732,0.9121621193657319
sub-215886595624,27.5,29.16744326439804,22.750558853149418,25.95900105877373,-1.5409989412262703
sub-216116849338,23.0,20.512769922272984,24.326866149902344,22.419818036087662,-0.580181963912338
sub-216155634163,48.0,40.325764889309085,26.56270980834961,33.44423734882935,-14.555762651170653
sub-216284306640,21.0,26.897712248659897,20.15288734436035,23.525299796510126,2.525299796510126
sub-216437025414,14.4,9.844466649644406,12.294999122619627,11.069732886132016,-3.3302671138679845
sub-216691637184,29.0,28.664292584009704,24.323400497436523,26.493846540723112,-2.506153459276888
sub-217201093508,25.0,20.51569402102204,22.047805786132812,21.281749903577428,-3.7182500964225724
sub-217737190292,16.1,20.447463561366252,20.89008140563965,20.66877248350295,4.568772483502947
sub-218043359082,13.28,6.075320370063334,16.571916580200195,11.323618475131765,-1.9563815248682346
sub-218188880547,22.5,22.139318326931683,24.1536922454834,23.146505286207542,0.6465052862075424
sub-218293958057,25.0,20.16482779574632,21.369159698486328,20.766993747116324,-4.233006252883676
sub-218365089631,21.0,16.667117082030654,20.356508255004883,18.51181266851777,-2.48818733148223
sub-218946650908,20.0,24.92466574783495,22.25898170471191,23.591823726273432,3.5918237262734323
sub-219362965054,21.0,19.855191034214755,21.15845489501953,20.506822964617143,-0.49317703538285684
sub-219534619012,19.0,12.520908459697983,18.05241584777832,15.286662153738153,-3.7133378462618474
sub-220335571493,25.0,39.560372459020414,49.93739700317383,44.74888473109712,19.74888473109712
sub-220370805249,21.0,21.63473117493782,21.10145568847656,21.368093431707187,0.36809343170718734
sub-220390354293,21.0,14.741763057939927,20.172361373901367,17.457062215920647,-3.542937784079353
sub-221187714859,21.0,18.997202718762736,22.26435089111328,20.63077680493801,-0.3692231950619913
sub-221201405517,41.20465434633813,44.072231793584024,28.162202835083008,36.117217314333516,-5.087437032004615
sub-221264002579,24.0,21.186012697257887,21.038589477539062,21.112301087398475,-2.8876989126015253
sub-221319995904,19.0,16.59073363908999,18.830730438232425,17.710732038661206,-1.289267961338794
sub-221347736884,21.0,17.705063360918768,19.80920791625977,18.75713563858927,-2.2428643614107315
sub-221448045666,20.0,26.602993534059557,22.767860412597656,24.685426973328607,4.685426973328607
sub-221620880012,20.908966461327857,22.80647057335842,32.49805450439453,27.652262538876478,6.743296077548621
sub-222431356338,21.0,27.471666640624026,22.413358688354492,24.942512664489257,3.942512664489257
sub-222441587470,8.46,10.182373886121994,8.222017288208008,9.202195587165,0.7421955871649999
sub-222716353013,25.0,40.004483023900214,44.67128372192383,42.33788337291202,17.337883372912017
sub-222856043629,9.5,16.4079432194891,13.31373119354248,14.86083720651579,5.360837206515789
sub-222857937247,11.0,11.989759668004652,15.299715042114258,13.644737355059455,2.644737355059455
sub-223064692200,21.0,28.21268407459079,30.693368911743164,29.453026493166977,8.453026493166977
sub-223185119590,27.5,27.924193394500136,27.228700637817383,27.57644701615876,0.0764470161587596
sub-223760514375,21.0,19.888062540194863,20.424339294433594,20.15620091731423,-0.84379908268577
sub-224217740103,62.5,54.04608333957535,44.08089447021485,49.063488904895095,-13.436511095104905
sub-224367464213,23.0,24.37059409313465,22.213472366333008,23.29203322973383,0.2920332297338284
sub-224456072364,19.0,15.992557604489114,19.099136352539062,17.54584697851409,-1.4541530214859115
sub-225032756965,19.0,19.498185835108963,21.4749698638916,20.486577849500282,1.4865778495002822
sub-225227561439,11.07,5.892725039542611,9.204923629760742,7.548824334651677,-3.5211756653483235
sub-225288020622,19.0,23.31637485150369,20.897857666015625,22.107116258759657,3.107116258759657
sub-225338597322,27.0,22.89941490545349,21.717378616333008,22.30839676089325,-4.691603239106751
sub-225495052599,25.0,24.663570423043247,23.973922729492188,24.318746576267717,-0.6812534237322829
sub-225761821123,67.5,49.94040278252608,60.223873138427734,55.082137960476906,-12.417862039523094
sub-225907205512,14.41,21.82655651294676,15.450102806091309,18.638329659519034,4.228329659519034
sub-225946046364,19.0,22.396391733846148,21.113271713256836,21.75483172355149,2.75483172355149
sub-226154264891,19.0,21.27923081716585,20.91139030456543,21.09531056086564,2.0953105608656415
sub-226452786587,26.0,22.741651620508726,20.67131805419922,21.706484837353972,-4.2935151626460275
sub-226781082361,25.0,24.65509648237515,21.227014541625977,22.941055512000563,-2.0589444879994367
sub-226872124353,18.0,18.980401521089007,19.63397789001465,19.307189705551828,1.3071897055518278
sub-228370965361,24.0,26.167724944730832,27.17705535888672,26.672390151808777,2.672390151808777
sub-228560693895,22.5,33.9207210173562,25.845346450805664,29.883033734080932,7.383033734080932
sub-228707233803,24.3750855578371,19.167126313728716,21.8030948638916,20.48511058881016,-3.889974969026941
sub-229077327791,15.0,20.16001976652933,19.543529510498047,19.85177463851369,4.851774638513689
sub-229294744251,27.0,18.545800164518724,21.9210205078125,20.233410336165612,-6.766589663834388
sub-229531083910,21.0,23.62133771048465,20.517183303833008,22.06926050715883,1.0692605071588304
sub-229569889740,9.82,7.358532375441605,9.574665069580078,8.466598722510842,-1.3534012774891586
sub-230496424118,78.5845311430527,79.9214506199559,65.4360580444336,72.67875433219476,-5.905776810857944
sub-230539378159,11.14794521,7.383850915423512,15.85569667816162,11.619773796792565,0.4718285867925651
sub-231330798218,10.29589041,2.6766243450859335,9.482595443725586,6.07960989440576,-4.21628051559424
sub-231581179705,21.0,19.624131346892263,19.978919982910156,19.80152566490121,-1.1984743350987905
sub-231906033276,9.64109589,14.914466519120596,11.251519203186035,13.082992861153315,3.441896971153314
sub-231974987170,30.89390828199863,35.796426371023074,37.9763069152832,36.88636664315314,5.992458361154508
sub-232331035108,72.5,86.92157811847883,60.5120735168457,73.71682581766227,1.2168258176622686
sub-232603114020,21.0,19.73540707099019,19.658418655395508,19.69691286319285,-1.3030871368071502
sub-232874226715,19.0,14.869365145339533,19.644628524780273,17.2569968350599,-1.7430031649400988
sub-232903721765,19.0,18.53096594743666,20.52594757080078,19.52845675911872,0.5284567591187184
sub-232954346633,22.5,30.2725508930455,22.671348571777344,26.471949732411424,3.9719497324114243
sub-233320582225,23.0,24.491089156195457,23.871267318725582,24.18117823746052,1.1811782374605215
sub-233439764905,21.0,24.400684061365403,22.822479248046875,23.61158165470614,2.6115816547061392
sub-234024541244,25.0,28.30881497192792,23.984041213989254,26.146428092958587,1.1464280929585868
sub-234330619817,21.0,23.93974693773997,22.510271072387695,23.225009005063832,2.225009005063832
sub-234533737919,11.0,10.086779558847969,13.699625015258787,11.893202287053377,0.8932022870533771
sub-234544356705,23.0,15.777343983346036,20.068471908569336,17.922907945957686,-5.077092054042314
sub-234754984795,24.0,27.75547288334493,22.34674072265625,25.05110680300059,1.0511068030005895
sub-235188204269,19.0,20.649754985844943,21.150745391845703,20.900250188845323,1.9002501888453232
sub-235364138668,25.0,19.66985791410663,20.41291618347168,20.041387048789154,-4.958612951210846
sub-235909880442,21.0,22.10473201379205,20.93118667602539,21.517959344908718,0.5179593449087179
sub-236070480159,15.0,13.157955219383496,16.92310905456543,15.040532136974463,0.040532136974462674
sub-236684962470,31.134839151266256,28.57451575311995,34.672969818115234,31.623742785617594,0.4889036343513382
sub-236877858843,21.0,17.305385958391007,17.57062339782715,17.438004678109078,-3.5619953218909224
sub-237021285455,27.0,31.16365806111587,27.855663299560547,29.509660680338207,2.5096606803382073
sub-237188599607,16.6,11.001653462607068,17.779699325561523,14.390676394084295,-2.2093236059157064
sub-237453925731,23.0,17.734697385069524,20.461244583129883,19.097970984099703,-3.902029015900297
sub-237774525299,24.0,22.58884637758691,22.435894012451172,22.51237019501904,-1.4876298049809584
sub-238305757701,21.0,23.48162416356545,23.44078063964844,23.461202401606947,2.461202401606947
sub-238319148726,30.0,30.34671968056253,33.855464935302734,32.10109230793263,2.101092307932632
sub-238501970612,21.0,21.65810143222388,20.122461318969727,20.890281375596803,-0.10971862440319669
sub-238515208525,21.0,18.77724871382875,22.75589942932129,20.76657407157502,-0.23342592842497822
sub-238616702365,63.4031485284052,76.71950702967948,70.79906463623047,73.75928583295497,10.356137304549776
sub-238824792464,21.0,22.410434033396022,20.763154983520508,21.586794508458265,0.5867945084582651
sub-238840828064,12.65753425,2.49595080058382,9.484330177307127,5.990140488945474,-6.667393761054526
sub-238860242118,19.0,19.11921551738334,22.91193199157715,21.015573754480243,2.0155737544802435
sub-239134718630,21.0,26.850056482337266,23.20178604125977,25.025921261798516,4.025921261798516
sub-239489511795,13.5,14.246636488579265,13.81234645843506,14.029491473507163,0.5294914735071625
sub-239529578005,43.460643394934976,51.80195683288704,61.344276428222656,56.57311663055485,13.112473235619873
sub-239667774037,19.0,16.167191704877396,18.37123680114746,17.26921425301243,-1.7307857469875714
sub-240000170343,13.35,13.279892557432971,17.317270278930664,15.298581418181818,1.9485814181818188
sub-240663724967,20.698151950718685,27.587022516634786,25.899110794067383,26.743066655351086,6.044914704632401
sub-240921511661,19.0,21.005287691343103,21.45047378540039,21.227880738371745,2.227880738371745
sub-241089644624,37.0,23.451733835500313,24.207847595214844,23.82979071535758,-13.170209284642421
sub-241198125340,21.0,19.75351621108055,21.518157958984375,20.635837085032463,-0.3641629149675367
sub-241456506011,14.2,15.82666112643953,14.127847671508787,14.977254398974159,0.7772543989741596
sub-241645046959,19.0,20.773158403778027,19.541210174560547,20.157184289169287,1.1571842891692867
sub-241645657962,21.0,25.358566549020193,22.05631446838379,23.707440508701993,2.7074405087019926
sub-241739908307,79.0,77.73618570148923,76.61019134521484,77.17318852335204,-1.8268114766479613
sub-241934772035,27.38398357289528,34.61999676500842,39.043701171875,36.83184896844171,9.447865395546433
sub-242113707606,25.0,25.294303687752095,21.919885635375977,23.607094661564034,-1.3929053384359662
sub-242581855070,53.41273100616017,51.34623354188598,44.68037414550781,48.013303843696896,-5.399427162463276
sub-242738003665,21.0,19.19652608009494,23.07478141784668,21.13565374897081,0.13565374897081028
sub-242962705641,21.0,18.077969267962654,20.94760513305664,19.51278720050965,-1.4872127994903508
sub-243251639637,21.0,22.545618957264068,21.56590461730957,22.05576178728682,1.0557617872868192
sub-244062002869,8.0,8.259908506868406,7.451052665710449,7.855480586289428,-0.1445194137105723
sub-244085485212,10.4,11.57367254792064,10.445250511169434,11.009461529545037,0.6094615295450367
sub-244687579716,19.0,20.620170289500745,29.34480094909668,24.982485619298714,5.982485619298714
sub-244803317233,70.0,49.56594443079715,52.313934326171875,50.93993937848451,-19.06006062151549
sub-244867958007,38.902121834360024,41.605842085483374,33.77776336669922,37.6918027260913,-1.2103191082687275
sub-244954065411,19.0,21.76750128462093,20.45026206970215,21.10888167716154,2.1088816771615413
sub-245055811403,36.0,29.44376425202858,25.80617332458496,27.62496878830677,-8.37503121169323
sub-245235309359,21.0,26.931792085628853,21.170495986938477,24.051144036283667,3.0511440362836666
sub-245306557719,30.0,20.674875114638795,22.89805603027344,21.786465572456116,-8.213534427543884
sub-247003464078,21.0,32.51076709455577,24.7235050201416,28.617136057348684,7.617136057348684
sub-247404824122,19.0,16.520718744563702,20.881744384765625,18.701231564664663,-0.2987684353353366
sub-247463425270,21.0,26.667363381107133,24.058839797973633,25.363101589540385,4.363101589540385
sub-247550701786,23.0,19.831193669990338,20.470319747924805,20.150756708957573,-2.849243291042427
sub-247787484871,23.0,25.728931049648867,23.271005630493164,24.499968340071014,1.499968340071014
sub-248018078594,21.0,19.476145806825578,21.134729385375977,20.305437596100777,-0.6945624038992229
sub-248621586039,67.5,46.53069785536602,49.78189468383789,48.15629626960195,-19.343703730398047
sub-249349570195,19.0,28.90650034641318,21.273540496826172,25.090020421619677,6.090020421619677
sub-249453595661,17.1,14.383070795393756,17.46380043029785,15.923435612845804,-1.1765643871541975
sub-249490422156,17.13,15.245855280420807,17.10943603515625,16.177645657788528,-0.9523543422114713
sub-249622142769,27.5,33.4715435120755,30.35517311096191,31.913358311518707,4.4133583115187065
sub-250216400468,19.0,17.84311921672488,20.83670997619629,19.339914596460584,0.3399145964605843
sub-250479162697,59.38124572210815,64.05910912131722,57.976776123046875,61.01794262218205,1.6366969000739005
sub-250511855843,8.9747,19.06818213651121,11.12918472290039,15.098683429705801,6.123983429705801
sub-250517852869,9.4,12.19238852940522,12.897136688232422,12.544762608818822,3.144762608818821
sub-250739202322,23.0,23.48804889516225,21.100154876708984,22.294101885935618,-0.7058981140643823
sub-250777583312,22.0,21.590336492271756,21.84262466430664,21.7164805782892,-0.2835194217107997
sub-250985467668,19.0,24.684683671190452,21.987258911132812,23.335971291161634,4.335971291161634
sub-251108118714,40.5284052019165,36.899141864364054,34.95066833496094,35.924905099662496,-4.603500102254003
sub-251152153076,27.0,26.981457583358512,19.96274185180664,23.472099717582577,-3.5279002824174235
sub-251224069006,21.0,22.612897577479448,19.288240432739254,20.95056900510935,-0.04943099489064906
sub-251630004450,29.0,30.97627717613176,24.963380813598633,27.969828994865196,-1.0301710051348039
sub-251693910372,11.0,6.862138399342129,10.106932640075684,8.484535519708906,-2.5154644802910937
sub-252483776634,19.0,9.34571358954243,19.957122802734375,14.651418196138403,-4.348581803861597
sub-252614167190,19.0,15.479190800595193,19.576927185058594,17.528058992826892,-1.4719410071731076
sub-252670417736,19.0,17.367619477669756,22.48004913330078,19.92383430548527,0.9238343054852685
sub-252716718575,21.0,21.185135311366835,18.662532806396484,19.92383405888166,-1.0761659411183402
sub-252717977376,68.50924024640658,64.05182585738605,71.2940444946289,67.67293517600748,-0.8363050703990922
sub-252880188419,17.56,24.45918252077263,30.045774459838867,27.252478490305748,9.69247849030575
sub-253019663551,19.5,19.130676965598997,19.37639808654785,19.253537526073423,-0.24646247392657727
sub-253582671864,23.0,19.4168738288112,22.897432327270508,21.157153078040857,-1.8428469219591435
sub-253628051441,19.0,24.23463800188351,21.21561813354492,22.725128067714216,3.7251280677142162
sub-254063930053,43.16221765913758,44.86539107810826,41.751319885253906,43.30835548168108,0.14613782254350127
sub-254246195492,19.0,24.626755389576335,21.372180938720703,22.999468164148517,3.9994681641485172
sub-254729298278,42.5,38.111693688254974,26.66598892211914,32.38884130518706,-10.111158694812943
sub-255136963981,28.0,27.88312353936399,23.970304489135746,25.926714014249868,-2.0732859857501325
sub-255360929670,29.0,29.318797280416643,29.72201156616211,29.520404423289378,0.5204044232893779
sub-255727004569,19.0,15.60916710796154,19.368389129638672,17.488778118800106,-1.5112218811998943
sub-255882149200,56.67624914442163,42.7121253742789,44.401634216308594,43.556879795293746,-13.119369349127886
sub-256138999520,22.5,20.73373671380867,23.467947006225582,22.100841860017127,-0.3991581399828732
sub-256341839765,56.9637234770705,53.16466050712475,53.791282653808594,53.47797158046667,-3.48575189660383
sub-256357251266,59.671457905544145,54.57528184455842,55.870147705078125,55.22271477481827,-4.448743130725873
sub-256511281689,19.0,21.28309911428621,20.991697311401367,21.137398212843788,2.137398212843788
sub-256844989684,25.0,17.782827589739654,22.44723892211914,20.115033255929397,-4.884966744070603
sub-257021428477,19.0,17.54789935665891,21.303466796875,19.425683076766955,0.4256830767669548
sub-257828464685,19.0,23.73701081956834,24.21959114074707,23.978300980157705,4.978300980157705
sub-258048891312,21.0,21.099400789158825,22.745370864868164,21.922385827013493,0.9223858270134926
sub-258374254828,19.0,26.26412970819502,18.902894973754883,22.583512340974952,3.583512340974952
sub-258404721857,22.0,23.203673113652595,21.544191360473633,22.373932237063116,0.37393223706311574
sub-259351679051,21.0,20.68479297905114,21.961620330810547,21.323206654930843,0.3232066549308428
sub-259391245786,59.0,47.24477996522731,45.05577087402344,46.15027541962537,-12.849724580374627
sub-259424184976,11.0,10.16026295773828,9.496928215026855,9.828595586382567,-1.1714044136174326
sub-259547897813,19.0,17.266235812597614,20.232650756835938,18.749443284716776,-0.2505567152832242
sub-260062396891,19.0,20.533323177258108,20.65856170654297,20.59594244190054,1.5959424419005401
sub-260346128610,9.0,6.221917203735249,12.138933181762695,9.180425192748972,0.18042519274897195
sub-261295933568,13.0,18.13860797948513,21.026912689208984,19.582760334347057,6.582760334347057
sub-261666162953,28.0,46.047240827053464,32.261444091796875,39.154342459425166,11.154342459425166
sub-262202743250,13.1,20.35566319043646,22.831497192382812,21.593580191409636,8.493580191409636
sub-262457593277,21.0,20.8173877705784,19.44683074951172,20.13210926004506,-0.8678907399549409
sub-263819529475,33.91649555099247,34.598061178220085,47.45235061645508,41.025205897337585,7.108710346345113
sub-264104876540,21.0,25.79008633343722,21.686155319213867,23.73812082632554,2.7381208263255417
sub-264717518453,19.0,17.093507520390368,18.062318801879883,17.577913161135125,-1.4220868388648746
sub-264782182812,55.0,66.81600472715294,50.185813903808594,58.50090931548077,3.5009093154807687
sub-265153296950,13.5,8.832067471171904,17.183191299438477,13.00762938530519,-0.4923706146948099
sub-265273157235,29.0,29.545124982872835,32.28498077392578,30.915052878399308,1.9150528783993082
sub-265534577682,13.8,16.89992966155193,10.05670166015625,13.47831566085409,-0.32168433914591077
sub-265685893940,23.0,14.577087302128154,20.353195190429688,17.46514124627892,-5.534858753721078
sub-266307733456,25.0,19.245096652431062,20.4075984954834,19.82634757395723,-5.173652426042771
sub-266666775428,12.0,9.597507527222344,11.898491859436035,10.74799969332919,-1.2520003066708103
sub-268040113669,21.0,17.621420469979192,21.680456161499023,19.650938315739108,-1.3490616842608922
sub-268081601695,12.0,15.726026648697616,15.720154762268066,15.723090705482841,3.723090705482841
sub-268346653282,22.0,17.583623084797473,23.150217056274418,20.366920070535947,-1.6330799294640528
sub-268420839498,28.120465434633807,39.41632528452004,33.33620834350586,36.37626681401295,8.255801379379143
sub-268879454052,61.48665297741273,51.09911629692781,58.81542205810547,54.957269177516636,-6.529383799896095
sub-269394554138,29.0,28.114846423336775,23.471006393432617,25.792926408384695,-3.2070735916153055
sub-269603671377,19.0,25.73383106448196,21.29023551940918,23.51203329194557,4.512033291945571
sub-269937866674,21.0,18.352241968513976,22.723146438598633,20.537694203556306,-0.46230579644369385
sub-270347217232,26.0,23.586456291028277,21.99196434020996,22.78921031561912,-3.210789684380881
sub-270971154789,21.0,24.001696675261837,21.89051818847656,22.946107431869198,1.9461074318691978
sub-271317255923,23.69883641341547,31.020687689150492,32.904205322265625,31.96244650570806,8.263610092292588
sub-271649634632,21.0,26.6939923881333,21.613033294677734,24.153512841405515,3.153512841405515
sub-271688697419,29.0,24.94983008705013,24.306636810302734,24.628233448676433,-4.371766551323567
sub-271880337764,19.0,25.962346082170484,27.17273330688477,26.567539694527625,7.567539694527625
sub-272699721591,21.0,20.45717127371566,22.216833114624023,21.33700219416984,0.3370021941698411
sub-272887401785,21.0,22.460645960741132,22.491296768188477,22.475971364464804,1.4759713644648045
sub-273169726487,19.0,29.436377906657015,24.954710006713867,27.19554395668544,8.195543956685441
sub-273391779679,38.78165639972622,44.81095002374476,49.111427307128906,46.961188665436836,8.17953226571062
sub-273534194914,10.79,8.639463630284318,8.525788307189941,8.58262596873713,-2.2073740312628694
sub-273748695345,19.0,18.974004382680576,23.8865966796875,21.430300531184038,2.430300531184038
sub-273799460640,8.062971000000001,3.65900554478975,8.471870422363281,6.0654379835765155,-1.9975330164234855
sub-273878067755,10.0,9.993381705230831,12.229999542236328,11.11169062373358,1.1116906237335797
sub-274268361591,72.5,50.664369935798355,46.537654876708984,48.60101240625367,-23.898987593746327
sub-274305053661,23.0,25.671271242427807,21.885839462280273,23.77855535235404,0.77855535235404
sub-274663764893,19.0,18.844580194786303,19.25597763061523,19.05027891270077,0.050278912700768785
sub-275393428702,21.0,27.336201253868335,25.630298614501953,26.483249934185146,5.483249934185146
sub-275672449200,21.0,20.23181372891312,21.547855377197266,20.889834553055195,-0.11016544694480501
sub-275841492998,30.0,19.806555512610466,22.6237850189209,21.215170265765682,-8.784829734234318
sub-276219914266,28.0,17.77334173384498,22.34808921813965,20.060715475992314,-7.939284524007686
sub-276300333762,19.0,19.299036121044395,21.150907516479492,20.224971818761944,1.2249718187619436
sub-276630944980,72.5,60.43554548440062,65.81907653808594,63.12731101124328,-9.372688988756721
sub-276750471965,13.0,12.689396872267046,8.895459175109863,10.792428023688455,-2.207571976311545
sub-277072542882,27.0,23.984597904308533,22.335643768310547,23.160120836309538,-3.839879163690462
sub-277563534370,19.0,19.21604198900861,22.471540451049805,20.843791220029207,1.8437912200292068
sub-278098605573,17.2,22.193670419602476,19.545490264892575,20.869580342247524,3.6695803422475244
sub-278306641376,19.0,17.15220042512898,19.877958297729492,18.515079361429237,-0.4849206385707632
sub-278339857109,12.66027397,20.472265360162243,14.313944816589355,17.393105088375798,4.732831118375797
sub-278388213595,23.0,29.031836278598128,25.115901947021484,27.073869112809806,4.073869112809806
sub-278820149983,21.0,24.311258188294868,22.746957778930664,23.529107983612768,2.529107983612768
sub-278859613706,8.375086,2.4961600294513246,10.362683296203612,6.429421662827468,-1.9456643371725315
sub-279716221372,13.0,9.896173459415875,12.63504695892334,11.265610209169608,-1.7343897908303916
sub-280353298061,23.0,28.69316163134189,26.08601951599121,27.389590573666553,4.389590573666553
sub-280491821637,11.04109589,10.040139618172944,9.870468139648438,9.95530387891069,-1.0857920110893087
sub-280829663174,27.5,20.31807305181544,22.863903045654297,21.590988048734868,-5.909011951265132
sub-281171079038,19.0,19.30216078579028,19.91999053955078,19.61107566267053,0.6110756626705296
sub-281250458251,10.29,9.31372646555101,12.486486434936523,10.900106450243767,0.6101064502437676
sub-282274124491,13.24931507,8.15426960885777,17.033344268798828,12.5938069388283,-0.6555081311717004
sub-283866019979,25.0,24.76950090045319,25.02169609069824,24.89559849557571,-0.1044015044242883
sub-284188545251,21.0,19.908484568370003,20.806007385253903,20.357245976811953,-0.6427540231880471
sub-284462322919,36.47912388774811,39.45246531146648,40.71156311035156,40.08201421090902,3.6028903231609135
sub-284467484968,25.0,25.050946525341075,27.952163696289062,26.50155511081507,1.5015551108150689
sub-284931213796,9.745205479,8.458162218411779,10.552653312683104,9.505407765547442,-0.23979771345255685
sub-284979093050,25.0,27.49061952769438,26.234880447387695,26.862749987541036,1.8627499875410365
sub-285593347262,21.0,17.47019392600052,21.733041763305664,19.60161784465309,-1.3983821553469085
sub-285839371492,12.0,13.568719506834938,11.17270565032959,12.370712578582264,0.37071257858226403
sub-286013330597,12.16438356,8.928199207806994,13.940367698669434,11.434283453238214,-0.7301001067617854
sub-286260365723,6.329911,7.033232494303217,9.977604866027832,8.505418680165524,2.1755076801655244
sub-286377011623,19.0,19.46593623582012,20.23164939880371,19.848792817311917,0.8487928173119172
sub-287060632619,23.0,17.76604817586617,20.282093048095703,19.02407061198094,-3.975929388019061
sub-287389356878,74.0,50.16537840314405,58.26780319213867,54.21659079764136,-19.78340920235864
sub-287470725724,14.0,18.18330098940103,15.610610008239746,16.89695549882039,2.8969554988203896
sub-287536234169,21.0,21.7743121909038,22.733566284179688,22.253939237541744,1.2539392375417435
sub-287677435094,21.0,24.793346952600835,25.11442756652832,24.953887259564578,3.9538872595645778
sub-287694968928,58.28062970568104,68.18846967946865,59.94392013549805,64.06619490748335,5.785565201802314
sub-288219585847,21.0,22.39168759046804,21.4393367767334,21.91551218360072,0.9155121836007183
sub-288264084208,7.764544832,16.904530101128472,9.867241859436035,13.385885980282254,5.621341148282253
sub-288275511552,57.06776180698152,48.85680556763628,44.40920639038086,46.63300597900857,-10.43475582797295
sub-289431285739,14.0,10.626642239403616,18.40243148803711,14.514536863720362,0.5145368637203624
sub-289461458220,18.0,20.5506414589635,19.203693389892575,19.877167424428038,1.8771674244280376
sub-289686316524,23.0,23.84420128470471,24.46807861328125,24.15613994899298,1.1561399489929798
sub-290730786497,41.122518822724146,41.37209847422122,34.522891998291016,37.94749523625612,-3.175023586468029
sub-290821153245,19.0,24.967735618311927,24.50127220153809,24.73450390992501,5.73450390992501
sub-290836566577,23.0,26.65960196779658,22.936973571777344,24.79828776978696,1.7982877697869597
sub-291587861176,16.104,18.697053361598943,14.95708465576172,16.827069008680333,0.7230690086803335
sub-291670704840,14.0,14.494616029516148,14.486824989318848,14.490720509417498,0.490720509417498
sub-291992215520,19.0,17.77498240985441,19.768648147583008,18.77181527871871,-0.2281847212812913
sub-292093039235,21.0,23.91333289863856,21.688419342041016,22.800876120339787,1.8008761203397867
sub-292163783288,41.51950718685831,49.950711970663576,45.642520904541016,47.796616437602296,6.277109250743983
sub-292562158968,19.0,14.025045038835549,20.654897689819336,17.339971364327443,-1.6600286356725569
sub-292931997189,10.82,17.884632723013304,15.22602367401123,16.555328198512267,5.735328198512267
sub-292984908300,23.0,20.25842636478325,20.629411697387695,20.44391903108547,-2.5560809689145287
sub-293152138205,19.0,18.25079178038743,21.496103286743164,19.873447533565297,0.8734475335652974
sub-293359437443,23.0,23.6003975675602,20.115015029907227,21.857706298733714,-1.1422937012662864
sub-293445012236,25.018480492813143,18.639647911773775,22.81475830078125,20.727203106277514,-4.291277386535629
sub-294096075340,25.0,36.54246815327643,27.796886444091797,32.169677298684114,7.169677298684114
sub-294920124233,19.0,24.407574737621385,22.16512107849121,23.2863479080563,4.2863479080563
sub-295055472914,14.0,19.730557200544517,16.500741958618164,18.11564957958134,4.115649579581341
sub-295441371216,22.0,22.687164360607085,23.9824161529541,23.334790256780593,1.3347902567805932
sub-295485375852,13.0,12.724293117054357,15.286626815795898,14.005459966425128,1.0054599664251285
sub-295664409002,23.0,32.61838099218821,24.773963928222656,28.69617246020543,5.696172460205432
sub-295818217348,21.0,19.01247375607175,21.220592498779297,20.116533127425523,-0.883466872574477
sub-296199045528,22.5,20.20555008058411,24.70448875427246,22.455019417428286,-0.04498058257171422
sub-296427539569,19.0,24.05540126927664,21.83256149291992,22.94398138109828,3.943981381098279
sub-296480886181,25.0,21.72204810689817,22.281606674194336,22.001827390546254,-2.9981726094537464
sub-296656452301,19.0,16.992761714565592,21.64974021911621,19.3212509668409,0.3212509668408998
sub-296950225202,72.5,47.54862338129619,47.011043548583984,47.27983346494008,-25.220166535059917
sub-297343119496,21.0,19.027967429534655,17.971834182739258,18.499900806136957,-2.5000991938630435
sub-298312793047,21.0,22.30920063725773,22.11034393310547,22.2097722851816,1.2097722851816002
sub-298381638165,15.0,15.31396478169723,19.29690933227539,17.30543705698631,2.3054370569863103
sub-298394215355,19.0,24.307152640320275,21.39181900024414,22.849485820282208,3.849485820282208
sub-299053759850,67.0,57.588319854193095,55.20160675048828,56.394963302340685,-10.605036697659315
sub-299128749353,13.0,13.734611716508947,14.874693870544434,14.30465279352669,1.3046527935266905
sub-299189190633,21.0,18.95426806893956,19.836524963378903,19.39539651615923,-1.6046034838407692
sub-299515347423,19.0,17.933532511965222,20.4381160736084,19.185824292786812,0.1858242927868119
sub-299651462165,21.0,18.17943321817228,19.5319881439209,18.855710681046588,-2.144289318953412
sub-299666419729,30.0,21.350897922619477,22.91083335876465,22.130865640692065,-7.869134359307935
sub-299690677871,32.0,32.85762963083503,25.3107852935791,29.084207462207065,-2.9157925377929352
sub-299813216713,19.0,19.81833953670996,21.00859260559082,20.41346607115039,1.4134660711503884
sub-299898598078,24.0,31.04812081494571,28.28632164001465,29.66722122748018,5.66722122748018
sub-300059242922,21.0,21.54894072263862,23.08977699279785,22.319358857718235,1.3193588577182354
sub-300202586409,21.0,22.132287069653646,20.608882904052734,21.37058498685319,0.3705849868531885
sub-300521812714,32.0,29.15649625944675,26.376527786254883,27.76651202285082,-4.233487977149181
sub-300699768338,23.0,25.022427774090374,20.260841369628903,22.64163457185964,-0.35836542814035965
sub-300869797602,23.0,20.840473888346985,22.5196533203125,21.680063604329742,-1.3199363956702577
sub-301313422615,23.0,25.00465838982629,25.644351959228516,25.324505174527403,2.3245051745274026
sub-302717422870,57.22108145106093,46.030887612633606,39.25727081298828,42.644079212810944,-14.577002238249989
sub-303198127376,67.53456536618754,54.1648745575233,48.48051834106445,51.32269644929387,-16.211868916893664
sub-303310574754,72.5,66.79133584343349,70.48091888427734,68.63612736385542,-3.8638726361445777
sub-303698168005,70.24777549623546,68.29229436653036,67.87919616699219,68.08574526676128,-2.1620302294741833
sub-303933482994,21.0,23.002513104858014,30.654382705688477,26.828447905273244,5.828447905273244
sub-304120926484,12.0,11.012889091366503,14.198692321777344,12.605790706571923,0.6057907065719235
sub-304156026895,21.0,20.905773463495905,21.44158172607422,21.17367759478506,0.17367759478506173
sub-304598813829,25.0,26.519144074903608,23.247493743896484,24.883318909400046,-0.11668109059995402
sub-304646821863,19.0,15.43886178965404,21.352285385131836,18.39557358739294,-0.6044264126070615
sub-305035849276,25.0,18.86052408425386,23.520721435546875,21.190622759900368,-3.809377240099632
sub-305193425414,8.583333332999999,7.8503716919039235,10.60565185546875,9.228011773686337,0.644678440686338
sub-305446044226,26.92950034223135,22.524228723794565,23.899181365966797,23.21170504488068,-3.717795297350669
sub-305664557456,25.0,20.27126377749994,23.744213104248047,22.007738440873993,-2.992261559126007
sub-305971565873,19.0,12.419255072003129,19.397836685180664,15.908545878591896,-3.0914541214081037
sub-306129715275,12.0,15.212281884765556,13.670893669128418,14.441587776946987,2.441587776946987
sub-306285398472,13.0,15.650145458964827,14.285895347595217,14.968020403280022,1.968020403280022
sub-306640245722,33.0,31.017084969484944,25.4757080078125,28.24639648864872,-4.75360351135128
sub-306848656753,8.39,11.80667786304988,15.736669540405272,13.771673701727575,5.381673701727575
sub-307350205323,32.936344969199176,40.92969007540219,40.18474197387695,40.55721602463957,7.6208710554403964
sub-307727489701,23.0,26.72868742150158,22.57679748535156,24.65274245342657,1.6527424534265691
sub-308203540046,23.0,51.36810575932712,39.05728530883789,45.212695534082506,22.212695534082506
sub-308416050275,21.0,24.091120940535752,33.639007568359375,28.865064254447564,7.865064254447564
sub-309024406654,12.3477,11.674063028441829,10.769292831420898,11.221677929931364,-1.126022070068636
sub-309443085461,18.0,19.847793374512968,19.84261703491211,19.84520520471254,1.8452052047125385
sub-309746819287,30.417522245037645,32.078131953834294,29.98801612854004,31.033074041187167,0.6155517961495214
sub-309832555943,44.093086926762496,46.20599933037367,47.35408020019531,46.78003976528449,2.6869528385219965
sub-309845444862,57.5,48.71762132971067,67.9171371459961,58.31737923785338,0.8173792378533804
sub-310729634371,14.0,15.257714516675064,16.092239379882812,15.674976948278939,1.674976948278939
sub-310730152538,28.933607118412045,30.42488796175116,30.33656311035156,30.380725536051358,1.447118417639313
sub-310760540924,21.0,24.487130669079846,21.001989364624023,22.744560016851935,1.7445600168519348
sub-310792111263,31.2827,21.107335788908745,20.40949058532715,20.758413187117945,-10.524286812882053
sub-310907729263,70.55989048596851,62.77697421543103,57.81584548950195,60.296409852466496,-10.263480633502013
sub-310951661896,25.0,24.865105694488093,23.108728408813477,23.986917051650785,-1.013082948349215
sub-311225423865,6.0,17.5896379089491,8.754796981811523,13.172217445380312,7.172217445380312
sub-312033062176,19.0,18.087076614032178,22.16596412658691,20.126520370309542,1.1265203703095423
sub-312401593415,40.81314168377824,45.70627724647641,43.86130905151367,44.783793148995045,3.970651465216804
sub-312461126831,19.0,26.68726757125887,18.47274398803711,22.58000577964799,3.5800057796479905
sub-312712182553,10.72,17.96783431540097,10.753153800964355,14.360494058182663,3.6404940581826626
sub-313276563858,25.0,27.672756141939047,23.117002487182617,25.394879314560832,0.39487931456083203
sub-313720413578,27.4114,39.089261971585685,25.697982788085938,32.39362237983581,4.982222379835811
sub-313783979215,23.0,21.424278718520473,24.827035903930664,23.125657311225567,0.12565731122556656
sub-314160125753,27.0,23.632092974445385,26.357223510742188,24.994658242593786,-2.005341757406214
sub-314392017666,21.0,18.38575289076572,20.636354446411133,19.511053668588424,-1.4889463314115758
sub-314576902106,23.0,25.32698063122446,21.992706298828125,23.65984346502629,0.6598434650262917
sub-314632035565,23.0,17.761746224241573,21.20046615600586,19.481106190123718,-3.518893809876282
sub-314809725029,14.0,15.707449426329834,17.928739547729492,16.81809448702966,2.8180944870296614
sub-315096818503,7.0,17.553287805662116,13.21828556060791,15.385786683135013,8.385786683135013
sub-315163558934,19.0,16.71843705092425,21.175901412963867,18.94716923194406,-0.05283076805594078
sub-315326586497,66.37371663244353,52.64906138295258,46.918216705322266,49.78363904413742,-16.59007758830611
sub-315766466513,19.0,20.340335640971944,20.48898696899414,20.414661304983042,1.414661304983042
sub-316019186858,23.0,29.57062792037385,23.264020919799805,26.41732442008683,3.4173244200868282
sub-316838712821,69.28952772073922,61.73740623996772,65.91573333740234,63.826569788685035,-5.462957932054181
sub-317505052751,21.0,24.57029167959563,23.70411491394043,24.13720329676803,3.1372032967680283
sub-317592679020,22.5,25.30732484910701,22.220020294189453,23.763672571648232,1.2636725716482324
sub-318449589396,25.927446954141,30.211188763804913,40.315372467041016,35.263280615422964,9.335833661281963
sub-318523911068,19.0,17.74816216821574,19.27793884277344,18.51305050549459,-0.48694949450541003
sub-318586218751,8.912328767,8.746956136796477,10.12915325164795,9.438054694222213,0.5257259272222132
sub-318712015856,62.68035592060232,60.27452688602198,54.88981246948242,57.582169677752205,-5.098186242850112
sub-318994317964,16.0,11.433888951028354,17.73702621459961,14.585457582813982,-1.4145424171860181
sub-319179226836,21.0,25.645822577215633,21.89567756652832,23.770750071871976,2.7707500718719764
sub-319525352770,61.58795345653662,68.3502789521345,58.21906280517578,63.28467087865514,1.6967174221185246
sub-319716522814,19.0,23.02641256505833,23.572067260742188,23.29923991290026,4.2992399129002585
sub-319982702208,9.7201,12.892665351380074,17.808568954467773,15.350617152923924,5.6305171529239235
sub-320209332584,20.8,18.987915165638213,19.733415603637695,19.360665384637954,-1.4393346153620463
sub-320367804429,10.63013699,10.299348491134715,14.08305549621582,12.191201993675268,1.5610650036752673
sub-320423880026,25.0,17.361195505144345,20.92277717590332,19.141986340523832,-5.858013659476168
sub-320966169093,21.0,18.199687356348512,19.461137771606445,18.83041256397748,-2.169587436022521
sub-321009379265,22.5,26.48469088638377,33.74105453491211,30.11287271064794,7.612872710647942
sub-322828430074,24.0,28.060460722485143,23.38755989074707,25.72401030661611,1.7240103066161083
sub-322877038510,37.21013004791239,40.20782726152542,47.610450744628906,43.909139003077165,6.699008955164771
sub-322973581068,11.67,13.167655648583724,15.5090970993042,14.338376373943962,2.6683763739439623
sub-323003434264,23.0,27.74595789371769,26.202526092529297,26.974241993123492,3.974241993123492
sub-323188212103,18.7379,27.977528443205003,19.982036590576172,23.979782516890587,5.241882516890588
sub-323546159905,19.0,23.81553311676545,19.017850875854492,21.41669199630997,2.4166919963099716
sub-323928652465,19.0,11.266049137360106,19.33452033996582,15.300284738662963,-3.6997152613370368
sub-324113689628,21.0,19.63646436232233,18.908950805664062,19.272707583993196,-1.7272924160068044
sub-324287385116,60.86789869952089,62.212691393788376,59.92158126831055,61.06713633104946,0.19923763152856822
sub-324608238151,8.7,11.09992801767804,9.273698806762695,10.186813412220367,1.4868134122203678
sub-324666272814,23.0,26.638898269564848,26.602964401245117,26.620931335404983,3.6209313354049826
sub-324821590774,9.0,12.562268007989148,12.050217628479004,12.306242818234075,3.3062428182340753
sub-325005086709,19.0,26.56687303957795,27.01072883605957,26.78880093781876,7.78880093781876
sub-325116559617,21.0,36.227104096692656,26.947511672973633,31.587307884833145,10.587307884833145
sub-325497793662,19.0,20.63670527251888,24.88556480407715,22.761135038298015,3.761135038298015
sub-326017893990,72.14510609171799,70.21695693662238,65.29324340820312,67.75510017241275,-4.3900059193052385
sub-326198300394,22.5,25.47169428643993,21.800479888916016,23.63608708767797,1.1360870876779714
sub-326361078662,56.2,52.62980156147676,42.99982833862305,47.81481495004991,-8.385185049950096
sub-326546999502,7.7502,5.1721997854811335,9.21175479888916,7.191977292185147,-0.5582227078148536
sub-326649012046,19.0,25.769504866590616,23.093067169189453,24.431286017890034,5.431286017890034
sub-326678679771,28.996577686516083,41.032548203039184,34.844966888427734,37.93875754573346,8.942179859217376
sub-326733202937,19.0,20.15649526248456,18.818153381347656,19.48732432191611,0.48732432191610897
sub-327435196846,13.0,14.753412775818026,13.813149452209473,14.28328111401375,1.2832811140137501
sub-327818254945,74.6365503080082,66.1170821984011,60.98509979248047,63.55109099544079,-11.085459312567409
sub-328411797408,21.0,25.661684360352076,25.73390007019043,25.697792215271253,4.697792215271253
sub-328703488095,27.0,23.470216596072916,24.422340393066406,23.94627849456966,-3.053721505430339
sub-329074353178,19.0,17.043728409963286,22.27042579650879,19.657077103236038,0.6570771032360376
sub-329113742821,21.0,22.743250799430573,21.71430778503418,22.228779292232375,1.2287792922323746
sub-329178400817,25.0,27.726001518126104,25.490488052368164,26.608244785247134,1.608244785247134
sub-329448724359,18.0,14.734597453749938,20.11537170410156,17.42498457892575,-0.5750154210742515
sub-329453058291,21.0,25.153552100935656,21.821685791015625,23.48761894597564,2.4876189459756404
sub-329510193737,16.66,17.87230580490765,20.658126831054688,19.26521631798117,2.6052163179811707
sub-329524874913,23.0,27.82267124872136,22.983850479125977,25.40326086392367,2.40326086392367
sub-329566651189,19.0,27.259163720825907,22.998594284057617,25.128879002441764,6.128879002441764
sub-329567117750,11.0,10.405168922271269,10.056694984436035,10.230931953353652,-0.769068046646348
sub-329979629812,19.0,15.073847873733676,20.102794647216797,17.588321260475237,-1.4116787395247634
sub-330153651241,19.0,22.26706229744194,21.729963302612305,21.99851280002712,2.9985128000271217
sub-330412849241,19.0,21.802676093810295,21.564228057861328,21.68345207583581,2.6834520758358096
sub-330605044269,21.0,21.69371816797414,21.394287109375,21.54400263867457,0.54400263867457
sub-331339723620,19.0,21.61207184510904,21.265541076660156,21.4388064608846,2.4388064608845994
sub-331344566757,73.0,65.40854699364617,70.62689208984375,68.01771954174495,-4.9822804582550475
sub-331566282606,24.62149212867899,26.29983982160977,31.757429122924805,29.028634472267285,4.407142343588294
sub-331581518043,63.83572895277207,58.05743229804447,58.78173065185547,58.419581474949965,-5.416147477822108
sub-331640023396,18.0,14.29866941121396,19.618993759155273,16.958831585184615,-1.0411684148153846
sub-333365007279,19.0,18.724486472106953,20.778949737548828,19.75171810482789,0.7517181048278907
sub-333565589079,7.0,21.818030518427875,21.520740509033203,21.66938551373054,14.66938551373054
sub-333583533583,24.0,25.887917837604796,28.563880920410156,27.225899379007476,3.225899379007476
sub-333684578808,11.66027397,12.187978609018613,17.599388122558594,14.893683365788604,3.2334093957886036
sub-333770090916,55.63586584531143,57.97004129160979,55.012062072753906,56.49105168218185,0.8551858368704188
sub-334015511861,8.0,12.534147912457886,11.862196922302246,12.198172417380066,4.198172417380066
sub-334231800739,21.0,19.429293555117525,19.139036178588867,19.284164866853196,-1.715835133146804
sub-334236675736,26.0,24.890630652319594,22.91083717346191,23.90073391289075,-2.0992660871092497
sub-334239670511,19.0,18.39108085619072,19.580528259277344,18.98580455773403,-0.014195442265968694
sub-334327381873,63.663244353182755,53.5643307236751,66.8600845336914,60.21220762868325,-3.4510367244995024
sub-334710741179,9.021917808,6.000160108859909,8.512859344482422,7.256509726671165,-1.7654080813288342
sub-334925895861,33.0,32.15737484602091,28.394729614257812,30.27605223013936,-2.72394776986064
sub-334998047154,19.0,29.90348731867963,30.552989959716797,30.228238639198214,11.228238639198214
sub-335118521931,21.0,26.82462789727147,21.200637817382812,24.01263285732714,3.012632857327141
sub-336517455359,23.0,24.777170128369868,25.98138999938965,25.379280063879758,2.379280063879758
sub-336832105241,32.5,28.7608255624026,31.308483123779297,30.03465434309095,-2.465345656909051
sub-337161398064,23.0,21.22294472539022,20.456972122192383,20.839958423791302,-2.160041576208698
sub-337609361472,21.0,21.08456128181387,21.233999252319336,21.159280267066602,0.15928026706660248
sub-337864103314,23.0,23.977852241800385,21.54633140563965,22.762091823720016,-0.2379081762799835
sub-338078821659,14.0,14.067886837963822,12.352725982666016,13.210306410314919,-0.789693589685081
sub-338866539867,27.5,22.300493247276307,23.675540924072266,22.988017085674286,-4.5119829143257135
sub-338890021385,25.0,28.06799478332067,29.50552749633789,28.78676113982928,3.786761139829281
sub-339410322806,23.0,19.18551043225193,22.594953536987305,20.890231984619618,-2.109768015380382
sub-339463534591,19.0,11.525116977608498,20.916242599487305,16.2206797885479,-2.7793202114520987
sub-339606210085,21.0,17.78578058824956,20.489768981933594,19.137774785091576,-1.862225214908424
sub-340211623411,22.0,27.542250448557688,21.28405380249023,24.413152125523958,2.4131521255239576
sub-340425446065,53.32785763175906,54.37255097017545,39.41861724853515,46.8955841093553,-6.4322735224037615
sub-340884207361,42.151950718685825,36.975758604604096,26.38059425354004,31.678176429072067,-10.473774289613758
sub-341026253050,69.54688569472964,83.00817931765843,73.67161560058594,78.33989745912218,8.793011764392546
sub-341129349615,8.898630137,14.585609336857445,9.450371742248535,12.01799053955299,3.1193604025529904
sub-341274549863,21.0,16.333890811567855,19.755088806152344,18.0444898088601,-2.9555101911399007
sub-341486332051,9.0,10.304144017350785,13.048358917236328,11.676251467293557,2.6762514672935573
sub-341598013517,54.74332648870637,57.24053986758307,55.07588195800781,56.15821091279544,1.4148844240890668
sub-341853067493,9.9,11.854517530279631,9.832653999328612,10.843585764804121,0.943585764804121
sub-342263404069,25.0,33.81886026830394,41.57275390625,37.695807087276975,12.695807087276975
sub-342594433655,28.0,27.58353302196489,25.70033073425293,26.64193187810891,-1.3580681218910904
sub-342678331032,10.0,10.796363409151112,11.911349296569824,11.353856352860468,1.3538563528604683
sub-343000404329,27.5,32.504597523283884,27.52389907836914,30.014248300826512,2.5142483008265124
sub-343048366064,19.0,11.516553627717718,18.318553924560547,14.917553776139133,-4.082446223860867
sub-343316485262,11.323,17.226389328336428,9.92885684967041,13.577623089003419,2.2546230890034185
sub-343373917254,28.0,29.47435470338277,29.34468460083008,29.409519652106425,1.4095196521064253
sub-343433330208,23.0,26.645285687620166,21.87244033813477,24.25886301287747,1.2588630128774696
sub-343769189656,21.0,13.055512226791642,21.85386085510254,17.45468654094709,-3.5453134590529096
sub-343940609775,22.0,22.980008055176047,20.83051872253418,21.90526338885511,-0.09473661114488863
sub-344002344757,13.0,13.167995933829545,16.541135787963867,14.854565860896706,1.854565860896706
sub-344117507142,43.82477754962355,37.04939227121379,34.81431579589844,35.931854033556114,-7.892923516067434
sub-344931898645,9.0,5.555788957922697,10.171050071716309,7.863419514819503,-1.136580485180497
sub-345201265289,32.5,28.011584727442493,25.781503677368164,26.89654420240533,-5.60345579759467
sub-345317688447,27.0,37.36875855432142,29.76939392089844,33.56907623760993,6.569076237609927
sub-345321776588,23.0,19.34481128442647,21.85551071166992,20.600160998048196,-2.399839001951804
sub-345577831841,23.0,22.179226538936614,22.880128860473633,22.529677699705125,-0.47032230029487465
sub-345708177080,33.59342915811088,35.00595055397858,33.69474792480469,34.35034923939163,0.7569200812807537
sub-345814656280,81.94113620807666,89.34383820452814,71.54524993896484,80.44454407174649,-1.4965921363301646
sub-345990586356,21.0,21.54567185145757,23.259281158447266,22.402476504952418,1.4024765049524177
sub-346184404122,22.5,20.620813054695944,22.4891414642334,21.55497725946467,-0.9450227405353289
sub-346320393320,27.5,29.875225072784552,27.37726402282715,28.62624454780585,1.1262445478058503
sub-346545954848,11.15890411,14.361003439779957,10.71650505065918,12.538754245219568,1.3798501352195682
sub-346578532827,26.0,23.149133163379485,23.4069881439209,23.278060653650194,-2.7219393463498065
sub-347308296503,22.0,23.13400686983662,19.50935173034668,21.321679300091652,-0.6783206999083475
sub-347451361275,30.0,-13.385412942965395,25.841712951660156,6.2281500043473805,-23.77184999565262
sub-347536493520,21.0,28.025524235985262,26.008398056030273,27.016961146007766,6.016961146007766
sub-347793800576,22.0,24.721317684852817,22.132978439331055,23.427148062091938,1.4271480620919377
sub-347809484806,22.5,29.325490690049335,19.774734497070312,24.550112593559824,2.050112593559824
sub-347834054808,27.0,23.694595047211617,21.05453109741211,22.374563072311865,-4.625436927688135
sub-348206206376,20.0,26.275746339991255,22.620346069335938,24.448046204663598,4.448046204663598
sub-348472885765,23.0,20.888522819240187,19.22044563293457,20.05448422608738,-2.9455157739126214
sub-348573416015,42.5,31.9325589072524,35.24946975708008,33.59101433216624,-8.908985667833761
sub-348791915798,21.0,21.72144685581149,21.928600311279297,21.825023583545395,0.825023583545395
sub-349042220249,11.0,14.331201819019986,11.15695858001709,12.744080199518539,1.7440801995185389
sub-349083925568,19.0,16.16073656347574,21.47657585144043,18.818656207458083,-0.18134379254191657
sub-349091379990,11.95068493,13.934073105437172,12.886985778808594,13.410529442122883,1.4598445121228831
sub-349234485107,19.0,26.574657924532644,23.486114501953125,25.030386213242885,6.030386213242885
sub-349851138030,33.0,24.636825617039737,26.961366653442383,25.799096135241058,-7.200903864758942
sub-349981404460,19.0,19.162756046400386,21.60201072692871,20.38238338666455,1.38238338666455
sub-350232178893,21.0,19.464086515920787,20.933420181274418,20.198753348597602,-0.8012466514023977
sub-350614246455,21.0,16.435096375571298,20.199634552001953,18.317365463786626,-2.6826345362133743
sub-351385167537,27.83572895277207,31.84419424151002,30.30183982849121,31.073017035000618,3.237288082228549
sub-351416711766,21.0,25.28500746319775,20.1057071685791,22.695357315888426,1.695357315888426
sub-351431035741,19.0,19.490625099811908,23.322643280029297,21.406634189920602,2.4066341899206023
sub-351489708854,19.0,20.97783815973171,16.527759552001953,18.752798855866832,-0.24720114413316807
sub-351546374188,19.0,26.741199652872332,21.6584415435791,24.199820598225717,5.199820598225717
sub-351603832845,63.24709103353867,60.87119820087154,46.11411666870117,53.49265743478635,-9.754433598752321
sub-351668169349,19.0,18.51015344951767,22.05883026123047,20.28449185537407,1.2844918553740712
sub-351877235707,24.0,30.091326781064577,28.89995384216309,29.495640311613833,5.495640311613833
sub-351910982438,21.0,23.80911794626095,23.08513641357422,23.447127179917587,2.4471271799175867
sub-352012295215,21.0,21.316572239701063,20.763370513916016,21.039971376808538,0.039971376808537684
sub-352179726844,19.0,20.681102077142196,20.92057991027832,20.80084099371026,1.8008409937102599
sub-352464986144,20.0,19.2149301097553,21.334924697875977,20.27492740381564,0.2749274038156386
sub-352892368365,10.0,16.492748464463997,10.722546577453612,13.607647520958803,3.6076475209588033
sub-353103739610,34.1,36.75025526068657,31.571836471557617,34.161045866122095,0.06104586612209317
sub-353156518163,22.5,26.87164853206921,22.38853454589844,24.630091538983827,2.1300915389838266
sub-353499953161,22.5,26.2720673276779,24.540666580200195,25.40636695393905,2.906366953939049
sub-353593360279,41.62,35.69991838914157,49.592308044433594,42.64611321678758,1.0261132167875857
sub-353927466643,21.0979,21.834664429425203,18.815601348876953,20.325132889151078,-0.7727671108489211
sub-354022763474,23.0,24.93532129522174,22.744945526123047,23.840133410672394,0.8401334106723937
sub-354196077108,23.8466803559206,37.165716349005095,38.15352249145508,37.65961942023009,13.812939064309486
sub-354347287146,15.0,15.713768500226488,15.261608123779297,15.487688312002891,0.4876883120028914
sub-354836536215,18.75,21.58526010248111,20.79996109008789,21.192610596284503,2.442610596284503
sub-354907815533,8.178082192,9.710765781848064,13.286613464355469,11.498689623101766,3.3206074311017666
sub-355310107861,21.0,21.76765257388625,23.34664535522461,22.55714896455543,1.5571489645554308
sub-355720694224,72.13141683778234,58.59021985059368,67.10066986083984,62.845444855716764,-9.285971982065576
sub-356042483824,19.0,20.56977341415593,22.992231369018555,21.781002391587243,2.7810023915872435
sub-356952233015,19.0,17.239806827041065,20.230506896972656,18.73515686200686,-0.2648431379931395
sub-357131710050,20.0,27.571171095008477,22.929826736450195,25.250498915729338,5.250498915729338
sub-357408449075,45.25667351129363,44.92331574400493,39.89045333862305,42.406884541313985,-2.8497889699796417
sub-357813435697,8.0,4.337191482776362,12.14866065979004,8.2429260712832,0.24292607128320043
sub-357880664413,21.0,26.01607718965407,23.32038116455078,24.668229177102425,3.6682291771024254
sub-358027372224,68.26830937713895,62.949058100489374,59.80101013183594,61.37503411616265,-6.893275260976296
sub-358063655154,21.0,23.199741071477135,21.459272384643555,22.329506728060345,1.3295067280603448
sub-358153816547,18.2,13.124961397138437,19.838598251342773,16.481779824240604,-1.7182201757593951
sub-358180723346,23.0,24.24500370192864,22.70297622680664,23.47398996436764,0.4739899643676395
sub-359665775969,13.0,14.189253495867275,18.29052734375,16.23989041980864,3.2398904198086385
sub-360345095022,23.0,24.98585379195696,21.33321762084961,23.159535706403283,0.15953570640328252
sub-360501602626,23.0,27.50422554287451,23.534887313842773,25.51955642835864,2.5195564283586407
sub-360897302316,21.0,21.04965875161132,21.046802520751953,21.048230636181636,0.04823063618163559
sub-361024685049,16.9,18.49759273438498,17.92247200012207,18.210032367253525,1.3100323672535268
sub-361390550814,12.08,15.88174570715498,13.749106407165527,14.815426057160254,2.7354260571602538
sub-361496299961,13.5,13.802464343060064,15.706636428833008,14.754550385946537,1.254550385946537
sub-361497480263,25.0,30.425694552713917,24.375307083129883,27.400500817921902,2.400500817921902
sub-361621631193,21.0,20.557177600333183,21.505535125732425,21.031356363032806,0.0313563630328062
sub-361639893379,19.0,16.699594036118548,21.835325241088867,19.267459638603707,0.26745963860370736
sub-361759510060,23.0,22.6166535960538,20.13740921020508,21.377031403129443,-1.6229685968705567
sub-362543492336,25.0,25.503459402310583,24.77518653869629,25.139322970503436,0.13932297050343578
sub-363363913061,26.0,19.974371621036266,26.092472076416016,23.033421848726142,-2.9665781512738576
sub-363459366347,33.0,31.908959968712185,33.58246612548828,32.74571304710023,-0.25428695289976844
sub-363511136031,41.20191649555099,33.070902567544294,38.62480926513672,35.84785591634051,-5.354060579210483
sub-364387139516,20.0,24.731314269512975,28.581947326660156,26.656630798086567,6.656630798086567
sub-365096018286,40.555783709787825,39.86660050004754,44.493614196777344,42.18010734841244,1.6243236386246167
sub-365377487798,23.03901437371664,37.71078552193529,28.805906295776367,33.25834590885583,10.21933153513919
sub-365665621965,21.0,15.310982005906489,20.544370651245117,17.927676328575803,-3.072323671424197
sub-365929187605,23.0,26.736081478206643,25.685537338256836,26.21080940823174,3.2108094082317393
sub-365948065175,8.0,9.952125144052776,14.467551231384276,12.209838187718525,4.209838187718525
sub-366125129833,19.0,23.890315604766027,23.35464096069336,23.622478282729695,4.622478282729695
sub-366419892031,27.0,24.595325738640796,22.881935119628903,23.73863042913485,-3.261369570865149
sub-366954527967,10.25,5.944706324471774,8.351773262023926,7.14823979324785,-3.10176020675215
sub-366954944274,23.0,20.824036147399383,22.18463134765625,21.504333747527816,-1.4956662524721835
sub-367831112850,27.0,35.211518695253645,27.751615524291992,31.48156710977282,4.4815671097728185
sub-368153573682,75.97262149212868,65.35224583383257,67.28282928466797,66.31753755925027,-9.655083932878412
sub-368447789543,53.53593429158111,49.57661355717714,48.20539855957031,48.891006058373726,-4.644928233207381
sub-368864599927,46.89664613278576,48.11386171658414,44.754093170166016,46.43397744337508,-0.46266868941068395
sub-368981431172,21.0,23.122779500901196,23.59722900390625,23.360004252403723,2.360004252403723
sub-369377780623,23.0,25.983638890771996,21.504505157470703,23.74407202412135,0.7440720241213512
sub-369521632168,72.5,53.688234362335784,45.14482498168945,49.416529672012615,-23.083470327987385
sub-369829615819,68.12320328542093,57.049411066713745,55.741798400878906,56.395604733796326,-11.727598551624602
sub-369885949666,31.0,22.683191536753498,23.115463256835938,22.899327396794718,-8.100672603205282
sub-370345433121,14.0,14.604258351228948,19.65849494934082,17.131376650284885,3.131376650284885
sub-371096451080,21.0,28.48484192284222,24.076519012451172,26.280680467646697,5.280680467646697
sub-371655681187,21.0,20.00290147935419,21.47372055053711,20.73831101494565,-0.2616889850543487
sub-371832295715,23.0,24.900728509176695,23.27672004699707,24.088724278086882,1.0887242780868824
sub-372353765912,21.0,25.61445109856287,24.0058536529541,24.810152375758484,3.8101523757584843
sub-372729344859,46.59000684462697,49.492763551735294,50.2350959777832,49.86392976475925,3.2739229201322786
sub-372796067335,34.0,26.45801028232199,36.33609771728515,31.397053999803568,-2.6029460001964324
sub-372903120618,12.0,10.166941772832669,16.518632888793945,13.342787330813307,1.342787330813307
sub-373122705602,22.0,28.504367797548248,27.08172035217285,27.79304407486055,5.79304407486055
sub-373628596753,21.0,19.34055680699897,21.768217086791992,20.55438694689548,-0.4456130531045197
sub-373873295969,21.0,23.79042391217735,21.19961929321289,22.495021602695118,1.4950216026951182
sub-373939546182,21.0,25.35042076633007,21.44605827331543,23.398239519822752,2.398239519822752
sub-375011751246,21.0,18.773133149932622,21.24468231201172,20.00890773097217,-0.9910922690278312
sub-375087699975,70.50239561943873,60.97587782644528,67.07829284667969,64.02708533656248,-6.475310282876251
sub-375721442544,25.21286789869952,33.37390217442255,36.66511154174805,35.01950685808529,9.806638959385772
sub-375744717263,19.0,20.05440996800328,23.092069625854492,21.57323979692889,2.5732397969288883
sub-375839754407,9.0,12.059963761170629,11.94371223449707,12.00183799783385,3.0018379978338494
sub-375914855182,29.0,26.94454963589792,25.020021438598633,25.982285537248277,-3.017714462751723
sub-375939080828,27.0,23.477125243139835,24.100202560424805,23.78866390178232,-3.2113360982176786
sub-375954438630,9.3,3.496181542251392,13.263689994812012,8.379935768531702,-0.9200642314682987
sub-376021642604,11.0,10.012715351762653,14.18979835510254,12.101256853432597,1.1012568534325968
sub-376234889907,19.0,18.35678672016409,20.75237274169922,19.554579730931657,0.5545797309316569
sub-376614727318,11.02465753,24.542175068662655,9.980576515197754,17.261375791930206,6.236718261930205
sub-376647528418,12.0,16.343928414395513,17.432849884033203,16.88838914921436,4.888389149214358
sub-376916029284,46.00684462696783,52.12508351576878,54.73308181762695,53.429082666697866,7.422238039730033
sub-377530347743,25.0,25.21880194014203,23.532398223876953,24.37560008200949,-0.6243999179905089
sub-377767908219,55.08829568788501,50.50222641257319,52.23686599731445,51.369546204943816,-3.718749482941192
sub-377800494410,19.0,16.52769449207465,17.703102111816406,17.11539830194553,-1.884601698054471
sub-378122195243,17.5,16.229485898188567,21.390981674194336,18.810233786191453,1.3102337861914535
sub-378259915805,21.0,19.528128373014077,21.25328826904297,20.390708321028523,-0.6092916789714771
sub-378447768137,21.0,27.780588791329173,29.54824447631836,28.664416633823766,7.664416633823766
sub-378455376400,14.0,13.163593209654133,15.814704895019531,14.489149052336831,0.48914905233683115
sub-378603840552,20.0,21.964593178751535,19.969276428222656,20.966934803487096,0.9669348034870957
sub-379219398221,21.0,26.51581770937802,22.41112518310547,24.463471446241744,3.463471446241744
sub-379233294160,56.438056125941145,65.16411318124139,60.40155029296875,62.78283173710507,6.344775611163925
sub-379901232997,9.156164384,17.333696796817573,11.501004219055176,14.417350507936375,5.261186123936374
sub-380007171793,27.0,24.080368909120494,28.05589485168457,26.068131880402532,-0.9318681195974676
sub-380107200295,19.0,22.14680179971347,23.62654685974121,22.88667432972734,3.8866743297273416
sub-380291732370,19.0,23.655179442070043,23.29182243347168,23.47350093777086,4.473500937770861
sub-380421212894,19.0,19.56268502900527,21.179283142089844,20.370984085547555,1.3709840855475548
sub-380484222237,19.0,21.236775758870188,22.582984924316406,21.909880341593297,2.909880341593297
sub-380938374512,23.0,29.48903064133914,24.86714744567871,27.178089043508926,4.178089043508926
sub-380942221635,12.0,18.036367753258386,13.229238510131836,15.63280313169511,3.632803131695111
sub-381299063045,21.0,15.740580612583685,16.48959732055664,16.115088966570163,-4.884911033429837
sub-381318055265,22.0,30.56778541851832,37.85483932495117,34.21131237173475,12.21131237173475
sub-382364549184,23.0,21.36594189613689,15.592412948608398,18.479177422372643,-4.5208225776273565
sub-382373781002,19.0,19.50243919586336,21.350303649902344,20.426371422882852,1.426371422882852
sub-382503391733,21.0,17.42917253501888,21.22970199584961,19.329437265434244,-1.670562734565756
sub-382993467413,21.0,29.863707158283425,26.005037307739254,27.934372233011338,6.934372233011338
sub-383134182753,24.0,30.63495079535513,22.95555305480957,26.79525192508235,2.7952519250823507
sub-383278900382,21.0,26.788906763690093,21.566503524780273,24.177705144235183,3.1777051442351834
sub-383918872195,19.0,17.477381967414843,20.950592041015625,19.213987004215234,0.21398700421523387
sub-384366007647,25.0,25.454291407318735,23.740148544311523,24.59721997581513,-0.4027800241848709
sub-384430999120,19.0,16.3844106086895,21.8028621673584,19.09363638802395,0.09363638802394902
sub-385702896791,19.0,21.895596952436172,19.762609481811523,20.829103217123848,1.8291032171238477
sub-385965134643,48.0,36.280468376617584,27.91784286499023,32.099155620803906,-15.900844379196094
sub-386384203868,21.0,21.110456474608075,20.88063621520996,20.995546344909016,-0.004453655090983943
sub-386443623879,19.0,23.176933446840355,21.50994873046875,22.34344108865455,3.3434410886545507
sub-386477621787,39.0,33.978229785776804,33.007354736328125,33.492792261052465,-5.507207738947535
sub-386499017794,9.15,12.730535229917129,11.884726524353027,12.307630877135079,3.1576308771350785
sub-387138524123,78.07255304585901,73.35069505267131,71.25679779052734,72.30374642159933,-5.768806624259682
sub-387252211403,18.0,15.69794878460744,17.440828323364258,16.56938855398585,-1.4306114460141508
sub-387293597353,21.0,18.233198324892484,20.54593849182129,19.389568408356887,-1.6104315916431133
sub-387627806786,19.0,22.96942660608332,21.99577522277832,22.48260091443082,3.4826009144308188
sub-387928413810,19.0,13.60518750509176,19.47678565979004,16.5409865824409,-2.459013417559099
sub-387984296108,21.0,24.584494427253,23.20503807067871,23.894766248965855,2.8947662489658548
sub-388025307838,13.0,13.06659135655399,15.841299057006836,14.453945206780414,1.4539452067804142
sub-388132398369,19.0,15.36481755271063,20.43566131591797,17.9002394343143,-1.099760565685699
sub-388296216663,12.60547945,15.717518172870053,16.630502700805664,16.174010436837857,3.5685309868378567
sub-388946336311,41.889117043121146,40.54553791816837,41.11903762817383,40.8322877731711,-1.0568292699500432
sub-389059678082,9.282191781,11.585541514137743,13.046060562133787,12.315801038135765,3.0336092571357653
sub-389128831451,21.0,20.344365658168844,19.811824798583984,20.078095228376412,-0.9219047716235877
sub-389237925618,29.2,30.13159852575488,24.312885284423828,27.222241905089355,-1.9777580949106444
sub-389561985623,19.0,16.26703430136534,20.751251220703125,18.509142761034234,-0.4908572389657664
sub-389833780372,26.0,26.88400033032928,20.551517486572266,23.717758908450772,-2.2822410915492277
sub-390641627114,24.0,21.485110352146737,19.85207748413086,20.668593918138797,-3.3314060818612035
sub-390696380218,27.0,24.176958645099234,24.92386817932129,24.55041341221026,-2.4495865877897387
sub-390946969743,10.10958904,11.896546487554016,11.880961418151855,11.888753952852936,1.779164912852936
sub-391000843234,28.0,24.353141089301523,22.919214248657227,23.636177668979375,-4.363822331020625
sub-391658536077,15.0,16.889299162211817,15.56981372833252,16.229556445272166,1.2295564452721663
sub-391717879650,19.0,19.910916999868633,23.174297332763672,21.542607166316152,2.5426071663161522
sub-392003255317,22.5,28.488584268674096,27.785783767700195,28.137184018187146,5.6371840181871455
sub-392945946755,48.101300479123886,42.19971504951916,42.40657806396485,42.30314655674201,-5.7981539223818785
sub-393287507182,27.0,14.625653485534553,21.28327751159668,17.954465498565618,-9.045534501434382
sub-394058698992,19.0,23.47032327484155,28.92190742492676,26.196115349884156,7.196115349884156
sub-394973589257,25.0,23.49768444543021,23.003395080566406,23.250539762998308,-1.749460237001692
sub-395113287039,50.3956194387406,52.35997026239594,48.32182693481445,50.34089859860519,-0.05472084013540979
sub-395205550869,69.27583846680356,62.92763461272388,53.694034576416016,58.31083459456995,-10.965003872233616
sub-395594591950,23.0,32.46829496791703,23.200611114501953,27.834453041209493,4.834453041209493
sub-395668270984,23.0,24.963237632537258,21.478694915771484,23.22096627415437,0.22096627415437098
sub-395709751936,23.0,22.84403577596308,21.91906356811523,22.381549672039156,-0.6184503279608435
sub-395784692228,13.0,18.10174550899151,16.960166931152344,17.53095622007193,4.530956220071928
sub-397509469353,21.0,21.192227669955017,21.664306640625,21.42826715529001,0.42826715529000836
sub-397541416103,9.819178082,12.638949391331815,13.352876663208008,12.99591302726991,3.17673494526991
sub-397789536679,29.0,36.33256251467074,22.827861785888672,29.580212150279706,0.5802121502797064
sub-398220399143,27.0,24.19782045391223,20.286073684692383,22.241947069302306,-4.758052930697694
sub-398724148083,15.6,16.190319244286545,21.147247314453125,18.668783279369833,3.0687832793698337
sub-398759391290,55.58110882956878,51.747403330134574,47.87187957763672,49.80964145388565,-5.77146737568313
sub-398850980214,23.0,28.553370039197027,34.366661071777344,31.460015555487185,8.460015555487185
sub-399014895585,30.0,24.00165166143874,21.715158462524418,22.85840506198158,-7.141594938018422
sub-399087126702,19.0,14.891701835719369,21.8475399017334,18.369620868726383,-0.6303791312736173
sub-399293606571,37.0,36.79306270641081,33.671504974365234,35.23228384038802,-1.7677161596119788
sub-399522447362,60.016427104722794,51.621500771532,51.99297332763672,51.80723704958436,-8.209190055138436
sub-399532554772,20.0,20.406690731109663,22.005483627319336,21.2060871792145,1.2060871792144994
sub-399633402331,15.75,20.774388511632893,22.71361541748047,21.74400196455668,5.994001964556681
sub-399660498118,25.0,31.78969289848759,29.077421188354492,30.43355704342104,5.43355704342104
sub-399695603994,19.0,17.340353515977633,20.037487030029297,18.688920273003465,-0.3110797269965353
sub-399896091241,27.5,26.824370020922743,23.18348693847656,25.003928479699653,-2.4960715203003474
sub-400076789412,15.0,20.648187749501552,17.9887638092041,19.318475779352827,4.318475779352827
sub-400356548320,24.0,28.08529527711104,29.450590133666992,28.767942705389018,4.767942705389018
sub-401570348713,29.0,25.011825605456835,23.070510864257812,24.041168234857324,-4.958831765142676
sub-402295700509,17.0,14.762410603860362,18.26575088500977,16.514080744435066,-0.48591925556493365
sub-403072282252,19.0,19.569115589092466,20.084896087646484,19.827005838369473,0.8270058383694732
sub-403183909828,25.0,29.408501203800235,23.9403076171875,26.674404410493867,1.6744044104938673
sub-403868905316,9.5,15.944638923639875,13.5380277633667,14.741333343503287,5.241333343503287
sub-403893360607,33.0,31.11566315929884,24.489994049072266,27.802828604185553,-5.197171395814447
sub-403901799268,35.0,26.540427918937844,20.952835083007812,23.74663150097283,-11.253368499027172
sub-404282612970,21.0,31.169378529484774,27.032644271850582,29.10101140066768,8.10101140066768
sub-404426387175,27.0,23.805965824797926,22.00873756408691,22.90735169444242,-4.0926483055575815
sub-404462559347,9.435616438,7.803764996833973,8.236373901367188,8.02006944910058,-1.41554698889942
sub-404646362299,11.55,12.961847305007382,17.665727615356445,15.313787460181914,3.763787460181913
sub-404890471575,51.0,38.51314549625033,31.00249290466309,34.75781920045671,-16.24218079954329
sub-405164913230,70.9514031485284,67.99985097941544,61.7859992980957,64.89292513875557,-6.058478009772827
sub-405742266217,36.21629021218344,38.971001931515616,34.58612823486328,36.77856508318945,0.5622748710060108
sub-406012214137,18.0,19.327596749433862,18.761377334594727,19.044487042014296,1.0444870420142962
sub-406097282943,19.0,11.151439655355674,18.512760162353516,14.832099908854595,-4.167900091145405
sub-406442518076,68.0,55.850327014224945,70.470703125,63.16051506961247,-4.839484930387528
sub-406506048364,10.24109589,12.160553440055171,10.290488243103027,11.2255208415791,0.9844249515790988
sub-406583604959,65.25941136208077,57.204783292740146,60.046661376953125,58.625722334846635,-6.633689027234134
sub-407135588455,47.0691307323751,47.55486706062837,41.55423355102539,44.55455030582688,-2.5145804265482212
sub-407652242836,18.2,18.039357121094127,15.022576332092283,16.530966726593206,-1.669033273406793
sub-408202532508,59.0,45.5510674401953,50.618019104003906,48.0845432720996,-10.915456727900398
sub-408240315301,21.0,17.93417707671516,20.00554847717285,18.969862776944005,-2.030137223055995
sub-408349314195,23.0,28.560437964568383,25.16216278076172,26.86130037266505,3.861300372665049
sub-408824965323,15.28,22.587512634554756,17.631624221801758,20.109568428178257,4.829568428178257
sub-408964579184,27.5,23.617191243559844,24.77654266357422,24.19686695356703,-3.3031330464329685
sub-409603744945,23.0,27.71822107207816,24.59907341003418,26.15864724105617,3.158647241056169
sub-410173634990,13.33,7.048522352451521,14.79237174987793,10.920447051164725,-2.409552948835275
sub-411028202173,21.0,20.94371703701279,22.63359260559082,21.788654821301805,0.7886548213018045
sub-411339149603,17.0,15.36399502410173,20.59490966796875,17.979452346035238,0.979452346035238
sub-411511299951,19.0,25.18224544567856,22.131711959838867,23.656978702758714,4.656978702758714
sub-411578175554,39.39767282683093,36.84467250872476,34.030818939208984,35.43774572396687,-3.9599271028640572
sub-411909651851,19.0,20.972779789777345,21.61115264892578,21.291966219351565,2.291966219351565
sub-412405591527,25.0,24.700534260921835,23.65791893005371,24.179226595487773,-0.8207734045122272
sub-413362965269,22.5,24.3843928472037,25.24540901184082,24.81490092952226,2.31490092952226
sub-414156611560,22.0,20.729944073692277,17.865816116333008,19.297880095012644,-2.702119904987356
sub-414506329694,72.26557152635182,83.02043452359901,60.176483154296875,71.59845883894795,-0.667112687403872
sub-414574519306,58.830937713894606,59.1618231054194,60.37751388549805,59.769668495458724,0.9387307815641179
sub-414840159897,19.0,23.530641012213692,21.305561065673828,22.41810103894376,3.4181010389437603
sub-414912404483,8.07,12.8595504947878,8.522008895874023,10.690779695330912,2.6207796953309117
sub-415092780642,21.0,17.58954941693451,20.395263671875,18.992406544404755,-2.007593455595245
sub-415792694831,14.0,16.69356264553781,16.353343963623047,16.52345330458043,2.5234533045804284
sub-416196732139,21.0,25.579731408702635,23.86078834533691,24.72025987701977,3.720259877019771
sub-416363571113,16.0,15.691185586535491,20.084564208984375,17.887874897759932,1.8878748977599322
sub-416382670304,25.0,25.933149443187883,22.95831298828125,24.44573121573457,-0.5542687842654317
sub-416547426671,19.0,18.464418273729255,19.554677963256836,19.009548118493043,0.00954811849304349
sub-417503911696,27.0,20.99912570774789,22.055259704589844,21.52719270616887,-5.472807293831131
sub-417519708424,21.0,19.97686993113796,21.634538650512695,20.805704290825325,-0.19429570917467487
sub-417535604177,19.0,21.88498805510326,20.24236488342285,21.063676469263058,2.063676469263058
sub-417541833452,10.44383562,13.453234770890688,10.024630546569824,11.738932658730256,1.2950970387302565
sub-418353004170,21.0,21.198400031455684,24.521791458129883,22.860095744792783,1.8600957447927833
sub-418508603690,19.0,16.175711713254596,22.219398498535156,19.197555105894878,0.19755510589487812
sub-418986926612,21.0,22.145416328925496,22.098417282104492,22.121916805514992,1.1219168055149922
sub-419207025644,21.0,11.95069355948964,18.572790145874023,15.261741852681832,-5.738258147318168
sub-419439734818,19.0,26.737510350324943,22.92409896850586,24.8308046594154,5.830804659415399
sub-419512319299,21.0,21.65214460865314,19.981325149536133,20.816734879094636,-0.1832651209053644
sub-420357341840,36.06023271731691,42.622962877829366,40.52017974853515,41.57157131318226,5.511338595865354
sub-420700440504,29.0,26.971747518863005,22.866424560546875,24.91908603970494,-4.08091396029506
sub-420871026622,19.0,25.858314197216917,20.895288467407227,23.37680133231207,4.37680133231207
sub-420880909961,10.95342466,10.364787649315463,11.348942756652832,10.856865202984148,-0.09655945701585189
sub-421100177732,72.88432580424367,67.0818068014662,67.5974349975586,67.3396208995124,-5.544704904731276
sub-421334775387,41.22929500342232,30.800666808051787,34.6472282409668,32.72394752450929,-8.50534747891303
sub-421366001843,19.0,20.47396930507356,22.05049514770508,21.262232226389322,2.2622322263893224
sub-421534005893,21.0,19.095081057760808,20.783187866210938,19.939134461985873,-1.0608655380141272
sub-421547770064,8.506849315,11.853460769448148,9.653545379638672,10.75350307454341,2.2466537595434097
sub-421557870822,20.0,18.880098069979027,21.30254364013672,20.091320855057873,0.09132085505787302
sub-421587906428,19.0,18.503359807831455,22.609697341918945,20.556528574875202,1.5565285748752018
sub-421808511913,23.0,26.496322662798345,21.963802337646484,24.230062500222417,1.2300625002224166
sub-422564244037,25.0,26.017347742309894,26.903966903686523,26.46065732299821,1.460657322998209
sub-422726021651,21.0,27.55392277273432,21.9503231048584,24.75212293879636,3.7521229387963615
sub-423076478965,33.0,38.983879577109384,43.37388229370117,41.178880935405274,8.178880935405274
sub-424062327797,21.0,21.42259834154573,20.53812599182129,20.98036216668351,-0.019637833316490827
sub-424379445589,19.0,22.801145916462417,21.062116622924805,21.93163126969361,2.931631269693611
sub-424384119731,19.0,23.00244022385237,23.530439376831055,23.266439800341715,4.266439800341715
sub-425107191963,25.0,27.60543130081307,26.484066009521484,27.044748655167275,2.0447486551672753
sub-425345863440,21.0,22.464973618103823,24.933557510375977,23.6992655642399,2.6992655642399015
sub-425788429649,23.0,20.64198290593962,22.459728240966797,21.55085557345321,-1.4491444265467912
sub-425902114613,22.5,28.665620100921835,28.046878814697266,28.35624945780955,5.85624945780955
sub-426134424341,18.0,38.63141421522285,45.54006576538086,42.08573999030185,24.085739990301853
sub-426162600454,19.0,19.285529186454134,21.962596893310547,20.62406303988234,1.6240630398823406
sub-426538206069,25.0,22.591042564792488,22.14993476867676,22.370488666734623,-2.629511333265377
sub-427009086482,10.2218,11.426459893574378,10.63042163848877,11.028440766031574,0.806640766031574
sub-427038737479,48.67898699520876,41.640356666068875,36.356685638427734,38.9985211522483,-9.680465842960459
sub-427255899112,13.0,17.68297682558096,21.82004737854004,19.7515121020605,6.751512102060499
sub-427488165084,22.0,21.405953464851144,18.539382934570312,19.97266819971073,-2.0273318002892715
sub-427917643660,15.0253,17.10181559299682,11.073753356933594,14.087784474965208,-0.937515525034792
sub-427954163702,23.0,28.212576001286468,23.74238014221191,25.97747807174919,2.9774780717491893
sub-428405531533,8.873972603,14.265143365593604,13.01103687286377,13.638090119228686,4.764117516228685
sub-428735293071,25.0,20.14013217633178,21.804227828979492,20.972180002655634,-4.027819997344366
sub-428749095291,23.0,29.563276389818217,26.869430541992188,28.2163534659052,5.2163534659052
sub-429128697868,11.8761,3.116942271070453,12.075203895568848,7.59607308331965,-4.280026916680349
sub-429376973784,21.0,19.35047570951209,20.928199768066406,20.139337738789248,-0.8606622612107522
sub-429708332868,23.0,25.17061983602033,24.937536239624023,25.054078037822176,2.054078037822176
sub-429746311818,73.54414784394251,59.546800144495386,62.67171478271485,61.10925746360512,-12.434890380337393
sub-429751358413,19.0,20.32190088841619,20.379093170166016,20.350497029291105,1.3504970292911054
sub-429797756660,21.0,19.668490446970697,19.328828811645508,19.4986596293081,-1.5013403706918993
sub-429800757560,18.0,16.949449101074723,20.0534725189209,18.50146080999781,0.5014608099978091
sub-430212986919,24.854209445585212,31.890727388617833,24.8714599609375,28.381093674777667,3.5268842291924543
sub-430905405415,50.0,43.74784559724111,45.81875228881836,44.783298943029735,-5.216701056970265
sub-431091782369,9.789041096,10.032577309521692,11.42502784729004,10.728802578405865,0.9397614824058653
sub-431389684208,32.5,30.24089069355813,27.891332626342773,29.06611165995045,-3.433888340049549
sub-431442510774,20.0,22.695691181783115,20.808256149291992,21.751973665537555,1.7519736655375553
sub-431876074723,31.0,27.419319121886684,23.73669815063477,25.578008636260726,-5.421991363739274
sub-431931021444,35.800136892539356,45.397967933766864,40.10215759277344,42.75006276327015,6.9499258707307945
sub-432795930135,23.0,15.35334953264592,14.942291259765623,15.147820396205772,-7.852179603794228
sub-433613356059,19.0,13.86774686904536,19.583995819091797,16.72587134406858,-2.2741286559314204
sub-433634856529,22.5,22.342106340179487,24.637287139892575,23.48969674003603,0.989696740036031
sub-433878320958,19.0,24.7394472932137,21.505884170532227,23.122665731872964,4.122665731872964
sub-433901926108,27.5,31.954383830938504,25.008472442626953,28.48142813678273,0.9814281367827284
sub-434327587010,20.0,25.419168124165147,25.442317962646484,25.430743043405815,5.4307430434058155
sub-434364030663,21.0,25.336440011545847,22.60493278503418,23.970686398290013,2.970686398290013
sub-434727906853,20.0,16.701851163359354,20.8469181060791,18.774384634719226,-1.225615365280774
sub-435215843686,22.0,30.362848248320436,26.16602325439453,28.26443575135748,6.264435751357482
sub-435541553101,23.0,28.77246181349925,25.227405548095703,26.999933680797476,3.9999336807974757
sub-436067739350,25.0,28.540226091105865,24.280691146850582,26.410458618978225,1.4104586189782253
sub-436168467409,21.0,20.712233001543854,23.835874557495117,22.274053779519484,1.274053779519484
sub-436435395823,50.5242984257358,46.91047188430673,38.07590103149414,42.493186457900435,-8.031111967835365
sub-436570577076,24.0,23.76953332133666,23.2089786529541,23.48925598714538,-0.5107440128546195
sub-436602454221,14.0,8.972052158066969,17.233745574951172,13.10289886650907,-0.8971011334909296
sub-436915075418,9.083333333,10.405249447199935,10.194019317626951,10.299634382413444,1.2163010494134436
sub-437220520402,27.0,24.38713354089006,22.878097534179688,23.632615537534875,-3.3673844624651252
sub-437418373981,21.0,26.130885886466025,26.893335342407227,26.512110614436626,5.512110614436626
sub-437563318459,11.0,9.14186088627309,13.906499862670898,11.524180374471994,0.5241803744719942
sub-438120135608,62.06160164271046,57.95134023279229,55.02483749389648,56.48808886334439,-5.5735127793660695
sub-438282986473,60.906228610540715,60.98367552092917,55.85614776611328,58.419911643521225,-2.4863169670194907
sub-438699025347,19.0,19.39812012482975,18.89891242980957,19.148516277319658,0.14851627731965777
sub-438858327228,59.12936344969199,61.047584540448554,59.02870178222656,60.03814316133756,0.9087797116455647
sub-440221941356,21.0,13.948352752653085,20.823423385620117,17.385888069136602,-3.614111930863398
sub-441115735819,22.5,21.852467156476603,21.931964874267575,21.89221601537209,-0.6077839846279112
sub-441255509461,9.665753425,10.792897771786652,9.93557357788086,10.364235674833756,0.6984822498337557
sub-441895637368,34.0,33.60944700110912,40.7457389831543,37.17759299213171,3.177592992131707
sub-441940877850,10.44383562,11.990918229626413,11.866430282592772,11.928674256109591,1.4848386361095915
sub-442069078771,52.5,40.35221947493807,29.51435279846191,34.93328613669999,-17.56671386330001
sub-442131715190,23.0,26.731493445629127,21.051042556762695,23.89126800119591,0.8912680011959111
sub-442200955077,44.20533880903491,38.50979319462604,38.19283676147461,38.351314978050326,-5.854023830984588
sub-442462161667,19.0,18.24449437177065,19.064496994018555,18.654495682894602,-0.345504317105398
sub-443057998898,19.0,16.825493421719187,20.06932830810547,18.447410864912328,-0.5525891350876719
sub-443216080871,21.0,19.82543591755457,22.78828239440918,21.306859155981876,0.30685915598187563
sub-443270005074,23.0,25.349398585930786,22.148948669433594,23.74917362768219,0.7491736276821896
sub-443441729661,27.5,24.825027078631237,21.96073532104492,23.39288119983808,-4.1071188001619205
sub-443528393725,20.0,16.73842338606828,20.473691940307617,18.606057663187947,-1.393942336812053
sub-443552576139,23.0,29.65657423892818,23.89173698425293,26.774155611590555,3.7741556115905546
sub-443563336342,19.0,26.87974383885703,22.548185348510746,24.71396459368389,5.71396459368389
sub-443586727583,18.0,22.41110902936833,22.640554428100582,22.525831728734456,4.525831728734456
sub-443699143391,19.0,18.66281011297744,18.769058227539062,18.71593417025825,-0.2840658297417491
sub-443884348394,72.0,68.61165121807826,72.39463806152344,70.50314463980085,-1.4968553601991488
sub-444080364099,19.0,23.63393631701781,22.91858291625977,23.27625961663879,4.276259616638789
sub-444777292394,23.0,25.141765272660344,20.220888137817383,22.681326705238863,-0.3186732947611368
sub-445165036651,43.0,46.47129197320616,49.73094177246094,48.10111687283354,5.101116872833543
sub-445357467271,22.5,26.869731839908106,23.862409591674805,25.366070715791455,2.866070715791455
sub-445528481752,19.0,21.221837620309593,19.254619598388672,20.238228609349132,1.2382286093491324
sub-446105610730,23.0,19.35148134339805,24.222599029541016,21.787040186469532,-1.2129598135304676
sub-446116942428,13.63,12.16060818955568,18.240345001220703,15.200476595388192,1.5704765953881914
sub-446176984200,11.85205479,11.895088954109124,15.500930786132812,13.698009870120968,1.8459550801209677
sub-446371809226,21.0,17.08502115499266,21.50939559936523,19.297208377178947,-1.702791622821053
sub-447368311317,23.0,25.153365750319896,19.79169654846191,22.472531149390903,-0.5274688506090968
sub-447558225957,9.3149,2.6226980406747415,12.20400333404541,7.413350687360076,-1.9015493126399239
sub-447559688249,23.0,25.411441275114747,21.635967254638672,23.52370426487671,0.5237042648767094
sub-448118881004,30.699520876112253,35.28873482235853,26.229156494140625,30.758945658249576,0.05942478213732372
sub-448154838901,21.0,16.811937279232275,20.60434341430664,18.708140346769458,-2.291859653230542
sub-448606737356,19.0,28.20367215794279,22.949199676513672,25.57643591722823,6.576435917228231
sub-448749767497,27.0,26.022156129984214,22.993873596191406,24.50801486308781,-2.4919851369121915
sub-448817166729,9.120547945,8.391358705451317,10.100699424743652,9.246029065097485,0.12548112009748458
sub-449504710644,13.85,6.01461713781087,16.25562286376953,11.1351200007902,-2.714879999209799
sub-449523109612,29.0,25.4663180322748,34.37358856201172,29.91995329714326,0.9199532971432589
sub-449691454748,21.0,20.55616859568281,21.134578704833984,20.845373650258395,-0.15462634974160494
sub-450248382846,11.0,9.613922086682384,13.754030227661133,11.68397615717176,0.6839761571717595
sub-450325596992,11.0,9.902452121127086,16.399429321289062,13.150940721208073,2.150940721208073
sub-450416431697,21.0,17.21878433139575,19.71333694458008,18.466060637987916,-2.5339393620120845
sub-450811446575,21.0,18.40651137106235,21.43641471862793,19.92146304484514,-1.0785369551548598
sub-450965099560,21.0,18.730335324772987,20.92342185974121,19.8268785922571,-1.1731214077429009
sub-451093590992,20.51,23.44317416986204,27.57990074157715,25.511537455719594,5.001537455719593
sub-451533497093,19.0,16.73502655317096,21.96859359741211,19.351810075291535,0.3518100752915352
sub-451568083712,27.0,34.05794993148937,28.62299537658691,31.340472654038138,4.3404726540381375
sub-451569316549,31.95619438740589,37.20868770086412,44.07904815673828,40.6438679288012,8.68767354139531
sub-451748173269,23.0,24.867060811987283,26.033540725708008,25.450300768847647,2.4503007688476472
sub-451753737202,22.0,23.39222922324107,26.435134887695312,24.913682055468193,2.9136820554681933
sub-452339919944,27.0,28.513095691661864,27.41937255859375,27.966234125127805,0.966234125127805
sub-452602070698,19.0,19.82867601403132,20.97113990783691,20.399907960934115,1.3999079609341152
sub-452912513368,19.0,22.126214016379325,21.96532440185547,22.045769209117395,3.0457692091173953
sub-453576742612,22.5,31.456321579590274,25.328432083129883,28.392376831360078,5.892376831360078
sub-453679403294,19.0,17.14610911990742,18.839202880859375,17.9926560003834,-1.0073439996166016
sub-453954863516,19.0,21.07452403775426,21.78652572631836,21.43052488203631,2.430524882036309
sub-454545291918,11.0,5.22249355115175,14.673792839050291,9.948143195101022,-1.0518568048989785
sub-454953257900,24.0,24.923211007855105,20.94397735595703,22.933594181906066,-1.0664058180939335
sub-455375044946,33.0,27.975576612939324,25.086204528808594,26.530890570873957,-6.469109429126043
sub-455526833022,21.0,29.543980373640313,24.567955017089844,27.055967695365077,6.0559676953650765
sub-456043823379,19.0,24.482796458471142,19.664411544799805,22.073604001635474,3.0736040016354735
sub-456312815950,8.3,5.804936784744257,14.909461975097656,10.357199379920957,2.057199379920956
sub-456944734649,21.0,10.885582131972935,20.897113800048828,15.891347966010882,-5.108652033989118
sub-456991816184,22.5,27.327363430874563,25.646156311035156,26.48675987095486,3.9867598709548595
sub-457656563132,25.0,24.28351615380852,21.943134307861328,23.113325230834924,-1.8866747691650758
sub-457967549631,22.5,27.58907096272794,27.50770378112793,27.548387371927937,5.048387371927937
sub-458227466938,21.0,18.84158898730754,20.68297958374023,19.762284285523883,-1.237715714476117
sub-458230027649,19.0,22.550304773913183,26.667898178100582,24.609101476006884,5.6091014760068845
sub-458506665556,21.0,24.650740825088597,22.457523345947266,23.55413208551793,2.5541320855179315
sub-458724067747,12.43835616,17.40729303791697,13.00160789489746,15.204450466407213,2.766094306407213
sub-459709692111,8.94,13.622847826998182,10.274351119995115,11.94859947349665,3.00859947349665
sub-459781782269,19.0,20.110362834090584,20.9689884185791,20.53967562633484,1.5396756263348408
sub-459946543901,12.6489,7.135642900369962,11.930804252624512,9.533223576497237,-3.1156764235027623
sub-460516282099,35.446954140999324,34.76266609266781,41.44611740112305,38.10439174689543,2.6574376058961064
sub-460702666723,19.0,16.522554158585308,18.724279403686523,17.623416781135916,-1.3765832188640843
sub-460977191979,23.0,22.71787306452963,23.26958274841309,22.99372790647136,-0.006272093528639999
sub-461059456603,63.181382614647504,57.73328443141588,44.56425094604492,51.1487676887304,-12.032614925917102
sub-461078040898,10.1,4.298783561765589,15.87156105041504,10.085172306090314,-0.014827693909685635
sub-461138178469,19.0,17.9265038992053,23.22812271118164,20.57731330519347,1.5773133051934707
sub-461276348768,8.74,10.447831657084585,11.076153755187988,10.761992706136287,2.0219927061362863
sub-461789283926,12.66,13.637576956144224,19.411386489868164,16.524481723006193,3.864481723006193
sub-461899341745,23.0,28.02656192244948,24.591020584106445,26.308791253277963,3.3087912532779633
sub-462044176559,22.5,26.38174400115779,25.38269424438477,25.882219122771282,3.382219122771282
sub-462074510675,24.0,26.62361753310386,22.161170959472656,24.39239424628826,0.3923942462882586
sub-462484204390,72.5,78.70344084681723,73.78032684326172,76.24188384503947,3.7418838450394674
sub-462590078135,22.5,37.79238379248252,36.85604476928711,37.32421428088482,14.824214280884817
sub-462927684123,22.5,22.42254267853906,22.192150115966797,22.30734639725293,-0.19265360274707177
sub-463017442825,24.0,20.339806040413183,19.314115524291992,19.826960782352586,-4.173039217647414
sub-463459305778,14.0,15.013852876909864,19.045087814331055,17.02947034562046,3.02947034562046
sub-463896670279,19.0,22.712728086763363,20.475629806518555,21.59417894664096,2.594178946640959
sub-464503842359,67.5,51.204976092250305,42.31025695800781,46.75761652512906,-20.74238347487094
sub-464682388944,23.0,21.38100481194452,23.08558654785156,22.233295679898042,-0.7667043201019581
sub-464956463990,32.5,27.166567914898625,29.84786033630371,28.507214125601166,-3.992785874398834
sub-465136351800,19.0,21.976493867114204,21.36930274963379,21.672898308373995,2.672898308373995
sub-465311144460,27.0,29.661736105032343,25.514249801635746,27.587992953334044,0.5879929533340444
sub-465791099145,25.0,27.736738506822768,23.772891998291016,25.75481525255689,0.7548152525568916
sub-466074153509,25.0,27.84809411596635,23.104381561279297,25.476237838622822,0.4762378386228221
sub-466344740883,9.0,14.826631280043586,11.17261028289795,12.999620781470767,3.9996207814707674
sub-466416085736,13.0,8.142087291080205,12.27732276916504,10.209705030122624,-2.790294969877376
sub-467112314797,9.309589041,5.344414012606649,10.761761665344238,8.053087838975443,-1.2565012020245572
sub-467327021506,22.0,19.14676570045716,21.864116668701172,20.505441184579166,-1.4945588154208345
sub-467335236616,20.0,27.064296382452785,26.45724296569824,26.76076967407551,6.760769674075512
sub-467642644644,21.0,21.26198606479491,21.600086212158203,21.431036138476557,0.4310361384765571
sub-467659061528,73.18275154004107,64.49382904700644,67.48331451416016,65.9885717805833,-7.194179759457768
sub-468044019609,21.0,18.404635905044785,19.25564765930176,18.83014178217327,-2.1698582178267287
sub-468109133630,18.0,30.65221913272174,22.222972869873047,26.437596001297393,8.437596001297393
sub-468259562618,21.0,21.73884303115583,19.149991989135746,20.44441751014579,-0.5555824898542099
sub-468444508245,10.0,10.089683275367168,15.43600368499756,12.762843480182365,2.762843480182365
sub-469001676302,27.0,23.861223210879036,20.78423500061035,22.322729105744692,-4.677270894255308
sub-469128986440,53.41273100616017,43.70832838067214,43.70510482788086,43.7067166042765,-9.706014401883671
sub-470124848081,33.0,25.621539153939636,23.121395111083984,24.37146713251181,-8.62853286748819
sub-471019443594,23.71526351813826,30.316459510727626,30.30503845214844,30.31074898143803,6.59548546329977
sub-471055677982,67.5,53.60559774365147,44.31609344482422,48.960845594237846,-18.539154405762154
sub-471135465411,21.0,22.196851961481187,21.39588928222656,21.796370621853875,0.7963706218538746
sub-471209465684,21.0,18.384494346157844,24.826480865478516,21.60548760581818,0.6054876058181797
sub-471390842283,25.530458590006837,21.922611011187776,32.99085998535156,27.45673549826967,1.9262769082628317
sub-472325050640,60.0,65.07235072320033,59.93295669555664,62.502653709378485,2.5026537093784853
sub-472759352092,59.222450376454475,53.45083553143775,38.23328399658203,45.84205976400989,-13.380390612444586
sub-473325785671,23.0,19.449665392840775,20.993574142456055,20.221619767648413,-2.778380232351587
sub-473379095025,28.50650239561944,34.488539878931206,35.742427825927734,35.11548385242947,6.608981456810032
sub-473649162520,23.0,22.660220076071596,24.34953498840332,23.504877532237458,0.5048775322374581
sub-473872191496,19.0,21.800279329112566,23.077550888061523,22.438915108587047,3.4389151085870466
sub-473893612384,21.0,15.126435787065295,20.260040283203125,17.69323803513421,-3.306761964865789
sub-474246759950,22.0,25.483242922146086,24.073047637939453,24.77814528004277,2.7781452800427715
sub-474704091659,44.9199178644764,39.46391557422169,37.86930084228515,38.66660820825342,-6.2533096562229815
sub-474905652662,23.0,23.83527370213425,24.02069664001465,23.927985171074447,0.9279851710744467
sub-475042891594,13.79726027,15.332733617554895,20.99966049194336,18.166197054749126,4.368936784749126
sub-475410408128,21.33,21.62446864850264,20.325000762939453,20.974734705721048,-0.3552652942789507
sub-475942618761,41.0,43.26978141931225,32.27363967895508,37.771710549133665,-3.2282894508663347
sub-476225261644,19.0,19.910464224213513,21.29219627380371,20.601330249008612,1.6013302490086119
sub-476332359213,66.94866529774127,68.18172708434547,66.78084564208984,67.48128636321766,0.5326210654763912
sub-476860143951,26.0,32.15301417745252,39.52363967895508,35.8383269282038,9.838326928203799
sub-477160054985,75.93702943189597,78.12748752942723,68.67418670654297,73.4008371179851,-2.5361923139108598
sub-477274544676,24.0,18.541038767133053,20.80101776123047,19.67102826418176,-4.328971735818239
sub-477302946114,8.542094,4.300271234621679,14.408439636230469,9.354355435426074,0.8122614354260733
sub-477362713467,10.08767123,6.455732169754963,10.286877632141112,8.371304900948036,-1.7163663290519633
sub-477401855410,6.0,4.21781558164637,9.493654251098633,6.855734916372501,0.8557349163725014
sub-477544457426,10.41369863,6.384457593973767,11.32610034942627,8.855278971700018,-1.5584196582999823
sub-477777727414,23.0,14.952677284380824,49.5002326965332,32.226454990457015,9.226454990457015
sub-477906303107,67.5,56.14321661850777,57.38053512573242,56.7618758721201,-10.7381241278799
sub-478046709665,53.30595482546201,57.57665572612781,54.621700286865234,56.09917800649652,2.793223181034513
sub-478282076570,23.0,19.317315529601625,21.34771728515625,20.33251640737894,-2.6674835926210605
sub-478424896940,25.0,21.02932689699122,22.491039276123047,21.760183086557134,-3.2398169134428656
sub-478734208494,25.0,31.24106215585395,24.436805725097656,27.838933940475805,2.8389339404758047
sub-479008488319,21.0,15.976115776321429,18.772218704223633,17.37416724027253,-3.6258327597274693
sub-479447504648,10.2,16.2913782912066,13.859543800354004,15.075461045780301,4.875461045780302
sub-479540589250,19.0,24.042847350161864,27.05553436279297,25.549190856477416,6.549190856477416
sub-479779230782,21.0,26.51619196869535,22.47308921813965,24.4946405934175,3.4946405934175004
sub-479820841591,21.0,23.935226404633585,20.699871063232425,22.317548733933005,1.3175487339330054
sub-480081003183,11.66,11.343267720411225,13.025751113891602,12.184509417151414,0.524509417151414
sub-480092109529,23.0,22.585671193102627,23.72954368591309,23.157607439507856,0.15760743950785638
sub-480168790227,34.0,57.6530996378114,38.67781448364258,48.16545706072699,14.165457060726993
sub-480228126690,16.03,14.680310063299013,20.317773818969727,17.49904194113437,1.4690419411343676
sub-480242224316,19.0,21.492204611106324,21.569665908813477,21.5309352599599,2.5309352599599
sub-480547839037,29.0,27.291720224981624,23.710447311401367,25.501083768191496,-3.4989162318085043
sub-480561361979,21.0,24.3233851569571,20.99320602416992,22.65829559056351,1.6582955905635117
sub-481338540032,27.5,32.32030427828449,23.112791061401367,27.716547669842928,0.21654766984292806
sub-481372512191,19.0,21.884370606121983,19.98057746887207,20.932474037497027,1.9324740374970268
sub-481376362072,19.0,16.419160766202978,19.571334838867188,17.995247802535083,-1.0047521974649172
sub-481487710813,20.0,21.071223572552142,23.14629364013672,22.10875860634443,2.1087586063444306
sub-481729032242,18.0,13.529712935908554,17.28998565673828,15.409849296323419,-2.5901507036765814
sub-482033781584,23.0,19.902383594302083,19.43229866027832,19.6673411272902,-3.3326588727098
sub-482038057597,19.0,16.663051759115362,20.385902404785156,18.52447708195026,-0.4755229180497409
sub-482555510183,19.0,20.117171524652846,20.897903442382812,20.50753748351783,1.5075374835178295
sub-482977570138,29.0,29.924745649552463,24.837491989135746,27.381118819344103,-1.6188811806558974
sub-483402142821,22.5,23.966455562104763,22.71786880493164,23.3421621835182,0.8421621835182016
sub-483551880880,27.5,21.688303147313345,23.559141159057617,22.623722153185483,-4.876277846814517
sub-483923683945,25.4072553045859,34.875147207040754,35.8937873840332,35.38446729553698,9.97721199095108
sub-484148497117,22.5,26.251057133219778,21.931520462036133,24.091288797627953,1.5912887976279535
sub-484948078712,58.04243668720055,56.004770708506,58.4097900390625,57.20728037378425,-0.8351563134162987
sub-485023310830,13.38,13.8579079334088,13.367975234985352,13.612941584197076,0.232941584197075
sub-485776903651,44.02464065708419,43.18501308334867,34.14388656616211,38.664449824755394,-5.360190832328797
sub-485953220500,21.0,18.37180493895999,21.490577697753903,19.931191318356944,-1.0688086816430555
sub-486133856944,23.0,25.141572136553336,22.697845458984375,23.919708797768855,0.9197087977688554
sub-486143240913,9.897,15.33486968416739,14.45901107788086,14.896940381024125,4.999940381024125
sub-486245124301,27.5,28.347306146317923,25.14446258544922,26.74588436588357,-0.754115634116431
sub-486417717551,11.09,11.801045667640214,10.025282859802246,10.91316426372123,-0.17683573627877003
sub-486423606320,43.91786447638604,41.76607915651436,33.545265197753906,37.655672177134136,-6.2621922992519075
sub-486471404776,66.90759753593429,62.68076459312631,67.49396514892578,65.08736487102604,-1.8202326649082465
sub-486615289589,19.0,16.796916300185796,21.013933181762695,18.905424740974247,-0.0945752590257527
sub-486972667341,24.0,24.60094677533429,21.758846282958984,23.17989652914664,-0.8201034708533612
sub-487060207493,23.0,26.745079257291273,23.205881118774418,24.975480188032847,1.9754801880328472
sub-487347404192,21.0,24.047668379652293,22.214134216308594,23.130901297980444,2.1309012979804436
sub-487885864728,20.0,19.51353393282657,21.682374954223633,20.5979544435251,0.5979544435251007
sub-488302703346,13.0,10.560807190777902,15.603227615356444,13.082017403067173,0.08201740306717298
sub-488756364056,27.5,24.528700882768476,28.77592086791992,26.6523108753442,-0.8476891246558012
sub-488848096628,20.0,23.67379089121495,21.091556549072266,22.382673720143607,2.3826737201436075
sub-488893580166,22.0,24.314993250570005,21.715545654296875,23.01526945243344,1.01526945243344
sub-489027396007,12.25,8.83420425246884,13.84414291381836,11.3391735831436,-0.9108264168564002
sub-489158333694,18.0,22.174449670103368,22.160804748535156,22.167627209319264,4.167627209319264
sub-489797046592,10.0,8.474787528906322,13.66545867919922,11.070123104052772,1.0701231040527723
sub-490000239058,19.0,16.221395304583524,20.68230628967285,18.451850797128188,-0.5481492028718122
sub-490316768116,27.0,24.92782584142817,24.158906936645508,24.54336638903684,-2.4566336109631592
sub-491115214422,25.24,30.13941478160877,23.68275451660156,26.911084649105163,1.6710846491051647
sub-491354632411,23.0,26.59565253646826,23.93501853942871,25.265335537948488,2.265335537948488
sub-491370394347,25.0,21.63051992134031,21.149280548095703,21.389900234718006,-3.610099765281994
sub-491555377117,28.561259411362077,36.24478222210141,33.907630920410156,35.07620657125578,6.514947159893705
sub-491975081522,12.04,10.583653844942532,9.274316787719728,9.92898531633113,-2.11101468366887
sub-492227230800,19.0,16.62945105630183,21.2937068939209,18.961578975111365,-0.03842102488863475
sub-492310557789,25.0,22.65967569871506,20.878976821899418,21.76932626030724,-3.2306737396927616
sub-492342176669,23.0,21.421226635365965,20.344696044921875,20.882961340143922,-2.117038659856078
sub-492464773660,12.92,12.45832298926463,10.74083137512207,11.59957718219335,-1.3204228178066497
sub-493277753851,9.394520548,12.474001780553424,10.769933700561523,11.621967740557473,2.2274471925574737
sub-493471626213,20.0,24.465116750461135,27.03678321838379,25.750949984422462,5.750949984422462
sub-493548099048,21.0,21.24428027551226,17.27433204650879,19.259306161010525,-1.7406938389894755
sub-493826676373,25.0,16.56383167860146,19.320281982421875,17.942056830511667,-7.057943169488333
sub-494054491223,21.0,17.676673262224554,20.974328994750977,19.325501128487765,-1.6744988715122346
sub-494149399145,10.30410959,6.972088252427916,10.150193214416504,8.56114073342221,-1.7429688565777894
sub-494293108467,20.0,20.82532057795035,22.7005615234375,21.762941050693925,1.7629410506939251
sub-494369842715,10.87123288,12.415161644931514,9.886324882507324,11.15074326371942,0.27951038371941905
sub-494402729031,62.24503764544832,55.7701839334448,59.35504913330078,57.56261653337279,-4.682421112075531
sub-494429682464,21.0,19.644368825013032,20.85834503173828,20.251356928375657,-0.7486430716243433
sub-494516431871,9.7721,10.547208632185775,10.134803771972656,10.341006202079216,0.5689062020792157
sub-494562255867,12.9,8.924544680985655,14.99855899810791,11.961551839546782,-0.938448160453218
sub-494597935437,22.0,21.767606511176226,20.16150665283203,20.96455658200413,-1.0354434179958716
sub-494788265618,12.00547945,17.294254368703754,13.54738426208496,15.420819315394358,3.4153398653943583
sub-494808050710,21.0,25.093817615401996,20.442041397094727,22.76792950624836,1.767929506248361
sub-495207539415,21.0,21.79105738436993,24.516281127929688,23.153669256149808,2.153669256149808
sub-495214442213,19.0,21.33410937442809,21.528942108154297,21.431525741291193,2.4315257412911926
sub-495387604500,19.08,19.794359965041377,23.615123748779297,21.70474185691034,2.6247418569103402
sub-496049662826,15.0,13.98794258730954,18.746849060058594,16.367395823684067,1.3673958236840669
sub-496494295468,19.0,20.00175120699133,20.0738525390625,20.037801873026915,1.0378018730269147
sub-497005491341,23.0,31.579436257486712,22.388525009155273,26.983980633320993,3.983980633320993
sub-497215688436,21.0,21.484128838278107,20.72308921813965,21.10360902820888,0.1036090282088793
sub-497483458757,8.42,10.34384877084662,13.311100006103516,11.827474388475068,3.407474388475068
sub-497501390567,59.0,45.294606853979914,46.09352493286133,45.69406589342062,-13.305934106579379
sub-497610867892,23.0,25.15285859597976,26.29877662658691,25.725817611283336,2.725817611283336
sub-497678537794,19.0,25.89404527763812,19.577980041503903,22.73601265957101,3.73601265957101
sub-498296814482,9.057534247,10.292752533828011,11.42166519165039,10.857208862739201,1.7996746157392014
sub-498374469326,12.97,11.92858390015882,16.395776748657227,14.162180324408023,1.1921803244080227
sub-498933429251,22.5,24.6329586351858,24.23870849609375,24.435833565639776,1.9358335656397756
sub-499061605207,20.0,20.470769643701,20.789609909057617,20.63018977637931,0.6301897763793107
sub-499165373448,33.0,29.2266290331926,30.109928131103516,29.66827858214806,-3.3317214178519414
sub-499339327714,16.0,19.307769437422156,23.78358268737793,21.54567606240004,5.545676062400041
sub-499898787180,23.0,19.828718300644788,22.323627471923828,21.076172886284308,-1.9238271137156921
sub-499917422866,12.36986301,18.297368881910973,12.637776374816896,15.467572628363936,3.097709618363936
sub-500210727969,19.0,15.645908192091294,18.673908233642575,17.159908212866934,-1.8400917871330655
sub-500943633771,21.0,21.287334677237354,21.744964599609375,21.516149638423364,0.5161496384233644
sub-501401162183,62.5,44.325102377698435,39.76951217651367,42.04730727710606,-20.452692722893943
sub-501412735160,10.79726027,8.278502044633424,8.384269714355469,8.331385879494446,-2.4658743905055545
sub-502014416815,21.0,18.495600322033013,19.231674194335938,18.863637258184475,-2.1363627418155247
sub-502254701139,17.0,18.136713472872948,19.07775115966797,18.60723231627046,1.6072323162704585
sub-502693562289,25.0,19.030770567131334,24.999425888061523,22.01509822759643,-2.984901772403571
sub-502800059899,21.0,19.576487204068695,20.4576473236084,20.01706726383855,-0.9829327361614517
sub-502907007823,14.0,13.109089673000373,11.872987747192385,12.49103871009638,-1.5089612899036204
sub-503460268168,17.8,17.803291548310867,13.8692626953125,15.836277121811683,-1.9637228781883174
sub-503660804724,27.0,27.688452229183937,25.57247734069824,26.63046478494109,-0.3695352150589102
sub-503738728205,14.03,15.12602027294692,15.78617000579834,15.45609513937263,1.4260951393726309
sub-504022302723,18.0,17.997166376186986,15.221027374267578,16.60909687522728,-1.39090312477272
sub-504073242885,22.0,20.815330456490216,21.683631896972656,21.249481176731436,-0.750518823268564
sub-504254596687,18.0,11.644685674956149,16.226865768432617,13.935775721694384,-4.064224278305616
sub-504323401470,12.0,11.83182552692655,10.05105686187744,10.941441194401996,-1.058558805598004
sub-504662286528,28.0,27.623822204571752,25.84817886352539,26.73600053404857,-1.2639994659514286
sub-505113843035,20.0,20.938619200647363,16.76028823852539,18.84945371958638,-1.1505462804136215
sub-505223133481,62.7378507871321,77.55967247345214,68.05431365966797,72.80699306656005,10.06914227942795
sub-505298572621,16.0986,18.092939747268307,19.09109687805176,18.592018312660034,2.493418312660033
sub-505313912099,10.0,12.97812717465835,10.099802017211914,11.538964595935132,1.5389645959351324
sub-505669140091,32.5,35.98536336054878,29.316030502319336,32.650696931434055,0.15069693143405516
sub-506026946056,22.0,23.601433438567803,22.207014083862305,22.904223761215054,0.9042237612150537
sub-506541958125,32.0,31.77029178337467,36.43749237060547,34.10389207699007,2.1038920769900713
sub-507316241895,20.33,28.29138969570557,25.949939727783203,27.120664711744386,6.7906647117443875
sub-507884784363,23.0,24.355906650275656,22.06924819946289,23.212577424869274,0.21257742486927356
sub-507959688959,23.0,28.797274444040628,21.58687210083008,25.192073272435355,2.192073272435355
sub-508155480644,19.0,14.941554096742948,17.489994049072266,16.215774072907607,-2.7842259270923932
sub-508767756378,12.0,8.228475600689574,16.877851486206055,12.553163543447814,0.5531635434478144
sub-509770945531,9.783,10.042148456293177,10.994226455688477,10.518187455990827,0.7351874559908271
sub-509844839359,21.0,23.286112619624777,21.5519962310791,22.419054425351938,1.4190544253519377
sub-510407668762,15.53,15.818185948862991,17.27243423461914,16.545310091741065,1.0153100917410658
sub-510703389436,21.0,29.52216300223091,21.760969161987305,25.641566082109108,4.641566082109108
sub-510978667156,10.67671233,10.786682928529654,8.355634689331055,9.571158808930354,-1.1055535210696465
sub-510989746907,37.097878165639976,40.55578644855945,36.28129196166992,38.41853920511468,1.3206610394747074
sub-511100454521,19.0,17.092637265647227,20.253477096557617,18.673057181102422,-0.32694281889757804
sub-511145985367,31.854893908282,38.61170773480709,33.897762298583984,36.254735016695534,4.399841108413533
sub-511947368541,19.0,17.502511394465525,22.167797088623047,19.835154241544288,0.8351542415442879
sub-511948912967,19.0,16.34537721731887,18.50818634033203,17.42678177882545,-1.5732182211745496
sub-511979172515,34.8227,29.751135814481287,24.915130615234375,27.33313321485783,-7.489566785142166
sub-512419690162,19.0,27.626398541970765,23.059560775756836,25.3429796588638,6.3429796588638006
sub-512558933065,27.5,29.624783197986673,26.48863983154297,28.05671151476482,0.556711514764821
sub-512591307504,24.876112251882272,29.623152098296178,27.24382972717285,28.433490912734513,3.5573786608522404
sub-512682505677,21.0,24.590353107426004,20.951831817626953,22.77109246252648,1.7710924625264788
sub-512752293894,9.0,9.772946805925717,8.286674499511719,9.029810652718718,0.029810652718717634
sub-513149413681,41.30047912388775,42.01770685740482,45.19325256347656,43.60547971044069,2.305000586552943
sub-513432871555,11.0,16.6283467542099,17.414478302001953,17.021412528105927,6.021412528105927
sub-513571495706,11.3,14.726149887010251,14.887920379638672,14.807035133324462,3.507035133324461
sub-513842955165,52.6652977412731,52.35636960703755,52.02374267578125,52.1900561414094,-0.4752415998637005
sub-514113966552,29.0,26.410306805321692,24.771249771118164,25.59077828821993,-3.40922171178007
sub-514216395702,21.0,14.529335788606836,18.04872131347656,16.289028551041696,-4.710971448958304
sub-514546668706,60.9199178644764,54.38270490233059,62.90708541870117,58.64489516051588,-2.2750227039605235
sub-514812597461,9.0,11.51012131839431,15.838458061218262,13.674289689806287,4.674289689806287
sub-515049857854,20.0,25.15446014394443,20.683536529541016,22.918998336742725,2.9189983367427246
sub-515081497394,21.0,24.85912269354194,21.823516845703125,23.341319769622533,2.341319769622533
sub-515473988139,72.5,48.06246088550254,47.62320327758789,47.84283208154521,-24.65716791845479
sub-516034188736,33.24,29.171420081898024,24.37174415588379,26.771582118890905,-6.468417881109097
sub-517171317509,21.0,23.66110746002366,21.145057678222656,22.403082569123157,1.403082569123157
sub-517485012755,20.0,26.810761769291673,31.342023849487305,29.07639280938949,9.076392809389489
sub-517627279842,8.67,9.456522208491393,11.243549346923828,10.35003577770761,1.6800357777076105
sub-517932747297,71.66324435318275,63.18133798292013,61.19049072265625,62.18591435278819,-9.47733000039456
sub-518050018372,23.0,18.961723657774066,22.171764373779297,20.56674401577668,-2.433255984223319
sub-518056224773,27.0,23.51600383206216,25.360498428344727,24.438251130203444,-2.5617488697965562
sub-518298583047,67.5,59.6615485326465,38.987491607666016,49.324520070156254,-18.175479929843746
sub-518733647647,22.5,26.47778821381572,23.61286163330078,25.04532492355825,2.545324923558251
sub-518817165912,11.04931507,9.145145623646854,13.017953872680664,11.08154974816376,0.0322346781637588
sub-518818481065,23.0,22.38580888541347,25.446073532104492,23.91594120875898,0.91594120875898
sub-519085723694,83.0,84.89306426851343,68.29067993164062,76.59187210007703,-6.408127899922974
sub-519122653786,18.0,19.539529912022925,23.20284843444824,21.37118917323558,3.3711891732355816
sub-519236401892,13.0,10.938368523487016,15.34904956817627,13.143709045831642,0.1437090458316419
sub-519256340478,9.25,5.682644020733118,9.997617721557615,7.840130871145367,-1.4098691288546332
sub-519310637883,23.0,21.442418207397264,21.987131118774418,21.71477466308584,-1.2852253369141593
sub-519698613585,23.0,20.196232231476777,21.422025680541992,20.809128956009385,-2.190871043990615
sub-519733259421,23.0,21.03887165192619,19.293926239013672,20.16639894546993,-2.833601054530071
sub-519801603913,19.0,15.53573740029693,22.93022727966309,19.232982339980012,0.23298233998001194
sub-520091474797,34.236824093086916,40.99126794329771,42.076690673828125,41.53397930856292,7.297155215476003
sub-520349870969,52.887063655030786,55.26672019214476,53.437068939208984,54.35189456567687,1.4648309106460857
sub-520988708445,21.0,22.93908555908191,21.55757522583008,22.248330392455998,1.2483303924559976
sub-521130407753,19.0,24.979262477431973,25.98931884765625,25.48429066254411,6.484290662544112
sub-521410433804,33.24024640657084,24.04904700279154,26.07628059387207,25.062663798331805,-8.177582608239035
sub-521784895043,8.898015,4.117167351957114,11.872838973999023,7.995003162978069,-0.9030118370219302
sub-522535703135,77.0,68.88398542957,54.18092346191406,61.53245444574203,-15.467545554257967
sub-522546505826,54.21492128678987,44.67973600734685,50.096588134765625,47.388162071056236,-6.826759215733631
sub-522635986366,10.67,8.462346915671453,12.214738845825195,10.338542880748324,-0.33145711925167554
sub-522815183788,21.0,15.410999444034031,19.838970184326172,17.624984814180102,-3.3750151858198976
sub-522964764253,27.0,22.38407906243636,21.280162811279297,21.832120936857827,-5.167879063142173
sub-523056996207,23.0,26.838566703996666,25.215839385986328,26.027203044991495,3.027203044991495
sub-523098042038,19.0,24.62206455860296,22.85909843444824,23.7405814965256,4.7405814965256
sub-523327138347,15.91,17.271226542398843,19.868749618530273,18.569988080464558,2.659988080464558
sub-523987222100,21.0,24.250472728171545,22.365571975708008,23.308022351939776,2.3080223519397762
sub-524224102666,68.15058179329226,61.126943434169235,67.00830841064453,64.06762592240688,-4.082955870885385
sub-524609168470,21.0,26.62113367071212,24.90239143371582,25.76176255221397,4.76176255221397
sub-524943052363,16.0,18.671250034090775,17.359676361083984,18.01546319758738,2.01546319758738
sub-525079718146,44.2,27.92269878533448,24.674169540405273,26.298434162869874,-17.90156583713013
sub-525096935871,22.0,26.411421711267696,17.124420166015625,21.76792093864166,-0.23207906135834122
sub-525182251128,19.0,20.220222677765015,23.080814361572266,21.65051851966864,2.6505185196686405
sub-525443507902,14.0,12.563048917319357,11.654475212097168,12.108762064708262,-1.8912379352917377
sub-525653325297,24.0,19.95552397617255,27.127845764160156,23.541684870166353,-0.45831512983364675
sub-525763369127,27.66,25.66402057689475,23.045392990112305,24.354706783503527,-3.305293216496473
sub-525789234356,27.5,22.624911662684383,24.57984161376953,23.602376638226957,-3.897623361773043
sub-526031133456,10.11232877,13.431811896206794,10.084943771362305,11.75837783378455,1.6460490637845506
sub-526119249037,22.5,16.50188127785468,20.926284790039062,18.71408303394687,-3.7859169660531293
sub-526462261938,21.0,16.035212505502685,19.619863510131836,17.82753800781726,-3.1724619921827397
sub-526879269662,21.0,23.540010704662667,24.01768684387207,23.778848774267367,2.7788487742673667
sub-527212529902,19.0,20.123665141370584,20.16574478149414,20.14470496143236,1.1447049614323603
sub-527520173294,57.73853524982889,63.29480123489165,60.614295959472656,61.95454859718215,4.216013347353261
sub-527550273544,20.0,20.35266482731365,21.134933471679688,20.743799149496667,0.7437991494966667
sub-527982967568,62.09445585215607,50.997904753993275,47.47053527832031,49.2342200161568,-12.86023583599927
sub-528086828510,19.0,21.65382483884459,22.555400848388672,22.10461284361663,3.1046128436166285
sub-528159895368,19.0,17.804491268244885,21.13580322265625,19.47014724545057,0.4701472454505691
sub-528349758820,26.0,27.460055029157488,25.375045776367188,26.417550402762338,0.41755040276233757
sub-528365243313,19.0,16.698847895719695,19.86990737915039,18.284377637435043,-0.7156223625649574
sub-528421144678,15.91,12.001609100168192,20.63470458984375,16.318156845005973,0.4081568450059727
sub-529591604049,18.0,15.911632774750602,20.95283889770508,18.432235836227843,0.4322358362278429
sub-529610647368,19.0,16.116648588852364,19.755943298339844,17.936295943596104,-1.0637040564038962
sub-530484284929,27.0,25.316923158462274,21.836650848388672,23.576787003425473,-3.4232129965745273
sub-530551923943,19.0,18.585834190498137,20.882551193237305,19.73419269186772,0.7341926918677188
sub-530581463174,36.46817248459959,41.296880796161005,39.2404899597168,40.2686853779389,3.8005128933393095
sub-530817417732,19.0,19.88666931458357,20.424297332763672,20.15548332367362,1.1554833236736215
sub-530934590183,31.0,25.312111624890488,24.162708282470703,24.737409953680597,-6.262590046319403
sub-531119398497,19.0,17.308705688895024,22.72276496887207,20.015735328883547,1.0157353288835473
sub-531172214225,25.0,25.499152640448,27.91828155517578,26.708717097811892,1.708717097811892
sub-531902648118,27.5,35.87243907488421,31.590879440307617,33.731659257595915,6.231659257595915
sub-532024257558,67.1129363449692,72.48529704759285,66.72655487060547,69.60592595909915,2.4929896141299537
sub-532271128785,59.74264202600958,52.61470932242746,62.43589782714844,57.52530357478795,-2.2173384512216288
sub-532899301034,9.3,6.706635601587781,8.01203727722168,7.35933643940473,-1.9406635605952705
sub-534104063338,23.0,20.012158124696136,21.519840240478516,20.765999182587326,-2.2340008174126744
sub-535399597427,32.0,35.55922957586406,28.54412841796875,32.05167899691641,0.05167899691640798
sub-535587500460,10.0,10.510940934848032,13.950482368469238,12.230711651658634,2.230711651658634
sub-535704909571,25.0,25.185667869851436,30.815155029296875,28.000411449574155,3.0004114495741554
sub-535707981968,24.0,25.5239972312175,26.73908042907715,26.131538830147324,2.131538830147324
sub-536470263663,21.0,18.24869457915132,20.081254959106445,19.164974769128882,-1.8350252308711177
sub-536531144180,21.0,20.033604489960076,18.65450859069824,19.344056540329156,-1.6559434596708442
sub-536879781890,19.0,24.79322265808155,26.67685317993164,25.735037919006594,6.735037919006594
sub-537034379289,17.36,18.643339479508064,21.054107666015625,19.848723572761845,2.4887235727618453
sub-537117242845,21.0,25.453701786062133,23.16387176513672,24.308786775599426,3.308786775599426
sub-537131646189,54.277891854893895,55.16465761152715,54.62957000732422,54.89711380942568,0.6192219545317883
sub-537149039924,13.0,21.119634978334073,15.22267723083496,18.171156104584515,5.171156104584515
sub-537492154508,29.730321697467488,27.807325998131823,26.55473899841309,27.181032498272458,-2.54928919919503
sub-537820593556,22.1081,16.706747043453362,18.96646499633789,17.836606019895626,-4.271493980104374
sub-537896211156,7.326489,6.558857292325328,7.855953216552734,7.207405254439031,-0.11908374556096835
sub-538011067524,19.0,20.29502358872056,20.321796417236328,20.308410002978444,1.3084100029784445
sub-538129865393,9.2081,5.925146545747253,12.183629035949709,9.05438779084848,-0.15371220915151973
sub-538224989757,23.0,17.626935201560585,20.10852432250977,18.867729762035175,-4.132270237964825
sub-538778430581,21.0,23.16549135736831,23.330175399780273,23.247833378574292,2.247833378574292
sub-538898447435,9.1752,12.067335100420408,7.909317016601563,9.988326058510985,0.813126058510985
sub-538946903744,27.0,30.78054245080573,24.313966751098633,27.54725460095218,0.5472546009521793
sub-539211759402,24.0,26.402684071903995,23.308565139770508,24.85562460583725,0.8556246058372494
sub-539327928394,19.0,15.024234491243035,19.882030487060547,17.45313248915179,-1.5468675108482088
sub-539663876342,10.54246575,7.502758774996757,13.0421724319458,10.272465603471279,-0.2700001465287212
sub-539946177552,21.0,26.116817021596617,26.113571166992188,26.115194094294402,5.115194094294402
sub-540417431290,18.0,20.104253447324805,17.52781105041504,18.816032248869924,0.8160322488699236
sub-540478978405,23.0,26.23509431811552,22.50166702270508,24.368380670410303,1.3683806704103034
sub-540543807336,19.0,23.92477158036254,21.673643112182617,22.799207346272578,3.7992073462725777
sub-540712487602,21.0,20.861219535755083,20.845659255981445,20.853439395868264,-0.14656060413173577
sub-541303066659,19.0,25.848384592721516,19.988828659057617,22.918606625889566,3.9186066258895664
sub-541464924960,59.68514715947981,68.0306422678525,59.622833251953125,63.82673775990281,4.141590600423001
sub-541568909688,7.0,6.1715482290095025,10.50478458404541,8.338166406527456,1.3381664065274563
sub-541782998562,21.0,25.84233698831946,22.15766334533691,24.000000166828187,3.000000166828187
sub-541821932799,19.0,15.762359365832465,18.60337257385254,17.182865969842503,-1.8171340301574972
sub-542120424077,70.83641341546884,68.07594015365935,73.20502471923828,70.64048243644882,-0.19593097902001944
sub-542231428806,37.828884325804246,31.152556140166496,25.58937644958496,28.37096629487573,-9.457918030928518
sub-542257236175,21.0,21.681075204487534,23.25540351867676,22.46823936158215,1.4682393615821496
sub-542398394549,24.0,22.393184404137543,23.56490707397461,22.979045739056076,-1.020954260943924
sub-542761478680,11.01643836,15.385720960984663,7.674911975860596,11.53031646842263,0.5138781084226292
sub-543380072448,20.0,18.59329733293183,20.763357162475582,19.678327247703706,-0.3216727522962941
sub-543866398227,11.84383562,8.066817453022388,13.769038200378418,10.917927826700403,-0.9259077932995972
sub-544128411470,74.98973305954826,79.87518556446452,63.298675537109375,71.58693055078695,-3.4028025087613116
sub-544177506947,11.7892,12.321947968709324,14.802449226379396,13.56219859754436,1.77299859754436
sub-544551531568,27.3238,24.022218177298768,23.104232788085938,23.563225482692353,-3.7605745173076457
sub-544715833793,22.5,23.163522190078066,17.618497848510742,20.391010019294406,-2.1089899807055943
sub-545189027962,20.0,16.595584359544794,21.19944190979004,18.897513134667417,-1.1024868653325832
sub-545343612156,23.0,20.52021680111593,22.165735244750977,21.342976022933453,-1.6570239770665474
sub-545397923902,21.0,21.762148423461667,20.06644058227539,20.91429450286853,-0.08570549713147102
sub-545455624714,14.8,16.94806254675811,18.291963577270508,17.62001306201431,2.820013062014308
sub-545465269376,24.0,30.749206732331963,43.76382827758789,37.25651750495993,13.25651750495993
sub-545766225869,72.5,64.3084249911258,59.873722076416016,62.09107353377091,-10.40892646622909
sub-546159793818,19.0,17.068042711510603,20.291566848754883,18.67980478013274,-0.32019521986725863
sub-546222000389,24.569472963723477,30.399539906825492,36.611812591552734,33.505676249189115,8.936203285465638
sub-546466749045,20.0,27.828001680618108,24.81392288208008,26.320962281349097,6.320962281349097
sub-546875623860,21.0,18.350119451376266,22.250579833984375,20.30034964268032,-0.6996503573196797
sub-547139274284,19.0,20.654355049574587,20.421052932739254,20.53770399115692,1.5377039911569206
sub-547312228567,21.0,23.547881966776867,23.220151901245117,23.384016934010994,2.384016934010994
sub-547450106968,27.5,23.14258261933479,24.598310470581055,23.87044654495792,-3.6295534550420783
sub-547460968610,19.0,19.123998383543903,20.141357421875,19.632677902709453,0.6326779027094531
sub-548237648888,8.331506849,7.06123046519652,10.134248733520508,8.597739599358514,0.26623275035851357
sub-548299471837,23.0,22.892098944774553,21.38804817199707,22.14007355838581,-0.8599264416141885
sub-548382705939,14.25,8.836068514642925,11.642416000366213,10.239242257504568,-4.010757742495432
sub-548750637639,12.73,16.80590073267486,16.619335174560547,16.712617953617702,3.9826179536177015
sub-548760873320,19.0,18.931123712285064,21.001218795776367,19.966171254030716,0.9661712540307157
sub-549448988509,9.0,16.392650087004377,13.749098777770996,15.070874432387686,6.070874432387686
sub-550373790770,26.57905544147844,33.284658343246484,31.302356719970703,32.2935075316086,5.714452090130155
sub-550394965552,32.0,25.431838640333677,26.968175888061523,26.200007264197602,-5.799992735802398
sub-551457299823,12.70136986,9.762200300312228,14.227307319641112,11.99475380997667,-0.7066160500233298
sub-551781438290,21.0,22.013116978260996,20.41767311096191,21.215395044611455,0.21539504461145498
sub-551972724558,21.0,21.94569282962365,20.016048431396484,20.98087063051007,-0.01912936948993149
sub-552444560261,69.6892539356605,85.60262112026415,66.79529571533203,76.19895841779808,6.509704482137579
sub-552670227215,12.42739726,9.322132836621323,11.274770736694336,10.298451786657829,-2.1289454733421707
sub-553719287153,22.5,32.71193710511111,28.12257957458496,30.417258339848036,7.917258339848036
sub-553980195351,14.0,17.44327421841722,18.125200271606445,17.78423724501183,3.7842372450118305
sub-554090328633,22.5,28.686242465055862,21.33472442626953,25.010483445662697,2.5104834456626968
sub-554433867792,11.0,10.891618724963156,9.64207935333252,10.266849039147838,-0.7331509608521625
sub-554540369195,57.210130047912386,49.8767269125582,47.28496551513672,48.58084621384746,-8.629283834064928
sub-554894252350,19.0,15.067609428842438,20.1087589263916,17.58818417761702,-1.4118158223829802
sub-555146543406,8.82739726,18.210740399371463,13.035571098327637,15.62315574884955,6.79575848884955
sub-555813233988,25.58521560574949,24.62515386184893,23.067384719848633,23.84626929084878,-1.7389463149007085
sub-556188520622,21.0,16.609181452180845,20.097936630249023,18.353559041214936,-2.646440958785064
sub-556282864284,19.0,22.62072588007415,21.55173683166504,22.086231355869593,3.086231355869593
sub-557315657627,27.5,34.817136778144175,23.756023406982425,29.286580092563298,1.7865800925632982
sub-557485689083,18.0,17.972172348286342,21.92241096496582,19.94729165662608,1.9472916566260814
sub-557526146186,19.0,20.760429763403433,18.694944381713867,19.727687072558652,0.727687072558652
sub-557844531627,23.0,22.837021480708614,22.39529609680176,22.616158788755186,-0.38384121124481396
sub-558059595100,19.0,20.732054122506213,23.58890914916992,22.160481635838067,3.1604816358380674
sub-558379537642,9.7,16.724458102797886,18.283597946166992,17.504028024482437,7.804028024482438
sub-558400453988,8.942465752999999,6.851321310153619,7.931282997131348,7.391302153642483,-1.5511635993575155
sub-558541399225,21.0,15.041548263996784,18.70756721496582,16.874557739481304,-4.125442260518696
sub-558593437333,18.0,29.19349206333727,26.33654022216797,27.76501614275262,9.765016142752621
sub-558604874300,32.16974674880219,34.754929556858436,34.942745208740234,34.84883738279933,2.6790906339971414
sub-558698688863,15.7,16.47735035258952,13.458009719848633,14.967680036219077,-0.7323199637809221
sub-558802533319,8.471232877,15.22919028402325,14.6065092086792,14.917849746351225,6.4466168693512245
sub-558939022769,24.0,25.565077209535804,28.555652618408203,27.060364913972002,3.060364913972002
sub-558960275349,22.0,21.754759453474296,19.25667381286621,20.505716633170252,-1.4942833668297482
sub-559597730211,23.0,19.28339931399424,20.28317642211914,19.78328786805669,-3.2167121319433107
sub-560549455828,27.5,32.916812039219934,21.844715118408203,27.38076357881407,-0.11923642118593136
sub-560904425980,24.0,24.674539798057676,23.017492294311523,23.8460160461846,-0.15398395381539842
sub-561045643649,22.5,23.194595368561796,23.125646591186523,23.160120979874158,0.6601209798741579
sub-561139464018,69.0,55.74676595712802,67.61682891845703,61.681797437792525,-7.318202562207475
sub-561225919354,22.5,21.997674064354264,26.532447814941406,24.265060939647835,1.7650609396478352
sub-561366951241,21.0,18.424024763005725,21.12601661682129,19.775020689913507,-1.2249793100864927
sub-561734337718,31.0,28.05026061299673,26.27691650390625,27.16358855845149,-3.8364114415485098
sub-561752414596,46.0,29.01010554120077,23.71929931640625,26.36470242880351,-19.63529757119649
sub-561933935805,28.61327857631759,34.97962544027524,34.33976364135742,34.65969454081633,6.046415964498742
sub-562485434705,9.063,21.836821469583068,33.63380813598633,27.7353148027847,18.672314802784697
sub-562524748965,24.0,31.722886283149535,26.049644470214844,28.88626537668219,4.886265376682189
sub-562839089454,42.5,38.625619410027014,31.696205139160156,35.160912274593585,-7.339087725406415
sub-562931531957,75.82751540041069,74.29779033045733,66.554443359375,70.42611684491617,-5.401398555494524
sub-563023335884,12.0,12.091658877224424,11.059880256652832,11.575769566938629,-0.4242304330613713
sub-563291815565,19.0,20.820367146120233,20.68413734436035,20.752252245240292,1.7522522452402924
sub-563294691785,8.783561644,15.97262866650919,11.47756576538086,13.725097215945024,4.941535571945023
sub-563981968175,19.0,17.057075467168744,21.105194091796875,19.08113477948281,0.08113477948280945
sub-564557955687,79.0,63.57975504880666,66.1181411743164,64.84894811156153,-14.151051888438474
sub-564848221621,23.2909,19.83988728632221,25.984664916992188,22.9122761016572,-0.3786238983428021
sub-565025526070,21.0,25.629563975061505,21.17698860168457,23.403276288373036,2.4032762883730356
sub-565703410370,21.0,26.85420627347941,24.03449821472168,25.444352244100543,4.444352244100543
sub-565741667065,15.1,18.37839426996318,17.14963722229004,17.76401574612661,2.6640157461266103
sub-565839592675,22.0,17.54418579468686,21.2144775390625,19.37933166687468,-2.6206683331253195
sub-565908100162,12.4298,16.06380921494247,14.035966873168944,15.049888044055706,2.6200880440557057
sub-566100490218,20.0,11.742782584784788,22.17086410522461,16.9568233450047,-3.0431766549952997
sub-566155888990,24.28473648186174,28.991418823925844,29.3931941986084,29.19230651126712,4.907570029405381
sub-566211969588,23.0,26.59041183369658,24.122859954833984,25.35663589426528,2.356635894265281
sub-566226278120,22.5,19.45688457429834,25.50098419189453,22.478934383096437,-0.02106561690356301
sub-566608301162,18.0,22.02952003986151,21.71175765991211,21.87063884988681,3.8706388498868094
sub-566869073328,9.632876712,13.949516921596532,9.6610746383667,11.805295779981616,2.1724190679816164
sub-567011290205,25.0,16.1050638242936,20.107812881469727,18.106438352881664,-6.893561647118336
sub-567035745011,10.50136986,7.762239084558754,8.806103706359863,8.284171395459309,-2.217198464540692
sub-567138629151,24.6,23.981418568230783,21.738656997680664,22.86003778295572,-1.7399622170442797
sub-567753707774,21.0,23.753056265948484,24.6997013092041,24.226378787576294,3.2263787875762944
sub-568161091231,51.65776865160849,48.3034535442589,45.753780364990234,47.02861695462457,-4.629151696983925
sub-568610648241,14.0,13.219906475436703,18.21743392944336,15.71867020244003,1.7186702024400304
sub-568873041221,23.0,22.259319972991857,21.470396041870117,21.86485800743099,-1.135141992569011
sub-569532759972,64.26830937713895,51.474300523355154,59.361106872558594,55.417703697956874,-8.850605679182074
sub-570598617499,11.8109589,14.357000573856345,11.915624618530272,13.136312596193308,1.325353696193309
sub-572336248338,22.5,18.1213953956768,23.05967140197754,20.59053339882717,-1.9094666011728307
sub-572513296369,21.0,24.81455032892935,23.29257583618164,24.053563082555495,3.0535630825554954
sub-572517794446,20.0,21.33922661151663,21.39363670349121,21.36643165750392,1.3664316575039201
sub-572747785752,11.76712329,19.549299507896357,16.023271560668945,17.78628553428265,6.019162244282651
sub-572750930282,21.0,18.06389819825776,21.717504501342773,19.890701349800267,-1.109298650199733
sub-573108584695,19.0,20.504540850499097,22.54655647277832,21.52554866163871,2.525548661638709
sub-573338784763,12.58,13.094742566769709,18.247535705566406,15.671139136168058,3.0911391361680582
sub-573830855349,21.0,25.64938091943508,25.21302795410156,25.43120443676832,4.4312044367683185
sub-574114738756,18.0,22.342545703558073,19.255979537963867,20.79926262076097,2.7992626207609703
sub-574140052026,36.0,40.06809675189661,34.4765510559082,37.272323903902404,1.2723239039024037
sub-574160796443,21.0,24.67173256004617,21.49154281616211,23.081637688104138,2.081637688104138
sub-574676182729,21.0,25.95058953722096,22.500656127929688,24.225622832575326,3.2256228325753256
sub-575234378047,22.0,27.12431031116181,24.44458770751953,25.78444900934067,3.784449009340669
sub-575605093745,23.0,23.551310943794057,22.25717544555664,22.90424319467535,-0.09575680532465114
sub-576178414159,21.0,26.72111375780623,29.391033172607425,28.05607346520683,7.056073465206829
sub-576627281914,37.5,33.1028127984829,26.87018585205078,29.98649932526684,-7.513500674733159
sub-577293045337,20.0,29.595941825208303,21.5870304107666,25.59148611798745,5.591486117987451
sub-578146676720,23.0,25.702047908433443,22.32401657104492,24.013032239739182,1.0130322397391822
sub-578385109718,61.015742642026005,67.2143192378531,56.819801330566406,62.017060284209755,1.00131764218375
sub-578842404933,24.0,12.878285231367482,14.279444694519045,13.578864962943264,-10.421135037056736
sub-578912543438,13.0,13.5878403115239,15.218509674072266,14.403174992798082,1.4031749927980819
sub-578915055891,21.0,19.076584273150903,20.34110641479492,19.70884534397291,-1.2911546560270892
sub-579120328387,12.51232877,14.346818499665677,15.609947204589844,14.97838285212776,2.4660540821277603
sub-579327790838,22.0,20.508247731980212,20.995990753173828,20.75211924257702,-1.2478807574229798
sub-579548048094,10.60273973,7.942870890535026,9.81344509124756,8.878157990891292,-1.7245817391087073
sub-579899565725,21.0,15.751305112305747,21.442947387695312,18.597126250000528,-2.402873749999472
sub-579996063674,11.0,5.218726375053674,10.767380714416504,7.993053544735089,-3.0069464552649112
sub-580285657273,10.0,14.727755423281383,14.651996612548828,14.689876017915106,4.689876017915106
sub-580748616468,11.72876712,12.326064234668747,10.373213768005373,11.34963900133706,-0.3791281186629405
sub-581074279240,72.5,63.937816520291385,46.630069732666016,55.283943126478704,-17.216056873521296
sub-581150303156,21.0,14.736698421963409,20.821138381958008,17.77891840196071,-3.221081598039291
sub-581313710290,7.66,13.145649788001323,10.933353424072266,12.039501606036794,4.3795016060367935
sub-582324789442,21.0,23.311165664830103,23.722402572631836,23.516784118730968,2.5167841187309676
sub-582536446323,24.0,19.923590094723092,20.3104305267334,20.117010310728247,-3.882989689271753
sub-582956839439,21.0,22.93017546982967,21.55985641479492,22.245015942312293,1.2450159423122926
sub-584071855973,18.0,21.749068164583687,23.026151657104492,22.38760991084409,4.387609910844091
sub-584112525911,23.0,19.253025811665665,21.2852725982666,20.269149204966133,-2.7308507950338665
sub-584133814549,21.0,23.376877488979503,24.04239845275879,23.709637970869146,2.709637970869146
sub-584305222833,22.5,25.138549833821163,21.819290161132812,23.478919997476986,0.9789199974769858
sub-585134564411,31.0,30.79989829207841,28.878990173339844,29.839444232709127,-1.160555767290873
sub-585178633428,23.0,16.302922887824497,20.06683921813965,18.18488105298207,-4.815118947017929
sub-585840627036,19.0,19.722591995829504,21.99287223815918,20.85773211699434,1.8577321169943417
sub-585890839608,26.98425735797399,29.90773805232508,32.61366271972656,31.26070038602582,4.27644302805183
sub-586524106373,11.44657534,8.133495019407864,11.718217849731444,9.925856434569653,-1.520718905430348
sub-586887695836,8.821917808,4.9556814979808905,6.853460311889648,5.9045709049352695,-2.9173469030647308
sub-587009566043,21.0,23.33034514545182,22.30449676513672,22.817420955294267,1.817420955294267
sub-587717071548,22.0,22.13277846372352,25.205896377563477,23.669337420643497,1.6693374206434974
sub-587734814736,18.0,18.96702802108829,19.099365234375,19.033196627731645,1.0331966277316447
sub-588017006762,21.0,27.804383659846955,21.799894332885746,24.802138996366352,3.8021389963663523
sub-588680393420,22.5,31.86707078637061,28.045827865600582,29.956449325985595,7.456449325985595
sub-589159090994,25.0,21.439647767629133,22.270463943481445,21.85505585555529,-3.144944144444711
sub-590290455236,11.23013699,12.904455023427342,9.816834449768066,11.360644736597704,0.13050774659770426
sub-590542611343,23.0,29.20875270091439,22.247825622558594,25.72828916173649,2.728289161736491
sub-591687985082,19.0,23.89598158897374,21.311912536621097,22.603947062797417,3.603947062797417
sub-592239322410,19.0,18.891897705714467,21.8306884765625,20.361293091138485,1.361293091138485
sub-592480598244,19.0,20.090960455646982,20.42116928100586,20.25606486832642,1.256064868326419
sub-592747222720,79.41409993155374,77.6580939362417,70.83969116210938,74.24889254917554,-5.165207382378199
sub-592933699184,23.0,29.288522228412965,24.642745971679688,26.965634100046326,3.9656341000463264
sub-593517093579,22.5,27.608166719741504,23.415512084960938,25.51183940235122,3.011839402351221
sub-593650733821,27.0,26.515523157688385,22.365636825561523,24.440579991624954,-2.559420008375046
sub-593784360328,27.0,29.766478505610735,21.665048599243164,25.71576355242695,-1.2842364475730506
sub-594451160548,21.0,20.202347507968867,32.52983093261719,26.366089220293027,5.366089220293027
sub-594656396715,29.0,35.11791746994076,31.510435104370117,33.31417628715543,4.314176287155433
sub-594745664942,16.0,19.575816192485497,20.008678436279297,19.792247314382397,3.792247314382397
sub-595338991165,21.0,25.156352503284175,20.520153045654297,22.838252774469236,1.838252774469236
sub-595372614006,24.6543,27.030707244691484,29.010622024536133,28.02066463461381,3.3663646346138094
sub-595618580909,18.7,21.841692768469137,22.28167152404785,22.061682146258494,3.361682146258495
sub-596066839689,23.0,25.673549250986923,27.462268829345703,26.567909040166313,3.567909040166313
sub-596190685497,15.2,14.667591368587932,20.78986930847168,17.728730338529807,2.528730338529808
sub-596439418214,59.14852840520192,55.51207475000224,47.06404876708984,51.288061758546036,-7.860466646655887
sub-596552068250,14.0,13.30813795863054,14.330208778381348,13.819173368505943,-0.18082663149405676
sub-596630833773,21.0,22.3662955549022,21.42685890197754,21.89657722843987,0.8965772284398703
sub-596648006143,22.0,23.086407622023252,22.960617065429688,23.02351234372647,1.0235123437264697
sub-596962321361,9.375342466,6.255501164475213,14.913825035095217,10.584663099785214,1.2093206337852145
sub-597843888777,9.73,8.791709787683835,8.188597679138184,8.49015373341101,-1.2398462665889909
sub-598246474606,19.0,28.95214969222101,22.675382614135746,25.813766153178378,6.813766153178378
sub-599591857106,21.0,15.23225566380001,19.285730361938477,17.258993012869244,-3.7410069871307563
sub-599933244197,67.5,58.15933731757115,52.44197082519531,55.300654071383235,-12.199345928616765
sub-600098084610,21.0,17.70498719387625,20.592601776123047,19.148794484999648,-1.851205515000352
sub-600265031153,18.0,21.124766205316124,19.71961975097656,20.42219297814634,2.4221929781463416
sub-600275574870,8.920547945,13.148482068991935,11.476420402526855,12.312451235759395,3.3919032907593962
sub-600444550688,22.5,24.38899293571192,20.655210494995117,22.522101715353518,0.022101715353517903
sub-600488415104,25.0,18.019528711959527,21.19120407104492,19.605366391502223,-5.394633608497777
sub-600606462331,13.0,13.584931752601914,14.075723648071287,13.8303277003366,0.8303277003365999
sub-600653104909,25.0,24.3996252904249,23.71268081665039,24.056153053537646,-0.9438469464623545
sub-601575314713,18.0,18.679053146202808,21.840015411376953,20.25953427878988,2.2595342787898787
sub-602114713255,16.0,12.10238252378703,13.731151580810549,12.91676705229879,-3.0832329477012106
sub-602900008789,29.27857631759069,37.63057280035011,33.969627380371094,35.8001000903606,6.5215237727699105
sub-603015713565,10.0,9.875981251685626,9.055099487304688,9.465540369495157,-0.534459630504843
sub-603274442678,21.0,16.22790580099634,22.568572998046875,19.398239399521607,-1.6017606004783929
sub-603550058118,21.0,19.04767208332872,19.822689056396484,19.435180569862602,-1.5648194301373977
sub-603637173781,21.0,18.344317598343142,21.085777282714844,19.71504744052899,-1.2849525594710087
sub-604403915211,22.5,21.256434832808804,25.04204750061035,23.14924116670958,0.6492411667095794
sub-604494512599,10.08767123,9.71643294812587,12.081584930419922,10.899008939272896,0.8113377092728964
sub-604727014440,15.25,17.001778109354024,29.57228660583496,23.28703235759449,8.03703235759449
sub-605330686646,19.0,20.404808106642815,18.63554573059082,19.52017691861682,0.5201769186168193
sub-605373904061,23.0,20.519807753586957,20.365318298339844,20.442563025963402,-2.557436974036598
sub-605870296030,18.0,22.39593160821391,24.684894561767575,23.540413084990742,5.5404130849907425
sub-606047187144,18.0,22.198858684013196,20.107158660888672,21.153008672450934,3.153008672450934
sub-606245703129,19.0,25.42171154697209,21.495668411254883,23.458689979113487,4.458689979113487
sub-606417784213,26.0,30.73380273970097,28.426054000854492,29.57992837027773,3.579928370277731
sub-606527255214,22.0,26.177572503180272,21.0832576751709,23.630415089175585,1.6304150891755853
sub-606619069147,14.2,16.6382143765891,16.747737884521484,16.692976130555294,2.492976130555295
sub-606946325458,27.5,29.277284416768463,26.223312377929688,27.750298397349077,0.2502983973490771
sub-607709228236,19.0,20.784747392301615,20.66748809814453,20.72611774522307,1.7261177452230712
sub-607793324229,21.0,16.4180252354006,21.077117919921875,18.747571577661237,-2.252428422338763
sub-607808523191,23.0,23.913343413941217,23.22974967956543,23.571546546753325,0.571546546753325
sub-608227590536,18.0,18.293939588568545,24.63051414489746,21.462226866733005,3.4622268667330047
sub-608679778524,19.0,17.492905459657,20.42607688903809,18.959491174347544,-0.04050882565245573
sub-608690804111,23.0,23.184102839619623,20.81116104125977,21.997631940439696,-1.002368059560304
sub-609017504616,19.0,18.76339691441034,20.444393157958984,19.60389503618466,0.6038950361846602
sub-609030289266,54.0,39.935556309171616,40.65269470214844,40.29412550566003,-13.705874494339973
sub-609062293978,48.25462012320329,37.42166010518794,45.35172653198242,41.38669331858518,-6.867926804618108
sub-609656607957,48.07939767282682,49.351048726701634,46.406490325927734,47.878769526314684,-0.20062814651213756
sub-609892457500,13.75,17.94289085088559,17.7418212890625,17.842356069974045,4.092356069974045
sub-610209673140,21.0,22.934899221967154,22.51214599609375,22.723522609030454,1.7235226090304536
sub-610293547167,21.0,17.54183657447248,22.176408767700195,19.85912267108634,-1.1408773289136604
sub-610598919254,35.58,45.85970715803424,41.1053581237793,43.48253264090677,7.90253264090677
sub-611520063730,19.0,15.266257320316177,19.64366340637207,17.454960363344124,-1.5450396366558756
sub-611990204992,21.0,24.488673889867407,23.08806610107422,23.788369995470813,2.7883699954708128
sub-612136152096,23.0,22.778808109565993,24.35111618041992,23.564962144992954,0.564962144992954
sub-612159600570,19.0,19.15443086449604,20.935104370117188,20.04476761730661,1.0447676173066114
sub-612498412297,21.0,24.193191489615984,21.9947566986084,23.09397409411219,2.093974094112191
sub-612699294349,38.0,45.45026363166873,36.483009338378906,40.96663648502382,2.9666364850238196
sub-612846439329,23.0,21.906577603635675,23.141979217529297,22.524278410582486,-0.47572158941751397
sub-612992669944,19.33,25.52867282823073,19.761985778808594,22.64532930351966,3.315329303519661
sub-613224225766,9.9548,7.67559927529647,8.787575721740723,8.231587498518596,-1.7232125014814041
sub-613987073343,27.5,21.444122205702055,24.524959564208984,22.98454088495552,-4.515459115044479
sub-614478580712,72.82683093771391,66.76001893125057,60.57347106933594,63.666745000293254,-9.160085937420654
sub-614655003675,27.0,24.27908750272706,24.038665771484375,24.158876637105717,-2.841123362894283
sub-614767601532,22.0,25.369148517976484,22.53833770751953,23.953743112748008,1.9537431127480076
sub-614986450038,27.5,23.96411188605766,20.51375389099121,22.238932888524435,-5.261067111475565
sub-615195654528,26.87748117727584,24.619509385381072,31.173112869262695,27.896311127321884,1.0188299500460438
sub-615353760008,9.933,10.644736285948134,11.156635284423828,10.900685785185981,0.9676857851859815
sub-615418240534,23.0,25.797449306762086,24.288829803466797,25.043139555114443,2.0431395551144433
sub-615511318906,27.5,32.79772625060788,24.272804260253903,28.535265255430893,1.0352652554308932
sub-615539517070,17.0,22.68083612400721,18.639650344848633,20.660243234427924,3.6602432344279237
sub-616304398458,21.0,19.00706874543155,22.10173225402832,20.554400499729937,-0.44559950027006323
sub-616650002943,49.0,35.85991779610288,31.815170288085938,33.83754404209441,-15.162455957905593
sub-616981188326,15.0,14.852859823369457,12.465143203735352,13.659001513552404,-1.340998486447596
sub-617184569359,23.0,27.44302459495591,28.28315544128418,27.863090018120047,4.863090018120047
sub-617228447780,21.0,24.4373589748238,22.18522071838379,23.311289846603792,2.311289846603792
sub-617548875008,32.5,31.624733031398755,26.80333709716797,29.21403506428336,-3.2859649357166383
sub-617551838591,26.0,32.07407739735662,28.597492218017575,30.335784807687098,4.335784807687098
sub-617764434567,54.19301848049281,54.479346481412946,54.796504974365234,54.63792572788909,0.44490724739628007
sub-617901292458,20.0,20.997118712786055,21.8565731048584,21.426845908822227,1.4268459088222265
sub-618287927693,13.0,14.115844688512835,18.827617645263672,16.471731166888254,3.4717311668882544
sub-619041447551,13.86447639,20.84695913468483,12.753551483154297,16.800255308919564,2.9357789189195636
sub-619456358765,29.0,29.8297775228578,23.43259620666504,26.631186864761418,-2.3688131352385824
sub-619472236320,11.0,7.76734957322828,8.486748695373535,8.127049134300908,-2.8729508656990923
sub-619489060193,19.0,20.810989716434936,20.013038635253903,20.41201417584442,1.4120141758444191
sub-619550922545,38.77344284736482,42.79982445388307,40.10832977294922,41.45407711341615,2.680634266051328
sub-619614013878,40.0,35.753055264927575,35.44866180419922,35.6008585345634,-4.3991414654366
sub-619633240608,21.0,25.688227564524865,21.05381202697754,23.371019795751202,2.3710197957512023
sub-620208115958,19.0,18.059957065185447,20.684181213378903,19.372069139282175,0.3720691392821749
sub-620257630539,19.0,18.581824717154227,20.678911209106445,19.630367963130336,0.630367963130336
sub-620369093938,10.7529,14.44939795705727,12.61478328704834,13.532090622052806,2.7791906220528055
sub-620984229042,44.88158795345654,35.107778119500395,47.59181594848633,41.34979703399336,-3.5317909194631767
sub-621736610839,10.69589041,12.908384744977434,8.528101921081543,10.718243333029488,0.022352923029487215
sub-621749560707,21.0,23.08150930148379,21.50151634216309,22.29151282182344,1.2915128218234386
sub-622250944839,21.0,29.668479299752917,22.622404098510746,26.14544169913183,5.14544169913183
sub-622381959459,19.0,20.197607074297935,19.169246673583984,19.68342687394096,0.6834268739409595
sub-622552266432,21.0,25.847173323754447,21.162752151489254,23.504962737621852,2.5049627376218524
sub-622843285408,21.0,15.37368535159417,20.15946578979492,17.766575570694545,-3.2334244293054546
sub-622888774016,19.0,16.72521856332682,21.264385223388672,18.994801893357746,-0.005198106642254174
sub-622939334251,8.983561644,10.55342763012386,15.20539665222168,12.87941214117277,3.89585049717277
sub-622953019079,41.752224503764545,44.508182694096064,43.95946502685547,44.233823860475766,2.4815993567112216
sub-623405236906,21.0,31.28540766687278,25.4677791595459,28.37659341320934,7.3765934132093385
sub-623833254305,67.5,56.21313811453213,43.75699615478515,49.985067134658635,-17.514932865341365
sub-624448003003,31.0,24.45189162489796,24.04894638061523,24.250419002756594,-6.749580997243406
sub-625380292482,19.0,23.778575072566692,21.277515411376953,22.528045241971824,3.5280452419718245
sub-625883065867,20.0,24.811725280218823,21.89257049560547,23.352147887912146,3.352147887912146
sub-625981000050,19.0,23.48991966127186,21.41075897216797,22.450339316719912,3.450339316719912
sub-626188931445,17.0,15.983369675473163,16.566471099853516,16.27492038766334,-0.7250796123366605
sub-626212764612,14.0,9.594968228103696,13.638829231262209,11.616898729682951,-2.3831012703170487
sub-626261127584,59.88227241615331,62.251858408314455,58.10801696777344,60.17993768804395,0.2976652718906365
sub-627005612106,19.0,29.81546334833204,37.12282180786133,33.46914257809669,14.469142578096687
sub-627471727969,66.90759753593429,57.61159290916247,59.585575103759766,58.59858400646112,-8.30901352947317
sub-627612378300,27.0,29.55075576393471,26.219552993774418,27.885154378854565,0.8851543788545655
sub-628738898345,21.0,26.58494612063729,21.243925094604492,23.91443560762089,2.9144356076208915
sub-628789413034,21.0,14.0323541196088,21.02984619140625,17.531100155507524,-3.4688998444924763
sub-628893530541,9.189041096,5.61857464599014,8.77896785736084,7.19877125167549,-1.9902698443245104
sub-628907340229,22.0,25.9666303289331,26.799070358276367,26.382850343604733,4.3828503436047335
sub-629066084898,21.0,19.183939019280707,21.60778427124023,20.395861645260467,-0.6041383547395327
sub-630442925754,23.0,24.93162381288614,20.957304000854492,22.94446390687032,-0.055536093129681774
sub-630551983437,59.83572895277207,55.53440015214489,55.672584533691406,55.603492342918145,-4.232236609853928
sub-631426044350,23.0,20.014661581477284,22.155014038085938,21.08483780978161,-1.915162190218389
sub-631760081925,21.0,18.69548872581938,20.89480972290039,19.795149224359886,-1.2048507756401143
sub-632118830745,27.0,27.56063605652604,24.312990188598633,25.936813122562334,-1.0631868774376656
sub-632446705337,19.0,21.032114921889864,20.95307350158691,20.992594211738385,1.9925942117383855
sub-632509073360,11.55,16.572702031469774,9.124370574951172,12.848536303210473,1.2985363032104722
sub-633602514995,23.0,24.975621449884503,23.523618698120117,24.24962007400231,1.2496200740023085
sub-633708423748,21.0,23.109208415579687,19.54597282409668,21.327590619838183,0.3275906198381833
sub-634456883025,24.0,18.483865945484386,19.784008026123047,19.133936985803714,-4.8660630141962855
sub-634620596226,21.0,18.36377714790818,21.60346412658691,19.983620637247547,-1.0163793627524527
sub-635354190905,21.0,14.596337074587098,21.07640266418457,17.836369869385834,-3.163630130614166
sub-635915234969,19.0,18.878002534108116,19.73814582824707,19.308074181177595,0.3080741811775951
sub-636129540020,24.0,21.985870764021232,21.409059524536133,21.69746514427868,-2.302534855721319
sub-636479953124,19.0,17.63461112124042,21.96618270874023,19.800396914990326,0.8003969149903263
sub-638598699448,19.0,14.334368704102076,19.20780372619629,16.771086215149182,-2.2289137848508176
sub-638986001058,11.0,5.158119091755143,11.73133659362793,8.444727842691536,-2.5552721573084636
sub-639397399359,13.0,9.873625872857827,13.22282600402832,11.548225938443075,-1.4517740615569252
sub-639544814415,21.0,19.803367843685876,22.101024627685547,20.95219623568571,-0.047803764314288344
sub-639549203110,20.9,19.040642595807572,14.739704132080078,16.890173363943823,-4.009826636056175
sub-639706198725,19.0,20.72457953501466,21.980798721313477,21.352689128164066,2.352689128164066
sub-639874239232,22.0,26.081254019653215,23.18675994873047,24.634006984191842,2.634006984191842
sub-640225753017,11.0,13.007891017987218,13.03760814666748,13.02274958232735,2.02274958232735
sub-640376430100,21.0,19.714804921981333,21.779373168945312,20.747089045463323,-0.2529109545366772
sub-640474032496,19.0,19.66727626672975,21.387670516967773,20.527473391848762,1.527473391848762
sub-640745291862,19.0,28.576924050243843,39.96981430053711,34.27336917539048,15.273369175390478
sub-640829640252,10.68767123,6.7506624403611255,11.942693710327148,9.346678075344137,-1.3409931546558624
sub-640887142993,19.0,18.18794416753671,20.66417121887207,19.426057693204392,0.4260576932043918
sub-641082032277,31.37029431895961,38.93665140026862,43.53341293334961,41.23503216680912,9.864737847849511
sub-641201171998,9.61369863,11.616383382720542,10.985198974609377,11.300791178664959,1.6870925486649586
sub-641352058645,19.0,17.938461755561374,21.20114517211914,19.56980346384026,0.5698034638402589
sub-641503012169,12.30410959,12.436416645973624,13.119999885559082,12.778208265766352,0.4740986757663528
sub-641778374478,23.0,26.682904605977296,24.299129486083984,25.491017046030642,2.491017046030642
sub-641785343493,24.76386036960985,26.890215362216992,24.529462814331055,25.709839088274023,0.9459787186641719
sub-641924756694,27.5,29.6874608270835,26.84213638305664,28.26479860507007,0.7647986050700695
sub-642488241612,25.0,23.67164538228233,24.887596130371097,24.279620756326715,-0.7203792436732854
sub-642532666019,19.0,21.12314997483948,20.141904830932617,20.632527402886048,1.6325274028860477
sub-642736420938,21.0,19.590952865225308,20.209880828857425,19.900416847041367,-1.0995831529586333
sub-642915495773,25.0,25.282933766103927,21.674957275390625,23.478945520747274,-1.5210544792527259
sub-643156878338,18.0,19.312373468214055,20.425189971923828,19.86878172006894,1.8687817200689416
sub-643420326642,20.0,19.050159683696,19.170249938964844,19.11020481133042,-0.8897951886695807
sub-643481278758,10.37260274,10.930275437441026,7.262294292449951,9.096284864945488,-1.2763178750545112
sub-644183180436,27.0,31.767833047792156,27.74927520751953,29.75855412765584,2.7585541276558416
sub-644560253408,22.601,19.43256193593911,19.377180099487305,19.404871017713205,-3.196128982286794
sub-644732629191,19.0,20.93936117586398,22.447904586791992,21.693632881327986,2.6936328813279857
sub-644777973300,27.5,31.21676262136609,24.838966369628903,28.027864495497496,0.5278644954974965
sub-644890417557,21.0,20.541451697179685,21.37897491455078,20.96021330586523,-0.03978669413476865
sub-644906648465,27.0,31.4354262626263,27.696874618530273,29.566150440578287,2.566150440578287
sub-645057554740,21.0,23.808363558148013,20.932878494262695,22.370621026205356,1.370621026205356
sub-645692300786,21.0,19.01861850062783,21.92616271972656,20.472390610177193,-0.5276093898228069
sub-645710982073,21.0,23.320999934521268,20.761171340942383,22.041085637731825,1.0410856377318254
sub-645780261271,27.0,32.433611032121455,26.159961700439453,29.296786366280454,2.296786366280454
sub-645850258593,29.0,25.508865747855506,22.215118408203125,23.861992078029317,-5.138007921970683
sub-646068282127,19.0,21.124489324875967,21.558794021606445,21.341641673241206,2.341641673241206
sub-646345876621,12.68,5.890494135484165,14.12141227722168,10.005953206352922,-2.6740467936470775
sub-646517610067,19.0,16.875894980608535,19.141965866088867,18.0089304233487,-0.9910695766512987
sub-646744484684,20.16700889801506,27.284445619329183,33.630008697509766,30.457227158419474,10.290218260404416
sub-646866546911,19.0,21.12972908615255,20.80203628540039,20.96588268577647,1.9658826857764709
sub-647719670521,19.0,16.018219180280553,17.15236473083496,16.585291955557757,-2.414708044442243
sub-648086716299,37.6974674880219,34.623832272718744,48.41761016845703,41.52072122058789,3.8232537325659877
sub-648249718476,11.76164384,14.099169117984705,9.349308013916016,11.72423856595036,-0.03740527404963956
sub-648278856903,15.0,19.814625677846735,19.165529251098633,19.490077464472684,4.490077464472684
sub-648515033769,14.42,7.41314824561853,14.134232521057127,10.77369038333783,-3.6463096166621707
sub-648576491590,23.0,23.309396469715868,21.815006256103516,22.56220136290969,-0.4377986370903102
sub-648813490696,21.0,14.001610776381108,19.380617141723633,16.69111395905237,-4.30888604094763
sub-649823056480,24.342231348391515,30.893032594612333,31.056732177734375,30.974882386173356,6.632651037781841
sub-649973856258,21.0,23.209907857557237,21.170522689819336,22.19021527368829,1.1902152736882883
sub-650124359274,19.0,22.320132839174654,22.624523162841797,22.472328001008226,3.4723280010082256
sub-650193008460,23.0,17.56306076480724,24.490917205810547,21.026988985308893,-1.9730110146911066
sub-650286627379,12.0,12.787901141687064,10.853554725646973,11.820727933667019,-0.17927206633298098
sub-650323162497,13.95,13.728802397814867,14.31484031677246,14.021821357293664,0.07182135729366479
sub-651378609045,10.0,8.345915872773023,8.225872039794922,8.285893956283973,-1.7141060437160274
sub-651379322987,12.33,2.4255536748120115,11.659782409667969,7.04266804223999,-5.28733195776001
sub-651479451260,9.684931507,7.972865509719501,7.9718918800354,7.972378694877451,-1.7125528121225493
sub-651562292984,21.0,16.907730607160975,23.83616065979004,20.371945633475505,-0.6280543665244949
sub-652391251578,19.0,17.65942716490104,22.315635681152344,19.98753142302669,0.9875314230266916
sub-652746983023,20.0,21.011027758692283,20.043371200561523,20.5271994796269,0.5271994796269013
sub-653961973252,19.0,26.816473921653863,23.49719619750977,25.156835059581816,6.156835059581816
sub-654087624056,13.9,16.183284709880866,15.69048309326172,15.936883901571292,2.036883901571292
sub-654400627499,60.0,49.67195633567671,36.009822845458984,42.84088959056785,-17.159110409432152
sub-654814550678,22.5,29.631257601650937,26.265655517578125,27.94845655961453,5.448456559614531
sub-655048546266,21.0,23.367678485980395,19.90231704711914,21.634997766549766,0.6349977665497661
sub-655374246890,28.870636550308017,29.557475218950017,29.438880920410156,29.498178069680087,0.6275415193720697
sub-656950957845,24.0,25.29547497284916,25.801097869873047,25.548286421361105,1.5482864213611052
sub-656989737791,41.09514031485284,33.49772788636725,41.4344482421875,37.46608806427737,-3.6290522505754694
sub-657153755669,31.0,28.042289980723258,32.43732833862305,30.23980915967315,-0.7601908403268496
sub-657490657270,25.0,24.36669357695826,23.3687744140625,23.867733995510378,-1.1322660044896224
sub-657704975547,18.0,25.22577221872837,19.480880737304688,22.353326478016527,4.353326478016527
sub-658403838316,17.0,16.404180661919032,18.662355422973633,17.53326804244633,0.5332680424463305
sub-658732984981,27.5,38.957352672983575,26.956281661987305,32.95681716748544,5.45681716748544
sub-658776671303,17.83,19.48464506550567,21.09104347229004,20.287844268897857,2.4578442688978583
sub-659006086496,18.0,25.332117064247644,20.422889709472656,22.87750338686015,4.877503386860148
sub-659008210173,22.5,26.557198874471982,24.44272232055664,25.49996059751431,2.9999605975143098
sub-659343191601,19.0,25.2180754788496,16.85456085205078,21.03631816545019,2.03631816545019
sub-659455743211,22.5,33.424160364374174,25.84288024902344,29.633520306698806,7.133520306698806
sub-659518732450,22.5,20.50137280419126,25.527273178100582,23.01432299114592,0.5143229911459208
sub-659879157552,19.0,23.42074043327883,21.545543670654297,22.483142051966563,3.4831420519665635
sub-659885055931,22.0,21.773762441471124,21.45244598388672,21.61310421267892,-0.3868957873210803
sub-660642229990,19.0,19.400468178534226,21.41533660888672,20.407902393710472,1.4079023937104722
sub-660847550385,8.408219178,4.9919793544882936,10.011420249938965,7.501699802213629,-0.9065193757863703
sub-660910676815,20.0,29.180062896637352,24.903409957885746,27.041736427261547,7.041736427261547
sub-661066566833,13.0,10.299242546379968,18.91863441467285,14.60893848052641,1.60893848052641
sub-661217121523,21.0,18.119699919269618,19.82574462890625,18.972722274087936,-2.0272777259120645
sub-661697346338,19.0,24.525277549144047,21.178367614746097,22.851822581945072,3.851822581945072
sub-661825354690,30.069815195071868,27.997877492833325,33.156314849853516,30.57709617134342,0.5072809762715522
sub-662096726150,13.0,11.116625044047591,12.544269561767578,11.830447302907585,-1.1695526970924153
sub-663994701427,24.2611,24.459643686458357,21.22918701171875,22.844415349088553,-1.4166846509114457
sub-664052311069,21.0,17.678665724934937,16.736642837524414,17.207654281229676,-3.7923457187703242
sub-664063551695,31.46064339493498,33.93320447004407,30.55742454528809,32.24531450766608,0.7846711127311004
sub-664400075329,21.0,22.58783879181879,21.57855796813965,22.08319837997922,1.083198379979219
sub-664760112772,56.939082819986325,59.90208642246542,51.88084030151367,55.89146336198955,-1.047619457996774
sub-664974219741,27.0,14.117713621203633,21.497129440307617,17.807421530755626,-9.192578469244374
sub-665112865981,19.0,19.207489199083312,20.084583282470703,19.646036240777008,0.6460362407770077
sub-665230680224,23.0,23.327396713281313,23.960350036621097,23.643873374951205,0.6438733749512053
sub-665303060615,19.0,24.854613005667893,23.17400550842285,24.014309257045372,5.0143092570453724
sub-665358094819,19.0,19.52339488915758,20.949295043945312,20.236344966551446,1.2363449665514459
sub-665518598470,9.161,8.856763844935323,10.879556655883787,9.868160250409556,0.7071602504095562
sub-666278270179,21.0,23.174170516389484,23.72233772277832,23.4482541195839,2.4482541195839005
sub-666304483965,23.0,23.725886519849343,20.695457458496097,22.21067198917272,-0.7893280108272798
sub-666694788584,41.0,31.605189676888916,38.54823303222656,35.07671135455774,-5.923288645442263
sub-667083244912,19.0,13.471262879414288,20.491798400878903,16.981530640146595,-2.0184693598534054
sub-667267572569,66.33264887063655,62.07331293345914,52.821922302246094,57.447617617852615,-8.885031252783932
sub-667802455407,58.0,48.451393082122664,45.19709396362305,46.824243522872855,-11.175756477127145
sub-668199381050,18.0,9.62023853072056,16.07688331604004,12.8485609233803,-5.151439076619701
sub-668766205850,65.66735112936345,71.83078259507315,67.2833480834961,69.55706533928462,3.8897142099211663
sub-668780942457,29.0,24.722040536607583,21.781328201293945,23.251684368950762,-5.748315631049238
sub-669071917132,21.0,15.259988055561202,20.98133850097656,18.12066327826888,-2.8793367217311214
sub-669147517964,22.5,28.07662381343394,24.97935485839844,26.52798933591619,4.027989335916189
sub-669502250517,21.0,25.800889192722806,24.92031478881836,25.360601990770583,4.360601990770583
sub-669938223438,12.4,6.1044765409785136,13.401204109191896,9.752840325085206,-2.6471596749147945
sub-670439921796,21.0,26.02576248368951,24.694711685180664,25.360237084435084,4.360237084435084
sub-670440267086,21.0,18.59875632936147,20.97759246826172,19.788174398811595,-1.211825601188405
sub-670914982191,17.6,44.83258059968523,19.112091064453125,31.972335832069177,14.372335832069176
sub-670965706532,18.0,28.16062540189059,27.066734313964844,27.613679857927718,9.613679857927718
sub-671107640505,28.158795345653655,33.48563029432869,31.765811920166016,32.62572110724736,4.4669257615937035
sub-671682598086,10.96,13.674661140719508,12.907430648803713,13.29104589476161,2.3310458947616084
sub-671852511180,29.9685,17.17854684639925,23.18150329589844,20.180025071148847,-9.788474928851151
sub-671881150872,21.0,25.63014109938768,22.250988006591797,23.940564552989738,2.9405645529897377
sub-672056914948,83.45790554414785,66.28865379332862,63.379154205322266,64.83390399932544,-18.624001544822406
sub-672403936752,35.40588637919233,38.34966272101678,40.45620346069336,39.40293309085507,3.9970467116627404
sub-672500627179,31.895961670088983,36.03799159407935,27.54404067993164,31.791016137005496,-0.10494553308348742
sub-672514734200,12.3,10.012458404520558,10.9740571975708,10.49325780104568,-1.8067421989543213
sub-672611254530,21.0,19.228461325191667,22.674360275268555,20.95141080023011,-0.04858919976988929
sub-672666802566,19.0,12.853265184044904,22.25627326965332,17.55476922684911,-1.4452307731508895
sub-672791368571,11.65753425,9.946077441362274,11.670138359069824,10.808107900216049,-0.8494263497839505
sub-673092908902,11.0,12.813342303071485,16.68375587463379,14.748549088852638,3.748549088852638
sub-673884038980,27.326488706365502,31.34595231528661,30.12332534790039,30.7346388315935,3.4081501252279978
sub-674146639032,19.0,20.456212798835352,22.451953887939453,21.454083343387403,2.4540833433874027
sub-674149431427,25.0,24.76737008876655,20.256885528564453,22.512127808665504,-2.487872191334496
sub-674240758679,8.083333332999999,8.01334217491139,12.535303115844728,10.27432264537806,2.1909893123780613
sub-674509869536,23.0,16.417705785732522,22.087120056152344,19.252412920942433,-3.747587079057567
sub-674592363321,73.56331279945243,63.485136508900375,67.45529174804688,65.47021412847363,-8.093098670978804
sub-674684870917,21.0,21.848135729189032,22.34046936035156,22.094302544770294,1.0943025447702937
sub-674820667498,18.0,20.302291344130044,21.8699951171875,21.08614323065877,3.08614323065877
sub-675221521310,18.1383,16.92415065478999,20.112070083618164,18.518110369204077,0.3798103692040762
sub-675459567756,21.0,28.12412605193478,26.499155044555664,27.311640548245222,6.311640548245222
sub-675837960607,37.5,37.12092979170883,24.852882385253903,30.98690608848137,-6.513093911518631
sub-675854313594,16.05,19.43145466147807,19.68540954589844,19.558432103688254,3.5084321036882535
sub-676756169324,13.12,17.770283329004656,15.333168983459473,16.551726156232064,3.431726156232065
sub-676763352592,61.15263518138261,65.65881460410012,57.789432525634766,61.72412356486744,0.5714883834848337
sub-677544915835,19.0,18.794727995662576,20.285419464111328,19.540073729886952,0.5400737298869522
sub-677684213717,21.0,16.033061392575945,21.38429069519043,18.708676043883187,-2.2913239561168126
sub-677737173589,9.0,10.417038226719948,11.344375610351562,10.880706918535754,1.8807069185357541
sub-678520978380,49.04312114989733,42.64276272442142,41.06099319458008,41.85187795950075,-7.191243190396584
sub-678825690563,67.5,52.138979932459655,50.39199447631836,51.265487204389004,-16.234512795610996
sub-678999721414,27.5,25.613027307019436,23.36835289001465,24.490690098517042,-3.0093099014829576
sub-679338528035,31.849418206707732,34.908329373792725,36.7943000793457,35.851314726569214,4.001896519861482
sub-679731921792,26.0,25.97833423947427,29.267074584960938,27.6227044122176,1.622704412217601
sub-679762367696,46.22039698836414,45.37305955191432,44.13455581665039,44.75380768428235,-1.4665893040817934
sub-679864071438,21.0,22.552978891810636,22.554872512817383,22.55392570231401,1.553925702314011
sub-680302874420,13.36,12.755380532062036,15.014912605285645,13.88514656867384,0.5251465686738399
sub-680339578873,50.902121834360024,48.22653072736664,47.535667419433594,47.881099073400115,-3.0210227609599087
sub-680398942665,21.0,22.07534572468795,23.19146728515625,22.6334065049221,1.6334065049220996
sub-680734042819,14.91,12.235369545899772,15.875983238220217,14.055676392059993,-0.8543236079400067
sub-680757856739,22.5,28.248788856421054,25.10539436340332,26.67709160991219,4.177091609912189
sub-680772685788,13.0,12.97878342546118,10.45143699645996,11.71511021096057,-1.2848897890394309
sub-680990983274,28.0,24.25198084484673,22.75836181640625,23.50517133062649,-4.494828669373511
sub-681456690857,24.0,23.810792989199573,22.57887077331543,23.1948318812575,-0.8051681187425004
sub-682089304633,27.5,27.45374163121869,30.020883560180664,28.737312595699677,1.2373125956996773
sub-682175285376,20.0,19.16881453156665,17.91352653503418,18.541170533300416,-1.4588294666995836
sub-682251382971,19.0,20.2184485126075,22.414886474609375,21.31666749360844,2.3166674936084384
sub-682373025096,16.5,12.148065243532905,14.58628273010254,13.367173986817722,-3.132826013182278
sub-682540333780,19.0,25.863381338723418,23.195056915283203,24.52921912700331,5.529219127003309
sub-682565238858,21.0,21.74687237788548,21.47386932373047,21.610370850807975,0.6103708508079748
sub-683077578493,19.0,17.60456654978604,18.711332321166992,18.157949435476517,-0.8420505645234826
sub-683311152225,62.5,54.77308507186462,65.8179702758789,60.29552767387176,-2.20447232612824
sub-683939707752,63.81656399726214,49.71499148900075,48.39984893798828,49.05742021349452,-14.759143783767627
sub-683977145503,23.0,26.21782440639512,22.18918800354004,24.20350620496758,1.2035062049675815
sub-684188028169,11.66849315,15.216162789088028,12.07711124420166,13.646637016644844,1.978143866644844
sub-684466732098,21.0,25.1373922436561,21.48455238342285,23.310972313539477,2.3109723135394766
sub-685152998724,21.0,23.093121715907714,23.21180725097656,23.152464483442138,2.152464483442138
sub-685299118745,18.0,3.861020952515787,17.958480834960938,10.909750893738362,-7.090249106261638
sub-686082388541,30.0,29.03232438199756,23.344179153442383,26.188251767719972,-3.811748232280028
sub-686436805646,33.17,35.54898555505135,32.592655181884766,34.07082036846806,0.9008203684680609
sub-686706639402,22.0,27.76188178757335,23.488826751708984,25.625354269641168,3.625354269641168
sub-687363608821,10.80547945,10.837372041104254,10.764050483703612,10.800711262403933,-0.004768187596067008
sub-687730767942,23.0,16.391917853735688,19.821264266967773,18.106591060351732,-4.893408939648268
sub-687870123935,21.0,21.157954621179265,23.08664321899414,22.122298920086703,1.1222989200867026
sub-687905632775,21.0,19.890982966244383,24.213342666625977,22.052162816435178,1.0521628164351782
sub-688318858034,19.0,23.22214500562148,20.582902908325195,21.90252395697334,2.90252395697334
sub-688375758179,41.71937029431896,43.34220553979631,41.60371398925781,42.47295976452706,0.7535894702080981
sub-688740919551,9.808219178,17.35869189370404,9.622491836547852,13.490591865125946,3.6823726871259463
sub-689747547774,62.95961670088982,61.99866896494504,64.7108383178711,63.35475364140807,0.395136940518249
sub-690309517436,55.0,43.85006129879549,36.38159942626953,40.115830362532506,-14.884169637467494
sub-690700446552,19.0,15.48548852378236,19.80283546447754,17.64416199412995,-1.3558380058700514
sub-690905328014,65.40999315537303,56.497386040851595,64.89224243164062,60.69481423624611,-4.71517891912692
sub-690939385110,25.0,29.72573553521716,25.43710708618164,27.5814213106994,2.581421310699401
sub-691371386930,21.0,16.762472021657338,20.94279670715332,18.85263436440533,-2.147365635594671
sub-691485115052,23.0,19.050554764463495,20.155088424682617,19.602821594573058,-3.397178405426942
sub-691759233511,19.0,24.25783338849948,21.23912239074707,22.748477889623274,3.748477889623274
sub-691921149119,29.49760438056126,34.530492943950925,34.863975524902344,34.69723423442663,5.199629853865371
sub-692024859380,27.0,22.287416906092,22.01632308959961,22.151869997845807,-4.848130002154193
sub-692150651594,22.5,21.314298965245648,25.61117172241211,23.46273534382888,0.9627353438288786
sub-693063068070,23.0,16.265121272482467,21.217485427856445,18.741303350169456,-4.258696649830544
sub-693325060378,21.0,22.548498179203932,21.754255294799805,22.15137673700187,1.1513767370018684
sub-693382231073,29.0,30.684598066228457,24.479190826416016,27.581894446322238,-1.418105553677762
sub-693399183927,22.5,25.503099235372613,22.11509704589844,23.809098140635527,1.3090981406355269
sub-693783915366,19.0,20.42963640914124,25.402692794799805,22.91616460197052,3.9161646019705216
sub-693974688215,42.98973305954826,47.48061410068549,43.710968017578125,45.59579105913181,2.6060579995835553
sub-694112100550,22.41478439425052,23.21798487916991,26.82391357421875,25.02094922669433,2.6061648324438096
sub-694127992242,17.6,22.90320989458712,19.797773361206055,21.350491627896588,3.7504916278965865
sub-694932022560,27.5,29.192010311228533,26.04999351501465,27.62100191312159,0.1210019131215887
sub-695085570524,27.92,30.54428790332505,24.947246551513672,27.74576722741936,-0.17423277258064118
sub-695242338127,21.0,24.45567458277364,22.46546173095703,23.460568156865335,2.4605681568653353
sub-695273924163,21.0,25.17371483214491,25.680845260620117,25.427280046382513,4.4272800463825135
sub-695333487294,9.229295,3.171065239817633,13.306733131408691,8.238899185613162,-0.9903958143868383
sub-695426581946,21.0,17.953686115660197,21.79314613342285,19.873416124541524,-1.1265838754584756
sub-696040052001,22.0,23.783206327196968,23.103904724121097,23.443555525659033,1.4435555256590327
sub-696273606035,26.0,27.272404569978544,26.76323509216309,27.017819831070817,1.0178198310708169
sub-696387902428,27.5,32.167899926599226,27.046470642089844,29.607185284344535,2.107185284344535
sub-696878407859,21.0,23.694697932618617,19.766185760498047,21.73044184655833,0.7304418465583318
sub-697141427612,62.4558521560575,65.98924636594761,61.88201904296875,63.93563270445818,1.4797805484006759
sub-697168059795,21.0,22.078434482482336,24.02699851989746,23.0527165011899,2.0527165011898987
sub-697452970135,37.002053388090346,35.29822030303028,31.432870864868164,33.36554558394922,-3.636507804141125
sub-697511740663,49.38535249828885,57.6548523179879,56.08673095703125,56.870791637509576,7.485439139220723
sub-698477815272,21.0,25.13255919394758,20.818986892700195,22.975773043323887,1.975773043323887
sub-698490319297,29.0,25.721804598400738,22.478504180908203,24.10015438965447,-4.89984561034553
sub-698835635925,22.0479,26.355166001035343,20.52520751953125,23.440186760283297,1.392286760283298
sub-698839379175,9.0,16.576479914201226,12.955870628356934,14.76617527127908,5.76617527127908
sub-698919527941,15.3,14.136008614600012,16.333938598632812,15.234973606616412,-0.0650263933835884
sub-699269720091,61.0,43.82553943170004,39.693153381347656,41.759346406523846,-19.240653593476154
sub-699308493154,20.0,22.613915193379153,23.044841766357425,22.82937847986829,2.8293784798682893
sub-699419348039,21.0,23.81444061511553,21.381481170654297,22.597960892884913,1.5979608928849132
sub-700193003380,29.0,28.369249101834164,29.5096378326416,28.939443467237883,-0.06055653276211714
sub-700247842557,25.0,21.634713862627,20.654834747314453,21.144774304970724,-3.855225695029276
sub-700501332403,21.0,17.563750397374676,21.142250061035156,19.353000229204916,-1.6469997707950839
sub-700656025905,10.37260274,8.69000611030594,9.949333190917969,9.319669650611955,-1.0529330893880449
sub-700850861541,13.8,11.97601688712999,20.4166202545166,16.196318570823294,2.3963185708232935
sub-700916661679,23.0,22.716008066797308,20.263587951660156,21.489798009228732,-1.510201990771268
sub-701764432954,38.93771389459275,43.27841804680004,37.29573822021485,40.28707813350745,1.3493642389147027
sub-701863915807,77.5,61.76552338703157,54.10896682739258,57.93724510721208,-19.562754892787922
sub-701904337000,40.36139630390144,37.257293679640576,42.454254150390625,39.855773915015604,-0.5056223888858327
sub-702089918687,22.5,31.31552769386397,25.591758728027344,28.453643210945657,5.953643210945657
sub-702445157950,19.0,17.636008615330944,20.763051986694336,19.19953030101264,0.1995303010126399
sub-702490913073,19.0,18.633708197730936,20.94949531555176,19.79160175664135,0.7916017566413487
sub-702763965954,27.0,28.39979273482664,27.47610092163086,27.93794682822875,0.9379468282287498
sub-702869357469,63.09650924024641,68.36173416096396,66.72025299072266,67.54099357584332,4.444484335596904
sub-702874441281,72.5,56.068554525923005,64.26519775390625,60.16687613991463,-12.333123860085372
sub-703251898539,21.0,22.26825979578961,23.537458419799805,22.902859107794708,1.9028591077947077
sub-703811884563,19.0,18.910706714498577,19.82156562805176,19.36613617127517,0.3661361712751692
sub-703926084547,42.789869952087614,36.52482610772765,38.850006103515625,37.68741610562164,-5.102453846465977
sub-704612841491,25.0,24.948601372716396,22.385189056396484,23.66689521455644,-1.3331047854435596
sub-704648129030,9.0,8.97091723096798,11.369163513183594,10.170040372075787,1.1700403720757873
sub-705041557672,58.568104038329906,55.33934227606427,52.26932144165039,53.80433185885733,-4.763772179472575
sub-705166047617,21.0,20.702633886571306,20.5280818939209,20.615357890246102,-0.3846421097538979
sub-705262524970,19.0,22.781888389518635,20.340991973876953,21.561440181697794,2.561440181697794
sub-705347968085,33.138945927446954,37.701111113162824,31.571834564208984,34.636472838685904,1.4975269112389498
sub-705884941324,17.0,20.068398176801622,19.2136287689209,19.64101347286126,2.6410134728612604
sub-706711530535,20.0,17.88364935749567,19.79261016845703,18.83812976297635,-1.161870237023649
sub-706713051754,21.0,19.932480972743733,21.45195770263672,20.692219337690226,-0.3077806623097743
sub-707270874156,74.0,62.68046765175544,57.53861618041992,60.10954191608768,-13.890458083912321
sub-707724054383,62.0,39.20867127634348,36.35255432128906,37.78061279881627,-24.21938720118373
sub-707875583398,23.0,31.905938761778877,28.551353454589844,30.22864610818436,7.2286461081843605
sub-707906391106,19.0,25.120800420943084,23.06069564819336,24.09074803456822,5.090748034568222
sub-707928232054,23.0,20.84247889882712,20.024158477783203,20.433318688305164,-2.566681311694836
sub-708325248310,18.0,21.373419680678857,21.9620418548584,21.667730767768628,3.667730767768628
sub-708489424449,23.0,23.378792930742243,20.136077880859375,21.75743540580081,-1.242564594199191
sub-709113271534,21.0,23.948362310543793,26.53738594055176,25.24287412554778,4.242874125547779
sub-709336090516,21.0,21.683371585531493,20.632234573364254,21.157803079447874,0.15780307944787353
sub-709379526999,53.407255304585895,50.778596095694205,63.47684860229492,57.12772234899457,3.7204670444086716
sub-709709181957,8.87,12.538871157375382,6.405531406402588,9.472201281888985,0.6022012818889859
sub-709739847071,27.3812,23.086637993516867,24.734975814819336,23.9108069041681,-3.4703930958318985
sub-710310558743,21.0,19.17042878110964,21.599628448486328,20.38502861479798,-0.6149713852020184
sub-710313763466,12.38,11.749929542956462,12.553414344787598,12.15167194387203,-0.22832805612797102
sub-710627620309,11.0,13.840571902367437,16.789684295654297,15.315128099010867,4.315128099010867
sub-710653466581,62.5,46.38525831363644,41.0103645324707,43.69781142305357,-18.802188576946428
sub-710980622258,60.101300479123886,51.709943160007185,58.746280670166016,55.2281119150866,-4.873188564037285
sub-711287293064,21.0,22.66625576309409,22.973793029785156,22.82002439643962,1.8200243964396208
sub-711316088881,39.46611909650924,44.07924546868888,43.247161865234375,43.66320366696163,4.19708457045239
sub-711460991328,25.0,26.19667237453465,23.41213607788086,24.804404226207755,-0.19559577379224535
sub-711702933403,6.0,14.382527476351209,9.424541473388672,11.90353447486994,5.903534474869939
sub-711810000233,52.30116358658453,41.33873425367247,46.971946716308594,44.15534048499053,-8.145823101593997
sub-711825599373,22.0,26.195147975415814,35.215354919433594,30.705251447424704,8.705251447424704
sub-711880120870,19.0,20.077053338936544,18.96122932434082,19.519141331638682,0.5191413316386821
sub-713067588921,23.0,18.068672339083623,23.580909729003903,20.824791034043763,-2.1752089659562373
sub-713238312807,54.425735797399035,54.351077199053634,50.19815444946289,52.27461582425826,-2.151119973140773
sub-713258499606,86.19849418206707,72.22996068144839,69.22737884521484,70.72866976333162,-15.469824418735442
sub-714049164247,44.0,37.59141295560717,27.466428756713867,32.52892085616052,-11.471079143839482
sub-714133828625,29.0,28.44225265772578,26.057279586791992,27.249766122258887,-1.7502338777411133
sub-714328515596,20.65,24.338634815372956,18.148313522338867,21.24347416885591,0.5934741688559129
sub-714454703838,9.5202,18.0344463402802,15.55077075958252,16.79260854993136,7.272408549931358
sub-715170698474,27.0,24.171606722988,23.135591506958008,23.653599114973005,-3.346400885026995
sub-715188657730,41.90280629705681,31.731998864902693,38.787567138671875,35.259783001787284,-6.643023295269529
sub-715391018569,59.471594798083494,57.54262377816232,57.922943115234375,57.73278344669835,-1.738811351385145
sub-715646324429,19.0,21.0976506513242,20.077919006347656,20.58778482883593,1.5877848288359289
sub-715730829823,46.0,43.607232057969625,35.959251403808594,39.78324173088911,-6.2167582691108905
sub-716555194023,24.854209445585212,28.659524251566133,28.728750228881836,28.694137240223984,3.839927794638772
sub-716652117874,72.5,62.84377678605944,67.75740051269531,65.30058864937737,-7.199411350622626
sub-716969824239,23.0,18.416828281954196,20.98600959777832,19.701418939866258,-3.298581060133742
sub-717096758205,20.0,21.23137179728527,19.433496475219727,20.3324341362525,0.3324341362524983
sub-717241611030,11.2,18.232336723286373,16.408641815185547,17.32048926923596,6.120489269235961
sub-717383994201,27.0,25.72592571608683,22.207353591918945,23.96663965400289,-3.03336034599711
sub-717521415493,83.81108829568788,71.93971361045614,70.83148956298828,71.3856015867222,-12.425486708965678
sub-717749803047,23.0,25.54128931456245,23.05673599243164,24.299012653497044,1.2990126534970443
sub-717875401784,65.11430527036276,58.75806403205307,58.834075927734375,58.79606997989372,-6.31823529046904
sub-717904447748,7.0,13.509156345953231,10.362260818481444,11.935708582217337,4.935708582217337
sub-717923170669,58.0,41.43973076636084,46.77091979980469,44.10532528308276,-13.894674716917237
sub-718994616498,22.0,27.268810492728715,36.825660705566406,32.04723559914756,10.047235599147562
sub-719305753553,29.0,24.224524484207542,30.941570281982425,27.583047383094986,-1.4169526169050144
sub-719423973532,22.0,24.67677737902469,23.079349517822266,23.878063448423475,1.8780634484234753
sub-720232681928,19.0,26.56418824196645,23.23999786376953,24.90209305286799,5.90209305286799
sub-720493926180,8.594520548,9.189862130124936,8.661384582519531,8.925623356322234,0.3311028083222336
sub-720776154383,10.05479452,9.176539531753246,9.989651679992676,9.58309560587296,-0.4716989141270389
sub-722431421602,21.0,30.394580298348757,24.28268814086914,27.33863421960895,6.338634219608949
sub-722687973057,19.0,23.328179099300083,25.69964027404785,24.51390968667397,5.513909686673969
sub-722712736840,23.0,24.990206795669447,23.925315856933594,24.457761326301522,1.4577613263015223
sub-723029434653,27.5,33.01566361853228,32.71989059448242,32.86777710650735,5.367777106507347
sub-723096670239,19.0,28.36677684218785,25.368915557861328,26.867846200024587,7.867846200024587
sub-723325961518,23.0,26.250460555029697,23.67201232910156,24.961236442065626,1.9612364420656263
sub-723403836764,21.0,19.55233389012231,21.714513778686523,20.633423834404418,-0.3665761655955819
sub-723425355879,22.0,25.34490984609047,23.90196418762207,24.623437016856272,2.623437016856272
sub-723719996349,23.0,20.791553142199703,20.959941864013672,20.875747503106687,-2.1242524968933125
sub-723995805134,8.64109589,19.72990223381788,10.18704319000244,14.958472711910161,6.317376821910161
sub-724285887201,21.0,24.700027813698277,21.667634963989254,23.183831388843764,2.183831388843764
sub-724721518392,72.09034907597534,66.11188526034653,60.84283447265625,63.47735986650139,-8.612989209473952
sub-725415967620,19.0,22.918155610804643,18.141786575317383,20.529971093061015,1.5299710930610146
sub-725586193692,23.0,26.765986628968356,23.33697509765625,25.051480863312303,2.051480863312303
sub-725785336385,82.18754277891856,80.71819291324474,73.3235855102539,77.02088921174932,-5.166653567169234
sub-725821040249,40.0,45.89086013663557,34.53744125366211,40.21415069514884,0.2141506951488381
sub-726037746493,19.0,22.599967783343924,22.53666114807129,22.56831446570761,3.5683144657076085
sub-726357481279,25.0,25.250259667959995,20.849123001098633,23.049691334529314,-1.9503086654706863
sub-726436684201,22.0,22.44454648653895,25.400455474853516,23.922500980696235,1.9225009806962348
sub-726447225950,9.97,16.894592625294635,12.114461898803713,14.504527262049173,4.534527262049172
sub-726583561602,59.78370978781656,49.01025048419838,60.52478790283203,54.767519193515206,-5.0161905943013565
sub-726862226876,55.0,35.19183754419714,29.33732795715332,32.26458275067523,-22.73541724932477
sub-727848229209,21.0,25.04480683418752,23.766284942626953,24.405545888407236,3.405545888407236
sub-728001286523,22.5,25.187382204519327,24.04104804992676,24.614215127223044,2.1142151272230443
sub-728218320536,23.0,18.504415725714303,23.25834083557129,20.881378280642796,-2.118621719357204
sub-728882736260,25.0,20.016305396096392,21.432125091552734,20.724215243824563,-4.275784756175437
sub-729003209199,8.139726027,11.586905358619312,11.759708404541016,11.673306881580164,3.5335808545801637
sub-729143650901,19.0,17.98012486685656,21.823101043701172,19.901612955278864,0.9016129552788641
sub-730071150053,19.0,24.92297558512917,25.902822494506836,25.412899039818,6.412899039818001
sub-730097934670,27.5,30.07114357511488,27.37723922729492,28.724191401204898,1.224191401204898
sub-730918684622,10.12328767,6.745402079214156,11.449278831481934,9.097340455348045,-1.0259472146519553
sub-730972405484,19.0,25.124925033584507,21.38170623779297,23.253315635688736,4.253315635688736
sub-731053537710,28.0,26.102276108822867,28.622314453125,27.36229528097393,-0.6377047190260683
sub-731158961758,26.0,23.27806014413525,21.24432373046875,22.261191937302,-3.7388080626979985
sub-731383185695,12.3,10.922600799796804,15.502598762512209,13.212599781154506,0.9125997811545048
sub-731884047204,21.0,23.590664197859315,29.918315887451172,26.75449004265524,5.754490042655242
sub-732461942615,8.1,10.826554681480692,14.26417350769043,12.545364094585562,4.445364094585562
sub-732953690458,21.0,22.223107075580515,22.440296173095703,22.33170162433811,1.331701624338109
sub-733521303257,19.0,18.052658279592823,25.0423583984375,21.54750833901516,2.5475083390151596
sub-733532206179,21.0,22.510431113396542,21.00351333618164,21.75697222478909,0.7569722247890915
sub-733655780174,25.0,31.445795296522952,25.391841888427734,28.418818592475343,3.4188185924753434
sub-733766223690,11.0,10.977822109924848,12.017480850219728,11.497651480072289,0.4976514800722889
sub-733900295883,19.0,25.1580023097022,21.75093460083008,23.45446845526614,4.4544684552661415
sub-734028308401,23.0,19.91905958295604,19.987144470214844,19.95310202658544,-3.046897973414559
sub-734097348430,23.0,18.56471487885444,18.979745864868164,18.7722303718613,-4.227769628138699
sub-734237194162,24.0,25.0359476691072,23.150056838989254,24.093002254048226,0.09300225404822626
sub-734267087534,19.0,21.020521408863686,19.484760284423828,20.252640846643757,1.2526408466437573
sub-734932297481,25.0,26.82665472930757,23.465913772583008,25.14628425094529,0.14628425094528907
sub-736060141260,44.8514715947981,53.04009693649621,60.00885009765625,56.52447351707623,11.673001922278132
sub-736336902194,25.0,18.370260895598435,21.26829719543457,19.819279045516502,-5.180720954483498
sub-737123719510,19.0,25.54010567196012,21.873432159423828,23.706768915691974,4.706768915691974
sub-737279775927,20.0,21.45748355502625,21.22465133666992,21.341067445848083,1.3410674458480827
sub-737612352942,16.0,17.87766051964846,20.42094612121582,19.14930332043214,3.1493033204321392
sub-737772953793,63.67693360711843,50.06279889312596,53.6448974609375,51.85384817703173,-11.8230854300867
sub-737776786402,11.0,5.002223652039994,13.2147855758667,9.108504613953347,-1.8914953860466532
sub-738958020045,19.0,21.998027945472465,22.26622200012207,22.132124972797268,3.1321249727972678
sub-739307848909,17.0,17.91772125958135,20.120792388916016,19.019256824248682,2.019256824248682
sub-739389914455,23.0,25.07734478691873,22.807783126831055,23.942563956874892,0.942563956874892
sub-739807799326,15.35,13.017963756493408,14.633875846862791,13.8259198016781,-1.524080198321899
sub-740850556012,29.77960301163587,32.39795986432529,35.135799407958984,33.766879636142136,3.987276624506265
sub-741157514614,19.0,20.889836406700955,21.21421813964844,21.052027273174698,2.052027273174698
sub-741359564210,67.69883641341546,59.79548919358858,54.68659591674805,57.24104255516831,-10.45779385824715
sub-741541005641,54.60917180013689,42.36165155236927,55.18732452392578,48.774488038147524,-5.834683761989368
sub-741636551928,38.0,34.970790823771665,22.19288444519043,28.581837634481047,-9.418162365518953
sub-741652187641,21.0,20.455843396273167,23.72515869140625,22.09050104383971,1.0905010438397085
sub-741706908470,19.0,20.539187053971943,20.88962745666504,20.71440725531849,1.7144072553184913
sub-742020470746,19.0,14.045864155042713,19.86092185974121,16.953393007391963,-2.0466069926080372
sub-742191010883,43.0,31.18862665520669,26.488008499145508,28.8383175771761,-14.161682422823901
sub-742564189204,19.0,16.51168446334278,18.308855056762695,17.41026976005274,-1.5897302399472615
sub-742853610871,15.0,13.900014202691825,16.87185287475586,15.385933538723842,0.38593353872384206
sub-743352477595,27.5,33.883904370144265,27.334257125854492,30.60908074799938,3.1090807479993785
sub-743455835231,37.0,46.110601175997346,41.8404541015625,43.97552763877992,6.975527638779923
sub-744141834517,46.71047227926078,49.07836596566262,41.88089370727539,45.479629836469,-1.2308424427917757
sub-744298999140,47.5,30.675320341913277,28.48494529724121,29.580132819577244,-17.919867180422756
sub-744423042424,13.8097,4.445675500627992,13.16704559326172,8.806360546944855,-5.003339453055144
sub-744840336405,24.0,33.77271860182218,35.07538986206055,34.42405423194136,10.424054231941362
sub-745672226345,12.8,15.734982529869042,15.729596138000488,15.732289333934766,2.932289333934765
sub-745755840633,18.0,21.611889692548676,17.478357315063477,19.545123503806074,1.5451235038060744
sub-745767581086,8.854794521,-0.2359138627866883,11.645922660827637,5.705004399020474,-3.1497901219795263
sub-745910997827,21.0,20.90730244453918,20.894729614257812,20.901016029398498,-0.09898397060150188
sub-746032496734,32.5,29.762213035062494,29.168954849243164,29.46558394215283,-3.034416057847171
sub-746079690441,10.19726027,4.697677581909534,10.39937686920166,7.548527225555597,-2.648733044444402
sub-747049784071,19.0,18.692856551798428,26.147274017333984,22.420065284566206,3.4200652845662063
sub-747532219636,53.53593429158111,41.14982735155873,42.13065719604492,41.640242273801825,-11.895692017779282
sub-747751581308,23.0,26.86574331454671,30.043882369995117,28.45481284227091,5.454812842270911
sub-748028963399,19.0,12.198877358607266,19.782947540283203,15.990912449445235,-3.0090875505547654
sub-748953105656,9.734246575,14.99519673313546,11.768089294433594,13.381643013784526,3.6473964387845257
sub-749050549103,18.8008,21.11887199411637,18.31800842285156,19.718440208483962,0.917640208483963
sub-749242679952,60.41067761806981,49.11428728013678,60.373538970947266,54.74391312554202,-5.66676449252779
sub-749312838847,8.17,8.250758844812498,13.168325424194336,10.709542134503417,2.5395421345034173
sub-749715302318,21.0,18.44592522131643,20.713041305541992,19.57948326342921,-1.4205167365707894
sub-750015954760,27.0,29.34440610269508,24.285314559936523,26.8148603313158,-0.18513966868420084
sub-750186825284,19.0,17.072590734134927,20.102649688720703,18.587620211427815,-0.41237978857218494
sub-750196886752,62.425735797399035,58.693380962928586,53.58538818359375,56.13938457326117,-6.286351224137867
sub-750206436120,25.0,22.899219759886357,24.72994804382324,23.814583901854796,-1.185416098145204
sub-750507848849,9.750684932,16.36288791005002,14.064164161682127,15.213526035866074,5.462841103866074
sub-750841455509,33.0,36.65046412944524,28.55779457092285,32.604129350184046,-0.3958706498159543
sub-751188829255,21.0,26.100059002282393,21.039012908935547,23.56953595560897,2.56953595560897
sub-751517719808,24.0,23.72431370227941,23.438478469848633,23.58139608606402,-0.4186039139359785
sub-751707093596,52.689938398357285,46.96248569259512,44.80160903930664,45.88204736595088,-6.807891032406403
sub-751985660700,19.0,21.83668179305428,18.26692008972168,20.05180094138798,1.051800941387981
sub-752296417260,19.0,25.666072143923596,25.105947494506836,25.386009819215218,6.386009819215218
sub-752442155878,19.0,20.747680997920973,21.684167861938477,21.215924429929725,2.215924429929725
sub-752781093429,19.0,21.504616665607784,18.390350341796875,19.94748350370233,0.9474835037023297
sub-752827719198,20.0,15.937521208185318,20.496904373168945,18.21721279067713,-1.7827872093228692
sub-752863684946,21.0,25.148855325911555,20.833683013916016,22.991269169913785,1.9912691699137852
sub-753786847117,19.0,21.491782264296845,21.64623260498047,21.569007434638657,2.5690074346386567
sub-754051367234,23.0,23.74590594708628,22.682409286499023,23.21415761679265,0.21415761679265088
sub-754065609304,27.0,-40.28269643787537,27.330739974975582,-6.475978231449895,-33.47597823144989
sub-754201155706,19.0,23.2388849735589,21.319551467895508,22.279218220727202,3.279218220727202
sub-754258049359,21.0,17.69577950348332,21.62954330444336,19.66266140396334,-1.337338596036659
sub-754454498342,22.0,20.29882680580933,25.078529357910156,22.68867808185974,0.6886780818597416
sub-754458206989,19.0,18.95008849306845,20.857826232910156,19.903957362989303,0.9039573629893027
sub-755143257543,18.2806,24.482282539523112,20.10926628112793,22.29577441032552,4.015174410325521
sub-755228432677,10.53,12.2649805661436,13.585162162780762,12.92507136446218,2.395071364462181
sub-755625059611,8.851472,9.3713361358465,9.66563892364502,9.518487529745759,0.6670155297457594
sub-755838130322,19.0,16.09025431877159,20.246946334838867,18.168600326805226,-0.8313996731947739
sub-756104556615,25.0,29.335911743915545,23.29903030395508,26.317471023935312,1.3174710239353118
sub-757057096066,22.5,30.08099148597345,29.882221221923828,29.98160635394864,7.481606353948639
sub-757266037663,25.0,25.003673193266824,23.97820281982422,24.49093800654552,-0.5090619934544804
sub-757369811232,21.0,19.162088407796457,20.914527893066406,20.038308150431433,-0.9616918495685667
sub-757409269329,60.0,45.31265714155449,32.73458480834961,39.02362097495205,-20.976379025047947
sub-757931942373,23.0,18.75209179878875,22.60998153686523,20.68103666782699,-2.318963332173009
sub-758007443326,21.0,25.77467694111475,23.36391830444336,24.569297622779054,3.569297622779054
sub-758975121093,19.0,18.496727500790087,21.201906204223633,19.84931685250686,0.8493168525068597
sub-758981695931,19.0,24.039288414709095,21.459705352783203,22.749496883746147,3.749496883746147
sub-759162668860,19.75,26.88174152188546,19.391870498657227,23.136806010271343,3.386806010271343
sub-760088018063,49.0,34.84381932595875,35.948429107666016,35.39612421681238,-13.603875783187618
sub-760422023808,23.0,23.638125767928894,23.419208526611328,23.528667147270113,0.528667147270113
sub-760566903733,22.0,19.60394583427441,19.38514518737793,19.49454551082617,-2.505454489173829
sub-760845068933,19.0,21.142915685226633,20.444900512695312,20.793908098960973,1.7939080989609728
sub-760927711967,19.0,23.746934036212913,19.959638595581055,21.853286315896984,2.853286315896984
sub-761008927690,51.75359342915811,64.22584191410314,49.821800231933594,57.02382107301837,5.2702276438602595
sub-761178177952,19.0,15.5324086429848,20.018491744995117,17.775450193989958,-1.2245498060100424
sub-761342473396,21.0,22.132230237855577,24.263870239257812,23.198050238556696,2.1980502385566965
sub-761743611697,19.0,17.730997232393733,23.685077667236328,20.70803744981503,1.7080374498150306
sub-761787072334,21.0,21.952858003123755,21.818042755126953,21.885450379125352,0.8854503791253521
sub-761933517719,19.0,28.63482306379009,24.198301315307617,26.416562189548856,7.416562189548856
sub-761933695478,40.03559206023272,44.10243422983838,38.65906524658203,41.380749738210206,1.3451576779774825
sub-762070675429,62.0,43.70306586823426,43.35112762451172,43.52709674637299,-18.47290325362701
sub-762537788840,32.0,17.933701487154977,21.962257385253903,19.94797943620444,-12.052020563795558
sub-762833422997,79.0,86.9686552256349,63.29778289794922,75.13321906179206,-3.8667809382079383
sub-763015005475,19.0,20.76608257315604,24.70227813720703,22.734180355181536,3.734180355181536
sub-763328690129,27.0,25.74869316376519,20.82610321044922,23.287398187107204,-3.712601812892796
sub-763770809315,19.0,23.046329890756105,19.5000057220459,21.273167806401002,2.273167806401002
sub-764231879634,27.5,22.76888353538908,23.29459571838379,23.031739626886434,-4.468260373113566
sub-764593805284,26.0,29.14139646655283,25.67327117919922,27.407333822876026,1.4073338228760264
sub-765217637922,23.0,22.349270599111072,20.606557846069336,21.477914222590204,-1.5220857774097958
sub-765748207688,19.0,15.721696869409024,20.18991470336914,17.95580578638908,-1.0441942136109184
sub-765759462999,19.0,21.578039532631305,22.545534133911133,22.06178683327122,3.0617868332712206
sub-765816134328,9.578082192,12.152358194355958,13.48967170715332,12.82101495075464,3.2429327587546393
sub-766124719459,32.5,30.242774933708155,22.62502670288086,26.433900818294507,-6.066099181705493
sub-766202082508,20.0,20.055988363581587,22.119535446166992,21.08776190487429,1.0877619048742915
sub-766537706017,12.4,10.353381794337668,11.969881057739258,11.161631426038463,-1.2383685739615373
sub-766685974606,13.92,15.333453734988147,15.603647232055664,15.468550483521906,1.5485504835219057
sub-766767730847,9.97,11.87770587261766,17.33910369873047,14.608404785674065,4.638404785674064
sub-766890196426,22.0,20.57026316353735,24.45001792907715,22.510140546307248,0.5101405463072481
sub-766985344911,23.0,25.865041002301034,21.0566349029541,23.460837952627568,0.46083795262756766
sub-767758047479,51.29089664613279,55.041891757498846,48.08894348144531,51.56541761947208,0.2745209733392855
sub-768287290520,70.1409993155373,67.10691823137304,69.84005737304688,68.47348780220996,-1.6675115133273408
sub-768568343560,20.0,23.94826474459545,24.511743545532227,24.230004145063837,4.2300041450638375
sub-768580810599,23.0,20.351363955800004,21.405881881713867,20.878622918756935,-2.1213770812430646
sub-768654883244,9.034908,8.012835983436506,12.30591106414795,10.159373523792228,1.124465523792228
sub-768852153668,32.5,30.882794600207863,29.98233985900879,30.432567229608324,-2.067432770391676
sub-769197912961,23.0,26.95051894528821,21.212909698486328,24.08171432188727,1.0817143218872687
sub-769448459080,23.0,17.76671325404921,19.669748306274418,18.718230780161814,-4.281769219838186
sub-769671625319,15.0,15.22032341298914,18.63624382019043,16.928283616589784,1.928283616589784
sub-769744298197,19.0,23.03468845254504,23.062057495117188,23.048372973831114,4.048372973831114
sub-770198451893,25.0,16.42401577722838,21.334867477416992,18.879441627322684,-6.120558372677316
sub-770298145539,19.0,23.716745679037277,23.48309898376465,23.59992233140096,4.599922331400961
sub-770697219769,25.0,22.22901785821671,21.111427307128903,21.670222582672807,-3.3297774173271932
sub-770752645310,19.0,22.732863514676183,21.746641159057617,22.2397523368669,3.2397523368669
sub-771165526785,27.0,19.588565975490305,23.17206382751465,21.380314901502476,-5.6196850984975235
sub-771399282765,19.0,18.38141038327668,19.557327270507812,18.969368826892246,-0.03063117310775354
sub-771512436978,16.8,20.691605222582425,17.35683822631836,19.024221724450392,2.2242217244503912
sub-772014211701,23.0,26.48255239488289,23.713542938232425,25.098047666557658,2.098047666557658
sub-772118614430,59.00342231348392,53.9723755720676,53.52530670166016,53.74884113686388,-5.254581176620036
sub-772633785103,19.0,15.19599395567094,17.472681045532227,16.334337500601585,-2.6656624993984153
sub-772653333590,20.0,20.07364801893776,23.37856101989746,21.72610451941761,1.7261045194176106
sub-772805471815,25.0,24.23444915224857,24.9381046295166,24.586276890882587,-0.41372310911741295
sub-774322633508,19.0,20.98974620098477,21.65988540649414,21.324815803739455,2.3248158037394546
sub-774375266270,22.5,34.28756023915791,32.923095703125,33.605327971141456,11.105327971141456
sub-774740356265,53.670088980150574,49.33231514084965,57.93302917480469,53.63267215782717,-0.03741682232340082
sub-775173632081,21.0,17.245751255339094,21.87793731689453,19.561844286116813,-1.4381557138831873
sub-775521066439,68.48186173853524,87.52718398383202,68.81879425048828,78.17298911716014,9.691127378624898
sub-775584956556,8.854794521,13.183677814548068,13.564406394958496,13.374042104753283,4.519247583753282
sub-775700335060,12.0,12.53713323611143,12.27616024017334,12.406646738142385,0.40664673814238483
sub-775830586801,29.0,22.066224763287643,24.13595199584961,23.101088379568626,-5.898911620431374
sub-775870565890,13.21643836,13.910219218310951,16.454936981201172,15.18257809975606,1.966139739756061
sub-775940679010,23.0,21.70198951657601,20.36413192749023,21.03306072203312,-1.9669392779668797
sub-776152914559,24.002737850787128,28.1688826656177,24.449222564697266,26.309052615157484,2.306314764370356
sub-776201201249,23.0,19.64246821102327,19.301822662353516,19.472145436688393,-3.5278545633116067
sub-776489659954,72.5,78.72291911038938,71.26033782958984,74.99162846998962,2.491628469989621
sub-776519740044,19.0,20.723768394465147,21.661237716674805,21.192503055569976,2.1925030555699756
sub-776559088401,25.741273100616016,34.96070152681501,32.12556838989258,33.54313495835379,7.801861857737773
sub-777229560355,23.0,21.06836165452105,21.069602966308594,21.06898231041482,-1.931017689585179
sub-777549072852,10.64,5.709871754615765,9.683963775634766,7.696917765125265,-2.943082234874735
sub-777893483077,30.0,31.302463390690683,25.5643310546875,28.43339722268909,-1.5666027773109086
sub-777922197558,20.928131416837783,21.104859761302983,26.308238983154297,23.70654937222864,2.7784179553908572
sub-778029593360,21.0,21.229567625103993,21.470739364624023,21.35015349486401,0.35015349486400993
sub-778048043938,22.0,19.63563070423653,24.770658493041992,22.203144598639263,0.2031445986392626
sub-778080071565,22.5,32.56156794042766,22.50378799438477,27.532677967406215,5.032677967406215
sub-778816944846,23.0,23.515163629179117,23.792724609375,23.653944119277057,0.6539441192770568
sub-778826665322,19.0,22.44052789241008,20.07462501525879,21.257576453834435,2.257576453834435
sub-778852656136,21.0,23.18639082200402,21.846145629882812,22.516268225943417,1.516268225943417
sub-779173736338,29.0,22.04666350028389,22.122495651245117,22.084579575764504,-6.915420424235496
sub-779514017707,19.0,25.025346361891124,19.349611282348633,22.18747882211988,3.1874788221198784
sub-779760142266,20.0,18.16244258652694,20.736196517944336,19.449319552235636,-0.5506804477643641
sub-779882127370,19.0,17.07003647644941,19.61712646484375,18.34358147064658,-0.6564185293534202
sub-780065374239,20.0,19.55488647447462,18.69769287109375,19.126289672784186,-0.8737103272158144
sub-780103882043,59.50992470910335,57.24020700729757,61.36482238769531,59.30251469749644,-0.20741001160691042
sub-780180841050,9.0,3.640533355397526,8.8397798538208,6.240156604609163,-2.7598433953908366
sub-780786882991,19.0,19.085555712182696,21.62917137145996,20.35736354182133,1.3573635418213286
sub-780945670746,32.75,32.39406720463546,22.56867218017578,27.48136969240562,-5.268630307594378
sub-781171966594,31.0,26.32843485330317,24.31675910949707,25.322596981400117,-5.6774030185998825
sub-781236951487,23.0,23.455933663304815,21.27490234375,22.36541800352741,-0.6345819964725905
sub-781892887045,21.0,18.743138344127352,21.306507110595703,20.024822727361528,-0.9751772726384722
sub-782020601813,21.0,19.8525936160035,21.275232315063477,20.56391296553349,-0.4360870344665102
sub-782213755099,19.0,21.944306988145943,21.23622131347656,21.59026415081125,2.590264150811251
sub-782327830408,19.0,18.686035456850576,22.810997009277344,20.74851623306396,1.7485162330639596
sub-782541652483,22.5,26.821931927138944,26.261016845703125,26.541474386421037,4.0414743864210365
sub-782755729398,37.5,39.80135002988753,30.896190643310547,35.34877033659904,-2.1512296634009616
sub-783542275031,21.0,22.420325453832735,21.134477615356445,21.77740153459459,0.7774015345945884
sub-783690359289,19.0,19.14430108354292,18.00834846496582,18.57632477425437,-0.42367522574562955
sub-783961028096,19.0,19.313723781595257,21.48234748840332,20.39803563499929,1.3980356349992888
sub-784538675800,19.0,17.972762609219338,21.00468063354492,19.488721621382126,0.48872162138212616
sub-784744094165,21.0,25.50639777809245,21.289377212524418,23.39788749530843,2.3978874953084315
sub-784746686469,12.2546,5.596444901270388,13.935887336730955,9.766166119000673,-2.4884338809993274
sub-784844785371,19.0,21.04554111704095,20.231475830078125,20.63850847355954,1.6385084735595399
sub-785101208040,60.0,67.52357339927836,63.3477897644043,65.43568158184132,5.435681581841322
sub-785605129869,19.0,14.502615378297698,21.24693298339844,17.87477418084807,-1.1252258191519289
sub-786210585416,23.0,21.65029750312829,22.48659324645996,22.068445374794123,-0.9315546252058766
sub-786291754095,8.3313,6.234508398303234,9.362168312072754,7.798338355187994,-0.5329616448120067
sub-786490511114,27.0,27.555255661779967,27.13457298278809,27.344914322284026,0.3449143222840263
sub-786594979854,6.0,8.539109726456665,9.206500053405762,8.872804889931214,2.8728048899312135
sub-787007356879,22.0,21.55739638869292,23.70052719116211,22.628961789927516,0.6289617899275157
sub-787199115410,62.5,53.84622741546943,45.57615280151367,49.71119010849155,-12.78880989150845
sub-787231969341,59.0,50.16087006488851,37.06853866577149,43.61470436533,-15.385295634670001
sub-787417420604,23.0,24.160730352936987,23.36434555053711,23.76253795173705,0.7625379517370483
sub-787578957117,12.0,18.16501581933842,17.345048904418945,17.755032361878683,5.755032361878683
sub-787836264343,25.0,28.85747676632389,26.321046829223633,27.589261797773762,2.589261797773762
sub-788150792132,22.0,23.65832411287708,24.940670013427734,24.29949706315241,2.2994970631524083
sub-788416388677,31.61670088980151,36.96863485178853,36.627437591552734,36.79803622167063,5.181335331869118
sub-788492862739,69.0,55.17655196540756,55.21113586425781,55.193843914832684,-13.806156085167316
sub-788524139489,25.0,27.995458571129543,24.49028778076172,26.242873175945633,1.2428731759456326
sub-788968945004,26.0,20.454985986985186,20.492137908935547,20.473561947960366,-5.526438052039634
sub-789224424631,19.0,24.385643390786388,22.338438034057617,23.362040712422,4.362040712422001
sub-789237283790,12.66027397,17.21495525840062,9.583097457885742,13.399026358143182,0.7387523881431814
sub-789284069383,24.17522245037645,28.44214488641226,32.930908203125,30.686526544768633,6.511304094392184
sub-789333583005,35.0,26.74144188116048,29.921377182006836,28.33140953158366,-6.66859046841634
sub-789505181151,21.0,18.174545333524744,19.158794403076172,18.66666986830046,-2.3333301316995403
sub-790004250935,18.0,21.60681470633156,20.72661018371582,21.16671244502369,3.166712445023691
sub-790241781136,72.59411362080766,60.39261235972555,55.52386093139648,57.958236645561016,-14.635876975246646
sub-790515405307,19.0,22.598936725512512,23.104225158691406,22.85158094210196,3.851580942101961
sub-790692389068,21.0,23.510596003508923,20.922636032104492,22.216616017806707,1.2166160178067074
sub-790734373738,19.0,22.091960964051076,20.62813377380371,21.360047368927393,2.3600473689273933
sub-790852388297,10.9,11.79269347499866,15.842202186584473,13.817447830791567,2.9174478307915663
sub-790913183441,23.0,24.580254082919367,23.885557174682617,24.232905628800992,1.2329056288009923
sub-791237244812,24.0,22.057013506454876,21.478137969970703,21.76757573821279,-2.2324242617872088
sub-791276074550,32.5,23.97635358662439,26.780927658081055,25.378640622352723,-7.121359377647277
sub-792038430709,21.0,24.605285900493,22.70210075378418,23.65369332713859,2.6536933271385905
sub-792075286865,19.0,17.92814839357402,20.391700744628903,19.159924569101463,0.15992456910146302
sub-792504229121,17.0,14.619961520604212,18.93932342529297,16.77964247294859,-0.22035752705140865
sub-793040141067,21.0,17.205317087292737,22.071611404418945,19.638464245855843,-1.3615357541441568
sub-793173130184,19.0,23.2036769050111,22.08054542541504,22.64211116521307,3.6421111652130698
sub-794588803641,9.301369863,13.284670750994524,13.491098403930664,13.387884577462593,4.086514714462593
sub-794734640420,23.0,19.8277238327413,26.7460880279541,23.2869059303477,0.2869059303477002
sub-794804660894,14.0,14.991131786924656,15.497809410095217,15.244470598509936,1.2444705985099365
sub-795002530881,23.0,27.597124535452597,24.831689834594727,26.21440718502366,3.21440718502366
sub-795676218612,11.02465753,11.388072912211786,15.913256645202637,13.650664778707212,2.626007248707211
sub-795710895899,9.0,0.960958468819836,12.662020683288574,6.811489576054205,-2.188510423945795
sub-795773669005,67.5,56.781402435019366,60.12711715698242,58.4542597960009,-9.045740203999102
sub-795872008215,21.0,26.59457866781855,23.456085205078125,25.02533193644834,4.025331936448339
sub-795999168691,37.0,46.078404839402296,38.58137893676758,42.32989188808494,5.329891888084937
sub-796075391296,21.0,23.689263207963172,20.427959442138672,22.058611325050922,1.0586113250509221
sub-796107983896,12.0,12.68219603103488,13.167136192321776,12.924666111678327,0.9246661116783272
sub-796344361436,21.0,22.87260826294586,25.402742385864254,24.13767532440506,3.137675324405059
sub-796461524642,19.0,23.236103336427483,20.51650619506836,21.87630476574792,2.8763047657479213
sub-797020001946,23.0,21.22489029348532,19.384355545043945,20.30462291926463,-2.695377080735369
sub-797027765789,18.0,14.362201531766566,18.65702438354492,16.50961295765574,-1.4903870423442598
sub-797715138957,21.0,26.595587871443904,22.882116317749023,24.738852094596464,3.7388520945964636
sub-797812763865,23.0,16.909156318529643,19.402061462402344,18.15560889046599,-4.844391109534008
sub-798608728848,19.0,21.689559018599716,18.97955322265625,20.334556120627983,1.3345561206279832
sub-798649997254,21.0,26.120007691396424,22.343486785888672,24.231747238642548,3.231747238642548
sub-798827199180,19.0,17.996949748830513,20.154464721679688,19.075707235255102,0.07570723525510203
sub-798868156113,11.9,9.91541181896699,15.27888298034668,12.597147399656835,0.6971473996568349
sub-799096182745,25.938398357289532,23.029675951900348,23.852436065673828,23.441056008787086,-2.497342348502446
sub-799436047340,21.0,20.229441001616195,22.38762855529785,21.308534778457023,0.30853477845702315
sub-799740592794,22.0,20.84188548310788,20.99091911315918,20.91640229813353,-1.08359770186647
sub-800311395021,19.0,19.986784869035105,21.44383430480957,20.715309586922338,1.7153095869223378
sub-800520411823,22.0,22.506587284914673,25.661096572875977,24.083841928895325,2.0838419288953247
sub-800961042105,19.0,22.2574746170738,20.575124740600582,21.41629967883719,2.4162996788371913
sub-800984068342,25.0,19.741327943514236,20.831064224243164,20.2861960838787,-4.7138039161213
sub-801338861657,22.0,27.31718300694524,22.74193572998047,25.029559368462856,3.0295593684628557
sub-801361893773,19.0,28.42067624544823,19.21022605895996,23.815451152204098,4.815451152204098
sub-801540568785,27.0,23.419513136780665,31.351322174072266,27.385417655426465,0.38541765542646544
sub-801647502527,19.0,20.522435801980667,22.621410369873047,21.571923085926855,2.571923085926855
sub-801779602005,23.0,27.475977589393217,27.20618057250977,27.341079080951495,4.341079080951495
sub-802008837921,25.0,23.373084032038086,20.781614303588867,22.077349167813477,-2.922650832186523
sub-802325946883,21.0,26.514228152364616,24.706871032714844,25.61054959253973,4.61054959253973
sub-802458837032,21.0,22.89749325790009,20.242773056030273,21.570133156965184,0.5701331569651842
sub-802577239020,10.09041096,12.293538707485975,15.27302360534668,13.783281156416328,3.6928701964163277
sub-803058753287,18.0,21.577091304956415,23.63637924194336,22.606735273449885,4.606735273449885
sub-803177652573,8.276523,7.0577049992646295,12.05151653289795,9.55461076608129,1.2780877660812902
sub-803554308913,22.0,29.349841743615737,25.586122512817383,27.467982128216562,5.467982128216562
sub-803660783259,39.38398357289528,42.66490488780654,31.75769424438477,37.211299566095654,-2.172684006799628
sub-804584597484,21.0,17.872552531660475,24.278343200683594,21.075447866172034,0.07544786617203414
sub-804603292659,41.05954825462013,32.443213601962796,42.52766799926758,37.48544080061519,-3.5741074540049453
sub-804610978249,8.9363,15.674006608568,18.469202041625977,17.071604325096988,8.135304325096989
sub-805310521997,9.44,10.001830914879369,11.401402473449709,10.701616694164539,1.2616166941645393
sub-805388577387,34.0,23.922224978897464,26.081241607666016,25.001733293281738,-8.998266706718262
sub-805727987150,45.37987679671458,44.40892368407765,40.262428283691406,42.33567598388453,-3.0442008128300557
sub-805739682206,21.0,23.151222624096025,23.52118682861328,23.33620472635465,2.3362047263546515
sub-805806601715,18.0,30.35707628419039,22.682546615600582,26.519811449895485,8.519811449895485
sub-806223413897,23.0,22.410624451563233,21.5396728515625,21.97514865156287,-1.0248513484371315
sub-806263558975,28.0,36.78086966929215,34.89665603637695,35.83876285283455,7.838762852834549
sub-806757429701,69.60985626283367,55.84693333500542,57.25301361083984,56.54997347292263,-13.059882789911043
sub-806984120210,57.5,52.23675502781977,49.67210006713867,50.95442754747922,-6.54557245252078
sub-806985265271,18.0,23.23273143407864,20.359947204589844,21.796339319334244,3.796339319334244
sub-807155774087,19.0,15.973142420381055,20.790271759033203,18.381707089707128,-0.6182929102928725
sub-807440222278,25.0,25.15868254177596,22.806453704833984,23.982568123304972,-1.0174318766950279
sub-807604407302,9.0,5.06783836426882,10.33426570892334,7.70105203659608,-1.2989479634039203
sub-807851354224,19.0,20.55155217311426,21.1785945892334,20.86507338117383,1.8650733811738291
sub-808039124835,19.0,24.312190376445873,21.339967727661133,22.8260790520535,3.826079052053501
sub-808051274484,32.5,30.83609496591128,29.00457000732422,29.92033248661775,-2.579667513382251
sub-808157587639,23.0,21.220181890367027,23.366382598876953,22.29328224462199,-0.7067177553780084
sub-809063090399,48.0,32.61707061818822,31.7047176361084,32.16089412714831,-15.83910587285169
sub-809210264000,21.0,22.795437782929515,23.18322372436523,22.989330753647373,1.9893307536473728
sub-809505482452,19.0,13.698697214450307,21.077070236206055,17.38788372532818,-1.6121162746718198
sub-809547720905,19.0,21.159349003630787,19.365036010742188,20.262192507186487,1.2621925071864872
sub-809580291106,30.0,30.289200476581684,23.2783145904541,26.783757533517893,-3.2162424664821074
sub-809667175823,43.0,44.65271918102498,28.3891658782959,36.52094252966044,-6.479057470339562
sub-810607919990,22.0,17.751227703258593,20.15312385559082,18.952175779424707,-3.0478242205752935
sub-810772531079,22.5,26.135524791958023,24.62589454650879,25.380709669233404,2.880709669233404
sub-810826854275,19.0,27.65897719033131,21.43680191040039,24.547889550365852,5.547889550365852
sub-811547022329,21.0,22.506112573970423,20.71819496154785,21.61215376775914,0.6121537677591391
sub-811800470787,12.0,10.409949601375764,14.809462547302246,12.609706074339005,0.6097060743390053
sub-812214146764,19.08,26.607258427665705,23.27452087402344,24.940889650844575,5.860889650844577
sub-812672057112,21.0,21.478558063964424,20.855375289916992,21.16696667694071,0.1669666769407101
sub-812837651289,9.1068,13.047861506117126,13.811423301696776,13.42964240390695,4.32284240390695
sub-813575465955,22.0,27.60464642730674,27.078998565673828,27.341822496490284,5.341822496490284
sub-813637963361,23.0,25.271630620112276,21.71809196472168,23.494861292416978,0.49486129241697796
sub-814384510207,21.0,23.631791583508384,18.62074851989746,21.126270051702924,0.1262700517029245
sub-814384578384,71.0,69.40468396987166,66.02264404296875,67.7136640064202,-3.2863359935797973
sub-814718160007,24.0,21.454626344888425,24.684415817260746,23.069521081074583,-0.9304789189254166
sub-815173026303,18.0,26.01667498570956,23.32481575012207,24.670745367915814,6.6707453679158135
sub-815376101199,10.4668,14.487460847795704,11.607952117919922,13.047706482857812,2.580906482857813
sub-815491283103,13.0,16.7859549689694,11.02206039428711,13.904007681628254,0.9040076816282543
sub-815762978204,16.88,17.53123619568671,22.432279586791992,19.98175789123935,3.1017578912393517
sub-815780161044,18.0,24.32522133373552,19.024751663208008,21.674986498471764,3.674986498471764
sub-815980899157,10.80547945,12.853161876862458,9.291565895080566,11.072363885971512,0.26688443597151235
sub-816072514616,47.014373716632434,40.872990261357295,44.1071891784668,42.49008971991205,-4.524283996720385
sub-816361417384,21.0,19.929323155047246,20.327247619628903,20.128285387338074,-0.8717146126619255
sub-816794694787,19.0,18.702121884424702,22.68463897705078,20.69338043073774,1.69338043073774
sub-817170359143,21.0,29.4935680929004,25.72071075439453,27.607139423647467,6.607139423647467
sub-817372801543,26.0,31.092414932763536,26.579668045043945,28.83604148890374,2.8360414889037386
sub-817638670886,8.75,4.879520675410237,10.84687614440918,7.8631984099097085,-0.8868015900902915
sub-817752088722,35.80561259411362,38.75472049437398,33.46137237548828,36.108046434931126,0.3024338408175069
sub-818138400676,62.80355920602327,69.25879145853686,63.17253494262695,66.2156632005819,3.4121039945586276
sub-818648562062,9.167123288,7.924974600825255,11.389659881591797,9.657317241208526,0.4901939532085251
sub-819058231563,50.65023956194389,48.022090998344,41.55924606323242,44.79066853078821,-5.8595710311556815
sub-819345651599,10.0,16.802902225043464,19.139463424682617,17.971182824863043,7.9711828248630425
sub-819728345558,12.0,13.98048471020181,14.72995376586914,14.355219238035476,2.3552192380354757
sub-819765846714,12.66575342,12.788376298285618,14.223258018493652,13.505817158389636,0.8400637383896363
sub-819847023081,27.0,26.24119569475421,25.483211517333984,25.862203606044098,-1.1377963939559024
sub-820231231679,40.0,31.30080707262081,23.940893173217773,27.620850122919293,-12.379149877080707
sub-820918431463,21.0,22.429680472731395,21.251840591430664,21.840760532081028,0.8407605320810276
sub-822012913315,64.10403832991102,48.36943500935139,53.3664436340332,50.8679393216923,-13.236099008218723
sub-822496166954,49.40451745379877,48.90533162041045,56.188175201416016,52.54675341091323,3.1422359571144654
sub-822667153127,60.895277207392205,63.016297521545425,60.80231475830078,61.9093061399231,1.0140289325308984
sub-823056441215,23.0,20.941456879618848,21.34772491455078,21.144590897084814,-1.8554091029151856
sub-823314386412,23.0,18.95773041929842,21.586740493774418,20.27223545653642,-2.7277645434635787
sub-823338568536,19.0,16.413296623798345,20.259370803833008,18.336333713815677,-0.6636662861843234
sub-823640829061,30.0,29.912379531281843,26.794519424438477,28.35344947786016,-1.6465505221398402
sub-823805022711,55.23887748117728,62.85935944820599,62.47724533081055,62.66830238950827,7.4294249083309865
sub-824016129369,19.0,17.936297030357963,20.363828659057617,19.15006284470779,0.15006284470779008
sub-824231976656,29.114305270362767,39.395968159611584,33.58769226074219,36.491830210176886,7.377524939814119
sub-824258100265,19.0,16.858223271676437,20.899351119995117,18.878787195835777,-0.12121280416422309
sub-824506674083,25.1854893908282,24.912321698517815,23.21283721923828,24.062579458878048,-1.1229099319501508
sub-825201030964,22.0,24.310977924903423,24.20916748046875,24.260072702686088,2.260072702686088
sub-825486549892,61.0,45.86697972986326,54.76421356201172,50.31559664593749,-10.68440335406251
sub-825991117035,42.220396988364136,45.243133548164465,48.936134338378906,47.089633943271686,4.869236954907549
sub-826102254940,23.0,21.24509731255,21.45693588256836,21.35101659755918,-1.6489834024408196
sub-826451552289,21.0,20.823394747493214,22.485517501831055,21.654456124662133,0.6544561246621328
sub-826455898290,30.0,28.30056817627394,27.741737365722656,28.0211527709983,-1.9788472290017012
sub-826772137795,26.0,21.69004083356659,26.86227035522461,24.2761555943956,-1.7238444056043996
sub-826893413413,20.0,26.153392900849713,21.831945419311523,23.992669160080617,3.9926691600806166
sub-827202849142,26.0,19.22636204671302,20.27203941345215,19.749200730082585,-6.250799269917415
sub-827210987847,10.25,15.629987585095453,11.868313789367676,13.749150687231564,3.4991506872315643
sub-827347252526,19.0,29.70207133872049,23.957509994506836,26.82979066661366,7.829790666613661
sub-827668818840,12.91,12.725880203991586,12.875636100769045,12.800758152380315,-0.10924184761968547
sub-828187678695,8.1,16.83136976666089,17.39508056640625,17.11322516653357,9.013225166533571
sub-828311225647,12.01,15.194878865768557,14.655436515808104,14.92515769078833,2.9151576907883303
sub-828779825670,21.0,28.680320465367213,23.92385482788086,26.302087646624038,5.302087646624038
sub-828825650995,18.0,18.32510409668455,17.162019729614258,17.743561913149406,-0.25643808685059355
sub-828848864811,20.0,25.75147500774955,23.66924095153809,24.71035797964382,4.71035797964382
sub-829229264200,9.69,10.605429778627762,10.971363067626951,10.788396423127356,1.0983964231273564
sub-829279911985,19.0,5.849681178033492,18.162275314331055,12.005978246182273,-6.9940217538177265
sub-829286451165,46.36550308008214,42.52604660830181,52.13248443603515,47.329265522168484,0.9637624420863418
sub-829944719647,27.0,26.03506796196374,23.41269302368164,24.72388049282269,-2.2761195071773095
sub-830297451917,23.0,25.6019781104324,22.89620780944824,24.24909295994032,1.2490929599403202
sub-831004498487,10.5,9.478458676570645,14.26492404937744,11.871691362974042,1.3716913629740421
sub-831104295303,21.0,27.69837934491189,23.36372184753418,25.531050596223032,4.531050596223032
sub-831420461855,18.0,21.900690625713295,22.997589111328125,22.44913986852071,4.44913986852071
sub-831498430235,21.0,22.238207983247527,27.0374755859375,24.637841784592514,3.6378417845925135
sub-831623495535,18.0,20.690947462072188,22.48774147033691,21.58934446620455,3.589344466204551
sub-831631755294,14.9432,12.824818065255329,17.891639709472656,15.358228887363992,0.41502888736399335
sub-831859007293,9.25,8.81420648443859,9.084348678588867,8.949277581513728,-0.3007224184862718
sub-832192965978,19.0,22.4243813509686,22.488130569458008,22.456255960213305,3.456255960213305
sub-832211824826,36.0,41.36569723262277,32.79864501953125,37.082171126077014,1.0821711260770144
sub-833405084335,24.0,23.450022824819793,21.16357421875,22.3067985217849,-1.6932014782151015
sub-833762581917,22.5,25.400644113128468,24.89189720153809,25.14627065733328,2.646270657333279
sub-833785451044,25.582477754962355,27.497185120291473,24.49201774597168,25.994601433131578,0.41212367816922324
sub-833933618360,68.0,59.779166166025966,69.86251068115234,64.82083842358915,-3.1791615764108485
sub-834050217069,19.0,17.484454639964873,19.735836029052734,18.610145334508804,-0.3898546654911961
sub-834265926310,21.0,19.90069044084869,21.323707580566406,20.61219901070755,-0.387800989292451
sub-834759665803,21.0,18.966026074374653,20.571245193481445,19.76863563392805,-1.2313643660719507
sub-834921406993,21.0,20.96546969649829,22.985029220581055,21.975249458539672,0.9752494585396718
sub-834928817578,63.41683778234086,63.95476943772513,58.12012481689453,61.03744712730983,-2.379390655031031
sub-835150699145,25.0,27.82546572431856,22.72802734375,25.27674653403428,0.27674653403428096
sub-835540494601,23.0,19.368703195220043,22.19061279296875,20.779657994094396,-2.2203420059056036
sub-835915863975,13.0,14.489837405211109,14.034907341003418,14.262372373107263,1.2623723731072634
sub-836204819379,9.268493151,15.22826463255283,16.92243003845215,16.07534733550249,6.806854184502489
sub-836224924436,60.84052019164955,56.43228030615561,58.39687728881836,57.41457879748698,-3.425941394162571
sub-836293495017,13.0,23.85541889221412,18.461034774780273,21.158226833497196,8.158226833497196
sub-836905304579,71.0,111.70792872147582,59.025665283203125,85.36679700233947,14.366797002339467
sub-837107069292,18.2177,17.13424522790953,18.43048095703125,17.78236309247039,-0.4353369075296101
sub-837165336315,21.0,23.191127497176804,24.807661056518555,23.99939427684768,2.9993942768476813
sub-837432293199,32.361396303901444,30.38182377078232,41.5060920715332,35.94395792115776,3.5825616172563173
sub-837824233766,11.1697,4.92400041122437,17.28498649597168,11.104493453598025,-0.06520654640197598
sub-838089558550,35.0,23.267269883836263,23.09025001525879,23.178759949547526,-11.821240050452474
sub-838826556270,21.0,22.67755822519032,20.204113006591797,21.44083561589106,0.4408356158910607
sub-839032642270,67.81930184804928,62.16957073083204,60.24538040161133,61.20747556622169,-6.6118262818275895
sub-839253254886,19.0,21.029319814025804,20.71172332763672,20.87052157083126,1.8705215708312615
sub-839341084854,22.5,28.132337334604763,23.14710807800293,25.639722706303846,3.1397227063038464
sub-839452249071,60.5968514715948,43.71026125642733,50.63072204589844,47.170491651162884,-13.42635982043192
sub-839924034192,22.1793,26.7023783832598,21.390005111694336,24.046191747477067,1.8668917474770659
sub-840506833125,29.004791238877484,27.392959418938094,30.515581130981445,28.954270274959768,-0.05052096391771599
sub-840847898906,25.0,21.69007797336305,17.62403106689453,19.65705452012879,-5.3429454798712115
sub-840924117029,21.0,30.44251404366824,23.59199905395508,27.01725654881166,6.017256548811659
sub-841148850958,47.0,33.47992039852493,30.16808700561523,31.82400370207008,-15.17599629792992
sub-841518676943,25.0,26.690573909612606,22.973793029785156,24.832183469698883,-0.16781653030111698
sub-842111262914,48.05201916495551,40.09122476228103,39.92549514770508,40.008359954993054,-8.043659209962456
sub-842259835992,27.5,27.134206078358247,21.724037170410156,24.4291216243842,-3.0708783756157985
sub-842405684907,11.0,5.753848386705695,12.553247451782228,9.153547919243962,-1.8464520807560376
sub-842437178908,10.0,7.763832334665739,13.344717979431152,10.554275157048446,0.5542751570484459
sub-842438804330,27.5975,22.102258252851776,20.535463333129883,21.31886079299083,-6.278639207009171
sub-842826176759,23.0,17.13334481939686,17.976245880126953,17.554795349761907,-5.445204650238093
sub-843302791192,80.1697467488022,72.32891904986107,67.88135528564453,70.1051371677528,-10.064609581049396
sub-843782950137,14.76,16.450157700185173,16.817169189453125,16.63366344481915,1.8736634448191491
sub-844284773354,19.0,17.62438700135104,21.731046676635746,19.67771683899339,0.6777168389933905
sub-844369335575,10.59726027,10.577139238345008,10.461410522460938,10.519274880402973,-0.07798538959702661
sub-844469283877,14.1,16.738239370090607,17.43937110900879,17.0888052395497,2.9888052395497002
sub-844502343291,23.0,21.4762829851385,21.161380767822266,21.31883187648038,-1.681168123519619
sub-844668091281,23.0,17.11304260630105,19.11446952819824,18.113756067249646,-4.886243932750354
sub-844809889086,20.34,19.394701869982107,19.94386863708496,19.669285253533534,-0.6707147464664658
sub-845938829891,21.0,23.395005471688535,21.994937896728516,22.694971684208525,1.6949716842085252
sub-846136040386,24.0,22.338251561232426,23.191255569458008,22.764753565345217,-1.2352464346547833
sub-846161019971,22.0,18.064590367242772,23.66736221313477,20.86597629018877,-1.1340237098112311
sub-846237231836,10.0,7.436705433104013,10.202319145202637,8.819512289153325,-1.1804877108466751
sub-846809877368,55.16769336071184,63.662935022894345,58.282447814941406,60.972691418917876,5.8049980582060385
sub-846911830744,12.25,11.926142432681823,13.665493965148926,12.795818198915374,0.5458181989153736
sub-847264219865,27.5,28.86403317650222,25.04788398742676,26.955958581964488,-0.544041418035512
sub-847649503818,21.0,16.752209710346907,19.779308319091797,18.26575901471935,-2.7342409852806497
sub-847858782530,66.85831622176592,74.56972267021929,64.1342544555664,69.35198856289284,2.493672341126924
sub-848303531880,74.02600958247777,62.13746156113915,58.17488479614258,60.15617317864086,-13.869836403836906
sub-848304365784,28.0,28.105851129840936,24.38194465637207,26.243897893106503,-1.756102106893497
sub-848559622345,21.0,21.738864832317255,22.42182731628418,22.080346074300717,1.0803460743007172
sub-848863381663,13.78,11.736125096475083,14.30776309967041,13.021944098072748,-0.7580559019272517
sub-848884705355,19.0,18.005948096321625,26.985519409179688,22.495733752750656,3.495733752750656
sub-849064822186,27.0,29.926554087309036,22.503307342529297,26.214930714919166,-0.7850692850808336
sub-849137971945,21.0,23.067086211571752,22.601747512817383,22.834416862194566,1.8344168621945656
sub-849159958030,19.0,21.781169467863226,20.06485939025879,20.923014429061006,1.9230144290610056
sub-849439788219,19.0,15.726732759997637,19.3083553314209,17.51754404570927,-1.4824559542907316
sub-849953102115,9.7,12.99694470956003,13.12971019744873,13.06332745350438,3.3633274535043807
sub-850074786993,8.024657534,5.396317586432179,9.43589687347412,7.416107229953149,-0.6085503040468501
sub-850736393225,21.0,18.03700893018385,20.689393997192383,19.363201463688114,-1.6367985363118862
sub-850844438672,23.0,15.68655339438482,20.721588134765625,18.20407076457522,-4.795929235424779
sub-851134973595,33.0,29.308541277809667,27.87109375,28.589817513904833,-4.410182486095167
sub-851444737023,15.5,19.209296207231667,10.25323486328125,14.731265535256458,-0.7687344647435417
sub-851549490177,31.0,28.520607482714244,24.61420249938965,26.567404991051944,-4.432595008948056
sub-851847771111,33.763175906913084,40.879360204667776,29.224637985229492,35.051999094948634,1.2888231880355505
sub-851966215203,22.5,14.128587247026552,21.865083694458008,17.99683547074228,-4.50316452925772
sub-852119035315,29.0,27.07015719610069,25.215904235839844,26.14303071597027,-2.8569692840297307
sub-852627676676,60.9308692676249,58.040237046737715,52.06635665893555,55.05329685283663,-5.877572414788268
sub-852840866495,9.860273973,15.477345057146128,13.647541046142578,14.562443051644353,4.702169078644353
sub-853076739302,18.75,19.4742239414567,22.997703552246097,21.235963746851397,2.4859637468513966
sub-853151028555,26.0,24.28961597020548,17.322772979736328,20.806194474970905,-5.193805525029095
sub-853205286014,27.0,30.501006506534267,25.870832443237305,28.185919474885786,1.185919474885786
sub-853317809055,21.0,21.17161269713876,24.918224334716797,23.044918515927776,2.044918515927776
sub-853829288453,14.86,11.370343522490586,18.609865188598633,14.99010435554461,0.13010435554460997
sub-854122998143,23.0,23.56595299917239,21.542112350463867,22.554032674818128,-0.4459673251818721
sub-854248757945,77.5,66.94293463212615,56.47975158691406,61.71134310952011,-15.788656890479892
sub-854351385010,21.0,21.68346881613203,27.68598175048828,24.684725283310158,3.684725283310158
sub-855367719661,13.0,12.28892854594771,14.641192436218262,13.465060491082987,0.46506049108298697
sub-855608929551,21.0,17.712473560132725,20.452993392944336,19.08273347653853,-1.9172665234614712
sub-855788658491,27.822039698836413,31.205156159879262,36.06819915771485,33.636677658797055,5.814637959960642
sub-855821008773,21.0,15.162588815530082,22.649791717529297,18.90619026652969,-2.0938097334703087
sub-856532049659,9.79,7.572162032188253,13.822914123535156,10.697538077861704,0.9075380778617053
sub-856562281896,19.0,19.630160335844707,20.643678665161133,20.13691950050292,1.1369195005029198
sub-857145788944,19.33,20.23291048054951,25.661643981933594,22.94727723124155,3.6172772312415518
sub-857482847130,16.0,23.615250771696008,13.883832931518556,18.749541851607283,2.749541851607283
sub-858287668746,25.0,16.77091206038927,18.558135986328125,17.664524023358698,-7.335475976641302
sub-858715801001,19.0,22.544968810726452,19.6126651763916,21.078816993559027,2.078816993559027
sub-858765038570,19.0,19.361909221184575,21.194990158081055,20.278449689632815,1.278449689632815
sub-858944435768,30.143737166324435,32.08916031028955,28.893346786499023,30.491253548394287,0.3475163820698519
sub-859071508378,39.2526,36.79353770012565,25.296241760253903,31.044889730189773,-8.207710269810228
sub-859835440909,27.0,29.539758055831427,23.5299015045166,26.534829780174015,-0.4651702198259855
sub-860138007442,21.0,22.44298305024495,23.544818878173828,22.993900964209388,1.993900964209388
sub-860968728819,11.909,19.209467230974603,13.679810523986816,16.44463887748071,4.535638877480709
sub-861145867214,18.9,13.288057358119834,16.842050552368164,15.065053955244,-3.8349460447559984
sub-861531345127,19.0,21.458828323895055,22.342649459838867,21.90073889186696,2.900738891866961
sub-861783882992,10.119097,11.690622121900574,11.689582824707031,11.690102473303803,1.5710054733038028
sub-862294090540,13.65205479,11.514857410298454,15.150821685791016,13.332839548044735,-0.3192152419552645
sub-862348505049,58.568104038329906,52.25691402640652,52.39463424682617,52.325774136616346,-6.2423299017135605
sub-862351405786,21.0,21.04286033346311,26.35772132873535,23.70029083109923,2.700290831099231
sub-862537982546,49.919233401779614,40.875403395852175,46.631107330322266,43.75325536308722,-6.165978038692394
sub-862728958301,23.0,15.575511869940437,20.27849006652832,17.927000968234378,-5.072999031765622
sub-862933690787,21.0,14.82378010229136,20.49667739868164,17.6602287504865,-3.3397712495135004
sub-863158771926,9.032876712,6.040197092590741,7.905354022979736,6.972775557785239,-2.0601011542147614
sub-863700256831,19.0,25.64648406067334,22.50876808166504,24.077626071169192,5.077626071169192
sub-864075417113,24.0,28.29695026971557,32.45383071899414,30.375390494354853,6.375390494354853
sub-864390147957,27.5,24.76427450239484,24.76175880432129,24.763016653358065,-2.736983346641935
sub-864417281787,27.0,27.26878343226956,23.120311737060547,25.194547584665052,-1.8054524153349476
sub-864521527320,27.5,26.783350107578546,23.634859085083008,25.209104596330775,-2.290895403669225
sub-865049849440,18.0,16.527501830904818,18.0455265045166,17.28651416771071,-0.7134858322892903
sub-865130064686,23.0,22.61269874419369,21.24989891052246,21.931298827358077,-1.0687011726419229
sub-865463279252,10.60821918,10.143079732345546,9.263704299926758,9.703392016136153,-0.9048271638638479
sub-865831043042,12.36164384,6.898087302623509,12.949365615844728,9.923726459234118,-2.4379173807658816
sub-865879829269,11.01917808,16.802364740561472,13.618285179138184,15.210324959849828,4.191146879849828
sub-866125125908,67.16221765913758,58.2612767378035,68.09487915039062,63.17807794409706,-3.98413971504052
sub-866415490846,16.0,20.562813359099547,22.04517936706543,21.30399636308249,5.30399636308249
sub-866498030343,23.948,31.154076580274403,29.228395462036133,30.19123602115527,6.243236021155269
sub-866659229411,71.0,64.38456129573221,67.66502380371094,66.02479254972158,-4.975207450278418
sub-866713785429,62.5,48.07329218878644,45.3686637878418,46.72097798831412,-15.779022011685882
sub-866905041948,22.0,25.262248693748788,21.38944435119629,23.32584652247254,1.3258465224725384
sub-866922267325,19.0,17.55705074205053,21.0504150390625,19.303732890556518,0.30373289055651753
sub-867260065005,42.507871321013006,42.92569615791884,44.976661682128906,43.95117892002388,1.443307599010872
sub-867582298309,12.5777,12.527762821623163,10.176616668701172,11.352189745162168,-1.2255102548378325
sub-867701378046,20.0,23.97727476066127,20.40898323059082,22.193128995626047,2.193128995626047
sub-868182247503,27.0,23.30035715125621,21.48689842224121,22.39362778674871,-4.606372213251291
sub-868370615460,13.6,21.68013952763188,19.977155685424805,20.828647606528342,7.228647606528343
sub-868388089302,19.0,19.951441107152895,21.94708251953125,20.949261813342073,1.9492618133420727
sub-868866368860,72.5,67.14451339166507,71.61304473876953,69.3787790652173,-3.1212209347826985
sub-869287444915,22.5,21.763543281814904,23.874528884887695,22.8190360833513,0.31903608335129974
sub-869522707783,7.989049,7.654940358776127,11.466533660888672,9.5607370098324,1.5716880098323998
sub-869561056537,25.0,23.183624744055365,23.350746154785156,23.26718544942026,-1.7328145505797394
sub-869792866260,63.86858316221765,65.80248976576598,56.91584396362305,61.359166864694515,-2.5094162975231313
sub-869807719337,23.0,25.4040840554247,23.881755828857425,24.642919942141063,1.642919942141063
sub-870097433973,19.0,23.08224213682267,21.41589736938477,22.24906975310372,3.2490697531037185
sub-870309621562,11.16986301,15.41679884357722,12.082865715026855,13.749832279302037,2.579969269302037
sub-870383451100,19.0,18.481893775993584,20.814830780029297,19.64836227801144,0.6483622780114402
sub-870394430007,27.0,27.363744217001305,26.437429428100582,26.90058682255094,-0.09941317744905831
sub-870400442875,17.9,24.209595383709512,19.07472038269043,21.64215788319997,3.7421578831999724
sub-870653878584,34.43,32.16661238861231,30.835262298583984,31.500937343598146,-2.929062656401854
sub-871014392779,23.0,22.014497050966643,21.31888961791992,21.66669333444328,-1.3333066655567194
sub-871062020088,21.0,25.091064914882615,21.320642471313477,23.205853693098046,2.205853693098046
sub-871227205934,45.6974674880219,37.906237004302035,35.25971603393555,36.58297651911879,-9.114490968903112
sub-871327886768,19.8,23.100242569808785,17.9807071685791,20.540474869193943,0.7404748691939425
sub-871665254271,19.0,16.539490940524516,18.17817115783691,17.358831049180715,-1.641168950819285
sub-872219746706,26.0,26.92058003806828,24.401275634765625,25.660927836416953,-0.33907216358304737
sub-872310189561,25.0,24.622514984558627,22.07686233520508,23.349688659881856,-1.6503113401181437
sub-872499226250,35.071868583162214,40.25874788485928,45.027099609375,42.64292374711714,7.571055163954924
sub-872529642832,21.0,26.175403301909245,22.64954948425293,24.412476393081086,3.4124763930810857
sub-872890949648,23.0,18.077888005155035,23.307600021362305,20.692744013258668,-2.307255986741332
sub-873064193457,22.0,20.66782954824427,23.281036376953125,21.974432962598698,-0.025567037401302173
sub-873856873596,71.0,183.14331351306325,64.86346435546875,124.003388934266,53.003388934266
sub-874881043824,21.0,19.342753261116684,22.302724838256836,20.82273904968676,-0.17726095031324007
sub-875390673251,27.5,31.10689554887676,36.78152084350586,33.94420819619131,6.444208196191312
sub-875887270246,14.66,16.697434901798864,15.21923828125,15.958336591524432,1.298336591524432
sub-875946477747,18.0,19.849317518086963,17.56456184387207,18.706939680979517,0.7069396809795165
sub-876065686543,14.25,20.368913872313627,20.6510066986084,20.509960285461013,6.259960285461013
sub-876168816548,14.0,19.433036185307643,19.405567169189453,19.419301677248548,5.419301677248548
sub-876267012411,19.0,20.35239168689106,21.816875457763672,21.084633572327366,2.084633572327366
sub-876413804784,9.136986301,7.730617072086311,9.029396057128906,8.380006564607609,-0.7569797363923918
sub-876583468696,24.0,25.834029979147672,23.638275146484375,24.736152562816024,0.7361525628160237
sub-877523533189,22.0,21.83390264849874,20.926986694335938,21.380444671417337,-0.6195553285826634
sub-877751571376,61.33607118412046,59.81603411735058,56.820316314697266,58.318175216023924,-3.017895968096539
sub-877769535521,19.06,15.402290330315044,19.057884216308594,17.230087273311817,-1.8299127266881818
sub-878102231037,13.82,10.51713994342354,7.6851091384887695,9.101124540956155,-4.718875459043845
sub-878124223907,24.0,21.62995799490403,20.806615829467773,21.218286912185903,-2.781713087814097
sub-878299241368,21.0,18.242949252640905,21.831804275512695,20.0373767640768,-0.9626232359231999
sub-878901535563,21.0,17.413130689188318,21.078689575195312,19.245910132191817,-1.754089867808183
sub-878981166880,25.0,24.784154897990778,21.606576919555664,23.19536590877322,-1.8046340912267809
sub-880687234086,32.64339493497605,29.88059274278776,34.94022750854492,32.41041012566634,-0.23298480930971266
sub-880811779741,19.0,21.72881213323629,17.270492553710938,19.499652343473613,0.4996523434736133
sub-880908935164,52.53114305270363,56.82449664126694,45.8758430480957,51.35016984468132,-1.1809732080223085
sub-881158372238,19.0,20.954197022349295,21.97553062438965,21.46486382336947,2.4648638233694697
sub-881514656591,25.0,20.80965196368981,21.64527130126953,21.22746163247967,-3.7725383675203297
sub-881702885069,25.0,21.13193870863083,20.401227951049805,20.766583329840316,-4.233416670159684
sub-881950556152,14.0,12.49754667790664,15.403474807739258,13.95051074282295,-0.04948925717705066
sub-881977543881,21.0,14.625375507072372,20.018760681152344,17.322068094112357,-3.677931905887643
sub-882803056246,27.5,26.84563593955441,21.619272232055664,24.23245408580504,-3.2675459141949617
sub-882865046935,21.0,27.705003272180058,21.75130844116211,24.728155856671084,3.7281558566710835
sub-883718570961,19.0,19.56601372100272,20.714374542236328,20.140194131619523,1.1401941316195234
sub-885298009427,67.5,57.22162889995029,56.86475372314453,57.04319131154741,-10.45680868845259
sub-886003620269,19.0,21.10964871441347,22.891132354736328,22.000390534574898,3.0003905345748976
sub-886027172791,22.5,25.05639511469895,30.79285049438477,27.924622804541862,5.424622804541862
sub-886413354960,21.0,18.684191843028803,18.85109519958496,18.76764352130688,-2.23235647869312
sub-886636260175,21.0,22.762778040448342,23.550188064575195,23.156483052511767,2.156483052511767
sub-887283177563,8.556164384,9.957167824496524,9.868813514709473,9.912990669602998,1.3568262856029971
sub-887424714190,76.0,66.56494607565564,72.63558959960938,69.60026783763252,-6.399732162367485
sub-887530654767,25.0,22.437992432581193,25.633995056152344,24.03599374436677,-0.9640062556332296
sub-887796798530,29.738535249828885,29.754247603412992,23.66963768005371,26.71194264173335,-3.026592608095534
sub-887907228454,21.0,25.081742945564987,21.062925338745117,23.07233414215505,2.07233414215505
sub-888082536248,14.3,18.292392296916383,11.385350227355955,14.83887126213617,0.5388712621361691
sub-888374824441,72.5,56.603940135503024,58.152549743652344,57.378244939577684,-15.121755060422316
sub-888390950359,35.02258726899384,33.76842004797987,27.589946746826172,30.679183397403023,-4.343403871590816
sub-889247652259,49.0,35.995253563345926,33.700809478759766,34.848031521052846,-14.151968478947154
sub-889475973950,21.0,21.60702927958597,19.72867202758789,20.66785065358693,-0.33214934641306826
sub-890264397859,60.073921971252574,49.89278296261823,54.92095947265625,52.40687121763724,-7.667050753615335
sub-890363771287,74.01232032854209,77.02135596937832,66.81829833984375,71.91982715461103,-2.092493173931061
sub-890378597643,19.0,20.790689768737323,20.812284469604492,20.801487119170908,1.8014871191709076
sub-890440701443,9.575342466,12.530717724667024,11.36202621459961,11.946371969633317,2.3710295036333164
sub-890707760272,19.0,21.93181396683182,21.228654861450195,21.58023441414101,2.5802344141410103
sub-890940320423,31.0,22.856558417689033,22.468746185302734,22.662652301495882,-8.337347698504118
sub-891012875278,21.0,23.623830325832376,22.661697387695312,23.142763856763843,2.1427638567638425
sub-891338570370,10.63013699,22.624243751189205,11.33740520477295,16.980824477981077,6.350687487981077
sub-891609925981,13.0,17.088190003156903,11.258851051330566,14.173520527243735,1.1735205272437348
sub-891619944015,19.0,19.950901952553572,21.33881950378418,20.644860728168876,1.6448607281688759
sub-891643843487,21.0,15.39374654760867,20.677217483520508,18.03548201556459,-2.9645179844354104
sub-891720291413,14.09,6.40422976028993,11.325189590454102,8.864709675372016,-5.225290324627984
sub-892536614491,21.0,20.78299358866174,21.03474998474121,20.908871786701475,-0.09112821329852494
sub-892593645708,6.0,10.260615047198351,19.64588165283203,14.95324835001519,8.95324835001519
sub-892946894485,18.0,13.517089491344336,16.080711364746094,14.798900428045215,-3.201099571954785
sub-892980852230,21.0,19.64267378322504,21.860336303710938,20.751505043467986,-0.2484949565320136
sub-893262325357,11.25,13.6829259126681,14.942731857299805,14.312828884983952,3.0628288849839524
sub-893805064891,28.0,25.81361591995539,23.607376098632812,24.7104960092941,-3.2895039907058994
sub-893818760027,8.2656,9.053506077615689,15.753216743469238,12.403361410542463,4.137761410542463
sub-894332605596,21.0,19.970112287266502,21.049877166748047,20.509994727007275,-0.49000527299272534
sub-894511350563,46.0,40.436438002183415,34.664894104003906,37.550666053093664,-8.449333946906336
sub-894512709599,12.36,15.978974128922069,11.960461616516112,13.969717872719091,1.6097178727190915
sub-894680676162,55.59753593429159,52.61529566733249,58.48819732666016,55.55174649699633,-0.0457894372952623
sub-895133658171,21.0,16.950454495762614,19.332727432250977,18.141590964006795,-2.858409035993205
sub-895397981435,18.5517,17.13836052576631,17.790939331054688,17.4646499284105,-1.087050071589502
sub-895750786932,28.0,25.039993261131517,24.201324462890625,24.62065886201107,-3.3793411379889307
sub-896035160007,53.74948665297741,54.306646051400385,47.2121696472168,50.75940784930859,-2.9900788036688226
sub-896261416622,23.0,18.352414391626453,21.813711166381836,20.083062779004145,-2.9169372209958553
sub-896362723142,21.0,23.732526060886123,21.61646842956543,22.674497245225776,1.6744972452257763
sub-898016119281,19.0,18.85073717928053,21.77553367614746,20.313135427713995,1.3131354277139948
sub-898717996826,11.83,11.02774981703189,9.349275588989258,10.188512703010574,-1.6414872969894265
sub-899087531809,10.43561644,11.494045416147015,9.655657768249512,10.574851592198264,0.139235152198264
sub-899095634562,21.0,22.02703036470936,21.251832962036133,21.639431663372747,0.639431663372747
sub-899919102280,31.80835044490076,28.661312353314003,30.628978729248047,29.645145541281025,-2.163204903619736
sub-900004567178,54.0,38.401854954690435,37.820552825927734,38.111203890309085,-15.888796109690915
sub-900102424486,21.0,21.438427230715153,22.000303268432617,21.719365249573883,0.7193652495738831
sub-900153837660,12.6,13.81841475415213,9.785038948059082,11.801726851105606,-0.7982731488943937
sub-900348386642,33.0,34.631091633471556,24.095069885253903,29.36308075936273,-3.636919240637269
sub-900503064848,23.0,17.677347147796034,22.45108413696289,20.064215642379462,-2.9357843576205376
sub-900669455649,23.0,19.87176473949261,21.406373977661133,20.63906935857687,-2.3609306414231312
sub-901004563315,23.0,27.39311162634833,26.06696319580078,26.730037411074555,3.730037411074555
sub-901032588667,70.10540725530457,79.80625570880113,69.28433990478516,74.54529780679314,4.439890551488574
sub-901046779045,26.0,23.92113746370838,27.12735366821289,25.524245565960634,-0.47575443403936646
sub-901077160766,66.01505817932923,57.640663882487,61.53377151489258,59.587217698689784,-6.427840480639446
sub-901120068549,21.0,22.721047308434,22.82105255126953,22.771049929851763,1.7710499298517632
sub-901679307794,22.5,17.76973224842935,21.99255752563477,19.881144887032058,-2.6188551129679425
sub-901853622053,24.0,24.774404883128533,29.256956100463867,27.0156804917962,3.0156804917962
sub-902497495837,19.0,30.875803531322234,27.797740936279297,29.336772233800765,10.336772233800765
sub-902598751321,21.0,23.249285679104528,24.16476058959961,23.70702313435207,2.7070231343520703
sub-902688287778,10.0,13.63946342034158,8.884687423706055,11.262075422023816,1.2620754220238162
sub-903069823853,19.0,22.456062297536917,23.98458480834961,23.220323552943263,4.220323552943263
sub-903102643483,19.0,18.474186691662503,21.874786376953125,20.174486534307814,1.174486534307814
sub-903137810093,18.0,18.548376307649228,16.727468490600586,17.637922399124907,-0.362077600875093
sub-903309024146,60.97467488021904,52.020938374054865,53.83740997314453,52.9291741735997,-8.045500706619343
sub-904150571086,21.0,29.149102949531123,25.094806671142575,27.12195481033685,6.121954810336849
sub-904230068278,9.0,9.809816426470018,10.54891300201416,10.179364714242089,1.179364714242089
sub-904298927510,29.0,26.208162318654303,24.169239044189453,25.188700681421878,-3.811299318578122
sub-904786156336,19.0,16.268851936053647,20.291852951049805,18.280352443551728,-0.7196475564482725
sub-904963069377,19.0,20.761830758282308,23.113420486450195,21.93762562236625,2.9376256223662516
sub-905468027051,19.0,23.79765463294961,20.612396240234375,22.205025436591992,3.205025436591992
sub-905521354661,16.66,12.839457323891956,17.179105758666992,15.009281541279474,-1.650718458720526
sub-905655778274,19.0,18.14132507306185,21.553842544555664,19.847583808808757,0.847583808808757
sub-905823095507,19.7,22.34562550007395,20.301061630249023,21.323343565161487,1.6233435651614876
sub-906109401964,12.35342466,10.859746199251882,11.595595359802246,11.227670779527063,-1.1257538804729368
sub-906156735518,25.661875427789184,21.50016466184038,22.5393009185791,22.01973279020974,-3.6421426375794432
sub-906563060004,25.0,23.9729242260705,23.14812660217285,23.560525414121678,-1.4394745858783224
sub-906893775405,23.0,28.921022677416012,24.43663024902344,26.67882646321973,3.6788264632197283
sub-907154865800,21.0,26.16284413027608,26.850557327270508,26.506700728773296,5.506700728773296
sub-907173410181,19.0,20.486244022304476,21.73457717895508,21.110410600629777,2.110410600629777
sub-907846695925,32.0,28.651324619020578,29.06929588317871,28.860310251099644,-3.1396897489003557
sub-907977518564,27.0,24.34854623135417,22.878501892089844,23.613524061722007,-3.386475938277993
sub-908407882813,19.0,16.167107201402374,19.457576751708984,17.81234197655568,-1.187658023444321
sub-908535648673,52.533880903490754,42.69202965842218,49.085330963134766,45.88868031077847,-6.6452005927122855
sub-908737113272,19.0,26.59260801526221,21.977689743041992,24.285148879152104,5.2851488791521035
sub-909164871422,23.0,20.92258970643455,22.087953567504883,21.505271636969717,-1.4947283630302834
sub-910257374237,52.5,43.87827322475249,30.979612350463867,37.42894278760818,-15.071057212391821
sub-910309160908,27.5,32.448675610558034,23.20861434936523,27.82864497996163,0.32864497996163067
sub-910315280332,21.0,15.350225350110344,19.415794372558594,17.383009861334468,-3.616990138665532
sub-911498902603,21.0,17.258381107597238,20.620546340942383,18.93946372426981,-2.0605362757301897
sub-911595640218,21.0,22.39825783789425,25.548782348632812,23.97352009326353,2.973520093263531
sub-911803480648,19.0,23.275862314867663,17.713905334472656,20.49488382467016,1.4948838246701612
sub-912008466536,17.2,27.88583617264726,20.13677406311035,24.011305117878806,6.811305117878806
sub-912062086904,58.658453114305274,60.163133694467696,49.720062255859375,54.94159797516353,-3.7168551391417424
sub-912195063185,11.45,2.8579493041058655,10.251681327819824,6.554815315962845,-4.8951846840371545
sub-912438054748,21.0,20.05651787340689,22.55191993713379,21.30421890527034,0.30421890527033923
sub-912891258738,25.0,24.642449714300227,24.317792892456055,24.48012130337814,-0.5198786966218591
sub-913496053208,12.15,8.254238193341436,12.84332275390625,10.548780473623843,-1.6012195263761573
sub-913530350055,23.0,30.242132191948908,25.00138282775879,27.62175750985385,4.62175750985385
sub-913628264858,73.53867214236823,70.5743697920279,69.2378921508789,69.9061309714534,-3.632541170914834
sub-914048964145,25.0,27.472382940646177,25.80972671508789,26.641054827867034,1.641054827867034
sub-914173373482,23.0,22.381367869785656,20.985187530517575,21.683277700151613,-1.3167222998483865
sub-914185919173,21.0,17.893256117186493,21.151660919189453,19.522458518187975,-1.4775414818120254
sub-914210574111,22.5,29.419020438559187,29.274675369262695,29.34684790391094,6.846847903910941
sub-914484668303,27.5,28.92545430581997,23.36371612548828,26.144585215654125,-1.355414784345875
sub-914841201324,25.0,27.696283475068256,27.745759963989254,27.721021719528757,2.721021719528757
sub-915025691063,68.4845995893224,66.20447959213861,51.91389083862305,59.05918521538083,-9.425414373941571
sub-915468023299,11.2,11.610276048991691,15.18368911743164,13.396982583211667,2.1969825832116676
sub-915647446189,19.0,20.97768635701131,19.75030517578125,20.36399576639628,1.363995766396279
sub-915876060239,23.0,17.66916199768147,21.36323928833008,19.516200643005774,-3.4837993569942256
sub-916402602255,23.0,14.719021710505457,20.682310104370117,17.700665907437788,-5.299334092562212
sub-916525803970,29.0,34.38492738957582,24.12437438964844,29.25465088961213,0.25465088961212956
sub-916542852934,27.5,26.5817693129272,24.18833351135254,25.38505141213987,-2.1149485878601304
sub-917008309577,33.0,31.469060497276573,23.059703826904297,27.264382162090435,-5.735617837909565
sub-917433394750,21.0,24.333502173786165,20.90968132019043,22.621591746988297,1.6215917469882974
sub-917435174544,22.0,21.262288653268648,18.721641540527344,19.991965096897996,-2.008034903102004
sub-917600588024,69.0,56.36072378826005,67.1829833984375,61.77185359334878,-7.22814640665122
sub-917758363758,14.0,8.85833688043924,13.93224048614502,11.39528868329213,-2.6047113167078706
sub-917842166945,30.0,34.23316157399653,29.46244430541992,31.847802939708224,1.8478029397082238
sub-917938246101,43.0,32.95377088481902,29.072202682495117,31.01298678365707,-11.98701321634293
sub-918148858049,12.16438356,8.649307823412975,10.251188278198242,9.450248050805609,-2.7141355091943904
sub-918704529377,65.3305954825462,49.08464644329108,51.07060241699219,50.07762443014163,-15.252971052404568
sub-918881052509,8.67,13.864421936802996,15.053963661193848,14.459192798998423,5.789192798998423
sub-918944432928,27.5,32.562617403669435,27.444595336914062,30.00360637029175,2.503606370291749
sub-919028468459,13.25,21.47122841053964,16.053791046142578,18.762509728341108,5.512509728341108
sub-919231839233,21.0,23.447556362301462,22.188735961914062,22.818146162107762,1.8181461621077624
sub-919267100021,73.01574264202601,69.33043232687669,61.81562805175781,65.57303018931725,-7.442712452708761
sub-920272941764,29.0,36.809706932656454,40.578102111816406,38.69390452223643,9.69390452223643
sub-920482922866,19.0,23.42789088342368,22.63792610168457,23.032908492554125,4.0329084925541245
sub-920531713757,21.0,24.087737557128605,22.79040145874023,23.43906950793442,2.43906950793442
sub-920810018627,22.5,26.12642383746668,24.110219955444336,25.11832189645551,2.618321896455509
sub-920988541453,27.5,22.412520295305864,24.31531143188477,23.363915863595317,-4.136084136404683
sub-921444161224,21.0,25.581829140540744,21.474956512451172,23.52839282649596,2.52839282649596
sub-921858841687,21.0,22.23911547605077,23.188438415527344,22.713776945789057,1.713776945789057
sub-922289872992,19.0,15.80994241806274,21.79385757446289,18.801899996262815,-0.19810000373718495
sub-922622292927,21.0,27.37479721161796,22.385595321655273,24.880196266636617,3.8801962666366165
sub-922751720998,18.0,21.095951013994934,21.65662384033203,21.376287427163483,3.376287427163483
sub-922949023576,16.0,16.330114622291422,16.235998153686523,16.28305638798897,0.2830563879889709
sub-923062764742,27.5,26.15465553309216,23.71059799194336,24.93262676251776,-2.56737323748224
sub-923406567679,13.0,14.955027992473498,17.507001876831055,16.231014934652276,3.2310149346522756
sub-923642697698,19.0,17.16480130977442,21.18596076965332,19.17538103971387,0.1753810397138693
sub-924333698510,11.178,9.946773105241991,11.813531875610352,10.880152490426171,-0.2978475095738293
sub-924511741709,64.0,55.74884953282271,52.03468704223633,53.891768287529516,-10.108231712470484
sub-924651987648,11.76438356,18.302838663589945,9.413908004760742,13.858373334175344,2.093989774175343
sub-924687982745,29.57426420260096,29.43447268913549,26.451526641845703,27.942999665490596,-1.631264537110365
sub-924828864147,12.5,15.132929992946796,15.768224716186523,15.45057735456666,2.9505773545666596
sub-924907998371,67.33196440793976,59.25254791644453,69.193359375,64.22295364572227,-3.109010762217494
sub-924996943078,18.0,33.318176552403614,23.484865188598633,28.401520870501123,10.401520870501123
sub-925037100804,21.0,27.19163928434464,25.250015258789062,26.22082727156685,5.220827271566851
sub-925264389205,70.0,58.06178187560292,50.1806755065918,54.12122869109736,-15.878771308902643
sub-925503805331,25.0,19.33972065447498,20.800552368164062,20.07013651131952,-4.929863488680478
sub-926186325110,21.0,26.839688237116174,23.660186767578125,25.24993750234715,4.2499375023471515
sub-926492892497,67.4551676933607,62.45499972763166,55.553958892822266,59.00447931022696,-8.450688383133745
sub-926570528626,21.0,18.70798916939256,20.616615295410156,19.66230223240136,-1.337697767598641
sub-926583949527,21.0,23.242253326958817,23.521671295166016,23.381962311062416,2.3819623110624164
sub-926868125478,16.0,18.32780324956594,14.802366256713867,16.565084753139903,0.565084753139903
sub-927248566385,19.0,7.249999549573996,17.8619384765625,12.555969013068248,-6.444030986931752
sub-927624489801,7.0,8.9731635883198,8.337574005126953,8.655368796723376,1.6553687967233763
sub-928156652019,8.2,7.663244491052257,7.960453510284424,7.8118490006683405,-0.38815099933165875
sub-928379379406,19.0,15.85725072701495,20.389915466308594,18.123583096661772,-0.8764169033382281
sub-928386832910,8.969863014,10.361071714932647,10.53320026397705,10.44713598945485,1.4772729754548504
sub-928674316476,21.0,25.81344572811142,23.36223030090332,24.58783801450737,3.587838014507369
sub-929232257334,29.77138945927447,40.21395834210303,35.93355941772461,38.07375887991382,8.302369420639348
sub-929322786948,37.94934976043805,52.680084912445565,45.3475341796875,49.01380954606653,11.064459785628486
sub-929374751111,22.0,20.14290889241625,22.43259048461914,21.287749688517696,-0.712250311482304
sub-929447174283,27.5,30.38088031177289,25.200305938720703,27.790593125246797,0.29059312524679726
sub-929587773359,23.0,29.18591110245556,25.11350440979004,27.1497077561228,4.149707756122801
sub-929666036859,19.0,23.66084217865071,21.653120040893555,22.656981109772133,3.6569811097721328
sub-930307385185,19.0,19.200404405817913,20.655363082885746,19.92788374435183,0.9278837443518313
sub-930665355870,58.76796714579056,57.8391633884651,59.48305130004883,58.66110734425696,-0.10685980153359509
sub-930818807780,21.0,24.331647413689467,23.62407112121582,23.977859267452644,2.9778592674526436
sub-930887135237,12.0,14.51630671741639,12.39299201965332,13.454649368534856,1.4546493685348558
sub-931316549796,11.82191781,12.966808584121788,10.994763374328612,11.9807859792252,0.1588681692251992
sub-931419407006,22.5,26.641247227066696,19.665435791015625,23.153341509041162,0.6533415090411623
sub-931522580771,21.0,23.06092341378747,18.53614616394043,20.79853478886395,-0.20146521113604976
sub-931524427617,27.5,23.625021263774553,21.501070022583008,22.563045643178782,-4.936954356821218
sub-931789686026,21.0,13.865556836447944,16.5679931640625,15.216775000255222,-5.783224999744778
sub-932328801110,27.0,23.2502069948035,21.62217140197754,22.43618919839052,-4.563810801609481
sub-932928363014,12.0,11.342710410223592,11.23110294342041,11.286906676822001,-0.7130933231779988
sub-932962485355,20.0,19.78468740745098,25.913677215576172,22.849182311513577,2.8491823115135766
sub-933451667612,31.0,26.13405092612587,26.124942779541016,26.12949685283344,-4.870503147166559
sub-933669624404,24.8952772073922,31.379584989357905,30.649574279785156,31.014579634571533,6.119302427179331
sub-933794001889,21.0,18.222426576488736,21.680870056152344,19.95164831632054,-1.04835168367946
sub-934122562621,23.0,22.992076613739982,21.575889587402344,22.283983100571163,-0.716016899428837
sub-934881118276,21.0,27.41761247952021,22.221954345703125,24.819783412611667,3.8197834126116668
sub-934982332122,21.0,19.10587600633582,20.972196578979492,20.039036292657656,-0.9609637073423443
sub-935002971646,9.619178082,11.018132094046988,13.813233375549316,12.415682734798153,2.796504652798154
sub-935090080624,30.705,23.04198037865289,24.620346069335938,23.831163223994416,-6.873836776005582
sub-935183687348,19.0,29.5629758407539,21.41943359375,25.49120471725195,6.49120471725195
sub-935317604703,21.0,16.119458931747374,21.443878173828125,18.78166855278775,-2.2183314472122504
sub-936672607215,19.0,19.942048620195393,22.936546325683594,21.439297472939494,2.4392974729394936
sub-936703241140,66.52703627652294,63.48705278258821,62.74420928955078,63.115631036069495,-3.4114052404534405
sub-936900293798,21.0,23.040819165236588,23.816953659057617,23.4288864121471,2.4288864121471008
sub-937301500163,21.0,25.00532965945104,22.711095809936523,23.85821273469378,2.8582127346937796
sub-937364217957,10.82465753,9.93963350204662,9.41921329498291,9.679423398514764,-1.1452341314852355
sub-937536731279,22.0,15.502311313705388,24.406206130981445,19.95425872234342,-2.0457412776565818
sub-937872457728,21.0,32.10873409611444,37.66471099853515,34.886722547324794,13.886722547324794
sub-938380050399,23.0,27.29757254898763,24.91077995300293,26.10417625099528,3.1041762509952804
sub-938749379533,19.0,23.46154199171992,22.2902774810791,22.87590973639951,3.8759097363995103
sub-938896811577,10.26849315,9.600158587790496,10.292824745178224,9.94649166648436,-0.3220014835156402
sub-938981109987,23.0,25.757853630014633,22.207548141479492,23.982700885747064,0.9827008857470645
sub-939037999646,23.0,21.155043565856996,25.277189254760746,23.21611641030887,0.21611641030887085
sub-939381022830,19.0,20.3945376343012,21.127300262451172,20.760918948376187,1.7609189483761867
sub-939635291034,21.0,18.13483398672688,21.754243850708008,19.94453891871744,-1.0554610812825587
sub-939702092734,19.0,18.67375576623815,21.72335433959961,20.198555052918877,1.198555052918877
sub-939910199671,34.0,29.566153373943397,23.853456497192383,26.709804935567888,-7.290195064432112
sub-940212166039,21.0,19.322829750957567,23.472736358642575,21.397783054800072,0.3977830548000725
sub-940263536733,24.26,27.01390184040558,25.367786407470703,26.19084412393814,1.9308441239381402
sub-940869963183,19.0,15.41697450169763,19.676536560058594,17.546755530878112,-1.4532444691218878
sub-940873808553,24.14236824093087,26.87944889190072,27.334806442260746,27.107127667080732,2.964759426149861
sub-940884975885,19.0,22.909811818659023,23.281391143798828,23.095601481228925,4.095601481228925
sub-942090196392,21.0,24.393711341010004,22.856767654418945,23.625239497714475,2.6252394977144746
sub-942097864031,22.647501711156742,25.20124148310032,22.62771797180176,23.914479727451038,1.2669780162942956
sub-942337019356,23.0,23.488387996455177,25.989686965942383,24.73903748119878,1.7390374811987783
sub-942553576158,27.0,28.807231199530342,21.59813690185547,25.202684050692906,-1.7973159493070945
sub-943000203930,22.0,27.9690947206616,25.158166885375977,26.56363080301879,4.563630803018789
sub-943181440809,16.6,15.836396375709342,20.75107765197754,18.29373701384344,1.6937370138434389
sub-943359697274,9.471232877,4.6169444404212285,9.44062042236328,7.028782431392254,-2.4424504456077463
sub-943639486886,72.30663928815879,80.82561230578503,58.885475158691406,69.85554373223822,-2.451095555920574
sub-944068231803,18.0,16.510163829118696,18.319232940673828,17.414698384896262,-0.585301615103738
sub-944780637236,22.5,25.700148875928292,23.974178314208984,24.83716359506864,2.3371635950686382
sub-944831654822,25.0,25.51825969966139,23.5787353515625,24.548497525611943,-0.45150247438805735
sub-945354197992,13.0,16.027248534319327,17.884119033813477,16.9556837840664,3.9556837840664016
sub-945685896914,18.3,20.922605386074853,25.49562644958496,23.209115917829905,4.909115917829904
sub-946000351967,19.0,16.35701937217252,20.29511833190918,18.326068852040848,-0.6739311479591521
sub-946082716347,15.0,15.93490351952014,18.46301651000977,17.198960014764953,2.1989600147649533
sub-947029891941,25.0,25.949645819757347,22.093914031982425,24.021779925869886,-0.9782200741301139
sub-947048943658,22.5,27.887772992800848,25.020788192749023,26.454280592774936,3.9542805927749356
sub-947217988145,10.6927,0.2235184069393341,8.688253402709961,4.4558859048246475,-6.236814095175353
sub-947434480702,19.0,19.07428882012918,18.138710021972656,18.60649942105092,-0.3935005789490802
sub-947530831842,25.0,17.185705863728906,23.950963973999023,20.568334918863965,-4.431665081136035
sub-947688278769,9.117808219,16.399877650574105,11.696266174316406,14.048071912445256,4.930263693445255
sub-947714204613,52.12867898699521,53.38621855968902,52.619102478027344,53.00266051885818,0.8739815318629667
sub-948024242025,21.0,28.466487954338653,27.114412307739254,27.790450131038952,6.790450131038952
sub-948053748378,25.0,23.81622868896799,24.438474655151367,24.127351672059678,-0.8726483279403219
sub-948173892357,22.5,24.79825959863936,21.266368865966797,23.03231423230308,0.5323142323030794
sub-948196399366,10.92,15.613732619928657,14.36695671081543,14.990344665372042,4.070344665372042
sub-948402139122,21.0,19.251679168659464,20.29248046875,19.772079818704732,-1.2279201812952678
sub-949217685462,22.5,30.37234439318507,29.779281616210938,30.075813004698006,7.575813004698006
sub-949281546209,10.64,13.62517258273699,11.70762062072754,12.666396601732266,2.026396601732266
sub-949327608209,21.0,17.14608748959942,21.167869567871097,19.15697852873526,-1.8430214712647413
sub-949681988886,13.5,24.005865994662273,19.002784729003903,21.50432536183309,8.00432536183309
sub-949804034624,23.0,23.42881603496551,22.322019577026367,22.875417805995937,-0.12458219400406279
sub-950287307481,8.0,9.989571767407398,12.098346710205078,11.043959238806238,3.043959238806238
sub-950542329934,21.0,17.941215171403716,21.867382049560547,19.90429861048213,-1.0957013895178704
sub-951010277782,26.0,24.037692083676376,21.763145446777344,22.90041876522686,-3.09958123477314
sub-951202505969,23.53730321697468,23.056880525159336,23.057964324951172,23.057422425055254,-0.47988079191942745
sub-951213761774,22.0,21.846245447982557,23.794652938842773,22.820449193412664,0.8204491934126636
sub-951339198782,12.5257,17.784301064245,12.490976333618164,15.137638698931582,2.6119386989315814
sub-951545085553,28.5613,26.705807929037626,26.91648292541504,26.811145427226332,-1.750154572773667
sub-952300611928,22.52,29.76553323425658,24.714509963989254,27.24002159912292,4.720021599122919
sub-952405077290,19.0,21.835656702639344,23.49236297607422,22.66400983935678,3.6640098393567797
sub-952477762961,21.0,20.726557489353045,22.504981994628903,21.615769741990974,0.6157697419909738
sub-952655976849,11.85,11.898857989758069,14.934565544128418,13.416711766943244,1.5667117669432447
sub-952776637852,19.0,20.79817001741297,22.22640037536621,21.51228519638959,2.512285196389591
sub-953022551113,25.0,29.384863039643506,24.723249435424805,27.054056237534155,2.054056237534155
sub-953314118927,21.0,24.31298305825638,21.995481491088867,23.154232274672623,2.154232274672623
sub-953400604911,9.208219178,7.787680718381747,11.90535831451416,9.846519516447954,0.6383003384479533
sub-953496715521,9.41,6.583576753808764,13.794085502624512,10.188831128216638,0.7788311282166376
sub-953700135343,20.0,25.031811509552824,20.37803840637207,22.704924957962447,2.7049249579624473
sub-953824010639,7.1293630000000014,5.681114965144754,7.934937000274658,6.808025982709706,-0.3213370172902952
sub-954220905647,29.81793292265571,39.13067119357224,45.220489501953125,42.17558034776268,12.357647425106972
sub-954430934773,19.0,8.274239334403198,17.889583587646484,13.081911461024841,-5.918088538975159
sub-954625005461,12.74246575,19.131374956478513,17.297931671142578,18.214653313810544,5.472187563810545
sub-954752152568,19.0,20.86893119752022,21.638851165771484,21.25389118164585,2.2538911816458516
sub-954946498969,75.6331279945243,75.54158455901296,71.86365509033203,73.7026198246725,-1.9305081698518052
sub-955099440993,19.0,18.32752962876868,20.990985870361328,19.659257749565004,0.659257749565004
sub-955777977378,64.57768651608487,62.76065945239233,67.94441986083984,65.35253965661609,0.7748531405312207
sub-955861473301,69.0,46.37432738897273,43.827274322509766,45.10080085574125,-23.899199144258752
sub-956075512385,21.0,24.020504093098136,22.53929901123047,23.279901552164304,2.2799015521643042
sub-957634463134,26.0,25.73846646109019,29.209321975708008,27.4738942183991,1.4738942183990993
sub-958050974251,21.0,18.16969368206628,20.77833366394043,19.474013673003356,-1.5259863269966445
sub-958265595037,11.21643836,5.90920810547631,8.49634075164795,7.20277442856213,-4.01366393143787
sub-958464456805,55.65503080082137,57.18912919602516,56.37077713012695,56.77995316307606,1.1249223622546864
sub-958916458255,11.4962,8.27157792544038,12.371524810791016,10.321551368115697,-1.1746486318843026
sub-959069242210,22.0,24.945613060468112,23.492395401000977,24.219004230734544,2.2190042307345443
sub-959189618055,19.83,20.827834618288104,22.195043563842773,21.51143909106544,1.6814390910654424
sub-959696927213,58.36824093086928,48.19411678966368,56.284854888916016,52.23948583928985,-6.128755091579428
sub-960401383220,23.0,16.081565761276906,19.38092803955078,17.731246900413844,-5.2687530995861565
sub-960513601275,11.09041096,16.463168065613992,10.718955039978027,13.59106155279601,2.50065059279601
sub-960700816342,28.0,28.7180878417936,25.812183380126953,27.26513561096028,-0.7348643890397213
sub-960931863944,47.72347707049966,49.577069453846235,55.610294342041016,52.593681897943625,4.870204827443963
sub-961483413696,8.153319999999999,5.999969690772595,12.137351036071776,9.068660363422186,0.915340363422187
sub-961825214664,25.0,21.368521654944217,22.159894943237305,21.76420829909076,-3.235791700909239
sub-962058833465,12.0,21.00586666331095,20.24948501586914,20.627675839590047,8.627675839590047
sub-962095900736,31.0,32.27741378042036,23.25444984436035,27.765931812390356,-3.234068187609644
sub-962108996665,8.333333332999999,2.6364133828932914,11.64416790008545,7.14029064148937,-1.1930426915106285
sub-962854214097,27.0,25.56163733672633,18.69097137451172,22.126304355619027,-4.873695644380973
sub-963133661163,17.0,17.352464622964945,18.68839454650879,18.020429584736867,1.020429584736867
sub-963376929670,13.46,16.692066929419088,16.32218360900879,16.507125269213937,3.047125269213936
sub-963802934589,19.0,19.861968054111617,21.271530151367188,20.5667491027394,1.5667491027394007
sub-963831379087,19.0,17.140737388721718,18.6258544921875,17.88329594045461,-1.1167040595453912
sub-964214262654,21.0,17.037619631388026,20.751962661743164,18.894791146565595,-2.105208853434405
sub-964531986227,57.86447638603696,58.79192732945195,50.636863708496094,54.71439551897402,-3.1500808670629397
sub-964642400113,20.0,19.55097819814597,22.51043701171875,21.03070760493236,1.0307076049323598
sub-965710943519,27.5,27.349256237569737,24.733083724975582,26.04116998127266,-1.4588300187273404
sub-966603052384,64.66255989048598,70.29886144194123,60.48710250854492,65.39298197524307,0.7304220847570946
sub-966847586845,19.0,20.101192840383625,24.7894344329834,22.44531363668351,3.4453136366835118
sub-967034372580,9.887671233,16.255550781453294,10.028491973876951,13.142021377665124,3.254350144665123
sub-967482205242,14.0,16.497994766578735,20.88292694091797,18.690460853748352,4.690460853748352
sub-967739637280,15.0,13.725602215999976,17.48196792602539,15.603785071012684,0.603785071012684
sub-967803211352,68.60232717316906,64.84747662496204,62.77439880371094,63.81093771433649,-4.791389458832569
sub-968205067686,10.0,15.46394401041342,16.94905662536621,16.206500317889816,6.206500317889816
sub-968573886024,19.0,13.850872177834932,20.08041763305664,16.965644905445785,-2.034355094554215
sub-968674783031,27.5,27.646685883917815,22.963865280151367,25.30527558203459,-2.1947244179654106
sub-969623446939,19.0,16.282430428349766,19.5505428314209,17.916486629885334,-1.083513370114666
sub-969765470206,18.0,10.148044767146873,17.414026260375977,13.781035513761424,-4.218964486238576
sub-969931025667,15.0,19.118503546922724,17.469039916992188,18.293771731957456,3.293771731957456
sub-970497665874,21.0,17.773674585645054,21.65713119506836,19.715402890356707,-1.2845971096432933
sub-970724365551,19.0,15.351493911944992,21.257965087890625,18.30472949991781,-0.6952705000821915
sub-970917164596,25.0,18.41686434859596,21.95575523376465,20.186309791180307,-4.813690208819693
sub-971324477087,21.0,20.866718933164243,25.24922752380371,23.057973228483977,2.057973228483977
sub-971873286741,31.0,28.50949117648621,22.815515518188477,25.662503347337342,-5.337496652662658
sub-972488849948,27.0,34.81485565659361,24.33669090270996,29.575773279651784,2.5757732796517843
sub-972559314245,27.0,24.5599064586686,24.116039276123047,24.337972867395823,-2.6620271326041767
sub-972635191339,13.78,17.469610926497992,12.145039558410645,14.807325242454318,1.027325242454319
sub-972640558751,19.0,22.96800890920899,23.641286849975582,23.304647879592288,4.304647879592288
sub-972664409918,27.0,27.33917011040071,24.98308753967285,26.16112882503678,-0.8388711749632201
sub-973056160459,10.556,11.549296526389291,11.345392227172852,11.447344376781071,0.8913443767810723
sub-973270677867,19.0,18.54095296533841,20.97823905944824,19.759596012393324,0.7595960123933239
sub-973295701579,19.0,19.294876787416268,20.934978485107425,20.114927636261847,1.1149276362618465
sub-973488879665,19.0,22.4671907524819,20.760913848876953,21.614052300679425,2.6140523006794254
sub-973607125517,8.063013698999999,5.0168136350648105,9.44076156616211,7.22878760061346,-0.834226098386539
sub-973735615773,19.0,20.130610206421583,21.504867553710938,20.81773888006626,1.8177388800662584
sub-973781454136,19.0,26.321459561903612,21.86505699157715,24.09325827674038,5.093258276740379
sub-974114228993,19.0,17.52944125969333,18.35179901123047,17.9406201354619,-1.0593798645381014
sub-974405616418,41.94934976043805,40.52511301856814,43.54961395263672,42.03736348560243,0.08801372516438022
sub-974416298113,33.0,29.98954557728489,23.354278564453125,26.671912070869006,-6.328087929130994
sub-974659202683,14.0,13.856637171134109,14.883124351501465,14.369880761317788,0.3698807613177877
sub-974877812246,21.0,25.08641667476835,21.56930923461914,23.327862954693746,2.327862954693746
sub-975176498961,21.0,18.467500543858428,20.06778907775879,19.26764481080861,-1.7323551891913915
sub-975454592840,20.0,26.716639998694777,39.572696685791016,33.144668342242895,13.144668342242895
sub-975567474439,10.99,10.68599919467681,10.336268424987791,10.511133809832302,-0.4788661901676985
sub-975770121455,8.2,8.802117638318375,10.646522521972656,9.724320080145516,1.5243200801455163
sub-975829508513,21.0,30.354103204219836,22.576507568359375,26.465305386289607,5.465305386289607
sub-976127076696,70.71047227926078,68.24438659159154,57.09709548950195,62.670741040546744,-8.03973123871404
sub-976139172060,21.0,23.060624265051977,22.927392959594727,22.994008612323352,1.994008612323352
sub-976182490642,33.53,27.2549384609477,22.280179977416992,24.767559219182345,-8.762440780817656
sub-976250033322,21.0,19.88892994053552,19.760480880737305,19.824705410636412,-1.1752945893635882
sub-976906636902,22.5,32.60395805886082,25.2410888671875,28.92252346302416,6.422523463024159
sub-976941323987,21.0,21.459801292078986,20.157556533813477,20.80867891294623,-0.19132108705376893
sub-977410937885,19.0,23.43423170259768,21.942251205444336,22.688241454021007,3.688241454021007
sub-977560143527,11.75890411,13.388848601466185,11.920687675476074,12.65476813847113,0.8958640284711308
sub-978611220179,21.0,22.241725549610496,22.106481552124023,22.174103550867258,1.1741035508672581
sub-978703528815,33.0,25.676955760508953,24.116567611694336,24.896761686101645,-8.103238313898355
sub-978719853586,36.70636550308008,40.39489369194044,29.26865577697754,34.83177473445899,-1.8745907686210899
sub-978760006475,13.77,6.6418324705145935,14.649633407592772,10.645732939053683,-3.124267060946316
sub-979328387432,12.4,9.55845226097428,15.701553344726562,12.63000280285042,0.23000280285041974
sub-979395608934,23.0,20.624990851824823,19.20171165466309,19.913351253243956,-3.086648746756044
sub-979591660457,19.0,19.75208948498072,19.639883041381836,19.695986263181275,0.6959862631812754
sub-980881834392,8.060273973,5.147729611701656,8.153267860412598,6.650498736057127,-1.4097752369428722
sub-980931195450,19.0,20.622350207380723,22.468618392944336,21.545484300162528,2.545484300162528
sub-981286493399,23.0,17.790019593309204,21.38088607788086,19.58545283559503,-3.4145471644049685
sub-981966417728,29.85,33.853141076122306,33.036041259765625,33.44459116794397,3.5945911679439675
sub-983172589376,11.72876712,14.754097476582125,10.851686477661133,12.802891977121629,1.0741248571216282
sub-983287078347,15.74,10.367630945687845,13.302512168884276,11.83507155728606,-3.90492844271394
sub-983539557734,19.0,21.885967525200805,23.569499969482425,22.727733747341617,3.7277337473416168
sub-984146928463,60.895277207392205,50.77052324108782,62.354698181152344,56.56261071112009,-4.332666496272118
sub-984212089358,21.0,19.401175787367567,19.47458267211914,19.437879229743352,-1.562120770256648
sub-984786358175,57.702943189596176,51.92090368024946,51.37307357788086,51.64698862906516,-6.055954560531013
sub-985491199225,18.0,22.660622951474327,23.80428695678711,23.232454954130716,5.232454954130716
sub-985675086687,9.270362765,10.998716675367524,12.011833190917969,11.505274933142747,2.2349121681427473
sub-986168019499,23.0,22.62891288979634,21.29828453063965,21.963598710217994,-1.036401289782006
sub-986189704225,72.3504449007529,55.84809471565701,62.273677825927734,59.06088627079237,-13.289558629960531
sub-986532015071,21.0,21.538726859681933,22.040023803710938,21.789375331696434,0.7893753316964336
sub-986553319740,29.0,29.476293914066257,29.00402450561523,29.240159209840744,0.24015920984074413
sub-986598837703,21.0,26.669600793343967,22.012636184692383,24.341118489018175,3.341118489018175
sub-986662453858,22.5,23.615326833788597,22.5744686126709,23.09489772322975,0.5948977232297494
sub-987076720776,12.77,11.529202700888112,14.2094144821167,12.869308591502406,0.09930859150240678
sub-987183158187,21.0,20.57756321103095,21.447769165039062,21.012666188035006,0.012666188035005632
sub-987405498938,14.0,12.86657140543956,17.9488582611084,15.407714833273978,1.4077148332739782
sub-987675138457,18.0,17.213592395457795,17.17018699645996,17.191889695958878,-0.8081103040411222
sub-987725617016,24.0,35.49631863419082,29.7235050201416,32.609911827166215,8.609911827166215
sub-987863853354,72.5,46.451585239153744,47.91855239868164,47.18506881891769,-25.314931181082308
sub-987949390718,25.0,28.647230379132388,22.20305061340332,25.425140496267854,0.4251404962678542
sub-988151025685,29.09240246406571,39.00286114768737,30.789779663085938,34.89632040538665,5.803917941320943
sub-988202444857,24.0,26.829031780699253,25.512943267822266,26.17098752426076,2.1709875242607595
sub-988766407304,22.0,23.49061261074192,20.922595977783203,22.20660429426256,0.20660429426256144
sub-988922689261,39.0,27.217557721028285,25.97696876525879,26.597263243143537,-12.402736756856463
sub-989118728356,25.0,23.1985367618275,21.69939422607422,22.44896549395086,-2.5510345060491417
sub-989364744933,63.54004106776181,63.20200032592313,62.27642822265625,62.739214274289694,-0.8008267934721189
sub-989482280855,19.0,20.349581004489902,23.676239013671875,22.01291000908089,3.0129100090808905
sub-989610403127,58.71594798083505,52.73342283748145,42.21274185180664,47.47308234464404,-11.242865636191006
sub-989703928298,10.8,6.9339456297132,15.03833293914795,10.986139284430575,0.18613928443057404
sub-989894994426,25.0,21.40555606263344,23.647541046142575,22.526548554388008,-2.4734514456119925
sub-990401935145,51.65776865160849,48.93492182966554,49.12703323364258,49.03097753165406,-2.626791119954433
sub-990930608075,54.19301848049281,48.832186881182125,47.10942840576172,47.97080764347192,-6.222210837020889
sub-990935060181,27.5,34.18713727341332,30.74734878540039,32.46724302940686,4.967243029406859
sub-991826633582,24.0,16.957389105801845,23.064647674560547,20.011018390181196,-3.9889816098188042
sub-992514956211,15.0,15.995227294813684,18.48113250732422,17.238179901068953,2.2381799010689534
sub-992555534948,20.213552361396307,20.491927409892735,22.17477226257324,21.333349836232987,1.1197974748366804
sub-992659217265,26.0,28.39597682421221,24.48270606994629,26.43934144707925,0.4393414470792507
sub-992939872393,24.0,20.13942085652411,34.1685905456543,27.154005701089204,3.154005701089204
sub-993601032415,68.85147159479808,46.481980659513795,49.851348876953125,48.16666476823346,-20.684806826564625
sub-993886391753,60.016427104722794,55.84854807453246,65.50130462646484,60.67492635049865,0.6584992457758574
sub-994089426413,27.9,36.75076199831996,27.827211380004883,32.28898668916242,4.388986689162422
sub-994359308124,21.0,18.08096704069202,22.237606048583984,20.159286544638,-0.8407134553619997
sub-994631602724,10.84,11.867794687314834,8.288100242614746,10.07794746496479,-0.7620525350352096
sub-994666209803,37.5,30.802945105029245,25.870805740356445,28.336875422692845,-9.163124577307155
sub-994785703004,66.27515400410678,64.09124730244062,54.52583694458008,59.30854212351035,-6.966611880596432
sub-995055914773,23.0,27.868416057363874,23.81924819946289,25.843832128413382,2.843832128413382
sub-995156278869,29.0,25.21914891670864,24.31381607055664,24.76648249363264,-4.23351750636736
sub-995547093580,10.2,17.52841242101466,13.074326515197754,15.301369468106207,5.101369468106208
sub-996103732554,19.0,15.520484161582518,18.84103202819824,17.18075809489038,-1.819241905109621
sub-996579398931,27.0,21.37671559788887,22.317108154296875,21.846911876092875,-5.153088123907125
sub-996590600673,8.43,13.238667699613057,8.132949829101562,10.68580876435731,2.25580876435731
sub-996716777224,23.0,17.298259026923468,20.85347366333008,19.075866345126776,-3.9241336548732235
sub-996843901663,25.0,24.592433457215087,20.37079429626465,22.481613876739868,-2.5183861232601323
sub-997004175200,21.0,31.210296065704657,33.0880126953125,32.14915438050858,11.149154380508577
sub-997144206185,41.0,40.44859470088299,26.345884323120117,33.397239512001555,-7.602760487998445
sub-997249731765,22.0,19.38919897054585,15.765751838684082,17.577475404614965,-4.422524595385035
sub-997337611588,23.0,23.16376527181856,22.219465255737305,22.691615263777933,-0.30838473622206664
sub-997577988986,22.0,23.09481543405156,25.38105201721191,24.237933725631734,2.237933725631734
sub-997706219656,23.0,15.595543477332312,20.33384132385254,17.964692400592426,-5.035307599407574
sub-997863968388,23.0,23.26453015795807,20.74258041381836,22.003555285888215,-0.9964447141117851
sub-998196661811,20.0,23.18535513575711,24.209426879882812,23.69739100781996,3.6973910078199594
sub-998375364631,11.6,13.926624314245462,17.968250274658203,15.947437294451833,4.347437294451833
sub-998567081914,60.0,57.023194843803225,66.48531341552734,61.754254129665284,1.7542541296652843
sub-999027816075,22.0,22.86143965287334,22.485824584960938,22.67363211891714,0.6736321189171406
sub-999184404925,21.0,19.996389997113628,22.334962844848633,21.16567642098113,0.16567642098112856
sub-999832619027,19.0,24.066010586809615,22.726835250854492,23.39642291883205,4.396422918832052
