subject,true_age,pred_ridge,pred_xgb,pred_avg,pred_optimal,err_ridge,err_xgb,err_avg,err_optimal
sub-100053248969,19.0,18.396582255796353,17.292522430419922,17.844552343108138,17.896869013794074,-0.6034177442036466,-1.707477569580078,-1.1554476568918624,-1.103130986205926
sub-100263562592,21.0,17.650446592006404,21.16423988342285,19.407343237714628,19.240839609686304,-3.3495534079935965,0.1642398834228515,-1.5926567622853725,-1.7591603903136956
sub-100479214233,21.0,15.103753060996482,18.873292922973633,16.988522991985057,16.809900628356047,-5.896246939003518,-2.126707077026367,-4.011477008014943,-4.190099371643953
sub-100544064116,15.0,24.316650252100978,21.26664352416992,22.791646888135446,22.93617365553291,9.316650252100974,6.266643524169922,7.791646888135446,7.936173655532912
sub-101404752059,31.0,38.303992500775706,26.64414978027344,32.47407114052457,33.02658119282211,7.303992500775706,-4.3558502197265625,1.4740711405245719,2.026581192822107
sub-101942030871,19.0,26.91475358286687,24.729875564575195,25.82231457372103,25.925846593585025,7.914753582866869,5.729875564575195,6.82231457372103,6.925846593585025
sub-102730278561,19.0,36.67482600060622,37.20344161987305,36.93913381023963,36.91408497806861,17.674826000606217,18.203441619873047,17.939133810239632,17.914084978068608
sub-103116472269,23.0,11.467952844249574,18.678314208984375,15.073133526616974,14.731465355766883,-11.532047155750426,-4.321685791015625,-7.926866473383026,-8.268534644233117
sub-103326586557,26.8528,28.59565784270229,22.539466857910156,25.567562350306225,25.85453932572011,1.7428578427022927,-4.313333142089842,-1.285237649693773,-0.9982606742798872
sub-104230378530,21.0,19.022460147448616,21.969762802124023,20.496111474786318,20.35645141393421,-1.9775398525513843,0.9697628021240234,-0.5038885252136822,-0.6435485860657906
sub-104333986026,8.380561,19.04893571789531,12.474424362182615,15.761680040038964,16.07321799985967,10.668374717895311,4.093863362182617,7.381119040038964,7.692656999859668
sub-104625609853,21.38261464750171,29.321357782760547,26.576377868652344,27.948867825706444,28.078940677652625,7.938743135258836,5.193763221150633,6.566253178204732,6.696326030150914
sub-104654659650,19.0,14.828940554839512,19.919864654541016,17.374402604690264,17.13316549643811,-4.171059445160488,0.9198646545410156,-1.625597395309736,-1.8668345035618898
sub-104756934188,30.0,18.12569373483468,24.10377311706543,21.114733425950057,20.831457825130215,-11.87430626516532,-5.89622688293457,-8.885266574049943,-9.168542174869785
sub-104774505992,23.0,21.200911417998533,19.673921585083008,20.43741650154077,20.509774015502643,-1.7990885820014668,-3.326078414916992,-2.5625834984592295,-2.490225984497357
sub-104893688989,27.0,24.153898830969055,25.4888858795166,24.82139235524283,24.75813303162326,-2.846101169030945,-1.5111141204833984,-2.1786076447571716,-2.2418669683767405
sub-105288153937,15.92,17.735333183310647,17.8588809967041,17.797107090007373,17.791252687810402,1.8153331833106472,1.9388809967041016,1.8771070900073727,1.8712526878104025
sub-105626036276,18.0,20.69329309393246,32.66275405883789,26.678023576385176,26.110842040388576,2.6932930939324606,14.66275405883789,8.678023576385176,8.110842040388576
sub-105699817140,21.0,23.37714515358691,20.455610275268555,21.916377714427732,22.054816750622486,2.377145153586909,-0.5443897247314453,0.9163777144277319,1.0548167506224857
sub-105890017872,10.96712329,22.460192486654226,24.897743225097656,23.67896785587594,23.563462757028667,11.493069196654226,13.930619935097656,12.71184456587594,12.596339467028667
sub-106084308551,27.5,31.82721342662741,24.29667854309082,28.061945984859115,28.418785808694405,4.327213426627406,-3.2033214569091797,0.5619459848591148,0.9187858086944054
sub-106297012000,22.0,25.38918901732023,20.329612731933594,22.859400874626914,23.09915254410071,3.389189017320234,-1.6703872680664062,0.859400874626914,1.0991525441007113
sub-106847803341,10.0,10.794049978249925,10.270771026611328,10.532410502430626,10.557206452759157,0.7940499782499231,0.2707710266113281,0.5324105024306256,0.5572064527591571
sub-107012705146,20.0,24.384870996702585,29.75141143798828,27.068141217345435,26.813843830069537,4.384870996702585,9.75141143798828,7.068141217345435,6.813843830069537
sub-107385462103,19.0,8.721530831610004,20.155689239501953,14.438610035555978,13.896794197095804,-10.278469168389996,1.1556892395019531,-4.561389964444022,-5.103205802904196
sub-107912335979,31.0,40.64220953008525,21.149019241333008,30.89561438570913,31.819313259189336,9.642209530085252,-9.850980758666992,-0.10438561429086946,0.819313259189336
sub-108019181067,19.0,12.513636240852556,22.3724422454834,17.443039243167977,16.975872613927613,-6.486363759147444,3.3724422454833984,-1.556960756832023,-2.0241273860723865
sub-108681547305,21.0,18.718356143729697,25.359920501708984,22.03913832271934,21.72442300805114,-2.2816438562703034,4.359920501708984,1.0391383227193387,0.72442300805114
sub-108737376161,22.0,23.0235655426712,19.23516845703125,21.129366999851225,21.30888292661671,1.0235655426712,-2.76483154296875,-0.870633000148775,-0.691117073383289
sub-108893451515,23.0,26.046920744563582,31.44682884216309,28.746874793363336,28.490996255639967,3.046920744563586,8.446828842163086,5.746874793363336,5.490996255639967
sub-109712998508,67.5,48.46532497041208,62.0331916809082,55.249258325660136,54.60633518119947,-19.034675029587923,-5.466808319091797,-12.250741674339864,-12.89366481880053
sub-109861838866,21.0,27.457708315514548,21.87193298339844,24.664820649456495,24.929506640069654,6.457708315514548,0.8719329833984375,3.6648206494564946,3.929506640069654
sub-110463604078,35.51540041067762,39.014702098942486,34.01385498046875,36.514278539705614,36.75124728527038,3.4993016882648647,-1.501545430208871,0.9988781290279931,1.2358468745927595
sub-110513034050,19.0,19.478214396311703,20.867450714111328,20.172832555211514,20.107002590862905,0.4782143963117065,1.867450714111328,1.1728325552115137,1.1070025908629049
sub-110519368768,11.3369863,2.146873622311034,15.122564315795898,8.634718969053466,8.019856512028388,-9.190112677688964,3.785578015795899,-2.7022673309465333,-3.317129787971611
sub-110648343433,22.0,18.34299383228731,19.85275650024414,19.097875166265723,19.026333973933607,-3.657006167712691,-2.1472434997558594,-2.902124833734277,-2.973666026066393
sub-111020130501,21.0,20.68119225971927,17.494047164916992,19.08761971231813,19.238644880085847,-0.3188077402807288,-3.505952835083008,-1.91238028768187,-1.7613551199141533
sub-111417977585,19.0,24.32391689732934,19.833391189575195,22.078654043452268,22.291440841105384,5.32391689732934,0.8333911895751953,3.078654043452268,3.291440841105384
sub-111786255278,19.0,19.899597120541745,21.85419654846191,20.876896834501828,20.78427673163869,0.8995971205417455,2.854196548461914,1.876896834501828,1.7842767316386912
sub-112139632444,13.0,18.45546349485265,17.209367752075195,17.832415623463923,17.891462768482363,5.455463494852651,4.209367752075195,4.832415623463923,4.891462768482363
sub-112365363383,22.0,23.59180906698464,24.880342483520508,24.236075775252573,24.175017690471932,1.5918090669846414,2.880342483520508,2.236075775252573,2.1750176904719325
sub-112581979205,19.0,27.394112139921383,27.73478889465332,27.56445051728735,27.548307303687864,8.394112139921383,8.73478889465332,8.564450517287352,8.548307303687864
sub-113308512211,61.0,47.78862788346976,44.96735000610352,46.37798894478664,46.51167723072111,-13.211372116530242,-16.032649993896484,-14.622011055213363,-14.488322769278888
sub-113484693835,22.5,33.59138820178462,20.901525497436523,27.24645684961057,27.847775141331567,11.091388201784618,-1.5984745025634766,4.746456849610571,5.347775141331567
sub-113812293828,23.0,20.19863753425316,20.912521362304688,20.555579448278923,20.521751548484225,-2.8013624657468412,-2.0874786376953125,-2.444420551721077,-2.4782484515157748
sub-114165623285,24.0,20.08221073584307,17.12137222290039,18.60179147937173,18.742092946625146,-3.91778926415693,-6.878627777099609,-5.39820852062827,-5.257907053374854
sub-114383938758,22.5,15.175371837117924,16.496707916259766,15.836039876688844,15.773427414094852,-7.324628162882075,-6.003292083740234,-6.663960123311156,-6.7265725859051475
sub-115044780386,33.68651608487337,41.025498563165115,37.327632904052734,39.176565733608925,39.35179176346891,7.338982478291747,3.6411168191793664,5.490049648735557,5.665275678595542
sub-115179082434,21.0,22.24036279430076,21.639892578125,21.940127686212882,21.968581400254756,1.2403627943007614,0.639892578125,0.9401276862128825,0.9685814002547559
sub-115321957741,24.0,19.492986280481304,20.03264617919922,19.76281622984026,19.737244056526187,-4.507013719518696,-3.967353820800781,-4.237183770159739,-4.262755943473813
sub-116096622843,15.0,16.79917404793102,23.854305267333984,20.3267396576325,19.99242717911646,1.7991740479310216,8.854305267333984,5.326739657632501,4.992427179116461
sub-116218240872,11.52876712,13.104145719088002,14.191351890563965,13.647748804825984,13.59623075667906,1.575378599088003,2.662584770563966,2.118981684825984,2.0674636366790597
sub-116602902372,20.0,40.605831810460224,33.24479675292969,36.92531428169495,37.27412223409116,20.605831810460224,13.244796752929688,16.925314281694952,17.27412223409116
sub-116651167956,71.2060232717317,52.9644473701869,53.96847152709961,53.466459448643256,53.41888304021809,-18.241575901544792,-17.237551744632086,-17.73956382308844,-17.787140231513604
sub-117262576182,9.7,-1.6149094928984835,7.215566635131836,2.800328571116676,2.38189009434964,-11.314909492898485,-2.4844333648681634,-6.899671428883323,-7.31810990565036
sub-117310191719,21.0,19.825549923139608,20.56905174255371,20.197300832846658,20.16206946318114,-1.174450076860392,-0.430948257446289,-0.8026991671533423,-0.8379305368188597
sub-117722182135,9.55890411,16.195727500098524,19.175403594970703,17.685565547534615,17.544371447882416,6.636823390098524,9.616499484970705,8.126661437534615,7.985467337882415
sub-117730404599,32.5,21.901058290937428,24.54485321044922,23.222955750693323,23.097677622655205,-10.598941709062572,-7.955146789550781,-9.277044249306677,-9.402322377344795
sub-118300283712,27.5,38.622676455130474,36.759403228759766,37.69103984194512,37.77933238691543,11.122676455130474,9.259403228759766,10.19103984194512,10.279332386915428
sub-119019619320,34.666666666666664,34.607919565377536,25.693675994873047,30.15079778012529,30.573205637537647,-0.0587471012891285,-8.972990671793617,-4.515868886541373,-4.093461029129017
sub-119139956064,24.312114989733058,35.68849891659772,25.38764381408691,30.53807136534232,31.0261848097364,11.376383926864666,1.0755288243538563,6.225956375609261,6.714069820003342
sub-119167600899,13.0,19.824082171918818,18.964292526245117,19.394187349081967,19.434929101220764,6.824082171918818,5.964292526245117,6.394187349081967,6.434929101220764
sub-119194819365,19.2,17.748348401706952,27.120325088500977,22.434336745103963,21.990238874019745,-1.4516515982930471,7.920325088500977,3.2343367451039633,2.790238874019746
sub-119568669419,19.0,22.494129178795596,23.17301368713379,22.833571432964693,22.801402001163837,3.494129178795596,4.173013687133789,3.8335714329646926,3.8014020011638365
sub-119909871257,15.0,13.829402897035209,15.384138107299805,14.606770502167507,14.533098253499722,-1.1705971029647912,0.3841381072998047,-0.3932294978324933,-0.4669017465002785
sub-120159232504,19.0,20.736979242312497,20.93811798095703,20.837548611634766,20.828017507513422,1.736979242312497,1.9381179809570312,1.837548611634766,1.8280175075134224
sub-120208266498,60.539356605065024,50.84238255871077,46.46794509887695,48.65516382879386,48.862449701137166,-9.696974046354256,-14.07141150618807,-11.884192776271163,-11.676906903927858
sub-120256972451,20.0,23.142829148537356,23.49802017211914,23.32042466032825,23.303593677636712,3.1428291485373556,3.4980201721191406,3.32042466032825,3.3035936776367123
sub-120396235891,8.1013,11.255851763167248,15.8274564743042,13.541654118735725,13.325025334061591,3.1545517631672464,7.726156474304199,5.4403541187357245,5.223725334061591
sub-120533702955,27.5,39.42350327703325,26.799938201904297,33.11172073946877,33.70989747023864,11.923503277033248,-0.7000617980957031,5.6117207394687725,6.209897470238637
sub-121114024899,21.0,27.513378670323483,24.612775802612305,26.063077236467894,26.200524394251204,6.513378670323483,3.6127758026123047,5.063077236467894,5.200524394251204
sub-121236619259,32.5,42.82953246609175,40.29568862915039,41.56261054762107,41.68267856435345,10.329532466091749,7.795688629150391,9.06261054762107,9.182678564353452
sub-121315843872,34.36550308008213,45.934782998202614,24.94314956665039,35.438966282426506,36.433669964379604,11.569279918120486,-9.422353513431736,1.073463202344378,2.068166884297476
sub-121725487399,33.51676933607118,42.10229661712985,33.405696868896484,37.75399674301317,38.16609139101887,8.585527281058674,-0.1110724671746936,4.23722740694199,4.649322054947689
sub-121738146757,25.0,23.81666128272298,17.911468505859375,20.864064894291175,21.143886710775455,-1.183338717277021,-7.088531494140625,-4.135935105708825,-3.8561132892245453
sub-121916223122,72.5,49.61882477955496,53.45359420776367,51.536209493659314,51.354496180013754,-22.881175220445044,-19.046405792236328,-20.963790506340686,-21.145503819986246
sub-122612583665,10.8,6.707123519034305,14.468167304992676,10.58764541201349,10.21988275767482,-4.092876480965696,3.668167304992675,-0.21235458798651052,-0.5801172423251799
sub-123233851263,25.0,21.18093722571536,20.63668632507324,20.908811775394298,20.93460149664397,-3.8190627742846424,-4.363313674926758,-4.091188224605702,-4.065398503356029
sub-123234343655,44.48186173853525,43.08502434832293,22.881980895996097,32.98350262215951,33.940838399492684,-1.396837390212319,-21.599880842539157,-11.498359116375738,-10.541023339042567
sub-123319906652,11.50718686,4.4047845654980655,14.467398643493652,9.436091604495859,8.95926738278425,-7.102402294501934,2.960211783493653,-2.07109525550414,-2.54791947721575
sub-123362026561,25.12,23.932749655027617,24.977706909179688,24.455228282103654,24.405712229359214,-1.1872503449723837,-0.1422930908203135,-0.6647717178963468,-0.7142877706407873
sub-124641364359,21.0,22.398007438071964,23.38127899169922,22.88964321488559,22.8430501835266,1.3980074380719645,2.3812789916992188,1.8896432148855915,1.8430501835266
sub-124676200421,19.0,15.27915472189034,21.50654411315918,18.392849417524758,18.097760082211764,-3.720845278109661,2.5065441131591797,-0.6071505824752421,-0.9022399177882363
sub-124729451238,67.5,51.439813155120774,54.20195770263672,52.820885428878746,52.68999921840543,-16.060186844879226,-13.29804229736328,-14.679114571121254,-14.810000781594567
sub-124881102242,45.388090349075966,46.24052087732365,58.975555419921875,52.60803814862276,52.004579356784205,0.8524305282476803,13.587465070845909,7.219947799546794,6.616489007708239
sub-125025808425,23.0,27.44362288986052,22.920679092407227,25.182150991133874,25.396473943335934,4.443622889860521,-0.0793209075927734,2.1821509911338737,2.396473943335934
sub-125239324117,8.906849315,1.7795854027152809,13.490049362182615,7.634817382448948,7.079908606252779,-7.12726391228472,4.583200047182617,-1.2720319325510525,-1.8269407087472214
sub-125295604279,23.0,39.14815192508082,26.813087463378903,32.98061969422986,33.565125615467096,16.148151925080818,3.8130874633789062,9.980619694229858,10.565125615467096
sub-125353958428,27.5,31.355370346022067,21.50960350036621,26.43248692319414,26.89903568248721,3.8553703460220663,-5.990396499633789,-1.0675130768058594,-0.6009643175127906
sub-125580637682,24.0,22.661669072793615,23.119199752807617,22.890434412800616,22.868753991717597,-1.338330927206382,-0.8808002471923828,-1.1095655871993841,-1.1312460082824032
sub-125891952943,19.0,17.501859148859555,18.964174270629883,18.233016709744717,18.163723853591165,-1.4981408511404446,-0.0358257293701171,-0.7669832902552827,-0.8362761464088351
sub-126224773957,23.0,32.68811149685483,20.443809509277344,26.565960503066087,27.14616557904089,9.68811149685483,-2.556190490722656,3.565960503066087,4.14616557904089
sub-126388114927,19.0,19.856584665840447,18.8769588470459,19.36677175644317,19.413192032029094,0.8565846658404475,-0.1230411529541015,0.36677175644317117,0.4131920320290945
sub-126474072032,45.229295003422315,43.88712023008825,36.395938873291016,40.14152955168963,40.496504580292424,-1.3421747733340652,-8.8333561301313,-5.087765451732686,-4.732790423129892
sub-126731927083,21.0,25.13227619277088,20.47357940673828,22.80292779975458,23.023683505177885,4.132276192770881,-0.5264205932617188,1.8029277997545812,2.0236835051778854
sub-127024850810,19.0,22.64483185681752,22.271087646484375,22.457959751650947,22.475669890470744,3.644831856817518,3.271087646484375,3.4579597516509466,3.475669890470744
sub-127230151008,27.5,28.62572798960526,26.46764755249023,27.546687771047743,27.648949968210673,1.1257279896052594,-1.0323524475097656,0.046687771047743354,0.14894996821067252
sub-127322656952,21.0,25.19264665478575,16.88973617553711,21.04119141516143,21.43463081336575,4.192646654785754,-4.110263824462891,0.041191415161428324,0.43463081336575016
sub-127621480063,19.0,17.44520671450826,19.910289764404297,18.677748239456278,18.560938502184182,-1.5547932854917406,0.9102897644042968,-0.32225176054372184,-0.4390614978158176
sub-127728266565,21.0,19.23605408521662,17.575626373291016,18.40584022925382,18.48452079330115,-1.7639459147833811,-3.4243736267089844,-2.594159770746181,-2.515479206698849
sub-127989683000,11.8,-7.842579125448665,10.900158882141112,1.528789878346223,0.6406517271717131,-19.642579125448663,-0.8998411178588874,-10.271210121653777,-11.159348272828288
sub-128924235805,72.5,43.54313579093135,46.47712326049805,45.0101295257147,44.871100414507204,-28.956864209068648,-26.022876739501953,-27.489870474285297,-27.628899585492796
sub-129453382420,19.0,18.659569020378605,20.022151947021484,19.340860483700045,19.276293509504466,-0.3404309796213951,1.0221519470214844,0.3408604837000446,0.2762935095044661
sub-129609320842,34.47775496235455,34.55256348018003,49.87413024902344,42.21334686460173,41.48732337872325,0.074808517825474,15.396375286668883,7.7355919022471795,7.009568416368694
sub-130270412535,21.0,12.272863185412582,21.30154609680176,16.787204641107174,16.359373993033504,-8.727136814587418,0.3015460968017578,-4.212795358892826,-4.640626006966496
sub-130281900088,25.0,27.07382921249545,23.89756965637207,25.485699434433762,25.636208783104344,2.0738292124954505,-1.1024303436279297,0.4856994344337622,0.6362087831043439
sub-130488967679,22.0,16.069563790740407,13.824114799499512,14.94683929511996,15.053241514199678,-5.930436209259593,-8.175885200500488,-7.053160704880041,-6.946758485800322
sub-130624212805,9.564383562,3.8026282262701656,17.937225341796875,10.86992678403352,10.200148710803399,-5.761755335729834,8.372841779796875,1.3055432220335206,0.6357651488033991
sub-130699587566,20.0,27.16228226755906,20.383975982666016,23.77312912511254,24.094324054557834,7.1622822675590605,0.3839759826660156,3.77312912511254,4.094324054557834
sub-130730148206,17.79,17.04067093455553,18.253244400024418,17.646957667289975,17.5894989995463,-0.7493290654444706,0.4632444000244149,-0.1430423327100243,-0.20050100045369845
sub-130750381188,27.01437371663245,37.88066580550901,22.178022384643555,30.029344095076283,30.773425172809567,10.866292088876564,-4.836351331988894,3.0149703784438344,3.7590514561771187
sub-131091186433,12.8739726,13.553304772301242,17.93814468383789,15.745724728069566,15.537945928053723,0.6793321723012422,5.0641720838378905,2.8717521280695664,2.663973328053723
sub-131485716864,10.49,14.98426320803222,11.766541481018066,13.375402344525142,13.527876408051355,4.494263208032221,1.2765414810180662,2.8854023445251418,3.037876408051355
sub-132314739842,19.0,27.749516093054964,23.79176139831543,25.770638745685197,25.958179804839137,8.749516093054964,4.79176139831543,6.770638745685197,6.958179804839137
sub-132529129288,11.0,8.897459347317383,17.32002830505371,13.108743826185547,12.709634324722387,-2.1025406526826167,6.320028305053711,2.108743826185547,1.709634324722387
sub-132624812140,27.5,28.494045510210366,23.957761764526367,26.22590363736837,26.44085871263343,0.9940455102103662,-3.542238235473633,-1.2740963626316315,-1.0591412873665718
sub-133104642441,25.0,38.67942617685654,28.15399742126465,33.41671179906059,33.915466827889624,13.679426176856538,3.1539974212646484,8.416711799060593,8.915466827889624
sub-133292484570,29.0,19.43577922216059,21.248106002807617,20.341942612484104,20.25606420156911,-9.564220777839406,-7.751893997192383,-8.658057387515896,-8.74393579843089
sub-133341745639,69.28952772073922,57.86871000394554,45.5750732421875,51.72189162306652,52.30443446287879,-11.420817716793678,-23.714454478551716,-17.567636097672697,-16.985093257860427
sub-133559617458,42.0,34.684896077165234,29.714357376098633,32.199626726631934,32.43515928599007,-7.315103922834766,-12.285642623901367,-9.800373273368066,-9.564840714009932
sub-133871479599,12.0411,10.974098146640792,13.59669589996338,12.285397023302085,12.161123338263799,-1.0670018533592085,1.5555958999633788,0.24429702330208514,0.12002333826379896
sub-134269526020,25.0,21.498999851856222,22.430423736572266,21.964711794214246,21.920575602020953,-3.5010001481437776,-2.5695762634277344,-3.035288205785754,-3.0794243979790465
sub-134360128280,22.5,28.331907515938383,22.755260467529297,25.54358399173384,25.807837432043428,5.831907515938383,0.2552604675292969,3.04358399173384,3.307837432043428
sub-134583532509,23.0,26.663698490704583,20.51387596130371,23.588787226004147,23.88020099965353,3.663698490704583,-2.486124038696289,0.5887872260041469,0.8802009996535283
sub-134690078113,20.0,23.02777150591997,18.844240188598633,20.936005847259302,21.134245494425144,3.027771505919969,-1.1557598114013672,0.9360058472593025,1.1342454944251443
sub-134999314713,23.0,15.847474781909913,21.546953201293945,18.697213991601927,18.427140098235817,-7.152525218090087,-1.453046798706055,-4.302786008398073,-4.572859901764183
sub-135700393345,19.0,14.74920053199238,22.642799377441406,18.695999954716893,18.32195608333207,-4.250799468007621,3.6427993774414062,-0.3040000452831073,-0.6780439166679315
sub-137109291560,11.0,24.6286247206061,25.900569915771484,25.26459731818879,25.204325278235395,13.6286247206061,14.900569915771484,14.264597318188791,14.204325278235395
sub-137114651299,28.0,29.74355924508113,24.604951858520508,27.17425555180082,27.417752166973244,1.74355924508113,-3.395048141479492,-0.8257444481991811,-0.5822478330267558
sub-137249105377,19.0,26.052673116364268,19.47619247436523,22.764432795364748,23.07606407123569,7.052673116364268,0.4761924743652344,3.7644327953647476,4.076064071235692
sub-137613044284,27.5,23.895033850391485,27.41987037658691,25.6574521134892,25.49042519382037,-3.604966149608515,-0.0801296234130859,-1.8425478865108005,-2.0095748061796286
sub-137935620257,19.0,29.144401265458104,22.53480529785156,25.83960328165483,26.152803751100834,10.144401265458104,3.5348052978515625,6.839603281654831,7.1528037511008336
sub-138111937707,10.35342466,-8.101272584591143,11.84713649749756,1.8729319564532085,0.9276622123067195,-18.454697244591145,1.4937118374975586,-8.48049270354679,-9.42576244769328
sub-139265000445,21.0,32.08578388231888,22.6663875579834,27.37608572015114,27.82243060494266,11.08578388231888,1.6663875579833984,6.3760857201511385,6.82243060494266
sub-139365339602,60.10951403148528,48.66826500862212,64.27278137207031,56.47052319034621,55.73109193396344,-11.44124902286316,4.16326734058503,-3.6389908411390692,-4.378422097521842
sub-139426192767,15.0,13.39860328983654,19.76069450378418,16.57964889681036,16.27817661853005,-1.60139671016346,4.76069450378418,1.5796488968103617,1.2781766185300505
sub-140076989326,21.0,22.442788124188368,21.334762573242188,21.888775348715278,21.941279938166026,1.4427881241883682,0.3347625732421875,0.8887753487152779,0.9412799381660264
sub-140330630373,22.5,36.9069518872393,27.11931610107422,32.01313399415676,32.476928171292144,14.406951887239302,4.619316101074219,9.51313399415676,9.976928171292144
sub-140606705309,10.08,12.208606492807691,16.970998764038086,14.589802628422888,14.364133237684698,2.128606492807693,6.890998764038086,4.509802628422888,4.2841332376846974
sub-140809415420,19.0,30.22066455711056,29.491819381713867,29.856241969412213,29.89077882343574,11.22066455711056,10.491819381713867,10.856241969412213,10.890778823435738
sub-140896025599,19.0,28.31891469508524,22.09408187866211,25.206498286873675,25.5014664770447,9.31891469508524,3.09408187866211,6.206498286873675,6.501466477044701
sub-141217766873,21.0,25.371666468877983,20.17906951904297,22.775367993960476,23.02142294350698,4.3716664688779865,-0.8209304809570312,1.7753679939604758,2.0214229435069804
sub-141883005255,42.0,33.57248948175119,33.20938491821289,33.39093719998204,33.40814317146888,-8.427510518248809,-8.79061508178711,-8.60906280001796,-8.591856828531121
sub-142069343741,19.0,22.556074745939757,19.92251205444336,21.239293400191556,21.36408666672928,3.556074745939757,0.9225120544433594,2.2392934001915563,2.3640866667292784
sub-142102321393,72.0,56.64859973995542,50.21680450439453,53.43270212217497,53.73747737576551,-15.351400260044578,-21.78319549560547,-18.567297877825027,-18.262522624234492
sub-142262191767,19.0,28.75084713972295,33.369140625,31.059993882361475,30.841152716469153,9.75084713972295,14.369140625,12.059993882361475,11.841152716469153
sub-142380817861,21.0,13.574629779282702,21.5504207611084,17.56252527019555,17.184586665180397,-7.425370220717298,0.5504207611083984,-3.4374747298044497,-3.8154133348196027
sub-142608681206,31.0,39.417476426480754,51.812747955322266,45.61511219090151,45.02775331438766,8.417476426480754,20.812747955322266,14.615112190901513,14.02775331438766
sub-142756155441,16.2,10.657910629015952,16.463279724121094,13.560595176568523,13.285503577202174,-5.542089370984048,0.2632797241210944,-2.6394048234314766,-2.914496422797825
sub-142798556047,23.0,30.658512018250786,27.283838272094727,28.971175145172758,29.13108649326472,7.658512018250782,4.283838272094727,5.971175145172758,6.131086493264721
sub-143185051068,25.0,20.918685618876324,20.77346420288086,20.846074910878592,20.852956332358257,-4.081314381123676,-4.226535797119141,-4.153925089121408,-4.147043667641743
sub-143433115346,21.0,15.543370519920938,18.58232879638672,17.06284965815383,16.918846429593316,-5.456629480079062,-2.4176712036132812,-3.93715034184617,-4.081153570406684
sub-143597719481,53.56605065023956,45.446780639082,33.82912063598633,39.63795063753416,40.188461831360016,-8.11927001115756,-19.736930014253232,-13.9281000127054,-13.377588818879545
sub-143693932248,14.2,15.97695711957417,35.47297668457031,25.72496690207224,24.801133961297737,1.7769571195741705,21.272976684570313,11.52496690207224,10.601133961297737
sub-144197550366,21.0,20.10444942138506,26.25320625305176,23.17882783721841,22.88746456242437,-0.8955505786149409,5.253206253051758,2.1788278372184102,1.8874645624243698
sub-144446563322,24.0,20.73849705593905,21.887937545776367,21.31321730085771,21.258750234673684,-3.261502944060954,-2.112062454223633,-2.6867826991422916,-2.741249765326316
sub-144517208850,19.0,13.524641304442053,15.259384155273438,14.392012729857745,14.309810689383365,-5.475358695557947,-3.7406158447265625,-4.607987270142255,-4.690189310616635
sub-144550081547,19.0,20.377856483331456,21.69779586791992,21.03782617562569,20.975279896409912,1.3778564833314562,2.697795867919922,2.037826175625689,1.975279896409912
sub-144658033075,29.0,21.3195662071442,18.913959503173828,20.116762855159013,20.230754262905954,-7.680433792855798,-10.086040496826172,-8.883237144840987,-8.769245737094046
sub-144863316344,21.0,24.51389898630974,24.905202865600582,24.709550925955163,24.691008709563935,3.5138989863097407,3.905202865600586,3.7095509259551633,3.691008709563935
sub-144960174539,23.0,10.786981379231122,19.93653106689453,15.361756223062827,14.928198215668704,-12.213018620768878,-3.0634689331054688,-7.638243776937173,-8.071801784331296
sub-145200850196,23.0,45.00581796809317,29.017404556274418,37.01161126218379,37.76923375693543,22.00581796809317,6.017404556274414,14.011611262183791,14.769233756935428
sub-145580633313,31.0,25.95252514895789,21.756587982177734,23.854556565567812,24.053384072853007,-5.047474851042114,-9.243412017822266,-7.145443434432188,-6.946615927146993
sub-146014608627,19.0,13.447623926936052,14.92793083190918,14.187777379422617,14.117631969652638,-5.552376073063947,-4.07206916809082,-4.8122226205773835,-4.8823680303473616
sub-146447578450,23.0,22.3339365434526,27.589563369750977,24.96174995660179,24.71270829092404,-0.6660634565473984,4.589563369750977,1.961749956601789,1.7127082909240414
sub-146639891883,22.5,32.35746531938992,27.321815490722656,29.839640405056286,30.078258302131076,9.857465319389917,4.821815490722656,7.3396404050562865,7.578258302131076
sub-146945452536,21.0,25.733374196336637,22.87165069580078,24.30251244606871,24.438117277012267,4.733374196336637,1.8716506958007812,3.302512446068711,3.4381172770122674
sub-147386486868,11.0739726,9.527204377072842,17.32128143310547,13.424242905089155,13.054914945436014,-1.5467682229271578,6.247308833105469,2.350270305089156,1.9809423454360147
sub-148237622396,19.0,12.60719734074508,17.84919548034668,15.22819641054588,14.979800550011484,-6.392802659254919,-1.1508045196533203,-3.7718035894541195,-4.020199449988516
sub-148388865585,10.0,7.016185716318191,16.855405807495117,11.935795761906654,11.46955722529379,-2.9838142836818093,6.855405807495117,1.935795761906654,1.4695572252937907
sub-149020310221,24.342231348391515,37.93267482042834,22.91703414916992,30.424854484799127,31.136381442017008,13.590443472036824,-1.4251971992215928,6.082623136407612,6.794150093625493
sub-149065190596,21.0,35.903499315050986,26.15420913696289,31.02885422600694,31.490831368862196,14.903499315050986,5.154209136962891,10.028854226006938,10.490831368862196
sub-149522007327,23.0,32.14266112926572,18.721282958984375,25.431972044125047,26.06795372351152,9.14266112926572,-4.278717041015625,2.4319720441250468,3.0679537235115184
sub-149787481275,17.2,18.021896707460748,18.80805206298828,18.414974385224514,18.377721847003503,0.8218967074607484,1.608052062988282,1.2149743852245152,1.1777218470035038
sub-149907628658,59.89322381930185,46.04075049813478,67.17631530761719,56.60853290287598,55.607008928826865,-13.852473321167077,7.283091488315336,-3.2846909164258733,-4.286214890474987
sub-150220157566,18.0,20.688883150089207,20.32206916809082,20.505476159090016,20.522857904044518,2.6888831500892074,2.3220691680908203,2.5054761590900156,2.5228579040445176
sub-150529102662,29.0,36.94686839797889,26.21415901184082,31.580513704909855,32.08909087583536,7.946868397978889,-2.7858409881591797,2.5805137049098548,3.0890908758353604
sub-150819102994,60.5968514715948,47.52090900661192,50.180076599121094,48.85049280286651,48.72448622963703,-13.075942464982887,-10.41677487247371,-11.746358668728291,-11.872365241957773
sub-153637972221,21.0,22.249405739570054,24.4534912109375,23.351448475253775,23.247006296380114,1.249405739570058,3.4534912109375,2.3514484752537754,2.247006296380114
sub-153810221421,24.83,30.22918833481019,20.66604995727539,25.44761914604279,25.900775351641478,5.399188334810191,-4.163950042724608,0.6176191460427916,1.0707753516414797
sub-153874780317,21.0,17.198835984914215,20.27924156188965,18.73903877340193,18.59307153462952,-3.801164015085785,-0.7207584381103516,-2.26096122659807,-2.4069284653704806
sub-154103308424,13.01369863,27.13261869613941,19.77942276000977,23.45602072807459,23.80445721805239,14.11892006613941,6.765724130009765,10.442322098074591,10.790758588052391
sub-154228017477,20.0,20.61784429638122,26.571435928344727,23.594640112362974,23.312524881241515,0.6178442963812216,6.571435928344727,3.594640112362974,3.312524881241515
sub-154460108156,67.5,43.90686715818638,48.3400764465332,46.12347180235979,45.91340098455677,-23.59313284181362,-19.159923553466797,-21.376528197640212,-21.586599015443227
sub-154711749424,20.0,14.853168409762567,17.803146362304688,16.328157386033627,16.188370554263617,-5.146831590237433,-2.1968536376953125,-3.6718426139663727,-3.811629445736383
sub-154886350989,64.0,47.16481833721697,33.763492584228516,40.46415546072274,41.09918694186102,-16.83518166278303,-30.236507415771484,-23.535844539277257,-22.90081305813898
sub-154926948330,21.0,26.172754412557023,21.556249618530273,23.86450201554365,24.083258423011696,5.172754412557026,0.5562496185302734,2.86450201554365,3.0832584230116957
sub-155222075279,67.0,43.99646332386702,28.550336837768555,36.27340008081779,37.00532591868715,-23.00353667613298,-38.449663162231445,-30.726599919182213,-29.99467408131285
sub-155379893261,22.5,27.187715951676047,31.952957153320312,29.57033655249818,29.344532163138677,4.687715951676047,9.452957153320312,7.07033655249818,6.844532163138677
sub-155433706397,50.023271731690606,44.61831749245408,51.55240631103515,48.08536190174462,47.75678510464482,-5.404954239236524,1.52913457934455,-1.937909829945987,-2.2664866270457864
sub-155704740362,23.0,23.976293477192232,23.726346969604492,23.85132022339836,23.86316411883411,0.9762934771922324,0.7263469696044922,0.8513202233983606,0.8631641188341099
sub-156242290939,9.819178082,13.326429282678404,12.184829711914062,12.755629497296233,12.809725015877866,3.507251200678404,2.365651629914062,2.936451415296233,2.990546933877866
sub-156459137356,21.0,25.63749084261637,19.976428985595703,22.806959914106038,23.07521341097202,4.637490842616366,-1.0235710144042969,1.806959914106038,2.075213410972019
sub-156820928962,19.0,26.095751096035404,18.39069175720215,22.243221426618774,22.608331217574086,7.0957510960354035,-0.6093082427978516,3.243221426618774,3.6083312175740865
sub-157152153605,19.0,20.534032878692564,24.901477813720703,22.717755346206634,22.510800819691795,1.534032878692564,5.901477813720703,3.7177553462066335,3.510800819691795
sub-157363866990,19.0,12.148901519715524,22.10354995727539,17.126225738495457,16.654517546482822,-6.851098480284477,3.10354995727539,-1.8737742615045434,-2.345482453517178
sub-157424007228,19.0,22.280570377798067,20.66069602966309,21.47063320373058,21.547392117401838,3.2805703777980675,1.660696029663086,2.4706332037305785,2.547392117401838
sub-157479410408,19.0,16.110644333028915,20.189037322998047,18.14984082801348,17.956583236278085,-2.8893556669710847,1.1890373229980469,-0.8501591719865189,-1.0434167637219147
sub-157494563025,21.0,22.842800559760928,28.300060272216797,25.571430415988864,25.312834230653667,1.842800559760928,7.300060272216797,4.571430415988864,4.312834230653667
sub-157627390163,24.0,27.047186173277066,21.30099868774414,24.174092430510605,24.446379666646365,3.047186173277062,-2.6990013122558594,0.17409243051060486,0.4463796666463651
sub-157747575462,21.0,26.582222991525384,32.42794418334961,29.505083587437497,29.228079874880343,5.582222991525384,11.42794418334961,8.505083587437497,8.228079874880343
sub-157912888148,21.0,28.7241883121755,32.7434196472168,30.733803979696148,30.543349805626132,7.7241883121754995,11.743419647216797,9.733803979696148,9.543349805626132
sub-158500314736,32.0,17.373256537912596,21.3149471282959,19.344101833104247,19.15732198311502,-14.626743462087404,-10.685052871704102,-12.655898166895753,-12.842678016884982
sub-158561810586,21.0,29.15560171526264,23.826122283935547,26.490861999599094,26.74340322420271,8.155601715262641,2.826122283935547,5.490861999599094,5.743403224202709
sub-158783204186,7.126626,17.88263362901728,15.148945808410645,16.51578971871396,16.64532748666967,10.75600762901728,8.022319808410645,9.389163718713961,9.518701486669672
sub-159585669819,28.347707049965766,36.51492939882543,27.894838333129883,32.204883865977656,32.61335309491009,8.167222348859664,-0.4528687168358836,3.85717681601189,4.265646044944322
sub-160079241762,24.0,31.27185362740539,30.91828727722168,31.095070452313536,31.111824448684956,7.271853627405392,6.91828727722168,7.095070452313536,7.111824448684956
sub-160619551339,21.0,16.086548594586713,20.85759925842285,18.472073926504784,18.245994251591572,-4.913451405413287,-0.1424007415771484,-2.527926073495216,-2.754005748408428
sub-161153388655,22.0,21.09941536085141,24.066011428833008,22.58271339484221,22.442139101692945,-0.9005846391485939,2.066011428833008,0.5827133948422087,0.4421391016929448
sub-161374462751,21.0,18.173304054934828,24.888633728027344,21.530968891481088,21.212758154182588,-2.826695945065172,3.888633728027344,0.5309688914810877,0.2127581541825876
sub-161819845928,25.0,23.059658635947365,21.06149101257324,22.0605748242603,22.155259437471116,-1.9403413640526352,-3.938508987426758,-2.9394251757397,-2.8447405625288837
sub-162530081874,43.0,34.473729635418614,25.80407333374023,30.13890148457942,30.549719397947953,-8.526270364581386,-17.195926666259766,-12.86109851542058,-12.450280602052047
sub-162643690447,15.0,14.136710977303643,17.06854248046875,15.602626728886197,15.463699779700768,-0.8632890226963568,2.06854248046875,0.6026267288861966,0.46369977970076803
sub-162911360437,21.0,15.729859601180248,19.403221130371097,17.566540365775673,17.392475481775797,-5.270140398819752,-1.5967788696289062,-3.4334596342243273,-3.607524518224203
sub-162962669437,33.59342915811088,24.18196212905091,25.385923385620117,24.783942757335513,24.726892185318654,-9.41146702905997,-8.207505772490762,-8.809486400775366,-8.866536972792225
sub-163171707993,21.0,19.174385387773977,22.26958465576172,20.72198502176785,20.5753167732828,-1.8256146122260264,1.2695846557617188,-0.27801497823215016,-0.4246832267171996
sub-163329912000,25.0,22.452791006615858,27.07941246032715,24.7661017334715,24.54686594079172,-2.5472089933841424,2.0794124603271484,-0.23389826652849877,-0.4531340592082813
sub-163558591208,62.08898015058179,49.33167305315591,48.92549514770508,49.128584100430494,49.147831133273236,-12.75730709742588,-13.163485002876712,-12.960396050151296,-12.941149017308554
sub-163903932976,19.0,25.505209741796968,22.77812957763672,24.141669659716843,24.27089431910872,6.505209741796968,3.7781295776367183,5.141669659716843,5.27089431910872
sub-164064925038,16.0,28.40461208743796,15.24935531616211,21.826983701800035,22.450355026861274,12.40461208743796,-0.7506446838378906,5.826983701800035,6.450355026861274
sub-164822438556,21.0,20.249999486044437,20.92653465270996,20.5882670693772,20.55620896282502,-0.7500005139555626,-0.073465347290039,-0.4117329306228008,-0.4437910371749787
sub-165604485425,14.0,2.64748234274169,17.1204833984375,9.883982870589595,9.198169282716401,-11.35251765725831,3.1204833984375,-4.116017129410405,-4.801830717283599
sub-165972132497,21.0,18.830705984241884,20.776845932006836,19.803775958124362,19.711556713826386,-2.1692940157581155,-0.223154067993164,-1.196224041875638,-1.2884432861736137
sub-166141323302,22.5,28.307018497072537,25.873275756835938,27.090147126954236,27.20547178106149,5.807018497072537,3.3732757568359375,4.5901471269542355,4.70547178106149
sub-166243374724,10.83,17.4050349252384,13.699321746826172,15.552178336032286,15.72777622625117,6.5750349252384,2.869321746826172,4.722178336032286,4.897776226251169
sub-166414771116,28.3669,17.568851834590735,19.17167091369629,18.37026137414351,18.294310636689488,-10.798048165409266,-9.195229086303712,-9.996638625856491,-10.072589363310513
sub-166839342556,22.0,19.23272787068789,20.38821601867676,19.810471944682327,19.75571830585734,-2.7672721293121114,-1.6117839813232422,-2.1895280553176732,-2.2442816941426607
sub-167010474107,28.0,50.81696755087638,56.42848205566406,53.622724803270216,53.35681914340596,22.816967550876377,28.428482055664062,25.622724803270216,25.356819143405957
sub-167716104239,20.0,25.441978372005284,33.51240158081055,29.477189976407914,29.094767155101785,5.441978372005284,13.512401580810549,9.477189976407914,9.094767155101785
sub-168699804203,25.0,34.011808273193516,40.231449127197266,37.12162870019539,36.82690653490623,9.011808273193516,15.231449127197266,12.121628700195387,11.826906534906229
sub-168789437246,19.0,16.948998525911303,21.587976455688477,19.26848749079989,19.04866617759457,-2.0510014740886966,2.587976455688477,0.26848749079989176,0.04866617759456915
sub-169297286201,30.0,21.289508137833316,22.966917037963867,22.12821258789859,22.048727358007294,-8.710491862166684,-7.033082962036133,-7.871787412101408,-7.951272641992706
sub-169353478984,19.0,17.986132673518174,18.747783660888672,18.36695816720342,18.33086678613148,-1.013867326481826,-0.2522163391113281,-0.6330418327965788,-0.6691332138685198
sub-169447897045,10.0,10.866193436457404,16.995981216430664,13.931087326444034,13.64062291383831,0.8661934364574044,6.995981216430664,3.9310873264440342,3.6406229138383104
sub-169489783028,41.82067077344285,53.28255923780145,40.95539855957031,47.11897889868588,47.70311029344592,11.4618884643586,-0.8652722138725366,5.298308125243032,5.882439520003068
sub-170052380551,19.0,24.35223209273119,26.60640525817871,25.479318675454948,25.372503055091634,5.352232092731189,7.606405258178711,6.479318675454948,6.372503055091634
sub-170536232281,55.54004106776181,41.07586232201114,54.29653549194336,47.68619890697725,47.059727778710325,-14.464178745750672,-1.2435055758184532,-7.853842160784559,-8.480313289051487
sub-171162169563,52.5,47.53310054625167,48.162620544433594,47.84786054534263,47.818030286439885,-4.966899453748333,-4.337379455566406,-4.652139454657373,-4.681969713560115
sub-171290254658,23.0,23.859953477307258,28.348323822021484,26.10413864966437,25.891453985442592,0.8599534773072577,5.348323822021484,3.104138649664371,2.891453985442592
sub-171351329809,10.9,13.27063921315321,17.807788848876953,15.539214031015081,15.32421792492631,2.3706392131532095,6.907788848876953,4.639214031015081,4.42421792492631
sub-171356174380,12.0,10.239848821205308,16.567934036254883,13.403891428730095,13.104030549220763,-1.7601511787946933,4.567934036254883,1.4038914287300948,1.104030549220763
sub-171539146010,23.0,15.648653564797344,20.502296447753903,18.075475006275624,17.84548163952287,-7.351346435202657,-2.4977035522460938,-4.924524993724376,-5.15451836047713
sub-172045848348,18.0,12.128957086893823,16.3901424407959,14.259549763844861,14.0576304241788,-5.8710429131061765,-1.6098575592041016,-3.740450236155139,-3.9423695758212
sub-172054310094,19.0,24.0545378371189,17.27899932861328,20.66676858286609,20.987832359232122,5.0545378371189,-1.7210006713867188,1.6667685828660908,1.9878323592321223
sub-172140404865,19.0,11.304322733405328,19.162046432495117,15.233184582950223,14.860840681236198,-7.695677266594672,0.1620464324951172,-3.766815417049777,-4.139159318763802
sub-172216873628,24.0,21.69990617395067,21.18526840209961,21.442587288025138,21.46697376982045,-2.3000938260493307,-2.81473159790039,-2.5574127119748624,-2.5330262301795514
sub-172409403491,21.0,23.797592651702967,21.71626853942871,22.75693059556584,22.855555638946463,2.797592651702967,0.7162685394287109,1.7569305955658407,1.8555556389464627
sub-172456558358,10.3477,19.7452312718846,17.37572479248047,18.560478032182534,18.672758804765593,9.397531271884604,7.028024792480469,8.212778032182534,8.325058804765593
sub-172761051392,21.0,15.61718168875976,17.950260162353516,16.783720925556636,16.673166320287997,-5.382818311240239,-3.0497398376464844,-4.216279074443364,-4.326833679712003
sub-173601103742,21.0,14.936431062989758,23.95478248596191,19.445606774475834,19.01826569142825,-6.063568937010242,2.954782485961914,-1.5543932255241657,-1.981734308571749
sub-173733544878,15.0,12.83844728382148,18.60500144958496,15.72172436670322,15.448472040743432,-2.1615527161785195,3.605001449584961,0.7217243667032207,0.4484720407434324
sub-174036160594,31.0,27.585361846494017,19.513774871826172,23.549568359160094,23.932046326350523,-3.414638153505983,-11.486225128173828,-7.450431640839906,-7.067953673649477
sub-174763886500,61.78507871321013,53.62683113714514,65.46173858642578,59.54428486178546,58.98347924111952,-8.158247576064994,3.676659873215648,-2.2407938514246766,-2.801599472090615
sub-175461878916,16.3943,13.156310244113511,16.081157684326172,14.618733964219842,14.480137959891868,-3.2379897558864883,-0.3131423156738293,-1.7755660357801588,-1.914162040108133
sub-175500819727,20.0,24.918555799861544,22.322355270385746,23.620455535123646,23.743478368681536,4.918555799861544,2.322355270385742,3.6204555351236465,3.7434783686815365
sub-175836676634,13.0,14.0130493570357,15.866745948791504,14.9398976529136,14.852058903677827,1.013049357035701,2.866745948791504,1.9398976529136007,1.8520589036778272
sub-175857403422,23.0,31.11917118435364,34.294925689697266,32.70704843702545,32.55656302055013,8.11917118435364,11.294925689697266,9.707048437025449,9.55656302055013
sub-176038899289,22.0,22.725516318181896,17.61924934387207,20.172382831026983,20.414346972452346,0.7255163181818958,-4.38075065612793,-1.827617168973017,-1.5856530275476537
sub-176123703987,23.0,25.51037204930502,27.960588455200195,26.735480252252607,26.619374981623096,2.510372049305019,4.960588455200195,3.735480252252607,3.6193749816230962
sub-176402200469,23.0,23.325298833295967,23.21774673461914,23.271522783957554,23.276619217682182,0.3252988332959674,0.2177467346191406,0.271522783957554,0.2766192176821818
sub-177231880980,33.0,35.250997161932105,30.57323455810547,32.91211586001879,33.133775012961834,2.250997161932105,-2.4267654418945312,-0.08788413998121314,0.13377501296183425
sub-177803877315,26.0,34.72515585726045,36.72428894042969,35.72472239884507,35.62999203662591,8.725155857260447,10.724288940429688,9.724722398845067,9.629992036625907
sub-178028010876,23.0,32.37795660269643,45.87865447998047,39.12830554133845,38.48856524045812,9.377956602696427,22.87865447998047,16.12830554133845,15.488565240458122
sub-178209467155,12.9391,6.180467968176437,16.484201431274414,11.332334699725426,10.84408486214006,-6.758632031823563,3.5451014312744142,-1.6067653002745743,-2.0950151378599404
sub-178636788500,21.0,21.917212594397117,22.499710083007812,22.208461338702463,22.18085927531189,0.9172125943971174,1.4997100830078125,1.2084613387024632,1.1808592753118887
sub-178786468108,9.75,12.32189433603024,13.975059509277344,13.148476922653792,13.070140499236935,2.5718943360302404,4.225059509277344,3.398476922653792,3.3201404992369348
sub-178794433937,21.0,18.192420257547877,19.74631690979004,18.96936858366896,18.89573607067754,-2.8075797424521234,-1.253683090209961,-2.0306314163310404,-2.1042639293224603
sub-179250768268,69.0,45.7428316395372,59.66755294799805,52.705192293767624,52.04535933694409,-23.2571683604628,-9.332447052001951,-16.294807706232376,-16.954640663055912
sub-179730432713,24.0,13.109726738425111,18.83930397033691,15.974515354381012,15.70301520708657,-10.890273261574889,-5.160696029663086,-8.025484645618988,-8.29698479291343
sub-180525608294,51.0,38.3543238347106,34.462310791015625,36.40831731286311,36.592743156492496,-12.645676165289402,-16.537689208984375,-14.591682687136888,-14.407256843507504
sub-181062043787,21.0,27.35056424474605,40.14066696166992,33.74561560320799,33.13954736623317,6.350564244746046,19.14066696166992,12.745615603207987,12.139547366233167
sub-181291024762,14.0,13.929511520095716,23.316326141357425,18.62291883072657,18.17811785342169,-0.0704884799042844,9.316326141357422,4.622918830726569,4.178117853421689
sub-181539725053,19.0,19.004683513996618,37.2723503112793,28.138516912637957,27.27289035321848,0.0046835139966177,18.272350311279297,9.138516912637957,8.272890353218479
sub-181778515289,23.0,26.423598314957143,24.893136978149418,25.65836764655328,25.730889660229515,3.423598314957143,1.893136978149414,2.6583676465532804,2.730889660229515
sub-182055715585,64.64613278576317,42.14110281289376,62.43214797973633,52.286625396315046,51.3251195943036,-22.505029972869416,-2.213984806026843,-12.359507389448126,-13.32101319145957
sub-182445285893,19.0,15.89191879980602,21.213096618652344,18.552507709229182,18.300359862517176,-3.108081200193979,2.213096618652344,-0.44749229077081765,-0.6996401374828238
sub-182645665011,11.444,8.483373269675788,20.511213302612305,14.497293286144046,13.9273454159263,-2.960626730324213,9.067213302612304,3.0532932861440454,2.4833454159262995
sub-182985606883,59.0,45.059641897662445,23.900117874145508,34.479879885903976,35.48253918458109,-13.940358102337555,-35.09988212585449,-24.520120114096024,-23.517460815418907
sub-183303321841,11.17,4.19807853228637,18.59775161743164,11.397915074859005,10.715576185728747,-6.97192146771363,7.427751617431641,0.22791507485900553,-0.45442381427125333
sub-183469359841,23.0,21.9606618133,19.91948509216309,20.940073452731546,21.036796083042915,-1.0393381867000002,-3.080514907836914,-2.0599265472684536,-1.9632039169570845
sub-183469803882,29.0,39.182867455419114,23.883224487304688,31.5330459713619,32.258030582139085,10.182867455419114,-5.1167755126953125,2.5330459713619007,3.258030582139085
sub-183653154751,18.0,25.979266019678885,20.450424194335938,23.214845107007413,23.47683326236166,7.979266019678885,2.4504241943359375,5.214845107007413,5.476833262361659
sub-183797804453,9.1,9.13263368141964,15.04724407196045,12.089938876690045,11.809670799792993,0.0326336814196412,5.94724407196045,2.9899388766900454,2.7096707997929936
sub-184465736712,19.0,23.830475686430994,19.007312774658203,21.4188942305446,21.64744328189135,4.830475686430994,0.0073127746582031,2.4188942305445984,2.6474432818913485
sub-184653081457,27.5,34.931127138609526,28.871601104736328,31.901364121672927,32.188499130791584,7.431127138609526,1.371601104736328,4.401364121672927,4.688499130791584
sub-184796333025,15.0,13.124616542790555,18.33863067626953,15.731623609530043,15.484553791298012,-1.8753834572094448,3.3386306762695312,0.7316236095300432,0.484553791298012
sub-185058251219,27.5,25.614774793569904,23.207347869873047,24.411061331721477,24.52513899189226,-1.8852252064300965,-4.292652130126953,-3.088938668278523,-2.974861008107741
sub-185101775136,28.0,33.78821450821103,26.79528045654297,30.291747482376998,30.62311270326515,5.788214508211027,-1.2047195434570312,2.291747482376998,2.62311270326515
sub-185811521075,21.0,28.37510269844541,24.19299697875977,26.28404983860259,26.482221932796826,7.37510269844541,3.1929969787597656,5.284049838602591,5.482221932796826
sub-186154851157,30.006844626967823,31.55690273056414,19.455623626708984,25.506263178636562,26.079691012168276,1.5500581035963172,-10.551221000258838,-4.5005814483312605,-3.927153614799547
sub-186670859341,27.0,35.86616580201597,25.899738311767575,30.882952056891774,31.355218407806973,8.86616580201597,-1.100261688232422,3.8829520568917744,4.355218407806973
sub-186971960974,27.5,36.33594913708837,24.832218170166016,30.584083653627193,31.129196237948335,8.83594913708837,-2.6677818298339844,3.084083653627193,3.629196237948335
sub-187090693848,22.0,27.092032675381787,27.331016540527344,27.211524607954566,27.20020018523335,5.0920326753817875,5.331016540527344,5.211524607954566,5.200200185233349
sub-187117061343,24.0,28.655129334332457,29.150007247924805,28.90256829112863,28.879118144460783,4.655129334332457,5.150007247924805,4.902568291128631,4.879118144460783
sub-187117610937,14.37,4.054360291896032,11.767681121826172,7.911020706861102,7.545519439194877,-10.315639708103967,-2.6023188781738273,-6.458979293138897,-6.824480560805122
sub-187923963114,30.67214236824093,42.401594083988265,29.5167293548584,35.959161719423335,36.569720322655634,11.729451715747334,-1.1554130133825318,5.287019351182405,5.897577954414704
sub-187995579553,21.0,21.17235298526334,21.301647186279297,21.23700008577132,21.230873386854576,0.1723529852633412,0.3016471862792969,0.2370000857713208,0.2308733868545758
sub-188659362086,23.0,21.233265365978,17.576602935791016,19.404934150884507,19.578207736040554,-1.7667346340220007,-5.423397064208984,-3.5950658491154925,-3.4217922639594462
sub-188694833436,35.0,35.9157890616078,25.395925521850582,30.65585729172919,31.154348608794216,0.9157890616078036,-9.604074478149414,-4.344142708270809,-3.8456513912057844
sub-189320820344,31.0,26.860917636006867,23.020225524902344,24.940571580454606,25.12256554469855,-4.139082363993133,-7.979774475097656,-6.0594284195453945,-5.877434455301451
sub-189547516532,23.0,9.580188815912448,15.78151512145996,12.680851968686204,12.386997651477664,-13.419811184087552,-7.218484878540039,-10.319148031313796,-10.613002348522336
sub-190572977508,21.0,29.410807550180397,30.027170181274418,29.718988865727408,29.689782078148603,8.410807550180397,9.027170181274414,8.718988865727408,8.689782078148603
sub-190741588707,19.0,19.27970420461384,16.987184524536133,18.133444364574984,18.2420770621761,0.2797042046138394,-2.012815475463867,-0.8665556354250157,-0.7579229378238992
sub-190752474867,76.78028747433265,48.06277544717612,61.2658576965332,54.66431657185466,54.03867900203959,-28.71751202715653,-15.51442977779945,-22.11597090247799,-22.74160847229306
sub-190824700808,42.0,35.774278235289344,32.82635498046875,34.30031660787905,34.44000607631639,-6.225721764710656,-9.17364501953125,-7.699683392120953,-7.5599939236836065
sub-190926752717,25.0,29.789810961758075,32.31632995605469,31.053070458906383,30.933349535122822,4.789810961758075,7.316329956054688,6.053070458906383,5.933349535122822
sub-190960900665,60.0,34.89163969243647,36.38211441040039,35.63687705141843,35.56624983250043,-25.10836030756353,-23.61788558959961,-24.36312294858157,-24.433750167499568
sub-191130301619,27.0,21.09701577134597,27.631174087524418,24.364094929435193,24.05446912748127,-5.902984228654034,0.6311740875244141,-2.6359050705648066,-2.945530872518731
sub-191462151641,19.0,13.695301084216576,21.44282913208008,17.56906510814833,17.201942906802092,-5.304698915783423,2.442829132080078,-1.4309348918516704,-1.798057093197908
sub-191710084170,17.1,11.434010856704596,12.783102989196776,12.108556922950687,12.044629219760763,-5.6659891432954055,-4.316897010803224,-4.991443077049315,-5.0553707802392385
sub-191721733310,21.0,9.595149634359489,19.992910385131836,14.794030009745661,14.301324621354365,-11.404850365640511,-1.007089614868164,-6.205969990254339,-6.6986753786456354
sub-191917648773,11.8,20.60674778067029,14.813539505004885,17.710143642837586,17.98465899300867,8.806747780670285,3.013539505004882,5.9101436428375855,6.184658993008668
sub-192108161449,25.0,23.167297093219325,17.978242874145508,20.572769983682416,20.81865705837803,-1.8327029067806748,-7.021757125854492,-4.4272300163175835,-4.1813429416219705
sub-192165999733,21.0,16.158344580685064,22.267581939697266,19.212963260191167,18.92347264409643,-4.841655419314936,1.2675819396972656,-1.7870367398088334,-2.0765273559035684
sub-192342344812,20.0,23.07832992739069,18.03059959411621,20.55446476075345,20.79365510124727,3.0783299273906906,-1.969400405883789,0.5544647607534507,0.7936551012472712
sub-192529878872,19.0,17.982578853022332,24.424129486083984,21.203354169553158,20.898116649419883,-1.017421146977668,5.424129486083984,2.203354169553158,1.8981166494198831
sub-192969634654,32.5,30.916843743659808,30.33533477783203,30.62608926074592,30.653644482271854,-1.5831562563401924,-2.1646652221679688,-1.8739107392540788,-1.8463555177281457
sub-193705299750,21.0,14.46433580369512,15.49212646484375,14.978231134269436,14.929528532908986,-6.535664196304879,-5.50787353515625,-6.021768865730564,-6.070471467091014
sub-194435801089,19.0,17.18235809220236,19.99015998840332,18.586259040302842,18.453209323450032,-1.81764190779764,0.9901599884033204,-0.41374095969715796,-0.5467906765499677
sub-194461506428,27.5,10.95320744203946,17.93729591369629,14.445251677867875,14.114305611164884,-16.54679255796054,-9.562704086303713,-13.054748322132125,-13.385694388835116
sub-194684487354,27.5,34.939663782823914,25.406766891479492,30.173215337151703,30.624938528127714,7.439663782823914,-2.093233108520508,2.673215337151703,3.124938528127714
sub-194725619450,12.76,25.37908594148994,12.211618423461914,18.795352182475927,19.419302122574123,12.61908594148994,-0.5483815765380857,6.035352182475927,6.659302122574124
sub-195203771483,30.17659137577002,33.48807712172218,22.56184959411621,28.024963357919194,28.542710525475528,3.311485745952158,-7.614741781653809,-2.1516280178508254,-1.6338808502944921
sub-195281345026,23.0,27.320422903585253,22.748632431030273,25.034527667307763,25.2511652544206,4.3204229035852535,-0.2513675689697265,2.0345276673077635,2.2511652544205987
sub-195594361453,26.0,21.63182758414113,23.20912170410156,22.420474644121345,22.345733425256057,-4.368172415858869,-2.7908782958984375,-3.579525355878655,-3.654266574743943
sub-195649292771,19.0,31.38419079501987,25.405914306640625,28.395052550830247,28.678337491667016,12.384190795019869,6.405914306640625,9.395052550830247,9.678337491667016
sub-195818230472,25.0,19.210497100686855,23.25440216064453,21.23244963066569,21.040826274354483,-5.789502899313142,-1.7455978393554688,-3.767550369334309,-3.959173725645517
sub-195935417501,21.0,26.853481187241236,23.483182907104492,25.168332047172864,25.328036060653453,5.853481187241236,2.483182907104492,4.168332047172864,4.328036060653453
sub-196146731599,46.0,28.673974970763496,27.599266052246097,28.136620511504795,28.187546368311644,-17.326025029236504,-18.400733947753903,-17.863379488495205,-17.812453631688356
sub-196179687529,27.5,32.26392898822714,29.061561584472656,30.6627452863499,30.814491774200306,4.763928988227143,1.5615615844726562,3.1627452863498995,3.314491774200306
sub-196183703425,13.0,19.15027056460241,14.80134391784668,16.975807241224544,17.181884265300702,6.150270564602408,1.8013439178466797,3.975807241224544,4.1818842653007025
sub-196364717054,27.0,29.83090108582642,26.92257308959961,28.376737087713014,28.514550306279688,2.8309010858264188,-0.0774269104003906,1.376737087713014,1.5145503062796877
sub-196554400534,25.0,17.835334043132413,19.637287139892575,18.736310591512492,18.650923745086338,-7.164665956867587,-5.362712860107422,-6.263689408487508,-6.349076254913662
sub-197022623926,19.7591,23.10080300906225,20.66800117492676,21.884402091994506,21.999682160587902,3.3417030090622504,0.9089011749267576,2.125302091994506,2.240582160587902
sub-197059739649,48.54757015742642,43.62133315163901,28.261138916015625,35.941236033827316,36.66908991006374,-4.926237005787414,-20.286431241410796,-12.606334123599105,-11.878480247362681
sub-197226188680,60.46269678302532,38.2950385032253,44.49549865722656,41.39526858022593,41.10145530623278,-22.167658279800023,-15.96719812579876,-19.06742820279939,-19.361241476792543
sub-197974406551,23.9,20.766242157416972,22.029052734375,21.397647445895984,21.337808256411027,-3.1337578425830266,-1.8709472656249984,-2.5023525541040144,-2.562191743588972
sub-198357080175,25.0,20.61299926140879,21.31273651123047,20.96286788631963,20.929710332331897,-4.387000738591212,-3.6872634887695312,-4.0371321136803715,-4.070289667668103
sub-198802102032,19.0,15.011633952600585,19.350914001464844,17.181273977032713,16.975654063951385,-3.988366047399417,0.3509140014648437,-1.8187260229672866,-2.024345936048615
sub-198882545020,21.0,22.216468055082583,20.399797439575195,21.30813274732889,21.394216993989993,1.2164680550825864,-0.6002025604248047,0.30813274732889084,0.39421699398999266
sub-199079306360,10.53,-4.7186132903874665,13.89184284210205,4.586614775857292,3.704744896689671,-15.248613290387466,3.3618428421020514,-5.943385224142707,-6.825255103310328
sub-199368890202,27.0,27.11905943823748,21.48149871826172,24.3002790782496,24.567418956795933,0.1190594382374783,-5.518501281738281,-2.6997209217504015,-2.432581043204067
sub-199603028032,30.66,32.15030069317673,21.70807647705078,26.929188585113756,27.424000906862283,1.4903006931767315,-8.951923522949219,-3.7308114148862437,-3.2359990931377176
sub-199857158538,21.0,13.872651158753497,19.48573303222656,16.679192095490027,16.413212164730776,-7.127348841246505,-1.5142669677734375,-4.320807904509973,-4.586787835269224
sub-199914722921,23.0,19.67106849546245,29.04863739013672,24.359852942799584,23.915490080913823,-3.3289315045375503,6.048637390136719,1.3598529427995842,0.9154900809138233
sub-199939483372,56.87337440109514,51.053598875608905,29.398771286010746,40.22618508080983,41.25231469600481,-5.819775525486236,-27.4746031150844,-16.647189320285314,-15.621059705090332
sub-200054890273,9.8,12.363667817074976,14.583585739135742,13.47362677810536,13.368434367142786,2.5636678170749754,4.7835857391357415,3.6736267781053584,3.5684343671427854
sub-200367335302,23.0,28.39949447642725,23.459230422973633,25.92936244970044,26.163460423057984,5.39949447642725,0.4592304229736328,2.9293624497004416,3.163460423057984
sub-200503449675,27.0,32.15785495665453,24.37077522277832,28.264315089716426,28.63331147621517,5.157854956654532,-2.6292247772216797,1.2643150897164261,1.6333114762151695
sub-200688160174,23.0,28.89866291419956,24.233224868774418,26.565943891486988,26.787019036346038,5.898662914199562,1.233224868774414,3.565943891486988,3.787019036346038
sub-200829694210,21.0,25.02161174816184,21.502500534057617,23.262056141109728,23.42881176273803,4.021611748161838,0.5025005340576172,2.2620561411097277,2.428811762738029
sub-200978776791,18.0,27.53172998882315,23.564929962158203,25.548329975490677,25.73629965421822,9.531729988823152,5.564929962158203,7.548329975490677,7.736299654218222
sub-201390671874,13.30684932,8.449217401158748,10.629030227661133,9.53912381440994,9.435831812310122,-4.857631918841252,-2.6778190923388667,-3.767725505590059,-3.871017507689878
sub-202036712129,21.0,15.91073278052498,22.927579879760746,19.41915633014286,19.086657972258017,-5.089267219475019,1.9275798797607424,-1.5808436698571384,-1.913342027741983
sub-202057545121,22.5,20.76222678077037,24.044902801513672,22.40356479114202,22.248012821585213,-1.737773219229631,1.544902801513672,-0.0964352088579794,-0.2519871784147867
sub-202617672982,11.28493151,9.527528506057102,18.65082740783691,14.089177956947006,13.656863861964833,-1.7574030039428976,7.365895897836914,2.8042464469470065,2.3719323519648334
sub-202694887076,23.0,27.471395628641265,25.194801330566406,26.333098479603834,26.440976541498948,4.471395628641265,2.1948013305664062,3.3330984796038337,3.440976541498948
sub-203218358650,25.0,42.075954311975806,40.124114990234375,41.10003465110509,41.19252396434733,17.075954311975806,15.124114990234377,16.10003465110509,16.19252396434733
sub-203693889668,23.0,26.80290802215917,37.479496002197266,32.14120201217822,31.63528419453582,3.8029080221591656,14.479496002197266,9.14120201217822,8.63528419453582
sub-203856470224,65.85352498288843,58.22571688636293,37.78138732910156,48.00355210773225,48.972321401078595,-7.627808096525499,-28.072137653786868,-17.849972875156183,-16.881203581809835
sub-204753452338,19.0,29.567782435345052,24.095069885253903,26.83142616029948,27.090754589485183,10.567782435345052,5.095069885253906,7.831426160299479,8.090754589485183
sub-204882758146,72.3258042436687,58.75402921627021,39.60786819458008,49.180948705425145,50.088203346929895,-13.571775027398488,-32.71793604908862,-23.144855538243554,-22.237600896738805
sub-205057332807,23.0,29.494670943708307,28.78453826904297,29.139604606375638,29.17325475506312,6.494670943708307,5.784538269042969,6.139604606375638,6.17325475506312
sub-205303482394,23.34839151266256,30.649982518215197,14.65976619720459,22.654874357709893,23.41258228461321,7.301591005552638,-8.68862531545797,-0.6935171549526657,0.0641907719506527
sub-205485410446,27.0,30.18951363461554,17.25787353515625,23.723693584885893,24.336468672759242,3.1895136346155404,-9.74212646484375,-3.2763064151141066,-2.663531327240758
sub-205762939076,20.0,34.050818960368595,28.899322509765625,31.47507073506711,31.71917810783025,14.050818960368597,8.899322509765625,11.47507073506711,11.719178107830249
sub-206044002155,19.0,31.42922334495075,24.53876495361328,27.983994149282015,28.310503487135918,12.42922334495075,5.538764953613281,8.983994149282015,9.310503487135918
sub-206099391777,29.0,27.257821706325963,23.99159240722656,25.62470705677626,25.779479686572373,-1.742178293674037,-5.0084075927734375,-3.375292943223741,-3.2205203134276275
sub-206369659892,26.03,23.59907994621475,26.009336471557617,24.804208208886184,24.689996466001688,-2.430920053785247,-0.0206635284423839,-1.2257917911138172,-1.3400035339983134
sub-206815249910,45.7741273100616,37.79732796943037,29.19898796081543,33.4981579651229,33.905596504536334,-7.976799340631231,-16.57513934924617,-12.275969344938702,-11.868530805525268
sub-206949772311,10.78082192,10.124101611893291,15.122096061706545,12.623098836799919,12.38626526699597,-0.6567203081067081,4.341274141706544,1.8422769167999196,1.6054433469959708
sub-207042049080,21.0,20.264483359659938,20.994539260864254,20.629511310262096,20.594917085123427,-0.7355166403400659,-0.0054607391357421,-0.37048868973790405,-0.4050829148765729
sub-207254625725,21.0,19.871766349591105,20.459747314453125,20.165756832022115,20.13789493015661,-1.128233650408898,-0.540252685546875,-0.8342431679778848,-0.8621050698433912
sub-207275791415,78.20396988364135,57.739628400850165,61.793853759765625,59.766741080307895,59.574628689191194,-20.464341482791184,-16.410116123875724,-18.437228803333454,-18.629341194450156
sub-207858828670,19.0,10.57721904100482,16.365509033203125,13.471364037103973,13.19708174334032,-8.42278095899518,-2.634490966796875,-5.528635962896027,-5.80291825665968
sub-208102410175,27.5,28.925717440400152,23.732288360595703,26.329002900497926,26.575097281122876,1.4257174404001525,-3.767711639404297,-1.170997099502074,-0.9249027188771244
sub-209038064880,21.0,26.340985823403894,20.257776260375977,23.299381041889937,23.58763831210984,5.340985823403898,-0.7422237396240234,2.299381041889937,2.5876383121098385
sub-209223851167,18.5818,11.74000573581908,22.455081939697266,17.097543837758174,16.589802227884913,-6.841794264180923,3.873281939697264,-1.4842561622418273,-1.9919977721150879
sub-209325230764,16.0,22.33734405769684,19.013612747192383,20.67547840244461,20.83297580650142,6.337344057696839,3.013612747192383,4.675478402444611,4.83297580650142
sub-209401728890,19.0,9.7637697332151,19.390308380126953,14.577039056671026,14.12087858360588,-9.2362302667849,0.3903083801269531,-4.422960943328974,-4.879121416394121
sub-209571211775,15.25,20.484317004897957,15.905158996582031,18.194738000739996,18.411724703845742,5.234317004897957,0.6551589965820312,2.9447380007399957,3.161724703845742
sub-209581014407,10.0,3.5271177969780254,11.158843040466309,7.342980418722167,6.98134561673759,-6.472882203021975,1.1588430404663086,-2.657019581277833,-3.01865438326241
sub-209902813254,21.22,20.953865433239127,21.72227668762207,21.3380710604306,21.30165933923314,-0.2661345667608721,0.5022766876220714,0.11807106043060145,0.08165933923314128
sub-210027157954,11.0,15.821833077760871,28.35381507873535,22.08782407824811,21.493987077464627,4.821833077760871,17.35381507873535,11.087824078248111,10.493987077464627
sub-210286147525,21.0,27.141814158614697,18.72196578979492,22.931889974204807,23.33087055860102,6.141814158614697,-2.278034210205078,1.9318899742048075,2.3308705586010205
sub-210405402058,27.5,27.815829566978827,21.720157623291016,24.76799359513492,25.05684140424589,0.3158295669788273,-5.779842376708984,-2.7320064048650785,-2.4431585957541095
sub-211479171648,30.0,24.71372448993112,21.300535202026367,23.007129845978746,23.168866280780364,-5.286275510068879,-8.699464797973633,-6.992870154021254,-6.831133719219636
sub-211632456861,21.0,17.194898252045597,19.881895065307617,18.538396658676607,18.41107137776109,-3.805101747954403,-1.1181049346923828,-2.461603341323393,-2.5889286222389103
sub-211700292441,8.0,14.773629744696,18.893585205078125,16.833607474887064,16.638380415530882,6.773629744695999,10.893585205078123,8.833607474887064,8.638380415530882
sub-211816595199,45.61533196440794,44.06455748361236,36.58819961547851,40.32637854954544,40.68065115645241,-1.5507744807955817,-9.027132348929428,-5.288953414862505,-4.93468080795553
sub-211954748415,12.0,-0.1289568375818959,14.11219596862793,6.991619565523017,6.316792274079307,-12.128956837581896,2.1121959686279297,-5.008380434476983,-5.683207725920693
sub-212082942916,19.0,22.20304316200844,22.411487579345703,22.307265370677072,22.297388081704586,3.2030431620084414,3.411487579345703,3.3072653706770723,3.297388081704586
sub-212174852658,19.0,15.194392880828872,18.03554916381836,16.614971022323616,16.480340783809353,-3.805607119171128,-0.9644508361816406,-2.3850289776763844,-2.5196592161906466
sub-212519080242,27.5,27.830753491060115,25.923398971557617,26.877076231308866,26.96745760013018,0.3307534910601148,-1.5766010284423828,-0.622923768691134,-0.5325423998698184
sub-212864828873,22.5,35.608441749358704,22.87793731689453,29.243189533126618,29.846433662430947,13.108441749358704,0.3779373168945312,6.743189533126618,7.346433662430947
sub-213073713974,11.8816,7.18744908657229,15.761829376220703,11.474639231396496,11.068336040537629,-4.694150913427711,3.8802293762207025,-0.40696076860350416,-0.8132639594623718
sub-213494831059,11.1999,-0.6160835469549077,12.011378288269045,5.6976473706570685,5.0992859891011255,-11.815983546954907,0.8114782882690434,-5.502252629342931,-6.100614010898874
sub-213536717598,30.0,28.78414753228384,21.363937377929688,25.074042455106763,25.425654462122267,-1.2158524677161608,-8.636062622070312,-4.925957544893237,-4.574345537877733
sub-213706959470,19.0,12.636196156678793,17.840713500976562,15.238454828827678,14.99183502279675,-6.363803843321207,-1.1592864990234375,-3.7615451711723225,-4.008164977203251
sub-214324126120,21.0,23.445469830303495,20.402759552001953,21.924114691152724,22.068295711024852,2.445469830303498,-0.5972404479980469,0.9241146911527238,1.0682957110248523
sub-214490071049,6.685832,4.3357981085653705,7.474029541015625,5.904913824790498,5.756206466172698,-2.35003389143463,0.7881975410156246,-0.7809181752095027,-0.9296255338273021
sub-214736954511,27.0,31.15645163228446,29.54022979736328,30.34834071482387,30.424926551523583,4.156451632284458,2.5402297973632812,3.3483407148238697,3.4249265515235834
sub-215260895776,21.0,7.8900214326812765,18.6867618560791,13.288391644380189,12.776780316597417,-13.109978567318723,-2.3132381439208984,-7.711608355619811,-8.223219683402583
sub-215309667822,23.0,27.04718521374417,24.38072395324707,25.71395458349562,25.84030677244034,4.0471852137441715,1.3807239532470703,2.713954583495621,2.8403067724403392
sub-215419545430,13.66,18.26724987410245,19.28238296508789,18.77481641959517,18.726713606321102,4.60724987410245,5.6223829650878905,5.114816419595169,5.066713606321102
sub-215886595624,27.5,19.40426890147304,20.376792907714844,19.89053090459394,19.84444715351517,-8.095731098526961,-7.123207092285156,-7.609469095406059,-7.655552846484831
sub-216116849338,23.0,37.199698710064,35.323184967041016,36.26144183855251,36.350361794948796,14.199698710063998,12.323184967041016,13.261441838552507,13.350361794948796
sub-216155634163,48.0,38.05616451778156,46.71659851074219,42.38638151426187,41.97600060663983,-9.94383548221844,-1.2834014892578125,-5.6136184857381295,-6.023999393360171
sub-216284306640,21.0,23.053665876953325,22.57206153869629,22.812863707824807,22.835684876557146,2.0536658769533247,1.572061538696289,1.8128637078248069,1.8356848765571456
sub-216437025414,14.4,17.849652779815653,17.644115447998047,17.74688411390685,17.75662364853642,3.4496527798156524,3.2441154479980465,3.3468841139068513,3.3566236485364183
sub-216691637184,29.0,28.81637779913772,19.88047790527344,24.34842785220558,24.77186191011128,-0.1836222008622812,-9.119522094726562,-4.651572147794418,-4.22813808988872
sub-217201093508,25.0,21.700003155976766,20.490177154541016,21.09509015525889,21.152418632438845,-3.2999968440232337,-4.509822845458984,-3.904909844741109,-3.8475813675611548
sub-217737190292,16.1,21.20123022107956,20.10365295410156,20.65244158759056,20.704451077573843,5.1012302210795575,4.003652954101561,4.5524415875905575,4.604451077573842
sub-218043359082,13.28,6.081719290027067,17.990737915039062,12.036228602533065,11.471911170382121,-7.1982807099729325,4.710737915039063,-1.2437713974669347,-1.808088829617878
sub-218188880547,22.5,33.35784435814205,29.24480438232422,31.301324370233136,31.49622373436822,10.857844358142051,6.744804382324219,8.801324370233136,8.996223734368218
sub-218293958057,25.0,21.236112316058332,22.03519630432129,21.63565431018981,21.59778913938704,-3.763887683941668,-2.964803695678711,-3.3643456898101896,-3.4022108606129606
sub-218365089631,21.0,19.45038602405257,21.95930290222168,20.704844463137125,20.585957628314738,-1.5496139759474303,0.9593029022216796,-0.2951555368628753,-0.41404237168526237
sub-218946650908,20.0,13.799398292559976,24.841529846191406,19.320464069375692,18.797224705996836,-6.2006017074400255,4.841529846191406,-0.6795359306243078,-1.202775294003164
sub-219362965054,21.0,19.733468005447605,20.0340518951416,19.883759950294603,19.869516566005842,-1.2665319945523947,-0.9659481048583984,-1.1162400497053966,-1.1304834339941578
sub-219534619012,19.0,9.811865245355328,17.193344116210938,13.502604680783133,13.152827983555614,-9.188134754644672,-1.8066558837890625,-5.497395319216867,-5.847172016444386
sub-220335571493,25.0,47.66787323701386,56.0098762512207,51.83887474411728,51.44358291796415,22.667873237013858,31.009876251220703,26.838874744117277,26.44358291796415
sub-220370805249,21.0,24.900490245770456,28.12063217163086,26.510561208700658,26.357972462307515,3.900490245770456,7.120632171630859,5.510561208700658,5.357972462307515
sub-220390354293,21.0,8.047784804610963,14.347848892211914,11.197816848411438,10.89928377022526,-12.952215195389035,-6.652151107788086,-9.802183151588562,-10.10071622977474
sub-221187714859,21.0,18.47376954507673,22.225257873535156,20.349513709305945,20.171746730605147,-2.526230454923269,1.2252578735351562,-0.6504862906940545,-0.8282532693948532
sub-221201405517,41.20465434633813,31.26035288177046,23.024517059326172,27.142434970548315,27.532695987789257,-9.944301464567673,-18.18013728701196,-14.062219375789816,-13.671958358548874
sub-221264002579,24.0,13.044661126333708,15.109451293945312,14.07705621013951,13.979214639645205,-10.955338873666292,-8.890548706054688,-9.92294378986049,-10.020785360354795
sub-221319995904,19.0,14.374873802696229,17.089733123779297,15.732303463237763,15.603657897304481,-4.625126197303771,-1.9102668762207031,-3.2676965367622373,-3.3963421026955185
sub-221347736884,21.0,18.960199085423948,17.635820388793945,18.29800973710895,18.360766376325884,-2.039800914576052,-3.3641796112060547,-2.7019902628910515,-2.639233623674116
sub-221448045666,20.0,24.188350752806933,15.890640258789062,20.039495505797998,20.432688498953752,4.188350752806933,-4.1093597412109375,0.039495505797997765,0.43268849895375183
sub-221620880012,20.908966461327857,44.110951822901384,25.63863945007324,34.87479563648731,35.75011947402258,23.201985361573527,4.729672988745385,13.965829175159456,14.841153012694726
sub-222431356338,21.0,23.321985890645784,22.240978240966797,22.78148206580629,22.832706392529666,2.3219858906457844,1.2409782409667969,1.7814820658062906,1.8327063925296656
sub-222441587470,8.46,4.625498638379199,9.33011531829834,6.977806978338769,6.754875325642342,-3.834501361620802,0.870115318298339,-1.4821930216612316,-1.7051246743576591
sub-222716353013,25.0,50.33637676537942,41.04630279541016,45.69133978039479,46.13155663220277,25.33637676537942,16.046302795410156,20.69133978039479,21.131556632202773
sub-222856043629,9.5,10.111038132768137,12.943195343017578,11.527116737892857,11.392912926927355,0.6110381327681367,3.443195343017578,2.0271167378928574,1.8929129269273552
sub-222857937247,11.0,10.941131445772786,17.52052879333496,14.230830119553874,13.91906063348732,-0.0588685542272138,6.520528793334961,3.2308301195538736,2.9190606334873195
sub-223064692200,21.0,27.007267477759463,30.37751579284668,28.69239163530307,28.532689989452372,6.007267477759463,9.37751579284668,7.692391635303071,7.532689989452372
sub-223185119590,27.5,28.041382861562663,37.63393783569336,32.83766034862801,32.3831102163947,0.5413828615626635,10.13393783569336,5.337660348628013,4.883110216394698
sub-223760514375,21.0,16.180838729099722,18.155763626098633,17.168301177599176,17.074717937732153,-4.819161270900278,-2.844236373901367,-3.831698822400824,-3.925282062267847
sub-224217740103,62.5,43.87876398441799,25.88261604309082,34.8806900137544,35.733450456460325,-18.621236015582006,-36.61738395690918,-27.619309986245597,-26.766549543539675
sub-224367464213,23.0,11.02050000522636,14.901500701904297,12.961000353565328,12.777096337937582,-11.97949999477364,-8.098499298095703,-10.038999646434672,-10.222903662062418
sub-224456072364,19.0,16.878437929816172,19.79854965209961,18.33849379095789,18.200122192037732,-2.1215620701838276,0.7985496520996094,-0.6615062090421091,-0.7998778079622682
sub-225032756965,19.0,22.37664173661053,21.46904563903809,21.92284368782431,21.965850783147566,3.37664173661053,2.469045639038086,2.9228436878243116,2.965850783147566
sub-225227561439,11.07,13.681615450860177,14.251018524169922,13.96631698751505,13.939335412432602,2.6116154508601745,3.1810185241699216,2.89631698751505,2.8693354124326014
sub-225288020622,19.0,24.97702019646224,20.730466842651367,22.853743519556804,23.054969511351082,5.977020196462242,1.7304668426513672,3.8537435195568044,4.054969511351082
sub-225338597322,27.0,24.64804695001096,26.370271682739254,25.509159316375108,25.427550455950716,-2.351953049989038,-0.6297283172607422,-1.4908406836248922,-1.5724495440492845
sub-225495052599,25.0,30.02163474999098,24.347808837890625,27.184721793940803,27.453580124757693,5.02163474999098,-0.652191162109375,2.1847217939408026,2.4535801247576927
sub-225761821123,67.5,49.37592750773484,51.79032897949219,50.583128243613515,50.46872008945529,-18.124072492265157,-15.709671020507812,-16.916871756386485,-17.03127991054471
sub-225907205512,14.41,17.33413826062433,15.47662353515625,16.40538089789029,16.493400572144317,2.9241382606243285,1.06662353515625,1.9953808978902892,2.083400572144317
sub-225946046364,19.0,24.0555676113749,19.772584915161133,21.914076263268015,22.117028485712108,5.055567611374901,0.7725849151611328,2.914076263268015,3.117028485712108
sub-226154264891,19.0,29.44556697407985,21.64746856689453,25.546517770487192,25.916036284763486,10.44556697407985,2.6474685668945312,6.546517770487192,6.916036284763486
sub-226452786587,26.0,21.790490370176748,27.144392013549805,24.467441191863276,24.213742703137136,-4.209509629823252,1.144392013549805,-1.5325588081367236,-1.786257296862864
sub-226781082361,25.0,31.851422170472823,23.615488052368164,27.733455111420493,28.12372078647216,6.851422170472823,-1.384511947631836,2.7334551114204935,3.123720786472159
sub-226872124353,18.0,9.21947067161409,18.75602149963379,13.98774608562394,13.535849750224632,-8.78052932838591,0.7560214996337891,-4.0122539143760605,-4.4641502497753685
sub-228370965361,24.0,28.82239084539718,20.62064552307129,24.721518184234235,25.110163798552964,4.82239084539718,-3.379354476928711,0.7215181842342346,1.1101637985529642
sub-228560693895,22.5,23.54857118314643,22.494770050048828,23.02167061659763,23.071605742921,1.0485711831464286,-0.0052299499511718,0.5216706165976284,0.5716057429210011
sub-228707233803,24.3750855578371,14.05437219584013,17.450942993164062,15.752657594502097,15.591708638856073,-10.320713361996969,-6.924142564673037,-8.622427963335003,-8.783376918981027
sub-229077327791,15.0,30.276060357653883,37.15177536010742,33.71391785888065,33.388107147136765,15.276060357653884,22.151775360107425,18.71391785888065,18.388107147136765
sub-229294744251,27.0,17.11693443709957,15.685030937194824,16.4009826871472,16.46883446667646,-9.88306556290043,-11.314969062805176,-10.599017312852801,-10.531165533323541
sub-229531083910,21.0,28.07361932158359,20.5412540435791,24.307436682581347,24.664363240977934,7.073619321583589,-0.4587459564208984,3.307436682581347,3.6643632409779343
sub-229569889740,9.82,14.01716517720837,11.723679542541504,12.870422359874937,12.979100829930566,4.197165177208369,1.9036795425415036,3.0504223598749363,3.1591008299305656
sub-230496424118,78.5845311430527,55.25549059776325,67.2847671508789,61.270128874321074,60.700112933559126,-23.329040545289452,-11.299763992173794,-17.314402268731627,-17.884418209493575
sub-230539378159,11.14794521,12.954231898430391,17.321348190307617,15.137790044369005,14.930851090846776,1.8062866884303936,6.173402980307618,3.9898448343690056,3.7829058808467764
sub-231330798218,10.29589041,6.557181145686947,12.858421325683594,9.70780123568527,9.409212427513138,-3.7387092643130537,2.5625309156835936,-0.5880891743147298,-0.8866779824868622
sub-231581179705,21.0,28.373721179606584,22.396595001220703,25.385158090413643,25.668388522982177,7.373721179606584,1.3965950012207031,4.385158090413643,4.668388522982177
sub-231906033276,9.64109589,7.16586252267053,13.785200119018556,10.475531320844542,10.16186923729838,-2.475233367329471,4.144104229018554,0.8344354308445414,0.5207733472983787
sub-231974987170,30.89390828199863,39.50317340472314,28.569515228271484,34.03634431649731,34.554443590705574,8.609265122724512,-2.324393053727146,3.142436034498683,3.660535308706944
sub-232331035108,72.5,41.00845032079161,64.45697021484375,52.73271026781768,51.62158524979475,-31.49154967920839,-8.04302978515625,-19.76728973218232,-20.878414750205252
sub-232603114020,21.0,6.458792830825022,18.8123779296875,12.635585380256261,12.050201845276593,-14.541207169174978,-2.1876220703125,-8.364414619743739,-8.949798154723407
sub-232874226715,19.0,23.67851529841378,24.229785919189453,23.95415060880162,23.92802825305326,4.678515298413782,5.229785919189453,4.954150608801619,4.9280282530532595
sub-232903721765,19.0,16.460040188385538,21.77187156677246,19.115955877578998,18.864250918685535,-2.5399598116144624,2.771871566772461,0.1159558775789975,-0.13574908131446506
sub-232954346633,22.5,29.502454885075284,30.50271987915039,30.002587382112836,29.955189104328518,7.002454885075284,8.00271987915039,7.502587382112836,7.455189104328518
sub-233320582225,23.0,26.919146870322532,31.496374130249023,29.20776050028578,28.99086528708424,3.919146870322532,8.496374130249023,6.207760500285779,5.99086528708424
sub-233439764905,21.0,29.638867688247085,22.67578125,26.157324469123544,26.48727533933412,8.638867688247085,1.67578125,5.1573244691235445,5.4872753393341185
sub-234024541244,25.0,31.88941706139514,24.69070625305176,28.29006165722345,28.63117775806064,6.8894170613951395,-0.3092937469482422,3.2900616572234505,3.631177758060641
sub-234330619817,21.0,27.92824499320392,26.03819465637207,26.983219824787994,27.072781222439758,6.9282449932039185,5.03819465637207,5.983219824787994,6.072781222439758
sub-234533737919,11.0,23.9078238097261,12.780198097229004,18.34401095347755,18.87130151920264,12.9078238097261,1.780198097229004,7.34401095347755,7.871301519202639
sub-234544356705,23.0,15.13144177797129,20.381412506103516,17.756427142037403,17.50765349464845,-7.86855822202871,-2.6185874938964844,-5.243572857962597,-5.492346505351549
sub-234754984795,24.0,16.45361888831095,24.538183212280273,20.49590105029561,20.112808142053822,-7.546381111689051,0.5381832122802734,-3.504098949704389,-3.8871918579461777
sub-235188204269,19.0,28.611431373261304,24.734832763671875,26.67313206846659,26.856827488024408,9.611431373261304,5.734832763671875,7.67313206846659,7.856827488024408
sub-235364138668,25.0,25.623729468211742,29.07263565063477,27.348182559423257,27.1847536538284,0.6237294682117422,4.072635650634766,2.3481825594232575,2.1847536538283983
sub-235909880442,21.0,16.29785719526238,24.271583557128903,20.284720376195644,19.90687960468553,-4.702142804737619,3.2715835571289062,-0.7152796238043564,-1.0931203953144717
sub-236070480159,15.0,19.632219513132803,19.213268280029297,19.42274389658105,19.44259620276226,4.632219513132803,4.213268280029297,4.42274389658105,4.44259620276226
sub-236684962470,31.134839151266256,44.265187059489776,31.122238159179688,37.69371260933473,38.31650071705814,13.13034790822352,-0.0126009920865683,6.558873458068476,7.1816615657918845
sub-236877858843,21.0,11.91666960602781,20.26643180847168,16.091550707249745,15.695891206368799,-9.08333039397219,-0.7335681915283203,-4.908449292750255,-5.304108793631201
sub-237021285455,27.0,29.868722203138024,22.076248168945312,25.972485186041666,26.341737185349388,2.8687222031380237,-4.9237518310546875,-1.0275148139583337,-0.6582628146506124
sub-237188599607,16.6,13.621470715335288,19.42337417602539,16.52242244568034,16.247495067898946,-2.978529284664713,2.823374176025389,-0.07757755431966018,-0.3525049321010556
sub-237453925731,23.0,12.077303839127673,19.518718719482425,15.79801127930505,15.445394471062599,-10.922696160872327,-3.481281280517578,-7.201988720694951,-7.554605528937401
sub-237774525299,24.0,32.91925853245547,28.999927520751953,30.959593026603713,31.14531335183932,8.919258532455473,4.999927520751953,6.959593026603713,7.14531335183932
sub-238305757701,21.0,17.07597888487419,21.007469177246097,19.04172403106014,18.85542752954506,-3.924021115125811,0.0074691772460937,-1.9582759689398586,-2.144572470454939
sub-238319148726,30.0,41.23154675559884,50.92306137084961,46.077304063224226,45.618064657061474,11.231546755598842,20.92306137084961,16.077304063224226,15.618064657061474
sub-238501970612,21.0,19.65637180988023,24.25326156616211,21.954816688021168,21.736989753256143,-1.343628190119766,3.25326156616211,0.9548166880211681,0.7369897532561431
sub-238515208525,21.0,18.13525982164789,25.57433700561523,21.85479841363156,21.502292378817554,-2.864740178352111,4.574337005615234,0.8547984136315598,0.502292378817554
sub-238616702365,63.4031485284052,56.79998447667134,70.08626556396484,63.44312502031809,62.813545013593604,-6.603164051733856,6.683117035559647,0.03997649191289554,-0.5896035148115928
sub-238824792464,21.0,21.205911541369844,21.17549705505371,21.190704298211777,21.19214551057012,0.2059115413698435,0.1754970550537109,0.19070429821177726,0.1921455105701213
sub-238840828064,12.65753425,-9.274376799551092,9.327683448791504,0.026653324620205865,-0.854818709524948,-21.93191104955109,-3.3298508012084955,-12.630880925379794,-13.512352959524947
sub-238860242118,19.0,20.696178726867835,18.39028549194336,19.543232109405597,19.65249852254344,1.696178726867835,-0.6097145080566406,0.5432321094055972,0.6524985225434392
sub-239134718630,21.0,33.14874273488047,32.47099304199219,32.80986788843633,32.84198354618906,12.148742734880472,11.470993041992188,11.80986788843633,11.841983546189063
sub-239489511795,13.5,6.846983160380191,14.023784637451172,10.435383898915681,10.095305987534154,-6.653016839619809,0.5237846374511719,-3.0646161010843187,-3.4046940124658462
sub-239529578005,43.460643394934976,51.07121043031612,40.75863265991211,45.91492154511411,46.40359047657659,7.610567035381145,-2.702010735022867,2.4542781501791353,2.942947081641613
sub-239667774037,19.0,18.44629038117316,28.187236785888672,23.316763583530914,22.85518181639152,-0.55370961882684,9.187236785888672,4.316763583530914,3.8551818163915215
sub-240000170343,13.35,14.558773370076562,14.921640396118164,14.740206883097363,14.72301216749603,1.2087733700765622,1.5716403961181644,1.3902068830973633,1.3730121674960305
sub-240663724967,20.698151950718685,34.63349988321952,26.426128387451172,30.529814135335346,30.918726349938268,13.935347932500836,5.727976436732487,9.831662184616661,10.220574399219583
sub-240921511661,19.0,17.52455567884317,20.0960693359375,18.810312507390336,18.688459479075746,-1.4754443211568289,1.0960693359375,-0.18968749260966433,-0.3115405209242539
sub-241089644624,37.0,28.82386360171712,29.766942977905273,29.295403289811198,29.25071479375265,-8.176136398282882,-7.233057022094727,-7.704596710188802,-7.74928520624735
sub-241198125340,21.0,15.742191500176748,19.608903884887695,17.67554769253222,17.49232073886675,-5.257808499823252,-1.391096115112305,-3.32445230746778,-3.5076792611332515
sub-241456506011,14.2,15.38562404890989,18.494964599609375,16.940294324259632,16.792955980899556,1.18562404890989,4.294964599609376,2.740294324259633,2.592955980899557
sub-241645046959,19.0,16.86997232542431,19.379196166992188,18.12458424620825,18.005682865703935,-2.1300276745756896,0.3791961669921875,-0.8754157537917493,-0.9943171342960646
sub-241645657962,21.0,12.399469867470865,23.34646224975586,17.87296605861336,17.35423493344974,-8.600530132529137,2.3464622497558594,-3.127033941386639,-3.6457650665502612
sub-241739908307,79.0,44.295260137947466,48.9238166809082,46.609538409427834,46.390210921149055,-34.704739862052534,-30.076183319091797,-32.390461590572166,-32.609789078850945
sub-241934772035,27.38398357289528,37.44830093160159,22.218505859375,29.833403395488293,30.555078213369043,10.064317358706308,-5.1654777135202785,2.449419822593015,3.1710946404737648
sub-242113707606,25.0,12.573675270233966,22.390512466430664,17.482093868332313,17.016915961332778,-12.426324729766034,-2.609487533569336,-7.5179061316676865,-7.983084038667222
sub-242581855070,53.41273100616017,40.11966443365547,37.59142303466797,38.85554373416172,38.97534627533315,-13.2930665725047,-15.821307971492203,-14.557187271998451,-14.43738473082702
sub-242738003665,21.0,20.76324979202187,16.373964309692383,18.568607050857125,18.776596507449575,-0.2367502079781296,-4.626035690307617,-2.431392949142875,-2.2234034925504247
sub-242962705641,21.0,22.755624290764125,17.62728500366211,20.191454647213117,20.434464701090945,1.7556242907641249,-3.37271499633789,-0.8085453527868829,-0.5655352989090545
sub-243251639637,21.0,27.859491493435836,25.144973754882812,26.502232624159326,26.63086200395819,6.859491493435836,4.1449737548828125,5.502232624159326,5.630862003958189
sub-244062002869,8.0,2.1718578763542133,11.513164520263672,6.842511198308943,6.399866649315283,-5.828142123645787,3.513164520263672,-1.1574888016910574,-1.6001333506847173
sub-244085485212,10.4,20.96275172125089,18.007312774658203,19.485032247954546,19.625077852864194,10.562751721250889,7.607312774658203,9.085032247954546,9.225077852864194
sub-244687579716,19.0,21.854900369727492,27.563064575195312,24.7089824724614,24.43849699686057,2.854900369727492,8.563064575195312,5.7089824724614004,5.438496996860572
sub-244803317233,70.0,51.773420553632384,51.11818313598633,51.44580184480935,51.476850742171784,-18.226579446367616,-18.881816864013672,-18.554198155190647,-18.523149257828216
sub-244867958007,38.902121834360024,32.86675549225198,23.18836212158203,28.027558806917007,28.48617645344686,-6.035366342108041,-15.713759712777993,-10.874563027443017,-10.415945380913165
sub-244954065411,19.0,17.84968443763355,24.206327438354492,21.02800593799402,20.726791827224794,-1.1503155623664512,5.206327438354492,2.0280059379940205,1.726791827224794
sub-245055811403,36.0,16.88249227940191,20.30702209472656,18.594757187064232,18.432483373196014,-19.11750772059809,-15.692977905273438,-17.405242812935768,-17.567516626803986
sub-245235309359,21.0,31.201219030193336,31.639957427978516,31.420588229085926,31.399798293842718,10.201219030193336,10.639957427978516,10.420588229085926,10.399798293842718
sub-245306557719,30.0,34.781242775388876,22.873044967651367,28.82714387152012,29.39142240865283,4.7812427753888755,-7.126955032348633,-1.1728561284798786,-0.6085775913471707
sub-247003464078,21.0,27.98975459923449,30.044597625732425,29.017176112483458,28.91980589444121,6.989754599234491,9.044597625732422,8.017176112483458,7.919805894441211
sub-247404824122,19.0,16.217356722260664,16.218008041381836,16.21768238182125,16.21765151859519,-2.7826432777393357,-2.781991958618164,-2.7823176181787517,-2.78234848140481
sub-247463425270,21.0,33.786521813848154,41.059940338134766,37.42323107599146,37.07857489618131,12.786521813848154,20.05994033813477,16.42323107599146,16.07857489618131
sub-247550701786,23.0,22.082834361703455,20.315584182739254,21.199209272221353,21.282951695872185,-0.9171656382965452,-2.684415817260742,-1.8007907277786472,-1.7170483041278146
sub-247787484871,23.0,26.808692592095532,20.431427001953125,23.62005979702433,23.922251124059063,3.808692592095532,-2.568572998046875,0.6200597970243287,0.9222511240590627
sub-248018078594,21.0,22.313115699580816,24.905115127563477,23.609115413572148,23.486291652236865,1.3131156995808162,3.905115127563477,2.609115413572148,2.486291652236865
sub-248621586039,67.5,38.55420790072223,41.32735061645508,39.940779258588655,39.80937189198636,-28.945792099277767,-26.17264938354492,-27.559220741411345,-27.69062810801364
sub-249349570195,19.0,20.538140988632566,31.73039436340332,26.13426767601794,25.603914681929233,1.5381409886325663,12.73039436340332,7.1342676760179415,6.603914681929233
sub-249453595661,17.1,12.700560588929513,18.220016479492188,15.46028853421085,15.198745138142007,-4.399439411070489,1.120016479492186,-1.6397114657891514,-1.9012548618579945
sub-249490422156,17.13,12.227492404451262,21.05801773071289,16.642755067582076,16.224314259521385,-4.902507595548737,3.928017730712891,-0.4872449324179229,-0.9056857404786136
sub-249622142769,27.5,33.4180216559307,34.43043899536133,33.924230325646015,33.876256200217014,5.918021655930701,6.930438995361328,6.424230325646015,6.376256200217014
sub-250216400468,19.0,17.124423995554178,22.45967483520508,19.79204941537963,19.53923470843228,-1.875576004445822,3.459674835205078,0.7920494153796298,0.5392347084322786
sub-250479162697,59.38124572210815,59.924036463637094,65.37879180908203,62.65141413635956,62.39293662226045,0.5427907415289468,5.997546086973884,3.2701684142514154,3.0116909001523027
sub-250511855843,8.9747,11.564372907166078,13.41917610168457,12.491774504425324,12.403883318019947,2.5896729071660776,4.44447610168457,3.5170745044253238,3.4291833180199465
sub-250517852869,9.4,11.029494887993089,12.76564884185791,11.8975718649255,11.815302958316689,1.6294948879930882,3.36564884185791,2.497571864925499,2.4153029583166887
sub-250739202322,23.0,21.92567117679255,19.287372589111328,20.606521882951938,20.731539563344242,-1.0743288232074484,-3.712627410888672,-2.393478117048062,-2.268460436655758
sub-250777583312,22.0,34.386981136044085,35.30982208251953,34.84840160928181,34.80467212580405,12.386981136044083,13.309822082519531,12.848401609281808,12.804672125804053
sub-250985467668,19.0,23.23176649387904,25.476953506469727,24.35436000017438,24.24797019514185,4.231766493879039,6.476953506469727,5.354360000174381,5.24797019514185
sub-251108118714,40.5284052019165,35.934208680548586,19.59151077270508,27.762859726626836,28.53727024760824,-4.594196521367913,-20.93689442921142,-12.765545475289663,-11.991134954308258
sub-251152153076,27.0,14.064989004135448,15.810070037841797,14.937529520988623,14.854837598266442,-12.935010995864552,-11.189929962158203,-12.062470479011377,-12.145162401733558
sub-251224069006,21.0,24.722067539419733,19.33206558227539,22.02706656084756,22.28247568896463,3.722067539419733,-1.6679344177246094,1.0270665608475618,1.282475688964631
sub-251630004450,29.0,35.184840759525386,30.31114196777344,32.74799136364941,32.97893509409772,6.184840759525386,1.3111419677734375,3.7479913636494118,3.9789350940977215
sub-251693910372,11.0,2.698350896309055,14.222740173339844,8.46054553482445,7.914454041587295,-8.301649103690945,3.222740173339844,-2.5394544651755506,-3.0855459584127054
sub-252483776634,19.0,16.497077134086606,24.040447235107425,20.268762184597016,19.91131415472898,-2.502922865913394,5.040447235107422,1.2687621845970156,0.9113141547289807
sub-252614167190,19.0,18.02359525644938,22.202909469604492,20.113252363026938,19.915212546381902,-0.9764047435506208,3.202909469604492,1.1132523630269375,0.9152125463819019
sub-252670417736,19.0,20.677812986961506,21.25228500366211,20.965048995311808,20.937827224692843,1.6778129869615055,2.25228500366211,1.9650489953118075,1.9378272246928425
sub-252716718575,21.0,21.311659345624353,19.986433029174805,20.649046187399577,20.71184299169267,0.3116593456243528,-1.013566970825195,-0.350953812600423,-0.28815700830732993
sub-252717977376,68.50924024640658,52.972550788034034,69.30714416503906,61.139847476536545,60.36582099459106,-15.536689458372544,0.7979039186324854,-7.369392769870032,-8.143419251815516
sub-252880188419,17.56,23.43572882639239,20.448925018310547,21.94232692235147,22.083858773832112,5.87572882639239,2.888925018310548,4.382326922351471,4.523858773832114
sub-253019663551,19.5,11.303309062541343,18.71915626525879,15.011232663900067,14.659827398492896,-8.196690937458655,-0.7808437347412109,-4.488767336099933,-4.8401726015071045
sub-253582671864,23.0,17.575744578807,19.123220443725582,18.34948251126629,18.27615425191062,-5.424255421192999,-3.876779556274414,-4.650517488733708,-4.723845748089381
sub-253628051441,19.0,27.46144040284853,23.063148498535156,25.262294450691844,25.470710683082267,8.461440402848531,4.063148498535156,6.262294450691844,6.470710683082267
sub-254063930053,43.16221765913758,37.929917257408746,25.00156021118164,31.465738734295194,32.07835825232455,-5.2323004017288355,-18.16065744795594,-11.696478924842388,-11.083859406813033
sub-254246195492,19.0,24.88377385104767,30.499418258666992,27.69159605485733,27.42549469657036,5.883773851047671,11.499418258666992,8.691596054857332,8.425494696570361
sub-254729298278,42.5,40.10954745020865,33.15312576293945,36.63133660657405,36.96097166275526,-2.390452549791348,-9.346874237060549,-5.868663393425948,-5.539028337244737
sub-255136963981,28.0,23.82733144631752,22.59381103515625,23.210571240736883,23.269022494601778,-4.172668553682481,-5.40618896484375,-4.789428759263117,-4.730977505398222
sub-255360929670,29.0,35.26673605497966,28.929882049560547,32.0983090522701,32.39858544723207,6.26673605497966,-0.0701179504394531,3.0983090522701033,3.3985854472320725
sub-255727004569,19.0,16.005993413667518,18.58698272705078,17.29648807035915,17.174186031240794,-2.994006586332482,-0.4130172729492187,-1.7035119296408503,-1.8258139687592063
sub-255882149200,56.67624914442163,42.35732542903821,38.58729553222656,40.47231048063239,40.65095606491528,-14.31892371538342,-18.08895361219507,-16.203938663789245,-16.025293079506355
sub-256138999520,22.5,17.883708126300746,25.958696365356445,21.921202245828596,21.538563107273347,-4.616291873699254,3.4586963653564453,-0.5787977541714042,-0.9614368927266526
sub-256341839765,56.9637234770705,46.294501779110774,27.42012405395508,36.857312916532926,37.751688910616664,-10.669221697959728,-29.543599423115424,-20.106410560537576,-19.212034566453838
sub-256357251266,59.671457905544145,53.54660596539354,64.13895416259766,58.8427800639956,58.340854009186955,-6.124851940150606,4.4674962570535115,-0.8286778415485472,-1.3306038963571893
sub-256511281689,19.0,23.53699710868741,20.439769744873047,21.988383426780228,22.135147778047973,4.536997108687409,1.4397697448730469,2.988383426780228,3.1351477780479726
sub-256844989684,25.0,22.323416268774775,21.03504943847656,21.679232853625667,21.74028304459735,-2.676583731225225,-3.9649505615234375,-3.320767146374333,-3.2597169554026486
sub-257021428477,19.0,25.047414336659564,26.18264961242676,25.615031974543164,25.561238032667667,6.047414336659564,7.182649612426758,6.6150319745431645,6.561238032667667
sub-257828464685,19.0,19.780745887800695,23.217716217041016,21.499231052420853,21.336367735833008,0.7807458878006948,4.217716217041016,2.4992310524208534,2.336367735833008
sub-258048891312,21.0,19.376578069018237,20.0460262298584,19.711302149438318,19.679579865765838,-1.6234219309817632,-0.9539737701416016,-1.2886978505616824,-1.320420134234162
sub-258374254828,19.0,22.067630564409043,18.168540954589844,20.118085759499444,20.302846931315763,3.0676305644090434,-0.8314590454101562,1.1180857594994436,1.302846931315763
sub-258404721857,22.0,28.47722976186467,19.716646194458008,24.09693797816134,24.512064545561238,6.477229761864674,-2.283353805541992,2.096937978161339,2.5120645455612376
sub-259351679051,21.0,23.877127757759133,23.149568557739254,23.513348157749192,23.547824074902493,2.8771277577591334,2.149568557739258,2.513348157749192,2.5478240749024934
sub-259391245786,59.0,42.4172188141782,36.66558837890625,39.541403596542224,39.81394875077491,-16.5827811858218,-22.33441162109375,-19.458596403457776,-19.186051249225088
sub-259424184976,11.0,13.271142751167655,10.110898971557615,11.691020861362635,11.84077129091818,2.2711427511676554,-0.8891010284423828,0.6910208613626345,0.8407712909181804
sub-259547897813,19.0,12.667394482493975,15.120612144470217,13.894003313482095,13.777755826169734,-6.332605517506025,-3.879387855529785,-5.105996686517905,-5.222244173830266
sub-260062396891,19.0,20.446092117374352,21.23026466369629,20.83817839053532,20.801019809157822,1.4460921173743522,2.230264663696289,1.8381783905353188,1.8010198091578218
sub-260346128610,9.0,-5.010434881798762,8.876444816589355,1.9330049673952967,1.2749651625431513,-14.010434881798762,-0.1235551834106445,-7.066995032604703,-7.725034837456849
sub-261295933568,13.0,26.457840846611973,25.79113388061523,26.124487363613603,26.15607975379244,13.457840846611973,12.791133880615234,13.124487363613603,13.15607975379244
sub-261666162953,28.0,41.18044198021775,31.693790435791016,36.43711620800438,36.88664802988079,13.18044198021775,3.693790435791016,8.437116208004383,8.886648029880789
sub-262202743250,13.1,12.12936050643706,18.492605209350582,15.310982857893821,15.00945592070737,-0.97063949356294,5.392605209350586,2.2109828578938213,1.9094559207073711
sub-262457593277,21.0,27.323685652048663,22.50742530822754,24.915555480138103,25.143777448326755,6.323685652048663,1.507425308227539,3.915555480138103,4.143777448326755
sub-263819529475,33.91649555099247,44.75062786629896,30.00816535949707,37.37939661289802,38.077978825872904,10.834132315306483,-3.908330191495402,3.462901061905548,4.161483274880432
sub-264104876540,21.0,34.55578541570297,21.198619842529297,27.877202629116134,28.51014154830107,13.555785415702973,0.1986198425292968,6.877202629116134,7.510141548301071
sub-264717518453,19.0,21.067498537983496,24.587556838989254,22.827527688486377,22.660727188462538,2.0674985379834965,5.587556838989258,3.827527688486377,3.6607271884625376
sub-264782182812,55.0,37.018514911401155,35.94709777832031,36.482806344860734,36.53357621804179,-17.981485088598845,-19.052902221679688,-18.517193655139266,-18.466423781958213
sub-265153296950,13.5,14.947015769689608,15.46159553527832,15.204305652483963,15.17992191935721,1.4470157696896069,1.9615955352783203,1.7043056524839635,1.6799219193572092
sub-265273157235,29.0,34.278064759587835,28.736806869506836,31.507435814547335,31.770012314079302,5.278064759587835,-0.263193130493164,2.5074358145473354,2.7700123140793025
sub-265534577682,13.8,25.04505333756866,17.812545776367188,21.428799556967924,21.77151714130165,11.24505333756866,4.012545776367187,7.628799556967923,7.97151714130165
sub-265685893940,23.0,15.885537538276292,21.355640411376953,18.620588974826624,18.361384207066294,-7.114462461723708,-1.6443595886230469,-4.3794110251733755,-4.638615792933706
sub-266307733456,25.0,20.940150883057992,22.922100067138672,21.931125475098334,21.83720938432448,-4.059849116942008,-2.077899932861328,-3.0688745249016662,-3.162790615675519
sub-266666775428,12.0,8.630733591689555,17.372032165527344,13.00138287860845,12.587170144530383,-3.3692664083104447,5.372032165527344,1.0013828786084495,0.5871701445303827
sub-268040113669,21.0,15.023309518273706,18.838769912719727,16.931039715496716,16.750241374334895,-5.976690481726294,-2.1612300872802734,-4.068960284503284,-4.249758625665105
sub-268081601695,12.0,10.644493308952216,17.565711975097656,14.105102642024935,13.777135706375741,-1.3555066910477829,5.565711975097656,2.105102642024935,1.7771357063757414
sub-268346653282,22.0,23.208840278498915,21.95512580871582,22.581983043607366,22.641391207496923,1.208840278498915,-0.0448741912841796,0.5819830436073659,0.6413912074969232
sub-268420839498,28.120465434633807,46.45148992610141,33.64228439331055,40.046887159705975,40.6538605973809,18.3310244914676,5.521818958676739,11.926421725072167,12.533395162747091
sub-268879454052,61.48665297741273,51.49110057710778,63.05712127685547,57.27411092698162,56.72604669876905,-9.995552400304952,1.5704682994427372,-4.212542050431111,-4.760606278643678
sub-269394554138,29.0,25.958949478528645,24.35134506225586,25.155147270392252,25.23132476449745,-3.0410505214713552,-4.648654937744141,-3.844852729607748,-3.768675235502549
sub-269603671377,19.0,30.3273440942758,24.22273826599121,27.275041180133506,27.56431232780608,11.327344094275798,5.222738265991211,8.275041180133506,8.564312327806078
sub-269937866674,21.0,27.567529002891376,20.55154037475586,24.059534688823618,24.39199236743655,6.567529002891376,-0.4484596252441406,3.059534688823618,3.3919923674365506
sub-270347217232,26.0,33.553497257943306,20.545944213867188,27.049720735905247,27.666093013381037,7.553497257943306,-5.4540557861328125,1.0497207359052467,1.6660930133810368
sub-270971154789,21.0,29.412936562815545,26.085718154907227,27.749327358861386,27.906990001542347,8.412936562815542,5.085718154907227,6.749327358861386,6.906990001542347
sub-271317255923,23.69883641341547,41.702417361963285,20.4532527923584,31.07783507716084,32.08474205773164,18.003580948547814,-3.2455836210570723,7.378998663745371,8.385905644316168
sub-271649634632,21.0,26.02354768692713,24.128128051757812,25.07583786934247,25.16565369506641,5.023547686927131,3.1281280517578125,4.075837869342472,4.1656536950664105
sub-271688697419,29.0,13.040492497924088,20.99712181091309,17.01880715441859,16.641776538893932,-15.959507502075912,-8.002878189086914,-11.981192845581411,-12.358223461106068
sub-271880337764,19.0,33.527267961602746,24.804140090942383,29.165704026272564,29.579055728482235,14.527267961602746,5.804140090942383,10.165704026272564,10.579055728482235
sub-272699721591,21.0,23.69459531907854,18.376140594482425,21.035367956780483,21.2873867677085,2.694595319078541,-2.623859405517578,0.03536795678048321,0.2873867677085009
sub-272887401785,21.0,19.363738192657536,21.979677200317383,20.67170769648746,20.547749540912353,-1.6362618073424642,0.9796772003173828,-0.3282923035125407,-0.45225045908764727
sub-273169726487,19.0,28.252021542131523,32.22911071777344,30.24056612995248,30.052108892483737,9.252021542131525,13.229110717773438,11.24056612995248,11.052108892483737
sub-273391779679,38.78165639972622,48.11637900687883,30.00237464904785,39.05937682796334,39.91772198192198,9.334722607152614,-8.779281750678365,0.2777204282371244,1.1360655821957621
sub-273534194914,10.79,14.58677729785186,17.70697784423828,16.14687757104507,15.999024618960952,3.796777297851861,6.916977844238282,5.356877571045072,5.209024618960953
sub-273748695345,19.0,19.536011922973763,24.097579956054688,21.816795939514225,21.600642750064708,0.5360119229737634,5.0975799560546875,2.8167959395142255,2.600642750064708
sub-273799460640,8.062971000000001,-1.8898528248395363,13.970579147338867,6.040363161249665,5.288805159270688,-9.952823824839538,5.907608147338866,-2.0226078387503357,-2.774165840729313
sub-273878067755,10.0,18.74944319760327,16.487171173095703,17.618307185349487,17.725506575987417,8.74944319760327,6.487171173095703,7.618307185349487,7.725506575987417
sub-274268361591,72.5,41.37267236891929,45.69499206542969,43.53383221717449,43.3290159826153,-31.12732763108071,-26.805007934570312,-28.966167782825508,-29.170984017384697
sub-274305053661,23.0,19.844020697734752,18.338865280151367,19.091442988943058,19.1627658633951,-3.155979302265248,-4.661134719848633,-3.908557011056942,-3.8372341366048985
sub-274663764893,19.0,20.501261239545087,17.824462890625,19.162862065085044,19.289704084416165,1.5012612395450873,-1.175537109375,0.16286206508504364,0.28970408441616513
sub-275393428702,21.0,27.166541253957533,24.536476135253903,25.85150869460572,25.97613622613543,6.166541253957533,3.5364761352539062,4.8515086946057195,4.976136226135431
sub-275672449200,21.0,26.01161508185463,22.81186866760254,24.411741874728584,24.56336416510208,5.011615081854629,1.811868667602539,3.411741874728584,3.5633641651020795
sub-275841492998,30.0,23.472234381407915,18.6027774810791,21.03750593124351,21.268248656608964,-6.527765618592085,-11.397222518920898,-8.962494068756492,-8.731751343391036
sub-276219914266,28.0,34.13293165219686,27.019975662231445,30.576453657214152,30.913506204166225,6.132931652196859,-0.9800243377685548,2.5764536572141523,2.913506204166225
sub-276300333762,19.0,14.618128408863416,15.575193405151367,15.096660907007392,15.051309692258895,-4.3818715911365835,-3.424806594848633,-3.903339092992608,-3.9486903077411046
sub-276630944980,72.5,45.76141728582667,46.688289642333984,46.224853464080326,46.180932949332174,-26.738582714173333,-25.811710357666016,-26.275146535919674,-26.319067050667826
sub-276750471965,13.0,8.239611955348213,15.85293197631836,12.046271965833286,11.685509308585118,-4.760388044651787,2.8529319763183594,-0.9537280341667138,-1.314490691414882
sub-277072542882,27.0,22.35700525451941,23.90850067138672,23.132752962953063,23.059234234230814,-4.642994745480589,-3.0914993286132812,-3.867247037046937,-3.9407657657691857
sub-277563534370,19.0,25.830417580392563,27.730205535888672,26.780311558140617,26.690288736409094,6.830417580392563,8.730205535888672,7.7803115581406175,7.690288736409094
sub-278098605573,17.2,25.351298768713832,23.781314849853516,24.566306809283674,24.640701629000283,8.151298768713833,6.581314849853516,7.3663068092836745,7.440701629000284
sub-278306641376,19.0,22.372216183660115,21.842010498046875,22.107113340853495,22.132237519464542,3.3722161836601146,2.842010498046875,3.1071133408534948,3.1322375194645424
sub-278339857109,12.66027397,10.942562847101964,17.7384033203125,14.340483083707232,14.018457284109008,-1.7177111228980362,5.0781293503125,1.6802091137072317,1.3581833141090076
sub-278388213595,23.0,26.411545317572276,35.845394134521484,31.12846972604688,30.68143999947479,3.4115453175722763,12.845394134521484,8.12846972604688,7.68143999947479
sub-278820149983,21.0,20.511465792796667,21.409164428710938,20.960315110753804,20.917777013785795,-0.4885342072033332,0.4091644287109375,-0.039684889246196065,-0.08222298621420521
sub-278859613706,8.375086,4.032521999806008,12.390687942504885,8.211604971155445,7.815547252984688,-4.342564000193992,4.015601942504883,-0.1634810288445543,-0.5595387470153117
sub-279716221372,13.0,15.16092803719366,17.87192153930664,16.51642478825015,16.387962406935436,2.16092803719366,4.871921539306641,3.5164247882501485,3.3879624069354364
sub-280353298061,23.0,27.1545504528858,27.926910400390625,27.540730426638213,27.504131593770765,4.1545504528858,4.926910400390625,4.540730426638213,4.504131593770765
sub-280491821637,11.04109589,12.599524141727075,9.166693687438965,10.883108914583019,11.045776060212031,1.5584282517270776,-1.8744022025610343,-0.15798697541698026,0.004680170212031598
sub-280829663174,27.5,25.008508337334217,40.79981231689453,32.904160327114376,32.15587800489645,-2.4914916626657835,13.299812316894531,5.404160327114376,4.655878004896451
sub-281171079038,19.0,27.76496059898717,22.17954444885254,24.972252523919856,25.236921494435904,8.764960598987166,3.179544448852539,5.972252523919856,6.236921494435904
sub-281250458251,10.29,16.17851085004884,21.495546340942383,18.83702859549561,18.585077035979644,5.888510850048842,11.205546340942384,8.547028595495611,8.295077035979645
sub-282274124491,13.24931507,6.325914805370392,16.821706771850586,11.573810788610489,11.076460120397167,-6.923400264629608,3.572391701850586,-1.675504281389511,-2.172854949602833
sub-283866019979,25.0,23.08740314329262,23.54222297668457,23.314813059988595,23.293261094326873,-1.9125968567073812,-1.4577770233154297,-1.6851869400114055,-1.7067389056731272
sub-284188545251,21.0,30.42016288287533,25.093523025512695,27.756842954194013,28.009249623538416,9.420162882875331,4.093523025512695,6.756842954194013,7.009249623538416
sub-284462322919,36.47912388774811,38.40027487987104,40.10650634765625,39.25339061376364,39.17253960572731,1.921150992122932,3.627382459908141,2.774266726015533,2.6934157179791995
sub-284467484968,25.0,28.499218547926816,27.07952117919922,27.789369863563017,27.856643246767675,3.499218547926816,2.0795211791992188,2.7893698635630173,2.856643246767675
sub-284931213796,9.745205479,-2.707263438826992,9.658761978149414,3.475749269661211,2.889776241240122,-12.452468917826993,-0.086443500850585,-6.269456209338788,-6.855429237759877
sub-284979093050,25.0,35.95191632655656,37.99866485595703,36.975290591256794,36.878303936794424,10.951916326556557,12.998664855957031,11.975290591256794,11.878303936794424
sub-285593347262,21.0,11.312384815953806,19.697229385375977,15.504807100664891,15.107485196535588,-9.687615184046194,-1.3027706146240234,-5.495192899335109,-5.892514803464412
sub-285839371492,12.0,12.10448347893042,17.209409713745117,14.656946596337768,14.415045986819853,0.1044834789304189,5.209409713745117,2.656946596337768,2.4150459868198535
sub-286013330597,12.16438356,10.346019406505832,12.007834434509276,11.176926920507555,11.098180617487827,-1.8183641534941677,-0.1565491254907218,-0.9874566394924447,-1.066202942512172
sub-286260365723,6.329911,4.21198234216466,11.973857879638672,8.092920110901666,7.72511804341786,-2.11792865783534,5.643946879638672,1.763009110901666,1.3952070434178596
sub-286377011623,19.0,26.342767344150168,21.28655433654785,23.81466084034901,24.054253138480583,7.342767344150168,2.2865543365478516,4.81466084034901,5.054253138480583
sub-287060632619,23.0,25.121676146335865,25.99293327331543,25.557304709825647,25.516019562818848,2.121676146335865,2.9929332733154297,2.5573047098256474,2.5160195628188475
sub-287389356878,74.0,43.220592778658414,51.2683219909668,47.244457384812605,46.86310993488942,-30.779407221341582,-22.731678009033203,-26.755542615187395,-27.136890065110578
sub-287470725724,14.0,18.058401755092977,23.13376808166504,20.596084918379006,20.3555850264214,4.0584017550929765,9.13376808166504,6.596084918379006,6.3555850264214016
sub-287536234169,21.0,31.11913064599771,21.46380043029785,26.291465538147783,26.748990320454325,10.11913064599771,0.4638004302978515,5.291465538147783,5.748990320454325
sub-287677435094,21.0,13.337426156232862,21.954322814941406,17.645874485587136,17.237556625932466,-7.662573843767138,0.9543228149414062,-3.354125514412864,-3.7624433740675336
sub-287694968928,58.28062970568104,51.97551259915619,54.5588493347168,53.26718096693649,53.14476769352613,-6.305117106524847,-3.72178037096424,-5.013448738744543,-5.1358620121549095
sub-288219585847,21.0,31.466947218741105,26.27259635925293,28.869771788997017,29.11590984881674,10.466947218741105,5.27259635925293,7.869771788997017,8.115909848816742
sub-288264084208,7.764544832,15.193837377500731,18.190820693969727,16.692329035735227,16.550314820911773,7.429292545500731,10.426275861969726,8.927784203735227,8.785769988911772
sub-288275511552,57.06776180698152,48.18259290328648,40.36689758300781,44.27474524314715,44.6450975998351,-8.885168903695046,-16.70086422397371,-12.793016563834371,-12.422664207146425
sub-289431285739,14.0,18.60471391841687,22.507326126098633,20.55602002225775,20.37109192960245,4.60471391841687,8.507326126098633,6.556020022257751,6.37109192960245
sub-289461458220,18.0,26.4293008150046,20.180795669555664,23.30504824228013,23.60113816282622,8.429300815004602,2.180795669555664,5.3050482422801295,5.601138162826221
sub-289686316524,23.0,32.255492776312316,35.452362060546875,33.85392741842959,33.70244146293596,9.255492776312316,12.452362060546877,10.853927418429592,10.702441462935958
sub-290730786497,41.122518822724146,34.36055833522579,21.4715518951416,27.916055115183696,28.52680997637512,-6.7619604874983565,-19.650966927582544,-13.20646370754045,-12.595708846349027
sub-290821153245,19.0,23.89421535456812,34.24275207519531,29.068483714881715,28.578110842641944,4.894215354568118,15.242752075195312,10.068483714881715,9.578110842641944
sub-290836566577,23.0,21.885968306857237,19.266395568847656,20.576181937852446,20.700312280359547,-1.1140316931427634,-3.733604431152344,-2.4238180621475536,-2.2996877196404526
sub-291587861176,16.104,15.384604951892133,16.18255043029785,15.783577691094992,15.745766469402497,-0.7193950481078666,0.0785504302978523,-0.3204223089050071,-0.3582335305975022
sub-291670704840,14.0,-4.932088207460421,15.363243103027344,5.2155774477834616,4.253868543765725,-18.93208820746042,1.3632431030273438,-8.784422552216538,-9.746131456234275
sub-291992215520,19.0,23.07478698914927,18.943923950195312,21.009355469672293,21.205099392501815,4.074786989149274,-0.0560760498046875,2.0093554696722933,2.2050993925018147
sub-292093039235,21.0,26.85262402166542,22.487770080566406,24.670197051115913,24.877028801515703,5.85262402166542,1.4877700805664062,3.670197051115913,3.877028801515703
sub-292163783288,41.51950718685831,48.11641193885775,32.158077239990234,40.13724458942399,40.89344178268022,6.596904751999439,-9.361429946868078,-1.3822625974343197,-0.6260654041780924
sub-292562158968,19.0,15.86741106484357,18.660842895507812,17.26412698017569,17.131758199236987,-3.1325889351564307,-0.3391571044921875,-1.7358730198243109,-1.8682418007630126
sub-292931997189,10.82,11.938470681064995,19.002256393432617,15.470363537248806,15.135640959345054,1.118470681064995,8.182256393432617,4.650363537248806,4.315640959345053
sub-292984908300,23.0,8.441334336978915,22.144685745239254,15.293010041109085,14.64366685658084,-14.558665663021085,-0.8553142547607422,-7.706989958890915,-8.35633314341916
sub-293152138205,19.0,16.8407007606762,22.69603729248047,19.768369026578334,19.49090968420502,-2.1592992393238006,3.6960372924804688,0.7683690265783341,0.49090968420501824
sub-293359437443,23.0,20.84372237262105,24.29290008544922,22.56831122903513,22.404869456776296,-2.1562776273789517,1.2929000854492188,-0.43168877096486824,-0.5951305432237035
sub-293445012236,25.018480492813143,13.536007996238634,18.84478759765625,16.190397796947444,15.938837448705542,-11.482472496574507,-6.1736928951568935,-8.8280826958657,-9.079643044107602
sub-294096075340,25.0,26.97834414759849,32.46440887451172,29.721376511055105,29.46141537934578,1.9783441475984915,7.464408874511719,4.721376511055105,4.46141537934578
sub-294920124233,19.0,24.990632710765492,24.875240325927734,24.932936518346615,24.93840446968264,5.990632710765492,5.875240325927734,5.932936518346615,5.9384044696826415
sub-295055472914,14.0,13.26160752923628,17.0910701751709,15.176338852203589,14.99487700426147,-0.7383924707637206,3.0910701751708984,1.176338852203589,0.9948770042614701
sub-295441371216,22.0,23.54033702516754,22.550350189208984,23.04534360718826,23.092254847041225,1.5403370251675383,0.5503501892089844,1.0453436071882614,1.0922548470412252
sub-295485375852,13.0,13.257118545684452,16.380903244018555,14.819010894851504,14.670988105143714,0.2571185456844524,3.3809032440185547,1.8190108948515036,1.6709881051437137
sub-295664409002,23.0,42.99353712667248,32.880863189697266,37.93720015818487,38.416396502399834,19.99353712667248,9.880863189697266,14.937200158184872,15.416396502399834
sub-295818217348,21.0,19.135673868192328,23.3320369720459,21.233855420119113,21.03500772949866,-1.8643261318076725,2.3320369720458984,0.23385542011911298,0.035007729498659046
sub-296199045528,22.5,31.701608569443668,24.184911727905273,27.94326014867447,28.299444246914536,9.201608569443668,1.6849117279052734,5.443260148674469,5.799444246914536
sub-296427539569,19.0,16.105138880413115,19.756046295166016,17.930592587789565,17.75759170818836,-2.894861119586885,0.7560462951660156,-1.0694074122104347,-1.242408291811639
sub-296480886181,25.0,23.089109416663387,23.0712947845459,23.080202100604644,23.08104625978919,-1.910890583336613,-1.9287052154541016,-1.9197978993953555,-1.91895374021081
sub-296656452301,19.0,18.14436405776972,20.01310157775879,19.078732817764255,18.99018134330191,-0.8556359422302791,1.013101577758789,0.078732817764255,-0.009818656698090678
sub-296950225202,72.5,40.37567972899029,25.950963973999023,33.16332185149466,33.84684740558755,-32.12432027100971,-46.54903602600098,-39.33667814850534,-38.65315259441245
sub-297343119496,21.0,22.156460226688015,19.21644592285156,20.686453074769787,20.825767771863593,1.156460226688015,-1.7835540771484375,-0.313546925230213,-0.17423222813640749
sub-298312793047,21.0,28.09038545028902,26.57825469970703,27.334320074998026,27.40597348063237,7.09038545028902,5.578254699707031,6.3343200749980255,6.405973480632369
sub-298381638165,15.0,15.101370430845895,19.608797073364254,17.355083752105074,17.141496091475133,0.1013704308458969,4.608797073364258,2.355083752105074,2.1414960914751333
sub-298394215355,19.0,30.829139465772492,26.29088592529297,28.56001269553273,28.7750611109441,11.829139465772492,7.290885925292969,9.56001269553273,9.775061110944101
sub-299053759850,67.0,48.62269056387377,34.02753829956055,41.325114431717154,42.016716242663264,-18.377309436126232,-32.97246170043945,-25.674885568282846,-24.983283757336736
sub-299128749353,13.0,5.592815310163939,12.190237998962402,8.89152665456317,8.578903024708584,-7.407184689836061,-0.8097620010375977,-4.108473345436829,-4.421096975291416
sub-299189190633,21.0,14.97823933975361,19.15188789367676,17.065063616715186,16.867292271416947,-6.02176066024639,-1.8481121063232424,-3.934936383284814,-4.132707728583053
sub-299515347423,19.0,13.037723752537303,21.43933486938477,17.238529310961034,16.840412911895836,-5.962276247462697,2.4393348693847656,-1.7614706890389655,-2.159587088104164
sub-299651462165,21.0,16.337292561579417,14.94737148284912,15.64233202221427,15.70819443445319,-4.662707438420583,-6.052628517150879,-5.357667977785731,-5.2918055655468095
sub-299666419729,30.0,23.681254022032505,22.02739715576172,22.85432558889711,22.932694788686504,-6.318745977967495,-7.972602844238281,-7.145674411102888,-7.067305211313496
sub-299690677871,32.0,26.442827256088865,23.58021545410156,25.011521355095212,25.147168278843374,-5.557172743911135,-8.419784545898438,-6.988478644904788,-6.852831721156626
sub-299813216713,19.0,15.303759957328886,14.848015785217283,15.075887871273085,15.097483637391345,-3.696240042671114,-4.151984214782715,-3.9241121287269145,-3.9025163626086545
sub-299898598078,24.0,33.97611648889127,36.2349853515625,35.10555092022689,34.99851279086574,9.976116488891272,12.2349853515625,11.10555092022689,10.998512790865739
sub-300059242922,21.0,25.639860651570302,27.01797103881836,26.32891584519433,26.26361309108502,4.639860651570302,6.017971038818359,5.328915845194331,5.26361309108502
sub-300202586409,21.0,21.621523522306095,21.672595977783203,21.647059750044647,21.644639644926336,0.6215235223060951,0.6725959777832031,0.6470597500446473,0.6446396449263361
sub-300521812714,32.0,24.76450986732219,22.84734344482422,23.805926656073204,23.896772968990863,-7.235490132677811,-9.15265655517578,-8.194073343926796,-8.103227031009137
sub-300699768338,23.0,23.802106235801013,20.532169342041016,22.167137788921014,22.32208610576273,0.8021062358010127,-2.4678306579589844,-0.8328622110789858,-0.6779138942372711
sub-300869797602,23.0,28.118784117146586,26.75736618041992,27.438075148783252,27.50258691909187,5.118784117146582,3.757366180419922,4.438075148783252,4.502586919091868
sub-301313422615,23.0,27.51741961844128,21.887203216552734,24.702311417497008,24.969103280236634,4.517419618441281,-1.1127967834472656,1.7023114174970075,1.9691032802366344
sub-302717422870,57.22108145106093,53.794408075690285,32.39599609375,43.09520208472014,44.109181261509306,-3.4266733753706475,-24.825085357310932,-14.12587936634079,-13.111900189551626
sub-303198127376,67.53456536618754,43.19591516211477,33.71249771118164,38.45420643664821,38.903585008673126,-24.338650204072763,-33.822067655005895,-29.08035892953933,-28.63098035751441
sub-303310574754,72.5,45.54762891929953,57.44037628173828,51.494002600518904,50.93045619387412,-26.952371080700473,-15.05962371826172,-21.005997399481096,-21.56954380612588
sub-303698168005,70.24777549623546,57.04318383263321,63.033226013183594,60.038204922908406,59.75436245626681,-13.204591663602251,-7.214549483051869,-10.209570573327056,-10.493413039968651
sub-303933482994,21.0,34.79279220923737,43.1622428894043,38.97751754932084,38.580925095730564,13.79279220923737,22.162242889404297,17.977517549320837,17.580925095730564
sub-304120926484,12.0,4.170487399391593,17.196226119995117,10.683356759693355,10.066122740826188,-7.829512600608407,5.196226119995117,-1.3166432403066448,-1.933877259173812
sub-304156026895,21.0,27.39839733919085,33.146026611328125,30.272211975259488,29.999856419026166,6.398397339190851,12.146026611328123,9.272211975259488,8.999856419026166
sub-304598813829,25.0,30.58966233935804,19.626171112060547,25.107916725709295,25.62742966053701,5.589662339358039,-5.373828887939453,0.10791672570929478,0.6274296605370111
sub-304646821863,19.0,16.57528495224813,19.64310646057129,18.109195706409707,17.9638247728016,-2.424715047751871,0.6431064605712891,-0.8908042935902927,-1.0361752271983988
sub-305035849276,25.0,15.722917412536706,18.958662033081055,17.34078972280888,17.187461631480954,-9.277082587463294,-6.041337966918945,-7.6592102771911215,-7.812538368519046
sub-305193425414,8.583333332999999,14.456900751518084,11.10427188873291,12.780586320125497,12.939453055527899,5.8735674185180855,2.5209385557329114,4.197252987125498,4.3561197225279
sub-305446044226,26.92950034223135,36.66793673512278,26.07321548461914,31.37057610987096,31.872614613520813,9.73843639289143,-0.8562848576122093,4.44107576763961,4.943114271289463
sub-305664557456,25.0,37.35793854527607,21.189939498901367,29.27393902208872,30.040071311587923,12.35793854527607,-3.810060501098633,4.273939022088719,5.040071311587923
sub-305971565873,19.0,13.911845935643427,21.143321990966797,17.527583963305112,17.184915257620975,-5.088154064356573,2.143321990966797,-1.472416036694888,-1.8150847423790246
sub-306129715275,12.0,15.01552490159562,15.332941055297852,15.174232978446735,15.159191985194424,3.0155249015956187,3.3329410552978516,3.174232978446735,3.1591919851944237
sub-306285398472,13.0,23.893398221172877,26.580018997192383,25.236708609182628,25.10940114706291,10.893398221172877,13.580018997192385,12.236708609182628,12.109401147062911
sub-306640245722,33.0,39.15632802679772,26.234607696533203,32.69546786166546,33.30777289412486,6.156328026797723,-6.765392303466797,-0.30453213833453674,0.3077728941248594
sub-306848656753,8.39,14.442707430660509,15.260953903198242,14.851830666929375,14.813057467995984,6.052707430660508,6.870953903198242,6.461830666929375,6.423057467995983
sub-307350205323,32.936344969199176,48.07847474327515,41.718780517578125,44.89862763042664,45.19998632569083,15.142129774075975,8.782435548378949,11.962282661227462,12.263641356491654
sub-307727489701,23.0,30.299137990089186,26.188127517700195,28.24363275389469,28.438435948546832,7.299137990089186,3.1881275177001953,5.2436327538946905,5.438435948546832
sub-308203540046,23.0,39.74929485075822,37.28922653198242,38.51926069137032,38.635832801993416,16.74929485075822,14.289226531982422,15.51926069137032,15.635832801993416
sub-308416050275,21.0,30.493117840093856,20.553789138793945,25.523453489443902,25.99443574471064,9.493117840093856,-0.4462108612060547,4.523453489443902,4.994435744710639
sub-309024406654,12.3477,14.799996398502536,19.553543090820312,17.176769744661424,16.951519508056332,2.4522963985025363,7.205843090820313,4.829069744661425,4.603819508056333
sub-309443085461,18.0,18.662997389820344,21.42747688293457,20.04523713637746,19.914240282823826,0.6629973898203438,3.4274768829345703,2.045237136377459,1.914240282823826
sub-309746819287,30.417522245037645,47.289421103903095,29.487577438354492,38.388499271128794,39.23205246566289,16.87189885886545,-0.929944806683153,7.970977026091148,8.814530220625244
sub-309832555943,44.093086926762496,46.41323869939801,65.8962631225586,56.1547509109783,55.231533754367206,2.320151772635512,21.803176195796095,12.061663984215805,11.13844682760471
sub-309845444862,57.5,48.19478256200504,59.95415496826172,54.074468765133375,53.517242426930494,-9.305217437994962,2.4541549682617188,-3.425531234866625,-3.982757573069506
sub-310729634371,14.0,12.708899363382066,13.160917282104492,12.93490832274328,12.91348912782793,-1.2911006366179336,-0.8390827178955078,-1.0650916772567207,-1.0865108721720702
sub-310730152538,28.933607118412045,39.47033458473378,21.589628219604492,30.529981402169135,31.377271562570968,10.536727466321732,-7.343978898807553,1.5963742837570898,2.443664444158923
sub-310760540924,21.0,21.792762125039147,22.92084693908691,22.35680453206303,22.30334941997051,0.7927621250391468,1.920846939086914,1.3568045320630304,1.303349419970509
sub-310792111263,31.2827,18.69736248216553,23.87457275390625,21.28596761803589,21.040641777322357,-12.585337517834468,-7.408127246093748,-9.996732381964108,-10.242058222677642
sub-310907729263,70.55989048596851,54.60300830185883,66.04517364501953,60.32409097343918,59.7818957205795,-15.956882184109674,-4.514716840948978,-10.235799512529326,-10.77799476538901
sub-310951661896,25.0,22.1734359274208,18.20375061035156,20.18859326888618,20.37669966917939,-2.826564072579199,-6.7962493896484375,-4.81140673111382,-4.623300330820609
sub-311225423865,6.0,13.052081457659718,15.890783309936523,14.47143238379812,14.336918450252455,7.0520814576597175,9.890783309936523,8.47143238379812,8.336918450252455
sub-312033062176,19.0,28.62285171839327,23.906723022460938,26.264787370427104,26.488264528300743,9.622851718393273,4.9067230224609375,7.264787370427104,7.488264528300743
sub-312401593415,40.81314168377824,43.30690699397652,44.59870147705078,43.95280423551365,43.89159162274436,2.4937653101982775,3.78555979327254,3.1396625517354124,3.0784499389661164
sub-312461126831,19.0,9.748588620952098,20.26845932006836,15.008523970510229,14.510032314193815,-9.251411379047902,1.2684593200683594,-3.991476029489771,-4.489967685806185
sub-312712182553,10.72,7.576807555978029,8.798657417297363,8.187732486637696,8.129834250189768,-3.143192444021972,-1.9213425827026376,-2.5322675133623047,-2.5901657498102324
sub-313276563858,25.0,33.57073501707428,31.28449821472168,32.427616615897975,32.53595159480908,8.570735017074277,6.28449821472168,7.427616615897975,7.535951594809077
sub-313720413578,27.4114,31.011369401385423,27.47995948791504,29.24566444465023,29.413002849013502,3.5999694013854224,0.0685594879150386,1.8342644446502305,2.0016028490135014
sub-313783979215,23.0,19.716253774267543,19.01530647277832,19.36578012352293,19.398995016681194,-3.2837462257324574,-3.98469352722168,-3.6342198764770686,-3.6010049833188056
sub-314160125753,27.0,18.81846515918768,31.287548065185547,25.053006612186614,24.46215013035935,-8.181534840812322,4.287548065185547,-1.9469933878133858,-2.537849869640649
sub-314392017666,21.0,16.47195994886741,18.18968391418457,17.33082193152599,17.24942634320975,-4.528040051132589,-2.8103160858154297,-3.669178068474011,-3.7505736567902517
sub-314576902106,23.0,21.83923253372485,29.28435707092285,25.561794802323853,25.20900220931778,-1.16076746627515,6.284357070922852,2.5617948023238526,2.209002209317781
sub-314632035565,23.0,15.898500913471691,20.60361671447754,18.251058813974616,18.028103510065705,-7.101499086528307,-2.396383285522461,-4.748941186025384,-4.971896489934295
sub-314809725029,14.0,24.350005517511253,21.88417053222656,23.117088024868906,23.233933393141427,10.350005517511253,7.884170532226563,9.117088024868906,9.233933393141427
sub-315096818503,7.0,28.47198641870831,52.14491271972656,40.30844956921744,39.18669089183727,21.47198641870831,45.14491271972656,33.30844956921744,32.18669089183727
sub-315163558934,19.0,31.2289838383797,26.237775802612305,28.733379820496005,28.969891811178407,12.2289838383797,7.237775802612305,9.733379820496005,9.969891811178407
sub-315326586497,66.37371663244353,43.80835872648372,25.15816116333008,34.4832599449069,35.36701300041411,-22.565357905959814,-41.215555469113454,-31.890456687536634,-31.00670363202942
sub-315766466513,19.0,22.168683343343297,24.471824645996097,23.3202539946697,23.211117983826277,3.1686833433432966,5.471824645996094,4.320253994669699,4.211117983826277
sub-316019186858,23.0,24.500372301298174,23.626001358032227,24.0631868296652,24.10461952710132,1.5003723012981744,0.6260013580322266,1.0631868296651987,1.1046195271013204
sub-316838712821,69.28952772073922,43.3939008577692,55.16944885253906,49.28167485515413,48.72368202502939,-25.89562686297002,-14.120078868200151,-20.007852865585086,-20.565845695709825
sub-317505052751,21.0,24.64257794846697,23.052215576171875,23.84739676231942,23.922757229741826,3.642577948466968,2.052215576171875,2.84739676231942,2.9227572297418263
sub-317592679020,22.5,21.634227853026953,29.408601760864254,25.521414806945604,25.153020495172697,-0.8657721469730468,6.908601760864258,3.0214148069456037,2.6530204951726972
sub-318449589396,25.927446954141,39.41733037996494,31.869245529174805,35.64328795456987,36.00095939625435,13.489883425823937,5.941798575033804,9.71584100042887,10.073512442113351
sub-318523911068,19.0,14.166725121816569,22.129762649536133,18.14824388567635,17.77090961227733,-4.833274878183431,3.129762649536133,-0.8517561143236492,-1.229090387722671
sub-318586218751,8.912328767,7.188736692973272,11.827775955200195,9.508256324086734,9.288432104599071,-1.723592074026728,2.9154471882001953,0.5959275570867337,0.376103337599071
sub-318712015856,62.68035592060232,49.61168760725677,42.93569564819336,46.273691627725064,46.59003831908774,-13.068668313345547,-19.744660272408957,-16.406664292877252,-16.090317601514577
sub-318994317964,16.0,23.076917688702736,18.279024124145508,20.67797090642412,20.90532255153768,7.076917688702736,2.279024124145508,4.677970906424122,4.9053225515376795
sub-319179226836,21.0,16.59848227762147,23.12726593017578,19.862874103898626,19.553502984254855,-4.401517722378529,2.1272659301757812,-1.1371258961013737,-1.4464970157451447
sub-319525352770,61.58795345653662,58.204178287153205,45.17510986328125,51.68964407521723,52.30703587447398,-3.383775169383412,-16.412843593255367,-9.898309381319386,-9.280917582062635
sub-319716522814,19.0,18.730990285220457,22.818124771118164,20.77455752816931,20.58088571434804,-0.2690097147795427,3.818124771118164,1.7745575281693107,1.5808857143480388
sub-319982702208,9.7201,29.84650387461892,31.0609073638916,30.45370561925526,30.396160234514475,20.126403874618923,21.3408073638916,20.733605619255258,20.676060234514473
sub-320209332584,20.8,18.48099984795462,19.925565719604492,19.203282783779557,19.134830988637493,-2.31900015204538,-0.8744342803955085,-1.5967172162204442,-1.665169011362508
sub-320367804429,10.63013699,26.496696899328764,24.952367782592773,25.72453234096077,25.797711489385478,15.866559909328764,14.322230792592771,15.09439535096077,15.167574499385477
sub-320423880026,25.0,17.483867157384257,22.09592056274414,19.789893860064197,19.57134838485691,-7.516132842615743,-2.9040794372558594,-5.210106139935803,-5.428651615143089
sub-320966169093,21.0,24.869407987871988,16.936580657958984,20.902994322915486,21.27889706431445,3.869407987871987,-4.063419342041016,-0.09700567708451402,0.2788970643144495
sub-321009379265,22.5,35.41804962066391,21.44103622436523,28.42954292251457,29.091853777615,12.918049620663908,-1.0589637756347656,5.929542922514571,6.591853777615
sub-322828430074,24.0,31.767241463714907,20.265439987182617,26.016340725448764,26.561361879476898,7.767241463714907,-3.734560012817383,2.0163407254487637,2.561361879476898
sub-322877038510,37.21013004791239,44.17580950650037,38.178749084472656,41.177279295486514,41.461454326559604,6.965679458587971,0.9686190365602628,3.9671492475741204,4.2513242786472105
sub-322973581068,11.67,17.158442141155785,14.299456596374512,15.728949368765148,15.86442445970162,5.488442141155785,2.629456596374512,4.058949368765148,4.1944244597016205
sub-323003434264,23.0,23.15155887975544,28.173240661621097,25.662399770688268,25.42444375958003,0.1515588797554414,5.173240661621094,2.6623997706882676,2.4244437595800292
sub-323188212103,18.7379,20.51739747839956,19.673492431640625,20.095444955020092,20.135434003988912,1.7794974783995592,0.9355924316406252,1.3575449550200922,1.3975340039889126
sub-323546159905,19.0,14.09364379643842,19.48534393310547,16.789493864771945,16.53400426719406,-4.906356203561579,0.4853439331054687,-2.210506135228055,-2.46599573280594
sub-323928652465,19.0,17.32415491942514,27.893896102905273,22.609025511165207,22.10817070599812,-1.6758450805748597,8.893896102905273,3.609025511165207,3.10817070599812
sub-324113689628,21.0,18.688865274743037,21.268274307250977,19.978569790997007,19.85634263462707,-2.311134725256963,0.2682743072509765,-1.0214302090029932,-1.1436573653729312
sub-324287385116,60.86789869952089,51.14574861208192,50.01344680786133,50.57959770997162,50.6332526471833,-9.722150087438976,-10.854451891659563,-10.28830098954927,-10.234646052337595
sub-324608238151,8.7,11.43030013309636,13.678773880004885,12.554537006550621,12.4479914572432,2.7303001330963603,4.9787738800048835,3.854537006550622,3.7479914572432005
sub-324666272814,23.0,29.9831266607615,28.785551071166992,29.384338865964246,29.44108684854841,6.983126660761499,5.785551071166992,6.384338865964246,6.441086848548409
sub-324821590774,9.0,4.611606575291248,16.439685821533203,10.525646198412225,9.965164137069374,-4.388393424708752,7.439685821533203,1.5256461984122254,0.9651641370693742
sub-325005086709,19.0,28.46945093021894,26.97125244140625,27.720351685812595,27.79134490117994,9.46945093021894,7.97125244140625,8.720351685812595,8.79134490117994
sub-325116559617,21.0,32.32688272250221,28.655244827270508,30.49106377488636,30.6650469832486,11.326882722502212,7.655244827270508,9.49106377488636,9.665046983248601
sub-325497793662,19.0,19.702258515974886,17.989471435546875,18.845864975760882,18.9270266262279,0.7022585159748864,-1.010528564453125,-0.1541350242391175,-0.07297337377210056
sub-326017893990,72.14510609171799,53.3955658569364,52.9941291809082,53.1948475189223,53.213869885191144,-18.74954023478159,-19.15097691080979,-18.95025857279569,-18.931236206526847
sub-326198300394,22.5,15.969434209245616,22.00240135192871,18.985917780587165,18.700041283672498,-6.530565790754384,-0.497598648071289,-3.5140822194128347,-3.7999587163275024
sub-326361078662,56.2,43.303377245548425,57.66397857666016,50.483677911104294,49.803190465203755,-12.896622754451576,1.4639785766601534,-5.7163220888957085,-6.3968095347962475
sub-326546999502,7.7502,9.08878566686654,11.877914428710938,10.48335004778874,10.351185170867927,1.338585666866538,4.127714428710937,2.7331500477887394,2.6009851708679266
sub-326649012046,19.0,18.53540962377184,19.884614944458008,19.210012284114924,19.146079217420837,-0.4645903762281591,0.8846149444580078,0.21001228411492434,0.14607921742083718
sub-326678679771,28.996577686516083,41.73895690511449,36.74333953857422,39.241148221844355,39.47786915184389,12.742379218598408,7.746761852058135,10.244570535328272,10.481291465327807
sub-326733202937,19.0,24.107056950404715,29.24705696105957,26.67705695573214,26.433494350063143,5.107056950404715,10.24705696105957,7.677056955732141,7.4334943500631425
sub-327435196846,13.0,12.416867283498544,25.821208953857425,19.119038118677985,18.483863726121083,-0.5831327165014564,12.821208953857422,6.1190381186779845,5.483863726121083
sub-327818254945,74.6365503080082,50.27973723536214,65.27411651611328,57.776926875737715,57.066407404835275,-24.356813072646055,-9.362433791894915,-16.85962343227048,-17.570142903172922
sub-328411797408,21.0,23.909962851859756,23.857397079467773,23.883679965663767,23.886170832680545,2.909962851859756,2.8573970794677734,2.8836799656637666,2.886170832680545
sub-328703488095,27.0,27.309311478497005,19.62120056152344,23.465256020010223,23.829562697778456,0.3093114784970048,-7.378799438476563,-3.534743979989777,-3.1704373022215435
sub-329074353178,19.0,25.724449814164004,23.27367401123047,24.499061912697236,24.615193690758648,6.724449814164004,4.273674011230469,5.499061912697236,5.615193690758648
sub-329113742821,21.0,30.936613231443268,19.59417724609375,25.26539523876851,25.80286474411849,9.936613231443268,-1.40582275390625,4.265395238768509,4.802864744118491
sub-329178400817,25.0,26.19775559198814,24.243118286132812,25.220436939060477,25.313058836796877,1.197755591988141,-0.7568817138671875,0.2204369390604768,0.31305883679687696
sub-329448724359,18.0,14.84103977856186,20.31071662902832,17.575878203795092,17.31669362342438,-3.1589602214381394,2.3107166290283203,-0.42412179620490775,-0.6833063765756187
sub-329453058291,21.0,25.623476887684227,24.94087028503418,25.282173586359203,25.314519392282097,4.623476887684227,3.94087028503418,4.282173586359203,4.314519392282097
sub-329510193737,16.66,19.239078195091544,16.606992721557617,17.92303545832458,18.047758725824295,2.579078195091544,-0.0530072784423829,1.2630354583245804,1.3877587258242947
sub-329524874913,23.0,33.66773309153042,25.194793701171875,29.43126339635115,29.83275973707359,10.667733091530422,2.194793701171875,6.431263396351149,6.832759737073591
sub-329566651189,19.0,22.005824332434113,20.796937942504883,21.4013811374695,21.4586650904809,3.0058243324341127,1.7969379425048828,2.4013811374694995,2.458665090480899
sub-329567117750,11.0,8.89807848472314,11.857603073120115,10.377840778921627,10.237601572929952,-2.10192151527686,0.8576030731201172,-0.6221592210783733,-0.7623984270700479
sub-329979629812,19.0,9.377553151789137,15.958965301513672,12.668259226651404,12.356394267732018,-9.622446848210863,-3.041034698486328,-6.331740773348596,-6.643605732267982
sub-330153651241,19.0,15.747945336158336,15.273889541625977,15.510917438892157,15.533380914438741,-3.2520546638416654,-3.726110458374023,-3.4890825611078427,-3.466619085561259
sub-330412849241,19.0,18.465602774720864,20.502395629882812,19.48399920230184,19.387484304639795,-0.534397225279136,1.5023956298828125,0.48399920230183824,0.3874843046397949
sub-330605044269,21.0,25.080522183768725,35.7055549621582,30.393038572963462,29.889563735714702,4.080522183768725,14.705554962158203,9.393038572963462,8.889563735714702
sub-331339723620,19.0,24.667446412443212,20.51687812805176,22.592162270247485,22.788839940336576,5.667446412443212,1.5168781280517578,3.592162270247485,3.788839940336576
sub-331344566757,73.0,49.62535237950444,42.297508239746094,45.96143030962527,46.308665486457194,-23.37464762049556,-30.702491760253903,-27.03856969037473,-26.691334513542806
sub-331566282606,24.62149212867899,28.656026190054757,21.992334365844727,25.324180277949743,25.63994411855585,4.034534061375766,-2.6291577628342644,0.7026881492707524,1.0184519898768585
sub-331581518043,63.83572895277207,52.804764756129735,63.54893493652344,58.17684984632659,57.66772959740377,-11.030964196642335,-0.2867940162486349,-5.658879106445482,-6.167999355368302
sub-331640023396,18.0,11.167797673505111,16.487159729003906,13.82747870125451,13.57541689579762,-6.832202326494887,-1.5128402709960938,-4.17252129874549,-4.42458310420238
sub-333365007279,19.0,5.234191268108326,13.762824058532717,9.49850766332052,9.094372250689425,-13.765808731891674,-5.237175941467285,-9.50149233667948,-9.905627749310575
sub-333565589079,7.0,16.279114358550927,15.071496963500977,15.675305661025952,15.732529481800245,9.279114358550927,8.071496963500977,8.675305661025952,8.732529481800245
sub-333583533583,24.0,29.370446790320297,25.914880752563477,27.64266377144189,27.806408259082485,5.370446790320294,1.9148807525634768,3.642663771441889,3.8064082590824846
sub-333684578808,11.66027397,15.63316299292646,15.915855407714844,15.77450920032065,15.761113616467345,3.972889022926461,4.255581437714843,4.11423523032065,4.100839646467344
sub-333770090916,55.63586584531143,51.79587394187591,30.145708084106445,40.97079101299118,41.99669972866305,-3.839991903435518,-25.490157761204983,-14.66507483232025,-13.639166116648376
sub-334015511861,8.0,15.31532033643666,26.46665954589844,20.89098994116755,20.36257569429494,7.31532033643666,18.46665954589844,12.89098994116755,12.36257569429494
sub-334231800739,21.0,28.1587585819302,20.329864501953125,24.244311541941663,24.61528933137223,7.158758581930201,-0.670135498046875,3.244311541941663,3.6152893313722316
sub-334236675736,26.0,24.78814052564902,24.090625762939453,24.439383144294236,24.472435384128083,-1.2118594743509803,-1.9093742370605469,-1.5606168557057636,-1.527564615871917
sub-334239670511,19.0,16.896405562615517,19.919330596923828,18.40786807976967,18.264624597946337,-2.1035944373844835,0.919330596923828,-0.5921319202303295,-0.7353754020536627
sub-334327381873,63.663244353182755,50.41728098907911,68.66130065917969,59.539290824129395,58.674784800877454,-13.245963364103645,4.998056305996933,-4.1239535290533595,-4.988459552305301
sub-334710741179,9.021917808,11.455038434598553,13.743863105773926,12.59945077018624,12.490993163245506,2.433120626598553,4.721945297773926,3.5775329621862397,3.469075355245506
sub-334925895861,33.0,37.00362950648137,34.46670150756836,35.73516550702486,35.855379668995496,4.003629506481367,1.4667015075683594,2.7351655070248597,2.8553796689954964
sub-334998047154,19.0,37.51448081807515,55.50543594360352,46.509958380839336,45.65744400345328,18.51448081807515,36.50543594360352,27.509958380839336,26.65744400345328
sub-335118521931,21.0,23.50217168711797,21.835712432861328,22.668942059989647,22.747908433018168,2.5021716871179684,0.8357124328613281,1.6689420599896465,1.7479084330181678
sub-336517455359,23.0,32.44089564793909,19.104276657104492,25.77258615252179,26.404551457091607,9.440895647939088,-3.895723342895508,2.7725861525217894,3.404551457091607
sub-336832105241,32.5,38.24021651364899,22.99897003173828,30.619593272693635,31.341810723877007,5.740216513648988,-9.50102996826172,-1.8804067273063652,-1.158189276122993
sub-337161398064,23.0,23.07775078752594,22.9896240234375,23.03368740548172,23.037863355724145,0.0777507875259395,-0.0103759765625,0.033687405481721555,0.03786335572414501
sub-337609361472,21.0,22.274949822870983,26.22017478942871,24.247562306149845,24.060614977197844,1.2749498228709832,5.220174789428711,3.2475623061498453,3.0606149771978437
sub-337864103314,23.0,28.72487448806809,30.164684295654297,29.444779391861193,29.37655296624319,5.724874488068089,7.164684295654297,6.444779391861193,6.376552966243189
sub-338078821659,14.0,8.910319588277936,12.880690574645996,10.895505081461966,10.707366190234765,-5.089680411722064,-1.119309425354004,-3.104494918538034,-3.292633809765235
sub-338866539867,27.5,21.408634420611072,20.05811882019043,20.73337662040075,20.79737177564457,-6.091365579388928,-7.44188117980957,-6.766623379599249,-6.702628224355429
sub-338890021385,25.0,25.586272180208297,22.394426345825195,23.990349263016746,24.141597178718023,0.5862721802082973,-2.6055736541748047,-1.0096507369832537,-0.8584028212819774
sub-339410322806,23.0,12.438622963876227,17.642114639282227,15.040368801579227,14.793797597608087,-10.561377036123773,-5.357885360717773,-7.959631198420773,-8.206202402391913
sub-339463534591,19.0,2.2456677704754036,14.032700538635254,8.139184154555329,7.580647110164712,-16.754332229524596,-4.967299461364746,-10.860815845444671,-11.419352889835288
sub-339606210085,21.0,34.46776712857893,22.718196868896484,28.592981998737706,29.149743855159308,13.467767128578927,1.7181968688964844,7.592981998737706,8.149743855159308
sub-340211623411,22.0,21.962977764247064,29.90147399902344,25.932225881635254,25.556054515092914,-0.0370222357529357,7.901473999023437,3.9322258816352544,3.5560545150929137
sub-340425446065,53.32785763175906,51.054342678873184,19.80773544311523,35.43103906099421,36.911682068947705,-2.2735149528858756,-33.520122188643825,-17.89681857076485,-16.416175562811354
sub-340884207361,42.151950718685825,45.64045575134536,26.281490325927734,35.960973038636546,36.87831157021178,3.488505032659532,-15.87046039275809,-6.190977680049279,-5.273639148474047
sub-341026253050,69.54688569472964,58.87028834987742,69.80577850341797,64.3380334266477,63.8198473428845,-10.67659734485222,0.25889280868833,-5.208852268081941,-5.727038351845138
sub-341129349615,8.898630137,5.705618436517611,14.486787796020508,10.09620311626906,9.680101076271432,-3.193011700482389,5.588157659020508,1.1975729792690597,0.7814709392714327
sub-341274549863,21.0,15.284643863391526,19.133390426635746,17.209017145013636,17.02664151474901,-5.715356136608474,-1.8666095733642576,-3.790982854986364,-3.9733584852509907
sub-341486332051,9.0,18.50732639218072,18.022029876708984,18.26467813444485,18.28767425965601,9.50732639218072,9.022029876708984,9.26467813444485,9.287674259656011
sub-341598013517,54.74332648870637,48.36636938768004,55.31982421875,51.84309680321502,51.513602333653466,-6.376957101026335,0.5764977300436271,-2.900229685491354,-3.2297241550529066
sub-341853067493,9.9,19.13065440824997,13.347609519958496,16.23913196410423,16.513165714838333,9.23065440824997,3.4476095199584957,6.339131964104231,6.613165714838333
sub-342263404069,25.0,48.529091302608606,36.74660873413086,42.63785001836973,43.1961714482684,23.52909130260861,11.74660873413086,17.637850018369733,18.1961714482684
sub-342594433655,28.0,20.54049375562657,27.159698486328125,23.850096120977348,23.53644033336562,-7.459506244373429,-0.840301513671875,-4.149903879022652,-4.4635596666343815
sub-342678331032,10.0,4.786357664626266,16.40949821472168,10.597927939673973,10.047157046177889,-5.213642335373734,6.40949821472168,0.5979279396739727,0.04715704617788852
sub-343000404329,27.5,35.5795278037662,34.3427734375,34.9611506206331,35.01975511779183,8.079527803766197,6.8427734375,7.461150620633099,7.519755117791831
sub-343048366064,19.0,13.080178477548529,19.799205780029297,16.439692128788913,16.12130617665642,-5.919821522451471,0.7992057800292969,-2.560307871211087,-2.8786938233435784
sub-343316485262,11.323,22.73834069178509,22.615476608276367,22.67690865003073,22.68273065319425,11.41534069178509,11.292476608276369,11.353908650030728,11.359730653194248
sub-343373917254,28.0,40.303022799134055,27.090272903442383,33.69664785128822,34.32274352949376,12.303022799134055,-0.9097270965576172,5.696647851288219,6.3227435294937635
sub-343433330208,23.0,24.236784986825807,20.74394798278809,22.490366484806948,22.65587708405151,1.236784986825807,-2.256052017211914,-0.5096335151930518,-0.3441229159484891
sub-343769189656,21.0,17.940317225431652,20.130401611328125,19.03535941837989,18.931580691033936,-3.0596827745683477,-0.869598388671875,-1.9646405816201096,-2.068419308966064
sub-343940609775,22.0,28.176805224250813,19.947179794311523,24.06199250928117,24.451959242596505,6.176805224250813,-2.052820205688477,2.0619925092811684,2.451959242596505
sub-344002344757,13.0,12.566632958781764,18.458642959594727,15.512637959188245,15.233440818049917,-0.4333670412182364,5.458642959594727,2.512637959188245,2.2334408180499175
sub-344117507142,43.82477754962355,37.76700898674178,27.49835777282715,32.63268337978447,33.119270819703274,-6.057768562881769,-16.3264197767964,-11.19209416983908,-10.705506729920273
sub-344931898645,9.0,5.567733909781008,14.624185562133787,10.095959735957397,9.666813246076101,-3.4322660902189916,5.624185562133789,1.095959735957397,0.6668132460761012
sub-345201265289,32.5,27.67142103386923,22.385608673095703,25.028514853482466,25.278986882470534,-4.82857896613077,-10.114391326904297,-7.471485146517534,-7.221013117529466
sub-345317688447,27.0,33.514921011206894,28.195924758911133,30.855422885059014,31.10746735666744,6.514921011206894,1.1959247589111328,3.8554228850590135,4.1074673566674385
sub-345321776588,23.0,19.672154327513233,21.78804397583008,20.73009915167166,20.629836195449123,-3.3278456724867667,-1.211956024169922,-2.2699008483283407,-2.3701638045508773
sub-345577831841,23.0,23.744094871071184,22.405128479003903,23.074611675037545,23.138059562718304,0.7440948710711837,-0.5948715209960938,0.07461167503754496,0.1380595627183041
sub-345708177080,33.59342915811088,38.932260030262576,27.95057678222656,33.441418406244566,33.961793383088676,5.338830872151696,-5.642852375884317,-0.15201075186631385,0.3683642249777961
sub-345814656280,81.94113620807666,56.90395726484559,60.31756591796875,58.61076159140717,58.44900528468237,-25.03717894323107,-21.623570290107907,-23.330374616669488,-23.492130923394285
sub-345990586356,21.0,26.33718902382544,21.955108642578125,24.146148833201785,24.353796870885663,5.337189023825442,0.955108642578125,3.146148833201785,3.353796870885663
sub-346184404122,22.5,36.629438601942795,25.01315689086914,30.821297746405968,31.371743628870817,14.129438601942796,2.5131568908691406,8.321297746405968,8.871743628870817
sub-346320393320,27.5,27.21350549757161,26.811485290527344,27.012495394049477,27.031545411356152,-0.2864945024283898,-0.6885147094726562,-0.48750460595052303,-0.4684545886438478
sub-346545954848,11.15890411,19.798559672983263,18.546123504638672,19.172341588810966,19.2316891794654,8.639655562983263,7.387219394638672,8.013437478810966,8.072785069465398
sub-346578532827,26.0,34.14639394854936,22.50895118713379,28.327672567841574,28.8791211819308,8.14639394854936,-3.491048812866211,2.3276725678415744,2.879121181930799
sub-347308296503,22.0,29.448022938802808,27.43706321716309,28.442543077982947,28.53783385399125,7.448022938802808,5.437063217163086,6.442543077982947,6.537833853991248
sub-347451361275,30.0,3.6088875725993503,22.558935165405273,13.083911369002312,12.185949703693417,-26.39111242740065,-7.441064834594727,-16.916088630997688,-17.814050296306583
sub-347536493520,21.0,37.747061388553504,43.783935546875,40.76549846771425,40.47943683404719,16.747061388553504,22.783935546875,19.765498467714252,19.479436834047192
sub-347793800576,22.0,16.996496420993292,22.573415756225582,19.784956088609437,19.520689745792456,-5.003503579006708,0.5734157562255859,-2.2150439113905627,-2.479310254207544
sub-347809484806,22.5,40.90930161524625,31.018321990966797,35.96381180310652,36.432503002506266,18.40930161524625,8.518321990966797,13.463811803106523,13.932503002506266
sub-347834054808,27.0,24.94168711385937,21.731273651123047,23.33648038249121,23.488608138646462,-2.05831288614063,-5.268726348876953,-3.66351961750879,-3.5113918613535375
sub-348206206376,20.0,23.35456479320621,28.88429832458496,26.119431558895585,25.857401149408048,3.3545647932062117,8.884298324584961,6.1194315588955845,5.857401149408048
sub-348472885765,23.0,13.514731698652938,20.08565902709961,16.800195362876273,16.48882723477111,-9.485268301347062,-2.91434097290039,-6.1998046371237265,-6.511172765228888
sub-348573416015,42.5,43.04642035823589,48.150978088378906,45.5986992233074,45.356816075648986,0.546420358235892,5.650978088378906,3.098699223307399,2.856816075648986
sub-348791915798,21.0,21.470393698882543,22.135746002197266,21.803069850539906,21.77154165202876,0.4703936988825425,1.1357460021972656,0.8030698505399059,0.771541652028759
sub-349042220249,11.0,18.49961813152073,14.518553733825684,16.50908593267321,16.69773153890447,7.49961813152073,3.5185537338256836,5.509085932673209,5.6977315389044705
sub-349083925568,19.0,16.07456652221058,24.16465950012207,20.119613011166326,19.736258123672158,-2.925433477789418,5.16465950012207,1.1196130111663258,0.7362581236721581
sub-349091379990,11.95068493,17.52565113782374,17.277585983276367,17.401618560550055,17.413373306715812,5.57496620782374,5.326901053276368,5.450933630550056,5.462688376715812
sub-349234485107,19.0,20.618520615008592,22.037439346313477,21.327979980661034,21.260743493751935,1.6185206150085918,3.037439346313477,2.327979980661034,2.260743493751935
sub-349851138030,33.0,35.281880178444894,21.23973274230957,28.260806460377232,28.926203738907134,2.2818801784448937,-11.76026725769043,-4.739193539622768,-4.073796261092866
sub-349981404460,19.0,18.80080532751616,19.744930267333984,19.27286779742507,19.228129756580238,-0.1991946724838413,0.7449302673339844,0.2728677974250715,0.2281297565802376
sub-350232178893,21.0,20.346682325988898,18.164710998535156,19.255696662262025,19.359090946485377,-0.6533176740111024,-2.835289001464844,-1.7443033377379749,-1.6409090535146227
sub-350614246455,21.0,15.820655387481429,16.094152450561523,15.957403919021477,15.944444063537329,-5.179344612518573,-4.905847549438477,-5.042596080978523,-5.055555936462671
sub-351385167537,27.83572895277207,27.39483935353522,21.804841995239254,24.599840674387238,24.86472672875437,-0.4408895992368471,-6.030886957532811,-3.235888278384831,-2.971002224017699
sub-351416711766,21.0,22.15098747305959,21.286291122436523,21.718639297748055,21.759613557637874,1.150987473059594,0.2862911224365234,0.7186392977480551,0.7596135576378735
sub-351431035741,19.0,29.678034485626096,22.73977279663086,26.20890364112848,26.537678172700858,10.678034485626096,3.7397727966308594,7.2089036411284795,7.537678172700858
sub-351489708854,19.0,24.086720888123526,24.394790649414062,24.240755768768793,24.226157661058245,5.086720888123526,5.3947906494140625,5.240755768768793,5.226157661058245
sub-351546374188,19.0,21.727246841857216,19.153093338012695,20.440170089934956,20.562148209290733,2.727246841857216,0.1530933380126953,1.4401700899349557,1.5621482092907328
sub-351603832845,63.24709103353867,45.98314273188339,48.332157135009766,47.15764993344658,47.04634019266963,-17.263948301655283,-14.914933898528908,-16.089441100092095,-16.20075084086904
sub-351668169349,19.0,25.48995007735142,22.118391036987305,23.804170557169364,23.963934312682145,6.48995007735142,3.1183910369873047,4.804170557169364,4.963934312682145
sub-351877235707,24.0,28.86902276721785,23.937164306640625,26.403093536929237,26.63679320520917,4.869022767217849,-0.062835693359375,2.403093536929237,2.6367932052091696
sub-351910982438,21.0,33.02472276765766,21.596012115478516,27.310367441568086,27.8519251341968,12.024722767657655,0.5960121154785156,6.310367441568086,6.851925134196801
sub-352012295215,21.0,23.554580951139393,33.7204704284668,28.637525689803095,28.15580768884817,2.5545809511393927,12.720470428466797,7.637525689803095,7.155807688848171
sub-352179726844,19.0,15.429983859408946,20.18460464477539,17.80729425209217,17.581993118813706,-3.570016140591054,1.1846046447753906,-1.19270574790783,-1.4180068811862938
sub-352464986144,20.0,17.95834711726466,18.83123207092285,18.394789594093755,18.353427311346373,-2.0416528827353417,-1.1687679290771484,-1.605210405906245,-1.6465726886536274
sub-352892368365,10.0,14.192375986638591,15.92452621459961,15.0584511006191,14.976371913448322,4.1923759866385915,5.924526214599609,5.0584511006191,4.976371913448322
sub-353103739610,34.1,34.409472262464384,31.351747512817383,32.88060988764089,33.02550237906088,0.3094722624643822,-2.7482524871826186,-1.2193901123591147,-1.0744976209391197
sub-353156518163,22.5,26.17440717699834,30.54706382751465,28.360735502256496,28.153534014846393,3.67440717699834,8.047063827514648,5.860735502256496,5.653534014846393
sub-353499953161,22.5,18.93477654078616,26.67591857910156,22.80534755994386,22.438527964263407,-3.56522345921384,4.1759185791015625,0.3053475599438613,-0.061472035736592545
sub-353593360279,41.62,36.88505101556604,42.93558883666992,39.91031992611798,39.623610829940546,-4.734948984433956,1.3155888366699244,-1.7096800738820193,-1.9963891700594516
sub-353927466643,21.0979,13.454479074968036,17.406522750854492,15.430500912911263,15.24323047450246,-7.643420925031965,-3.691377249145507,-5.667399087088736,-5.85466952549754
sub-354022763474,23.0,31.12137102120149,26.928131103515625,29.024751062358558,29.22345075855111,8.12137102120149,3.928131103515625,6.024751062358558,6.22345075855111
sub-354196077108,23.8466803559206,34.64404332208754,25.873703002929688,30.258873162508614,30.674462060623387,10.79736296616694,2.027022647009087,6.412192806588013,6.827781704702787
sub-354347287146,15.0,23.027484203566544,18.453203201293945,20.740343702430245,20.95709930508904,8.027484203566544,3.4532032012939453,5.740343702430245,5.9570993050890415
sub-354836536215,18.75,24.746942073085833,17.26999855041504,21.008470311750436,21.36277067031982,5.996942073085833,-1.480001449584961,2.258470311750436,2.6127706703198186
sub-354907815533,8.178082192,11.013633457333643,11.938051223754885,11.475842340544265,11.432038138316726,2.8355512653336437,3.759969031754883,3.297760148544265,3.253955946316726
sub-355310107861,21.0,18.090754925217883,21.174671173095703,19.63271304915679,19.48657945471301,-2.909245074782117,0.1746711730957031,-1.3672869508432086,-1.5134205452869907
sub-355720694224,72.13141683778234,53.61078406126646,49.233062744140625,51.42192340270354,51.629364882991794,-18.52063277651588,-22.89835409364171,-20.709493435078798,-20.502051954790545
sub-356042483824,19.0,28.239708772920572,21.373891830444336,24.806800301682454,25.132141986719304,9.239708772920572,2.373891830444336,5.806800301682454,6.132141986719304
sub-356952233015,19.0,20.9438003377738,20.265474319458008,20.604637328615905,20.636780295964464,1.9438003377738011,1.2654743194580078,1.6046373286159046,1.6367802959644635
sub-357131710050,20.0,25.704698493492184,24.718233108520508,25.211465801006348,25.258210174365864,5.7046984934921845,4.718233108520508,5.211465801006348,5.258210174365864
sub-357408449075,45.25667351129363,46.9367009462386,27.20455741882324,37.07062918253092,38.00565102747439,1.680027434944975,-18.052116092470385,-8.186044328762705,-7.251022483819234
sub-357813435697,8.0,2.140869457918811,10.787697792053224,6.464283624986018,6.054547431315077,-5.859130542081189,2.7876977920532227,-1.5357163750139824,-1.9454525686849227
sub-357880664413,21.0,34.74150890721118,21.715415954589844,28.22846243090051,28.845713235307187,13.741508907211175,0.7154159545898438,7.22846243090051,7.845713235307187
sub-358027372224,68.26830937713895,56.32565567532743,66.75906372070312,61.542359698015275,61.04796513687288,-11.942653701811516,-1.509245656435823,-6.725949679123673,-7.220344240266066
sub-358063655154,21.0,25.734828044621427,26.889652252197266,26.312240148409344,26.257517970879434,4.734828044621427,5.889652252197266,5.312240148409344,5.257517970879434
sub-358153816547,18.2,10.96309614009014,14.608569145202637,12.785832642646389,12.613089276463384,-7.236903859909859,-3.5914308547973626,-5.414167357353611,-5.586910723536615
sub-358180723346,23.0,17.673770067313953,19.68223571777344,18.678002892543695,18.58283029989612,-5.326229932686047,-3.3177642822265625,-4.321997107456305,-4.41716970010388
sub-359665775969,13.0,5.683953458964208,16.244041442871094,10.96399745091765,10.463600069570843,-7.316046541035792,3.2440414428710938,-2.0360025490823492,-2.536399930429157
sub-360345095022,23.0,30.558561602826764,22.22262382507324,26.39059271395,26.78559713450167,7.558561602826764,-0.7773761749267578,3.3905927139499994,3.7855971345016712
sub-360501602626,23.0,34.819818852206566,23.187480926513672,29.00364988936012,29.554856607128812,11.819818852206566,0.1874809265136718,6.003649889360119,6.554856607128812
sub-360897302316,21.0,29.756310266321847,21.084243774414062,25.420277020367955,25.83120914233789,8.756310266321847,0.0842437744140625,4.420277020367955,4.83120914233789
sub-361024685049,16.9,15.380054719912856,17.910263061523438,16.645158890718147,16.525263144552653,-1.5199452800871427,1.010263061523439,-0.2548411092818519,-0.37473685544734536
sub-361390550814,12.08,24.85979018073649,15.842226028442385,20.351008104589436,20.77831188224844,12.779790180736487,3.7622260284423823,8.271008104589436,8.698311882248438
sub-361496299961,13.5,13.766822361957091,12.85011386871338,13.308468115335236,13.351907008096035,0.2668223619570931,-0.6498861312866211,-0.191531884664764,-0.1480929919039653
sub-361497480263,25.0,25.606704016233287,20.18382453918457,22.89526427770893,23.152231330806394,0.6067040162332873,-4.81617546081543,-2.104735722291071,-1.8477686691936057
sub-361621631193,21.0,29.745880053018094,30.964191436767575,30.355035744892835,30.297305181755263,8.745880053018094,9.964191436767578,9.355035744892835,9.297305181755263
sub-361639893379,19.0,25.909128202106167,29.38141632080078,27.645272261453474,27.480735385953544,6.909128202106167,10.38141632080078,8.645272261453474,8.480735385953544
sub-361759510060,23.0,14.799696438961533,15.878549575805664,15.339123007383598,15.288000773803983,-8.200303561038467,-7.121450424194336,-7.6608769926164015,-7.711999226196017
sub-362543492336,25.0,30.487915544667864,30.074716567993164,30.281316056330514,30.300895787694333,5.487915544667864,5.074716567993164,5.281316056330514,5.3008957876943334
sub-363363913061,26.0,37.834421648021554,30.172466278076172,34.003443963048866,34.366511241366965,11.834421648021554,4.172466278076172,8.003443963048866,8.366511241366965
sub-363459366347,33.0,40.32984530781412,26.640859603881836,33.48535245584797,34.134014911121135,7.329845307814118,-6.359140396118164,0.4853524558479734,1.1340149111211346
sub-363511136031,41.20191649555099,29.01107017492647,45.461952209472656,37.236511192199565,36.45697428838992,-12.19084632062452,4.260035713921667,-3.9654053033514245,-4.744942207161067
sub-364387139516,20.0,23.624601813204897,20.783966064453125,22.20428393882901,22.338889511453193,3.624601813204894,0.783966064453125,2.204283938829011,2.3388895114531927
sub-365096018286,40.555783709787825,42.60785141413278,31.57036018371582,37.0891057989243,37.61212527724267,2.0520677043449567,-8.985423526072005,-3.466677910863524,-2.9436584325451562
sub-365377487798,23.03901437371664,31.92775110268171,23.65279197692871,27.79027153980521,28.18238644297543,8.888736728965071,0.6137776032120712,4.751257166088571,5.143372069258792
sub-365665621965,21.0,21.696700042560657,18.827411651611328,20.262055847085993,20.398019145814935,0.6967000425606571,-2.172588348388672,-0.7379441529140074,-0.6019808541850651
sub-365929187605,23.0,28.454092099931607,21.19307518005371,24.82358363999266,25.167652160838216,5.454092099931607,-1.806924819946289,1.823583639992659,2.167652160838216
sub-365948065175,8.0,-3.4042888853267996,9.963443756103516,3.279577435388358,2.64613778805682,-11.4042888853268,1.9634437561035156,-4.720422564611642,-5.35386221194318
sub-366125129833,19.0,27.352597277643675,21.603166580200195,24.477881928921935,24.750322846991946,8.352597277643675,2.6031665802001953,5.477881928921935,5.750322846991946
sub-366419892031,27.0,22.93809990043187,32.96379852294922,27.950949211690542,27.47587425544724,-4.061900099568131,5.963798522949219,0.950949211690542,0.47587425544724127
sub-366954527967,10.25,4.700707956678887,12.998071670532228,8.849389813605558,8.456213252877875,-5.549292043321113,2.7480716705322266,-1.4006101863944416,-1.793786747122125
sub-366954944274,23.0,20.71492231816336,21.694799423217773,21.204860870690567,21.158428687724083,-2.28507768183664,-1.3052005767822266,-1.7951391293094332,-1.8415713122759172
sub-367831112850,27.0,35.19827983730187,25.293031692504883,30.245655764903375,30.715023088433284,8.198279837301868,-1.7069683074951172,3.2456557649033755,3.715023088433284
sub-368153573682,75.97262149212868,47.82175028060309,47.33259963989258,47.57717496024783,47.600353715961674,-28.150871211525597,-28.640021852236103,-28.39544653188085,-28.372267776167007
sub-368447789543,53.53593429158111,44.167053593772025,42.58294296264648,43.37499827820925,43.450062502369775,-9.368880697809082,-10.952991328934624,-10.16093601337186,-10.085871789211332
sub-368864599927,46.89664613278576,42.02518289611979,33.73999786376953,37.88259037994466,38.27518984507033,-4.871463236665974,-13.15664826901623,-9.014055752841102,-8.621456287715432
sub-368981431172,21.0,23.96329192758577,22.08887481689453,23.02608337224015,23.11490397820205,2.9632919275857716,1.0888748168945312,2.0260833722401514,2.114903978202051
sub-369377780623,23.0,24.56122817620438,22.884624481201172,23.722926328702776,23.802373403368684,1.5612281762043807,-0.1153755187988281,0.7229263287027763,0.8023734033686836
sub-369521632168,72.5,35.499467336209634,26.6712646484375,31.085365992323567,31.50369674048516,-37.000532663790366,-45.8287353515625,-41.41463400767643,-40.99630325951484
sub-369829615819,68.12320328542093,61.09534105400688,40.73854064941406,50.91694085171047,51.88156251306231,-7.027862231414048,-27.384662636006865,-17.206262433710457,-16.241640772358615
sub-369885949666,31.0,28.31285475850735,24.806352615356445,26.559603686931897,26.72576181864384,-2.687145241492651,-6.193647384643555,-4.440396313068103,-4.274238181356161
sub-370345433121,14.0,5.437407347137203,14.316299438476562,9.876853392806883,9.456120690717846,-8.562592652862797,0.3162994384765625,-4.123146607193117,-4.543879309282154
sub-371096451080,21.0,18.51091604282336,18.772762298583984,18.641839170703673,18.62943139712283,-2.489083957176639,-2.2272377014160156,-2.3581608292963274,-2.370568602877171
sub-371655681187,21.0,17.82344622128119,15.212573051452637,16.518009636366912,16.64172774356468,-3.1765537787188087,-5.787426948547363,-4.481990363633088,-4.3582722564353205
sub-371832295715,23.0,35.312399998270806,27.982749938964844,31.647574968617825,31.99489572024931,12.312399998270806,4.982749938964844,8.647574968617825,8.99489572024931
sub-372353765912,21.0,27.39247443342925,18.683349609375,23.037912021402125,23.450600179154282,6.39247443342925,-2.316650390625,2.037912021402125,2.450600179154282
sub-372729344859,46.59000684462697,49.7206365314354,56.533302307128906,53.126969419282155,52.80414634059727,3.130629686808433,9.943295462501936,6.536962574655185,6.214139495970301
sub-372796067335,34.0,34.40256997660967,39.57242202758789,36.98749600209878,36.74251883598024,0.4025699766096693,5.572422027587891,2.98749600209878,2.742518835980242
sub-372903120618,12.0,25.619812849792652,22.828603744506836,24.224208297149744,24.35647175264414,13.619812849792652,10.828603744506836,12.224208297149744,12.35647175264414
sub-373122705602,22.0,29.15586769526318,22.497976303100582,25.82692199918188,26.142410982134184,7.155867695263179,0.4979763031005859,3.826921999181881,4.142410982134184
sub-373628596753,21.0,22.984702534539664,21.674074172973633,22.32938835375665,22.391493423434664,1.9847025345396645,0.6740741729736328,1.3293883537566487,1.3914934234346639
sub-373873295969,21.0,19.55588996154421,22.824094772338867,21.18999236694154,21.035126126099705,-1.44411003845579,1.8240947723388672,0.18999236694153865,0.03512612609970489
sub-373939546182,21.0,31.89346263586325,22.76312828063965,27.32829545825145,27.76094293326656,10.893462635863251,1.7631282806396484,6.32829545825145,6.760942933266559
sub-375011751246,21.0,16.321973602291084,20.4429874420166,18.38248052215384,18.187203310729544,-4.678026397708916,-0.5570125579833984,-2.617519477846159,-2.8127966892704563
sub-375087699975,70.50239561943873,49.402528859891625,49.70974349975586,49.55613617982374,49.5415785926584,-21.099866759547105,-20.79265211968287,-20.94625943961499,-20.960817026780333
sub-375721442544,25.21286789869952,46.305555705690026,40.18266296386719,43.24410933477861,43.53424702103129,21.092687806990504,14.969795065167666,18.031241436079085,18.32137912233177
sub-375744717263,19.0,18.796228329108747,23.294490814208984,21.045359571658864,20.832206161234154,-0.2037716708912533,4.294490814208984,2.0453595716588637,1.8322061612341543
sub-375839754407,9.0,15.40396919232954,18.774585723876953,17.089277458103247,16.929558364050152,6.403969192329541,9.774585723876951,8.089277458103247,7.929558364050152
sub-375914855182,29.0,26.4328099616,20.54899787902832,23.49090392031416,23.769712597187166,-2.5671900383999997,-8.45100212097168,-5.50909607968584,-5.230287402812834
sub-375939080828,27.0,28.022190921678472,25.18234634399414,26.602268632836306,26.73683671524914,1.0221909216784724,-1.8176536560058592,-0.3977313671636935,-0.2631632847508598
sub-375954438630,9.3,8.097499046983067,5.972386837005615,7.034942941994341,7.135642915949239,-1.2025009530169335,-3.3276131629943855,-2.2650570580056595,-2.1643570840507618
sub-376021642604,11.0,15.73637344060738,12.418194770812988,14.077284105710184,14.23451839388433,4.73637344060738,1.4181947708129885,3.0772841057101843,3.234518393884329
sub-376234889907,19.0,21.38365821489525,22.5181827545166,21.950920484705925,21.89716022157503,2.3836582148952488,3.5181827545166016,2.950920484705925,2.8971602215750316
sub-376614727318,11.02465753,22.680763349751334,22.20575714111328,22.443260245432306,22.465768757036397,11.656105819751335,11.18109961111328,11.418602715432305,11.441111227036396
sub-376647528418,12.0,9.56382411701587,16.2811222076416,12.922473162328735,12.604169150146495,-2.4361758829841307,4.281122207641602,0.9224731623287354,0.604169150146495
sub-376916029284,46.00684462696783,48.1511036414524,38.49568939208984,43.32339651677112,43.780925281073344,2.144259014484568,-7.511155234877989,-2.6834481101967143,-2.2259193458944893
sub-377530347743,25.0,16.92294983172955,18.253355026245117,17.588152428987335,17.525110219823894,-8.07705016827045,-6.746644973754883,-7.411847571012665,-7.474889780176106
sub-377767908219,55.08829568788501,47.03393621693405,36.88604736328125,41.95999179010765,42.440856818534016,-8.054359470950956,-18.20224832460376,-13.128303897777357,-12.647438869350992
sub-377800494410,19.0,20.53676475008436,20.074729919433594,20.305747334758976,20.327641188266732,1.5367647500843624,1.0747299194335938,1.3057473347589763,1.3276411882667318
sub-378122195243,17.5,19.406659528869213,14.717299461364746,17.06197949511698,17.28418820223642,1.9066595288692127,-2.782700538635254,-0.4380205048830206,-0.21581179776357828
sub-378259915805,21.0,23.31902489370985,21.443683624267575,22.381354258988715,22.470218656879204,2.3190248937098517,0.4436836242675781,1.381354258988715,1.4702186568792044
sub-378447768137,21.0,35.27225879732367,26.537954330444336,30.905106563884004,31.31898787716215,14.272258797323673,5.537954330444336,9.905106563884004,10.31898787716215
sub-378455376400,14.0,15.249084983339037,17.740638732910156,16.494861858124597,16.376797787667016,1.249084983339035,3.740638732910156,2.4948618581245974,2.376797787667016
sub-378603840552,20.0,24.03557086677811,19.453351974487305,21.744461420632707,21.961593165932037,4.035570866778109,-0.5466480255126953,1.7444614206327067,1.9615931659320367
sub-379219398221,21.0,19.486205080267055,20.72993850708008,20.108071793673567,20.049136588699973,-1.5137949197329448,-0.2700614929199219,-0.8919282063264333,-0.9508634113000269
sub-379233294160,56.438056125941145,49.810538959200514,49.68805313110352,49.74929604515202,49.755100124410184,-6.627517166740631,-6.7500029948376294,-6.688760080789123,-6.682956001530961
sub-379901232997,9.156164384,18.825772793648028,15.39666748046875,17.11122013705839,17.273710764190692,9.669608409648028,6.24050309646875,7.955055753058389,8.117546380190692
sub-380007171793,27.0,26.765794834953176,22.558622360229492,24.662208597591334,24.861568498042395,-0.2342051650468235,-4.441377639770508,-2.3377914024086657,-2.138431501957605
sub-380107200295,19.0,16.57955421598043,22.988849639892575,19.7842019279365,19.480492844139913,-2.42044578401957,3.988849639892578,0.7842019279365005,0.48049284413991344
sub-380291732370,19.0,24.99891241527602,23.22992515563965,24.114418785457836,24.19824352192849,5.9989124152760205,4.229925155639648,5.114418785457836,5.1982435219284895
sub-380421212894,19.0,14.38644191800405,22.9862060546875,18.686323986345776,18.27881796359723,-4.613558081995951,3.9862060546875,-0.3136760136542236,-0.7211820364027695
sub-380484222237,19.0,24.649603666491583,30.03413772583008,27.341870696160832,27.086720668322823,5.649603666491586,11.034137725830078,8.341870696160832,8.086720668322823
sub-380938374512,23.0,31.106547416950587,38.224422454833984,34.66548493589229,34.328199296308725,8.106547416950587,15.224422454833984,11.665484935892287,11.328199296308725
sub-380942221635,12.0,19.63915398430781,14.311038970947266,16.975096477627538,17.22757304830227,7.639153984307811,2.3110389709472656,4.975096477627538,5.227573048302268
sub-381299063045,21.0,19.240708641360047,34.231544494628906,26.736126567994475,26.025775004957566,-1.7592913586399526,13.231544494628906,5.736126567994475,5.025775004957566
sub-381318055265,22.0,37.13031999785214,24.6907901763916,30.91055508712187,31.50001117473502,15.13031999785214,2.6907901763916016,8.910555087121871,9.500011174735022
sub-382364549184,23.0,29.12364773047328,28.535118103027344,28.829382916750312,28.857270817387857,6.12364773047328,5.535118103027344,5.829382916750312,5.857270817387857
sub-382373781002,19.0,17.651851845656306,19.78657913208008,18.719215488868194,18.61805989758487,-1.3481481543436935,0.7865791320800781,-0.2807845111318059,-0.381940102415129
sub-382503391733,21.0,28.43465557641689,21.04216194152832,24.738408758972604,25.088707398733806,7.434655576416891,0.0421619415283203,3.7384087589726036,4.088707398733806
sub-382993467413,21.0,34.73388443834559,26.30262756347656,30.518256000911073,30.917777185590246,13.73388443834559,5.3026275634765625,9.518256000911073,9.917777185590246
sub-383134182753,24.0,32.004651401829946,30.54730224609375,31.275976823961848,31.34503436423516,8.004651401829946,6.54730224609375,7.275976823961848,7.345034364235161
sub-383278900382,21.0,26.30172325090226,25.762910842895508,26.032317046898882,26.057849061254696,5.30172325090226,4.762910842895508,5.032317046898882,5.0578490612546965
sub-383918872195,19.0,20.47159477323504,19.7036190032959,20.08760688826547,20.123997973718637,1.47159477323504,0.7036190032958984,1.0876068882654693,1.1239979737186374
sub-384366007647,25.0,22.88343379828633,28.6057071685791,25.744570483432717,25.473416434886076,-2.116566201713674,3.6057071685791016,0.7445704834327174,0.4734164348860759
sub-384430999120,19.0,22.868229491264977,19.27758026123047,21.072904876247723,21.243050378328988,3.8682294912649766,0.2775802612304687,2.0729048762477227,2.243050378328988
sub-385702896791,19.0,22.273824501590983,14.424702644348145,18.349263572969562,18.721199870207045,3.2738245015909833,-4.5752973556518555,-0.6507364270304379,-0.27880012979295543
sub-385965134643,48.0,46.287662896711595,31.067893981933594,38.677778439322594,39.3989781605053,-1.7123371032884052,-16.932106018066406,-9.322221560677406,-8.601021839494699
sub-386384203868,21.0,8.75234174712699,19.733314514160156,14.242828130643574,13.72248682045393,-12.24765825287301,-1.2666854858398438,-6.757171869356426,-7.2775131795460695
sub-386443623879,19.0,26.03247157354884,22.796728134155273,24.414599853852057,24.567927889210303,7.03247157354884,3.7967281341552734,5.4145998538520566,5.567927889210303
sub-386477621787,39.0,37.51746627469792,32.70690155029297,35.11218391249544,35.34013598965238,-1.4825337253020765,-6.293098449707031,-3.887816087504561,-3.6598640103476185
sub-386499017794,9.15,17.08712598119804,17.149612426757812,17.118369203977927,17.11540823871178,7.937125981198038,7.999612426757812,7.968369203977927,7.965408238711779
sub-387138524123,78.07255304585901,60.50831819836894,65.09634399414062,62.80233109625478,62.58492418664811,-17.56423484749007,-12.976209051718383,-15.270221949604228,-15.4876288592109
sub-387252211403,18.0,12.829174558693357,17.12237548828125,14.975775023487303,14.772338602688974,-5.1708254413066435,-0.87762451171875,-3.0242249765126967,-3.227661397311026
sub-387293597353,21.0,15.048415537827092,24.42916679382324,19.738791165825166,19.294277505454165,-5.951584462172907,3.429166793823242,-1.261208834174834,-1.7057224945458351
sub-387627806786,19.0,26.09405309090795,21.197490692138672,23.64577189152331,23.87779903047134,7.0940530909079484,2.197490692138672,4.64577189152331,4.877799030471341
sub-387928413810,19.0,11.549731066470525,18.862754821777344,15.206242944123934,14.859710041892502,-7.450268933529475,-0.1372451782226562,-3.793757055876066,-4.140289958107498
sub-387984296108,21.0,29.64993347616303,26.041927337646484,27.845930406904756,28.016898378606157,8.649933476163032,5.041927337646484,6.845930406904756,7.016898378606157
sub-388025307838,13.0,10.741872000935818,17.37353515625,14.057703578592909,13.743457439550268,-2.2581279990641825,4.37353515625,1.0577035785929088,0.7434574395502676
sub-388132398369,19.0,19.22441997945422,23.34892845153809,21.286674215496156,21.09123140839845,0.2244199794542183,4.348928451538086,2.2866742154961557,2.09123140839845
sub-388296216663,12.60547945,10.2513729200905,14.414544105529783,12.33295851281014,12.135683645170111,-2.354106529909501,1.8090646555297845,-0.27252093718986004,-0.46979580482988936
sub-388946336311,41.889117043121146,42.65505073939509,38.360687255859375,40.50786899762723,40.7113605068824,0.7659336962739403,-3.5284297872617714,-1.381248045493919,-1.1777565362387463
sub-389059678082,9.282191781,14.671795027195063,14.866987228393556,14.76939112779431,14.760141804636408,5.389603246195064,5.584795447393555,5.487199346794311,5.477950023636408
sub-389128831451,21.0,6.709173240534014,18.108476638793945,12.40882493966398,11.868660730960418,-14.290826759465986,-2.8915233612060547,-8.59117506033602,-9.131339269039582
sub-389237925618,29.2,28.86450920005462,34.105384826660156,31.484947013357388,31.23660434391047,-0.3354907999453793,4.905384826660157,2.284947013357389,2.036604343910472
sub-389561985623,19.0,20.873841511585,19.647703170776367,20.260772341180683,20.318873790320556,1.873841511584999,0.6477031707763672,1.260772341180683,1.3188737903205556
sub-389833780372,26.0,19.247657683766917,35.32780456542969,27.287731124598302,26.525761773252125,-6.752342316233083,9.327804565429688,1.2877311245983023,0.5257617732521247
sub-390641627114,24.0,17.924881990731215,18.56944274902344,18.24716236987733,18.21661939371464,-6.075118009268785,-5.4305572509765625,-5.75283763012267,-5.783380606285359
sub-390696380218,27.0,29.5420346036616,23.332927703857425,26.437481153759514,26.73170416003554,2.542034603661598,-3.667072296142578,-0.5625188462404864,-0.26829583996445905
sub-390946969743,10.10958904,9.823179050518132,17.308731079101562,13.565955064809847,13.21124678598236,-0.2864099894818679,7.199142039101563,3.4563660248098476,3.1016577459823598
sub-391000843234,28.0,24.481557406037936,20.701343536376953,22.591450471207445,22.770578630384904,-3.518442593962064,-7.298656463623047,-5.408549528792555,-5.229421369615096
sub-391658536077,15.0,10.110172583131297,14.456172943115234,12.283172763123265,12.0772344032552,-4.889827416868705,-0.5438270568847656,-2.7168272368767354,-2.9227655967447994
sub-391717879650,19.0,28.311151491049944,20.49883270263672,24.40499209684333,24.77518445413486,9.311151491049944,1.4988327026367188,5.40499209684333,5.775184454134859
sub-392003255317,22.5,36.70017278621193,24.958898544311523,30.829535665261727,31.38590440890055,14.20017278621193,2.458898544311523,8.329535665261727,8.88590440890055
sub-392945946755,48.101300479123886,48.648087317851875,24.33875846862793,36.4934228932399,37.64533796411696,0.5467868387279893,-23.762542010495956,-11.607877585883983,-10.455962515006924
sub-393287507182,27.0,27.808755363459035,24.4251766204834,26.116965991971217,26.277299309756636,0.808755363459035,-2.5748233795166016,-0.8830340080287833,-0.7227006902433644
sub-394058698992,19.0,31.32397047114637,23.077411651611328,27.200691061378848,27.5914601955666,12.323970471146373,4.077411651611328,8.200691061378848,8.5914601955666
sub-394973589257,25.0,27.873156757970957,26.711448669433594,27.292302713702277,27.347351088893788,2.873156757970957,1.7114486694335938,2.292302713702277,2.347351088893788
sub-395113287039,50.3956194387406,42.755805334141144,69.75109100341797,56.253448168779556,54.97425709781487,-7.639814104599459,19.35547156467737,5.857828730038953,4.578637659074268
sub-395205550869,69.27583846680356,59.80869118415693,32.66636276245117,46.23752697330405,47.52368577108821,-9.467147282646636,-36.60947570435239,-23.038311493499513,-21.752152695715353
sub-395594591950,23.0,23.92418869755145,25.724523544311523,24.824356120931487,24.739045956448102,0.9241886975514504,2.724523544311523,1.824356120931487,1.739045956448102
sub-395668270984,23.0,23.603854035169505,20.942943572998047,22.273398804083776,22.399487964448547,0.6038540351695048,-2.057056427001953,-0.7266011959162242,-0.6005120355514535
sub-395709751936,23.0,25.654873464926744,21.126052856445312,23.39046316068603,23.60506458981495,2.6548734649267445,-1.8739471435546875,0.3904631606860285,0.6050645898149511
sub-395784692228,13.0,15.063909477192748,26.718170166015625,20.89103982160419,20.338794277901577,2.063909477192748,13.718170166015623,7.891039821604188,7.338794277901577
sub-397509469353,21.0,19.28530197312339,20.42890357971191,19.857102776417648,19.802912389925325,-1.7146980268766114,-0.5710964202880859,-1.1428972235823522,-1.197087610074675
sub-397541416103,9.819178082,14.786315360395983,31.563560485839844,23.174937923117913,22.37993606898756,4.967137278395985,21.744382403839843,13.355759841117912,12.56075798698756
sub-397789536679,29.0,31.370604792073948,25.537567138671875,28.45408596537291,28.730488659319015,2.370604792073948,-3.462432861328125,-0.5459140346270885,-0.26951134068098526
sub-398220399143,27.0,22.572311773150975,17.997268676757812,20.284790224954392,20.501581939992448,-4.427688226849025,-9.002731323242188,-6.715209775045608,-6.498418060007552
sub-398724148083,15.6,13.712803924035864,30.17432975769043,21.94356684086315,21.163525572960182,-1.8871960759641355,14.57432975769043,6.343566840863149,5.563525572960183
sub-398759391290,55.58110882956878,55.02377632229843,60.64215087890625,57.83296360060234,57.56673287223752,-0.5573325072703454,5.061042049337473,2.251854771033564,1.9856240426687464
sub-398850980214,23.0,30.27442463978355,22.71919059753418,26.496807618658863,26.854817829934124,7.27442463978355,-0.2808094024658203,3.4968076186588632,3.854817829934124
sub-399014895585,30.0,34.04720734587242,19.008331298828125,26.527769322350274,27.240397304598964,4.0472073458724225,-10.991668701171877,-3.4722306776497263,-2.7596026954010355
sub-399087126702,19.0,24.175495584652623,23.344934463500977,23.7602150240768,23.799571761511764,5.1754955846526265,4.344934463500977,4.7602150240768,4.799571761511764
sub-399293606571,37.0,33.07094391803818,32.21914291381836,32.64504341592827,32.68540662053317,-3.929056081961818,-4.780857086181641,-4.354956584071729,-4.314593379466828
sub-399522447362,60.016427104722794,48.79197830393749,53.60771560668945,51.199846955313475,50.971649771802916,-11.224448800785304,-6.408711498033341,-8.816580149409319,-9.044777332919878
sub-399532554772,20.0,25.525607329281748,22.65509796142578,24.090352645353764,24.226373800953567,5.525607329281748,2.6550979614257812,4.090352645353764,4.226373800953567
sub-399633402331,15.75,11.011289262144746,20.258708953857425,15.634999108001086,15.19680345991559,-4.7387107378552535,4.508708953857422,-0.11500089199891406,-0.5531965400844108
sub-399660498118,25.0,29.164146846773235,21.549062728881836,25.356604787827536,25.717451038079965,4.164146846773235,-3.450937271118164,0.3566047878275356,0.7174510380799646
sub-399695603994,19.0,31.93745876452204,25.232627868652344,28.585043316587193,28.902756561758956,12.937458764522042,6.232627868652344,9.585043316587193,9.902756561758956
sub-399896091241,27.5,30.82844141397861,27.10998916625977,28.969215290119188,29.145416830320112,3.32844141397861,-0.3900108337402344,1.4692152901191875,1.6454168303201122
sub-400076789412,15.0,15.484830913410754,19.266754150390625,17.37579253190069,17.196583373120628,0.4848309134107538,4.266754150390625,2.3757925319006894,2.196583373120628
sub-400356548320,24.0,38.41943268110922,25.714418411254883,32.06692554618205,32.66896180575655,14.41943268110922,1.7144184112548828,8.066925546182048,8.668961805756553
sub-401570348713,29.0,24.083951766972753,21.12911796569824,22.606534866335494,22.746551795998023,-4.916048233027247,-7.870882034301758,-6.393465133664506,-6.253448204001977
sub-402295700509,17.0,14.040997310971136,24.830142974853516,19.435570142912326,18.924318698283866,-2.959002689028864,7.830142974853516,2.4355701429123258,1.9243186982838658
sub-403072282252,19.0,30.49054152532276,20.237205505371097,25.36387351534693,25.84973523375986,11.490541525322758,1.2372055053710938,6.363873515346931,6.8497352337598585
sub-403183909828,25.0,25.243391818730643,24.42237663269043,24.832884225710536,24.871788622129067,0.2433918187306432,-0.5776233673095703,-0.16711577428946356,-0.12821137787093306
sub-403868905316,9.5,12.62830687232304,16.14554786682129,14.386927369572165,14.220260369648038,3.1283068723230407,6.645547866821289,4.886927369572165,4.720260369648038
sub-403893360607,33.0,24.77028176854305,22.462993621826172,23.61663769518461,23.725970207223256,-8.22971823145695,-10.537006378173828,-9.383362304815389,-9.274029792776744
sub-403901799268,35.0,29.08335593469238,19.83894920349121,24.461152569091794,24.899205445871566,-5.916644065307619,-15.161050796508787,-10.538847430908206,-10.100794554128434
sub-404282612970,21.0,32.882150307662215,24.13711166381836,28.509630985740287,28.92402094573162,11.882150307662217,3.1371116638183594,7.509630985740287,7.92402094573162
sub-404426387175,27.0,23.799197333728,22.80304527282715,23.301121303277576,23.348324686758627,-3.2008026662720006,-4.196954727172852,-3.6988786967224243,-3.6516753132413733
sub-404462559347,9.435616438,13.95486299868822,8.195616722106934,11.075239860397577,11.348145896760583,4.51924656068822,-1.239999715893067,1.6396234223975767,1.9125294587605826
sub-404646362299,11.55,15.008536610108637,24.903488159179688,19.95601238464416,19.487132972725014,3.4585366101086343,13.353488159179689,8.40601238464416,7.9371329727250135
sub-404890471575,51.0,29.700108214399584,30.070520401000977,29.88531430770028,29.867762059226898,-21.299891785600416,-20.929479598999023,-21.11468569229972,-21.132237940773102
sub-405164913230,70.9514031485284,52.2827813692078,61.21621322631836,56.74949729776308,56.32618018955803,-18.668621779320603,-9.73518992221004,-14.201905850765321,-14.625222958970369
sub-405742266217,36.21629021218344,42.47382676625499,36.27472305297851,39.374274909616744,39.66802390768837,6.2575365540715495,0.0584328407950778,3.1579846974333066,3.4517336955049345
sub-406012214137,18.0,5.918940696902048,15.081746101379396,10.500343399140721,10.066157260050002,-12.081059303097952,-2.9182538986206055,-7.499656600859279,-7.9338427399499984
sub-406097282943,19.0,17.942390321392573,18.17840576171875,18.06039804155566,18.0492142797843,-1.0576096786074274,-0.82159423828125,-0.9396019584443387,-0.9507857202156984
sub-406442518076,68.0,45.15344609623197,64.84090423583984,54.9971751660359,54.06427077040511,-22.846553903768033,-3.159095764160156,-13.002824833964098,-13.935729229594891
sub-406506048364,10.24109589,6.940686798895488,14.456238746643066,10.698462772769277,10.342332926146785,-3.3004090911045125,4.215142856643066,0.45736688276927673,0.10123703614678448
sub-406583604959,65.25941136208077,51.9508713510085,45.630821228027344,48.79084628951792,49.0903264203975,-13.308540011072267,-19.628590134053425,-16.468565072562846,-16.169084941683266
sub-407135588455,47.0691307323751,27.80398184032769,33.60896682739258,30.706474333860136,30.431400935730156,-19.26514889204741,-13.460163904982522,-16.362656398514964,-16.637729796644944
sub-407652242836,18.2,20.893310494482023,23.06161880493164,21.977464649706832,21.874717797393195,2.6933104944820236,4.861618804931641,3.7774646497068325,3.674717797393196
sub-408202532508,59.0,42.134036424593106,38.72019958496094,40.42711800477702,40.58888512428403,-16.865963575406894,-20.279800415039062,-18.57288199522298,-18.411114875715967
sub-408240315301,21.0,27.213441766125,19.015832901000977,23.11463733356299,23.503086938875445,6.213441766125001,-1.9841670989990232,2.114637333562989,2.5030869388754446
sub-408349314195,23.0,26.36403541707683,23.0116024017334,24.687818909405117,24.846676364435314,3.364035417076831,0.0116024017333984,1.6878189094051166,1.8466763644353144
sub-408824965323,15.28,19.24918566024779,16.062021255493164,17.655603457870477,17.806629540654207,3.96918566024779,0.7820212554931647,2.3756034578704774,2.5266295406542074
sub-408964579184,27.5,30.290743721870953,16.354724884033203,23.322734302952078,23.983102601348946,2.790743721870953,-11.145275115966797,-4.177265697047922,-3.5168973986510537
sub-409603744945,23.0,28.994558871967744,41.12963104248047,35.062094957224105,34.487065814869126,5.994558871967744,18.12963104248047,12.062094957224105,11.487065814869126
sub-410173634990,13.33,15.208951430189934,21.502931594848633,18.355941512519284,18.057696725407315,1.8789514301899344,8.172931594848633,5.0259415125192834,4.727696725407315
sub-411028202173,21.0,23.93101938428792,21.237211227416992,22.584115305852457,22.711763347194832,2.9310193842879215,0.2372112274169922,1.5841153058524569,1.7117633471948324
sub-411339149603,17.0,24.753645020668124,27.67844009399414,26.216042557331132,26.07744903444583,7.753645020668124,10.67844009399414,9.216042557331132,9.07744903444583
sub-411511299951,19.0,18.975990168773457,20.70942115783691,19.842705663305182,19.760565786346334,-0.0240098312265431,1.709421157836914,0.8427056633051819,0.7605657863463335
sub-411578175554,39.39767282683093,41.52467964668584,33.18899154663086,37.35683559665835,37.75182818605229,2.1270068198549126,-6.208681280200068,-2.0408372301725777,-1.645844640778634
sub-411909651851,19.0,17.318557910321566,20.766746520996097,19.042652215658833,18.879257312718536,-1.681442089678434,1.7667465209960938,0.04265221565883337,-0.12074268728146365
sub-412405591527,25.0,24.924661651335995,35.601593017578125,30.26312733445706,29.75719324521185,-0.0753383486640046,10.601593017578123,5.26312733445706,4.757193245211852
sub-413362965269,22.5,18.090387065236527,23.023208618164062,20.556797841700295,20.3230525365951,-4.409612934763473,0.5232086181640625,-1.9432021582997052,-2.1769474634049004
sub-414156611560,22.0,23.11817602993893,19.64512062072754,21.381648325333234,21.546221559447403,1.1181760299389296,-2.354879379272461,-0.6183516746667657,-0.45377844055259686
sub-414506329694,72.26557152635182,47.3748793971716,49.01863479614258,48.19675709665709,48.11886656217733,-24.890692129180216,-23.24693673020924,-24.068814429694733,-24.14670496417449
sub-414574519306,58.830937713894606,45.37934112801041,59.82871627807617,52.60402870304329,51.919334645739085,-13.451596585884197,0.9977785641815656,-6.226909010851315,-6.911603068155522
sub-414840159897,19.0,30.575107735575596,25.943235397338867,28.259171566457233,28.47865617608535,11.575107735575596,6.943235397338867,9.259171566457233,9.478656176085352
sub-414912404483,8.07,8.368168855884115,18.788537979125977,13.578353417505046,13.084576715087056,0.2981688558841142,10.718537979125976,5.508353417505045,5.014576715087056
sub-415092780642,21.0,14.093232682967344,18.864900588989254,16.4790666359783,16.252957712599176,-6.9067673170326565,-2.135099411010742,-4.520933364021701,-4.747042287400824
sub-415792694831,14.0,20.562741691045723,18.241905212402344,19.402323451724033,19.512297961237316,6.562741691045723,4.241905212402344,5.402323451724033,5.512297961237316
sub-416196732139,21.0,28.972474064467185,27.739471435546875,28.35597275000703,28.41439946838719,7.972474064467185,6.739471435546875,7.35597275000703,7.414399468387192
sub-416363571113,16.0,22.498918228331295,15.898533821105955,19.198726024718624,19.511489997735822,6.498918228331295,-0.1014661788940429,3.198726024718624,3.511489997735822
sub-416382670304,25.0,19.29604852373686,28.007221221923828,23.651634872830343,23.2388496750862,-5.703951476263139,3.007221221923828,-1.3483651271696573,-1.7611503249137996
sub-416547426671,19.0,16.63602388550708,19.954647064208984,18.29533547485803,18.13808012330888,-2.363976114492921,0.9546470642089844,-0.7046645251419683,-0.8619198766911182
sub-417503911696,27.0,14.394198163921246,18.683765411376953,16.5389817876491,16.33571755149794,-12.605801836078754,-8.316234588623047,-10.4610182123509,-10.66428244850206
sub-417519708424,21.0,19.959083179533227,20.288740158081055,20.12391166880714,20.108290635245734,-1.040916820466773,-0.7112598419189453,-0.8760883311928609,-0.8917093647542664
sub-417535604177,19.0,25.75004094345682,20.47448348999023,23.112262216723526,23.362248309536614,6.7500409434568205,1.4744834899902344,4.112262216723526,4.362248309536614
sub-417541833452,10.44383562,4.165001524955855,15.328683853149414,9.746842689052635,9.217843554601393,-6.278834095044145,4.884848233149414,-0.6969929309473653,-1.2259920653986072
sub-418353004170,21.0,36.48160073097869,43.98778533935547,40.23469303516708,39.87900706667311,15.481600730978684,22.98778533935547,19.234693035167084,18.87900706667311
sub-418508603690,19.0,28.395525900232148,22.35741424560547,25.376470072918806,25.662590346240336,9.395525900232148,3.3574142456054688,6.376470072918806,6.662590346240336
sub-418986926612,21.0,26.73909556180608,28.187835693359375,27.46346562758273,27.39481603212613,5.739095561806078,7.187835693359375,6.463465627582728,6.39481603212613
sub-419207025644,21.0,2.137461436021379,21.02605438232422,11.581757909172799,10.686708316587977,-18.86253856397862,0.0260543823242187,-9.418242090827201,-10.313291683412023
sub-419439734818,19.0,22.63156387212358,22.605356216430664,22.61846004427712,22.61970191293389,3.6315638721235786,3.605356216430664,3.6184600442771213,3.619701912933891
sub-419512319299,21.0,26.54063412459783,20.814146041870117,23.677390083233973,23.948743848967514,5.54063412459783,-0.1858539581298828,2.6773900832339734,2.9487438489675135
sub-420357341840,36.06023271731691,35.93818918271303,53.41421127319336,44.676200227953196,43.848086323621885,-0.1220435346038755,17.353978555876452,8.615967510636288,7.787853606304978
sub-420700440504,29.0,28.739380089503022,26.48745346069336,27.61341677509819,27.720125941703508,-0.2606199104969775,-2.5125465393066406,-1.386583224901809,-1.2798740582964925
sub-420871026622,19.0,29.58595118874039,21.410938262939453,25.49844472583992,25.885823606279292,10.585951188740388,2.410938262939453,6.498444725839921,6.885823606279292
sub-420880909961,10.95342466,7.695005369030675,18.596216201782227,13.14561078540645,12.629049051969055,-3.258419290969325,7.642791541782227,2.192186125406451,1.6756243919690554
sub-421100177732,72.88432580424367,45.236321493005285,51.73212432861328,48.48422291080928,48.1764146109507,-27.648004311238388,-21.15220147563039,-24.400102893434394,-24.707911193292972
sub-421334775387,41.22929500342232,36.92419792385499,26.80533218383789,31.86476505384644,32.344254801111894,-4.305097079567332,-14.423962819584432,-9.364529949575882,-8.885040202310428
sub-421366001843,19.0,13.631042031917772,18.0189151763916,15.824978604154687,15.61705607220961,-5.368957968082228,-0.9810848236083984,-3.175021395845313,-3.3829439277903894
sub-421534005893,21.0,16.241657588734522,20.784820556640625,18.513239072687576,18.297958020518635,-4.7583424112654775,-0.215179443359375,-2.4867609273124245,-2.702041979481365
sub-421547770064,8.506849315,8.657703714771376,14.390754699707031,11.524229207239204,11.252564453653676,0.1508543997713758,5.883905384707031,3.0173798922392034,2.745715138653676
sub-421557870822,20.0,18.33621435873636,21.162878036499023,19.74954619761769,19.615602701649085,-1.6637856412636405,1.1628780364990234,-0.2504538023823102,-0.3843972983509154
sub-421587906428,19.0,21.91130361364603,28.374601364135746,25.142952488890888,24.836684465921895,2.91130361364603,9.374601364135742,6.142952488890888,5.836684465921895
sub-421808511913,23.0,27.353995805783356,26.071508407592773,26.712752106688065,26.773523696531146,4.353995805783356,3.0715084075927734,3.7127521066880647,3.7735236965311465
sub-422564244037,25.0,25.889012887309026,23.44980812072754,24.66941050401828,24.784993980181184,0.889012887309022,-1.550191879272461,-0.3305894959817195,-0.21500601981881573
sub-422726021651,21.0,26.59139061984718,29.72297477722168,28.157182698534427,28.00879032583778,5.5913906198471786,8.72297477722168,7.157182698534427,7.008790325837779
sub-423076478965,33.0,43.23815641390024,38.117218017578125,40.677687215739184,40.92034657307248,10.238156413900242,5.117218017578125,7.677687215739184,7.920346573072479
sub-424062327797,21.0,20.10853765468674,23.423751831054688,21.766144742870715,21.60905092935453,-0.8914623453132613,2.4237518310546875,0.7661447428707149,0.609050929354531
sub-424379445589,19.0,19.10130815248425,23.91914749145508,21.510227821969664,21.281931031957626,0.1013081524842505,4.919147491455078,2.5102278219696643,2.281931031957626
sub-424384119731,19.0,17.762147337292934,24.412811279296875,21.087479308294903,20.77233280327827,-1.2378526627070665,5.412811279296875,2.0874793082949026,1.772332803278271
sub-425107191963,25.0,33.65313675191457,31.99321174621582,32.8231742490652,32.90183099201559,8.653136751914573,6.99321174621582,7.823174249065197,7.90183099201559
sub-425345863440,21.0,17.66435577884872,19.958545684814453,18.811450731831584,18.70273888937279,-3.3356442211512807,-1.0414543151855469,-2.1885492681684156,-2.297261110627211
sub-425788429649,23.0,31.750035833676183,26.9876766204834,29.36885622707979,29.59452405133904,8.750035833676186,3.9876766204833984,6.368856227079789,6.5945240513390395
sub-425902114613,22.5,32.91503622835836,26.405122756958008,29.660079492658184,29.968556435165425,10.41503622835836,3.905122756958008,7.160079492658184,7.468556435165425
sub-426134424341,18.0,45.25492183681661,52.926944732666016,49.09093328474131,48.72738894945108,27.254921836816607,34.926944732666016,31.09093328474131,30.727388949451083
sub-426162600454,19.0,14.9502462834119,17.717056274414062,16.33365127891298,16.202543993036993,-4.0497537165881,-1.2829437255859375,-2.6663487210870187,-2.7974560069630066
sub-426538206069,25.0,23.10093270961224,20.95444107055664,22.02768689008444,22.12939994369755,-1.8990672903877588,-4.045558929443359,-2.972313109915561,-2.8706000563024503
sub-427009086482,10.2218,10.43695906846492,14.757367134094238,12.59716310127958,12.392437450727689,0.2151590684649189,4.535567134094238,2.3753631012795804,2.170637450727689
sub-427038737479,48.67898699520876,46.383514437344424,26.809741973876953,36.596628205610685,37.52414552352736,-2.295472557864336,-21.869245021331807,-12.082358789598075,-11.1548414716814
sub-427255899112,13.0,16.22466462375505,18.938657760620117,17.581661192187582,17.453056671017862,3.22466462375505,5.938657760620117,4.581661192187582,4.453056671017862
sub-427488165084,22.0,12.425186200918386,17.16037368774414,14.792779944331263,14.568399671912628,-9.574813799081614,-4.839626312255859,-7.207220055668737,-7.431600328087372
sub-427917643660,15.0253,21.465438685153742,15.43026351928711,18.447851102220426,18.733832227905296,6.440138685153746,0.4049635192871097,3.4225511022204262,3.7085322279052964
sub-427954163702,23.0,11.920516539729228,24.151443481445312,18.03598001058727,17.456408720802,-11.079483460270772,1.1514434814453125,-4.96401998941273,-5.543591279198001
sub-428405531533,8.873972603,14.49239216082293,16.379762649536133,15.436077405179532,15.346642994062634,5.61841955782293,7.5057900465361325,6.562104802179531,6.472670391062634
sub-428735293071,25.0,18.895633904279737,20.9074649810791,19.901549442679418,19.806217376878763,-6.104366095720266,-4.092535018920898,-5.098450557320582,-5.193782623121237
sub-428749095291,23.0,29.09847162235438,39.57954406738281,34.3390078448686,33.84235467178982,6.098471622354381,16.579544067382812,11.339007844868597,10.84235467178982
sub-429128697868,11.8761,-0.9980174298157324,11.789844512939451,5.3959135415618595,4.789951485286285,-12.874117429815731,-0.086255487060546,-6.48018645843814,-7.086148514713714
sub-429376973784,21.0,17.255202879087452,18.244449615478516,17.749826247282982,17.702950077581527,-3.744797120912548,-2.7555503845214844,-3.250173752717018,-3.2970499224184735
sub-429708332868,23.0,28.930155947825913,25.077272415161133,27.00371418149352,27.186285845036274,5.930155947825913,2.077272415161133,4.003714181493521,4.186285845036274
sub-429746311818,73.54414784394251,52.734706551294096,49.50548553466797,51.12009604298103,51.27311500863476,-20.809441292648415,-24.038662309274542,-22.42405180096148,-22.27103283530775
sub-429751358413,19.0,23.15773858834496,23.282325744628903,23.22003216648693,23.21412851427788,4.157738588344959,4.282325744628906,4.220032166486931,4.214128514277881
sub-429797756660,21.0,21.444066476912965,21.04382705688477,21.243946766898866,21.262912400329107,0.4440664769129654,0.0438270568847656,0.24394676689886552,0.2629124003291068
sub-429800757560,18.0,15.079008440760695,24.55708122253418,19.818044831647438,19.36891952062335,-2.9209915592393045,6.55708122253418,1.8180448316474376,1.3689195206233506
sub-430212986919,24.854209445585212,47.37453368986144,41.20241165161133,44.28847267073638,44.58094312268716,22.520324244276225,16.348202206026116,19.43426322515117,19.726733677101947
sub-430905405415,50.0,38.01504658014533,54.447174072265625,46.23111032620548,45.45246211990788,-11.984953419854676,4.447174072265625,-3.7688896737945186,-4.547537880092122
sub-431091782369,9.789041096,12.040770870292596,18.298824310302734,15.169797590297666,14.873255216930914,2.2517297742925972,8.509783214302734,5.380756494297666,5.084214120930914
sub-431389684208,32.5,38.360692940556405,35.298851013183594,36.82977197687,36.9748595637244,5.8606929405564046,2.7988510131835938,4.329771976869999,4.474859563724401
sub-431442510774,20.0,24.215297067912715,21.29193687438965,22.75361697115118,22.892142501222686,4.215297067912715,1.2919368743896484,2.7536169711511818,2.8921425012226862
sub-431876074723,31.0,27.498853769167624,22.070199966430664,24.784526867799144,25.041767541481768,-3.5011462308323757,-8.929800033569336,-6.215473132200856,-5.958232458518232
sub-431931021444,35.800136892539356,37.89174248720734,23.86032485961914,30.87603367341324,31.54092251223056,2.091605594667982,-11.939812032920216,-4.924103219126117,-4.259214380308798
sub-432795930135,23.0,9.443112270776403,14.158686637878418,11.80089945432741,11.577448563724984,-13.556887729223597,-8.841313362121582,-11.19910054567259,-11.422551436275016
sub-433613356059,19.0,16.160185266620203,19.821523666381836,17.99085446650102,17.81735930715601,-2.8398147333797965,0.8215236663818359,-1.0091455334989803,-1.1826406928439894
sub-433634856529,22.5,26.64158992580267,26.59842109680176,26.620005511302217,26.62205109738263,4.14158992580267,4.098421096801758,4.120005511302217,4.122051097382631
sub-433878320958,19.0,20.011338262315192,30.32451438903809,25.16792632567664,24.679229040668673,1.011338262315192,11.324514389038086,6.167926325676639,5.679229040668673
sub-433901926108,27.5,22.300996322467597,23.86412048339844,23.082558402933017,23.008488637790748,-5.199003677532403,-3.6358795166015625,-4.417441597066983,-4.491511362209252
sub-434327587010,20.0,13.695427690448298,20.570886611938477,17.133157151193387,16.807358574030552,-6.304572309551702,0.5708866119384766,-2.8668428488066127,-3.192641425969448
sub-434364030663,21.0,35.283867895456424,18.48954200744629,26.886704951451357,27.68251618982856,14.283867895456424,-2.510457992553711,5.886704951451357,6.682516189828561
sub-434727906853,20.0,23.2191288634914,23.03477668762207,23.126952775556735,23.13568843630039,3.2191288634914024,3.0347766876220703,3.1269527755567346,3.1356884363003914
sub-435215843686,22.0,35.76145825450846,39.58930587768555,37.675382066097,37.49399674717244,13.761458254508462,17.589305877685547,15.675382066097,15.493996747172439
sub-435541553101,23.0,36.985990435219016,25.67851448059082,31.332252457904918,31.868065356998265,13.985990435219016,2.6785144805908203,8.332252457904918,8.868065356998265
sub-436067739350,25.0,22.395338654764668,20.24582862854004,21.320583641652355,21.422439723717265,-2.604661345235332,-4.754171371459961,-3.6794163583476447,-3.5775602762827354
sub-436168467409,21.0,23.37022286186488,21.82769203186035,22.598957446862617,22.67205138217426,2.3702228618648817,0.8276920318603516,1.5989574468626166,1.67205138217426
sub-436435395823,50.5242984257358,50.13907713278897,31.566478729248047,40.85277793101851,41.73285389441019,-0.3852212929468308,-18.957819696487753,-9.671520494717292,-8.79144453132561
sub-436570577076,24.0,29.16438089837935,25.6734619140625,27.418921406220925,27.584341118718406,5.164380898379349,1.6734619140625,3.4189214062209246,3.584341118718406
sub-436602454221,14.0,3.7778986014020433,21.437713623046875,12.60780611222446,11.770983047362954,-10.222101398597957,7.437713623046875,-1.3921938877755409,-2.2290169526370462
sub-436915075418,9.083333333,3.699105605278291,14.435561180114746,9.067333392696519,8.558578705919102,-5.38422772772171,5.3522278471147455,-0.015999940303482063,-0.5247546270808989
sub-437220520402,27.0,27.43113802435267,34.00078201293945,30.71596001864606,30.404652702525254,0.4311380243526699,7.000782012939453,3.7159600186460615,3.4046527025252544
sub-437418373981,21.0,18.220089211261705,20.1652774810791,19.192683346170405,19.100509197817992,-2.7799107887382952,-0.8347225189208984,-1.807316653829595,-1.899490802182008
sub-437563318459,11.0,13.268317605397986,14.767105102539062,14.017711353968524,13.946690228016951,2.2683176053979857,3.7671051025390625,3.017711353968524,2.9466902280169514
sub-438120135608,62.06160164271046,41.421802860278305,57.96194076538086,49.69187181282958,48.90810545525362,-20.639798782432152,-4.0996608773295975,-12.369729829880875,-13.153496187456838
sub-438282986473,60.906228610540715,40.991380482827694,51.174407958984375,46.082894220906034,45.60036412352268,-19.91484812771302,-9.73182065155634,-14.823334389634681,-15.305864487018034
sub-438699025347,19.0,19.317738122053907,19.993314743041992,19.65552643254795,19.623513747373664,0.3177381220539068,0.9933147430419922,0.6555264325479513,0.6235137473736643
sub-438858327228,59.12936344969199,52.67576674040395,71.09160614013672,61.88368644027034,61.01103861527368,-6.453596709288043,11.962242690444723,2.754322990578345,1.881675165581683
sub-440221941356,21.0,26.472666498209,23.032516479492188,24.752591488850594,24.91560547731636,5.472666498209001,2.0325164794921875,3.7525914888505945,3.9156054773163618
sub-441115735819,22.5,28.132431951905257,23.966550827026367,26.049491389465814,26.246894669539646,5.632431951905254,1.4665508270263672,3.549491389465814,3.746894669539646
sub-441255509461,9.665753425,12.920050649022908,20.77457046508789,16.8473105570554,16.47511847364802,3.254297224022908,11.10881704008789,7.181557132055401,6.80936504864802
sub-441895637368,34.0,42.47660943692031,25.712337493896484,34.0944734654084,34.88886057593807,8.476609436920313,-8.287662506103516,0.09447346540839874,0.8888605759380681
sub-441940877850,10.44383562,11.696598092441585,11.903800010681152,11.800199051561368,11.790380639304281,1.2527624724415831,1.4599643906811526,1.356363431561368,1.3465450193042816
sub-442069078771,52.5,29.630141338293683,40.12502670288086,34.87758402058727,34.38027631235818,-22.869858661706317,-12.37497329711914,-17.62241597941273,-18.119723687641823
sub-442131715190,23.0,15.27929527244315,18.535160064697266,16.907227668570208,16.752946168402207,-7.72070472755685,-4.464839935302734,-6.092772331429792,-6.247053831597793
sub-442200955077,44.20533880903491,39.673205501771434,34.01796340942383,36.84558445559763,37.113562178719405,-4.532133307263479,-10.187375399611083,-7.359754353437282,-7.091776630315508
sub-442462161667,19.0,13.378228811242971,20.386707305908203,16.882468058575586,16.550366253050818,-5.621771188757027,1.3867073059082031,-2.1175319414244136,-2.449633746949182
sub-443057998898,19.0,22.71812498881659,22.946157455444336,22.832141222130463,22.821335739322322,3.7181249888165944,3.946157455444336,3.8321412221304634,3.821335739322322
sub-443216080871,21.0,34.48501028332356,24.644954681396484,29.564982482360023,30.031260610252062,13.48501028332356,3.644954681396485,8.564982482360023,9.031260610252062
sub-443270005074,23.0,17.862490504980777,24.12912940979004,20.995809957385408,20.698860755580327,-5.1375094950192235,1.129129409790039,-2.004190042614592,-2.301139244419673
sub-443441729661,27.5,32.65121111108758,26.917369842529297,29.784290476808437,30.055992678553096,5.1512111110875765,-0.5826301574707031,2.2842904768084367,2.555992678553096
sub-443528393725,20.0,19.07613259732119,20.168184280395508,19.62215843885835,19.570410782651457,-0.923867402678809,0.1681842803955078,-0.3778415611416506,-0.4295892173485427
sub-443552576139,23.0,25.11210480851183,22.15076065063477,23.631432729573298,23.77175815717642,2.1121048085118304,-0.8492393493652344,0.631432729573298,0.7717581571764214
sub-443563336342,19.0,32.32142484817163,20.817821502685547,26.56962317542859,27.11472971231598,13.321424848171633,1.8178215026855469,7.569623175428589,8.114729712315981
sub-443586727583,18.0,19.386457347519897,21.308643341064453,20.347550344292173,20.256466175382123,1.3864573475198974,3.308643341064453,2.3475503442921735,2.2564661753821227
sub-443699143391,19.0,16.175819710984772,21.71910285949707,18.94746128524092,18.68478881737828,-2.824180289015228,2.7191028594970703,-0.05253871475908056,-0.3152111826217201
sub-443884348394,72.0,55.97303844672769,62.54410934448242,59.25857389560505,58.947198964364745,-16.026961553272308,-9.455890655517578,-12.741426104394947,-13.052801035635255
sub-444080364099,19.0,27.220584193694215,22.424726486206055,24.822655339950135,25.04991051450893,8.220584193694215,3.4247264862060547,5.822655339950135,6.04991051450893
sub-444777292394,23.0,32.897618975040906,23.702159881591797,28.29988942831635,28.73562288599738,9.897618975040906,0.7021598815917969,5.299889428316352,5.73562288599738
sub-445165036651,43.0,48.06967068067222,50.98482131958008,49.52724600012615,49.38910948571793,5.069670680672218,7.984821319580078,6.527246000126148,6.389109485717931
sub-445357467271,22.5,19.96686623125834,24.837583541870117,22.402224886564227,22.17142243574895,-2.53313376874166,2.337583541870117,-0.09777511343577316,-0.32857756425104867
sub-445528481752,19.0,23.045709477396244,21.438817977905273,22.24226372765076,22.31840743968035,4.045709477396244,2.4388179779052734,3.2422637276507587,3.3184074396803496
sub-446105610730,23.0,15.982002770351968,22.622861862182617,19.302432316267293,18.987750421143936,-7.0179972296480315,-0.3771381378173828,-3.697567683732707,-4.012249578856064
sub-446116942428,13.63,6.0320519870192335,20.68174743652344,13.356899711771337,12.662713332677546,-7.597948012980767,7.051747436523437,-0.2731002882286635,-0.9672866673224547
sub-446176984200,11.85205479,17.374979838120375,19.646472930908203,18.51072638451429,18.4030900469089,5.522925048120374,7.794418140908203,6.6586715945142885,6.5510352569089
sub-446371809226,21.0,21.12848540712382,25.09331321716309,23.110899312143452,22.923023088322388,0.1284854071238186,4.093313217163086,2.1108993121434523,1.9230230883223882
sub-447368311317,23.0,24.88365470535508,23.19569396972656,24.03967433754082,24.11965957376347,1.883654705355081,0.1956939697265625,1.03967433754082,1.119659573763471
sub-447558225957,9.3149,4.915943737317132,9.299989700317385,7.107966718817258,6.900225540625128,-4.3989562626828675,-0.0149102996826169,-2.2069332811827413,-2.414674459374872
sub-447559688249,23.0,25.770923010332105,24.667400360107425,25.219161685219767,25.271452901473914,2.7709230103321048,1.667400360107422,2.219161685219767,2.271452901473914
sub-448118881004,30.699520876112253,36.33510291551611,23.88567352294922,30.110388219232664,30.700313405158784,5.635582039403857,-6.813847353163034,-0.5891326568795883,0.0007925290465315982
sub-448154838901,21.0,21.967883300362935,22.479188919067383,22.22353610971516,22.19930752439868,0.967883300362935,1.4791889190673828,1.223536109715159,1.1993075243986802
sub-448606737356,19.0,24.883421107985424,22.065126419067383,23.474273763526405,23.60782068892583,5.8834211079854235,3.065126419067383,4.474273763526405,4.60782068892583
sub-448749767497,27.0,22.864676532983687,20.516345977783203,21.690511255383445,21.801788591533466,-4.135323467016313,-6.483654022216797,-5.309488744616555,-5.198211408466534
sub-448817166729,9.120547945,18.626179562043188,14.470158576965332,16.54816906950426,16.74510511974595,9.505631617043187,5.349610631965332,7.427621124504261,7.62455717474595
sub-449504710644,13.85,2.7348482443431408,15.461019515991213,9.097933880167176,8.494895080811675,-11.11515175565686,1.6110195159912113,-4.752066119832824,-5.355104919188324
sub-449523109612,29.0,34.477778397069855,32.189353942871094,33.333566169970474,33.442004812341274,5.477778397069855,3.1893539428710938,4.333566169970474,4.442004812341274
sub-449691454748,21.0,22.438336869746596,23.817127227783203,23.127732048764898,23.062397073749615,1.438336869746596,2.817127227783203,2.127732048764898,2.062397073749615
sub-450248382846,11.0,20.841147154475536,20.10379219055176,20.472469672513647,20.5074097690008,9.841147154475536,9.103792190551758,9.472469672513647,9.507409769000802
sub-450325596992,11.0,13.516098052691866,11.881958961486816,12.699028507089341,12.7764633658937,2.5160980526918664,0.8819589614868164,1.6990285070893414,1.7764633658937008
sub-450416431697,21.0,20.4932280358934,21.981266021728516,21.237247028810955,21.166735276201393,-0.5067719641066013,0.9812660217285156,0.23724702881095538,0.1667352762013934
sub-450811446575,21.0,21.4997703172949,21.19195556640625,21.345862941850577,21.360448965709402,0.4997703172948995,0.19195556640625,0.34586294185057653,0.3604489657094021
sub-450965099560,21.0,22.58081552455586,18.276533126831055,20.428674325693457,20.63263584984752,1.5808155245558595,-2.7234668731689453,-0.5713256743065429,-0.36736415015247914
sub-451093590992,20.51,25.307094247884155,16.356977462768555,20.832035855326353,21.25614359087223,4.797094247884154,-4.153022537231447,0.3220358553263516,0.7461435908722294
sub-451533497093,19.0,19.69522447395444,19.577911376953125,19.636567925453782,19.642126891120228,0.6952244739544398,0.577911376953125,0.6365679254537824,0.6421268911202276
sub-451568083712,27.0,21.231396676602422,33.607696533203125,27.419546604902774,26.83308671475377,-5.768603323397578,6.607696533203125,0.4195466049027736,-0.16691328524623117
sub-451569316549,31.95619438740589,41.30088350308351,36.11853790283203,38.70971070295777,38.95527988491459,9.34468911567762,4.162343515426141,6.753516315551881,6.999085497508698
sub-451748173269,23.0,28.051801177768187,24.126962661743164,26.089381919755674,26.275363222053635,5.051801177768187,1.126962661743164,3.0893819197556738,3.2753632220536346
sub-451753737202,22.0,41.694293289612325,41.53594970703125,41.615121498321784,41.62262472312421,19.694293289612325,19.53594970703125,19.615121498321784,19.62262472312421
sub-452339919944,27.0,32.035278003232634,38.22509002685547,35.13018401504405,34.83687531038457,5.035278003232634,11.225090026855469,8.130184015044051,7.8368753103845705
sub-452602070698,19.0,21.584224281629066,21.91096305847168,21.74759367005037,21.73211091758035,2.584224281629062,2.9109630584716797,2.747593670050371,2.73211091758035
sub-452912513368,19.0,22.618012778934233,14.360660552978516,18.489336665956372,18.880617253487785,3.618012778934233,-4.639339447021484,-0.5106633340436275,-0.11938274651221548
sub-453576742612,22.5,21.16907287024197,19.256561279296875,20.212817074769422,20.303442815138517,-1.330927129758031,-3.243438720703125,-2.287182925230578,-2.196557184861483
sub-453679403294,19.0,11.367562654423867,18.152240753173828,14.759901703798848,14.438404841360825,-7.6324373455761325,-0.8477592468261719,-4.240098296201152,-4.561595158639175
sub-453954863516,19.0,14.74679581027948,18.7921085357666,16.76945217302304,16.577762113466,-4.25320418972052,-0.2078914642333984,-2.2305478269769594,-2.422237886533999
sub-454545291918,11.0,-0.2774615849802089,15.69918155670166,7.710859985860726,6.953795233844115,-11.277461584980207,4.69918155670166,-3.2891400141392744,-4.046204766155885
sub-454953257900,24.0,25.802162557996905,25.613075256347656,25.707618907172282,25.71657894526433,1.8021625579969047,1.6130752563476562,1.7076189071722823,1.716578945264331
sub-455375044946,33.0,27.19418334964099,21.539283752441406,24.3667335510412,24.6346950447835,-5.805816650359009,-11.460716247558594,-8.6332664489588,-8.365304955216502
sub-455526833022,21.0,29.45267209925317,15.400541305541992,22.42660670239758,23.092477049522707,8.45267209925317,-5.599458694458008,1.4266067023975815,2.0924770495227065
sub-456043823379,19.0,22.611096405487732,22.201021194458008,22.406058799972868,22.425490509449837,3.611096405487732,3.201021194458008,3.406058799972868,3.425490509449837
sub-456312815950,8.3,18.41757450550995,16.77295684814453,17.59526567682724,17.673197070042576,10.117574505509952,8.47295684814453,9.295265676827238,9.373197070042576
sub-456944734649,21.0,20.15670253720905,17.791812896728516,18.974257716968783,19.0863197173114,-0.8432974627909502,-3.2081871032714844,-2.0257422830312173,-1.913680282688599
sub-456991816184,22.5,27.100553478205015,29.71306800842285,28.406810743313933,28.283014859070946,4.600553478205015,7.213068008422852,5.906810743313933,5.783014859070946
sub-457656563132,25.0,19.001526797064106,19.951698303222656,19.47661255014338,19.43158798839383,-5.998473202935898,-5.048301696777344,-5.523387449856621,-5.568412011606171
sub-457967549631,22.5,31.05385409597784,26.7202205657959,28.88703733088687,29.09238967961015,8.55385409597784,4.220220565795898,6.387037330886869,6.59238967961015
sub-458227466938,21.0,23.34269599336836,24.142179489135746,23.742437741252054,23.704553639498197,2.342695993368359,3.142179489135742,2.742437741252054,2.7045536394981973
sub-458230027649,19.0,16.598457481713478,18.166793823242188,17.382625652477834,17.308308904400732,-2.401542518286522,-0.8332061767578125,-1.6173743475221656,-1.6916910955992677
sub-458506665556,21.0,27.551520999946412,25.46032333374023,26.50592216684332,26.60501507569435,6.551520999946412,4.460323333740234,5.50592216684332,5.60501507569435
sub-458724067747,12.43835616,13.397087213166891,21.638111114501953,17.517599163834422,17.127092305735417,0.9587310531668916,9.199754954501952,5.0792430038344225,4.688736145735417
sub-459709692111,8.94,17.209906880096565,22.596698760986328,19.903302820541448,19.64804580420168,8.269906880096565,13.656698760986329,10.963302820541449,10.70804580420168
sub-459781782269,19.0,17.143797957400874,17.969160079956055,17.556479018678466,17.517368639539686,-1.8562020425991257,-1.030839920043945,-1.4435209813215337,-1.4826313604603136
sub-459946543901,12.6489,-1.9956480818911049,12.957133293151855,5.480742605630375,4.7721942814757305,-14.644548081891104,0.3082332931518561,-7.168157394369624,-7.876705718524269
sub-460516282099,35.446954140999324,43.08406839392643,32.53752517700195,37.81079678546419,38.310552338263804,7.637114252927105,-2.909428963997371,2.3638426444648672,2.86359819726448
sub-460702666723,19.0,14.843545685021926,18.638954162597656,16.74124992380979,16.561401757183273,-4.156454314978074,-0.3610458374023437,-2.2587500761902106,-2.4385982428167274
sub-460977191979,23.0,27.290197611233076,25.9345703125,26.612383961866538,26.676621338619654,4.290197611233076,2.9345703125,3.612383961866538,3.676621338619654
sub-461059456603,63.181382614647504,47.25919195880918,23.307884216308594,35.28353808755889,36.41848807021469,-15.92219065583832,-39.87349839833891,-27.897844527088616,-26.76289454443281
sub-461078040898,10.1,10.610432470866591,13.131011962890623,11.870722216878608,11.75128274069172,0.5104324708665917,3.031011962890626,1.7707222168786085,1.6512827406917197
sub-461138178469,19.0,23.006590298453265,20.67017936706543,21.838384832759345,21.949097348942757,4.006590298453265,1.6701793670654297,2.8383848327593455,2.9490973489427574
sub-461276348768,8.74,12.124966654421868,14.94091510772705,13.53294088107446,13.39950513374083,3.384966654421868,6.200915107727051,4.792940881074459,4.659505133740829
sub-461789283926,12.66,11.435280684144658,16.792987823486328,14.114134253815493,13.860255438919692,-1.2247193158553422,4.132987823486328,1.4541342538154929,1.200255438919692
sub-461899341745,23.0,27.990242266138452,20.507932662963867,24.24908746455116,24.60364209871335,4.990242266138452,-2.492067337036133,1.2490874645511596,1.603642098713351
sub-462044176559,22.5,31.99601176750342,38.36822509765625,35.182118432579834,34.88016651052662,9.496011767503418,15.86822509765625,12.682118432579834,12.380166510526621
sub-462074510675,24.0,28.27535593486685,22.7023868560791,25.488871395472977,25.752950552540796,4.275355934866852,-1.2976131439208984,1.4888713954729766,1.7529505525407956
sub-462484204390,72.5,50.20538697469611,51.70383071899414,50.954608846845126,50.88360400986981,-22.29461302530389,-20.79616928100586,-21.545391153154874,-21.616395990130187
sub-462590078135,22.5,36.47679750219182,38.0977897644043,37.28729363329806,37.21048174646239,13.976797502191822,15.597789764404297,14.787293633298063,14.710481746462392
sub-462927684123,22.5,17.2096582639674,17.320919036865234,17.265288650416316,17.26001647849033,-5.290341736032602,-5.179080963134766,-5.234711349583684,-5.2399835215096715
sub-463017442825,24.0,18.19605792679463,21.78714179992676,19.991599863360697,19.821433765402936,-5.80394207320537,-2.212858200073242,-4.0084001366393025,-4.1785662345970636
sub-463459305778,14.0,17.26221665549859,16.75757598876953,17.00989632213406,17.033809083896763,3.262216655498591,2.7575759887695312,3.009896322134061,3.033809083896763
sub-463896670279,19.0,22.189248106243724,22.998136520385746,22.593692313314733,22.55536255272417,3.189248106243724,3.998136520385742,3.593692313314733,3.5553625527241692
sub-464503842359,67.5,38.51704237116864,52.57505798339844,45.54605017728354,44.879900973790846,-28.98295762883136,-14.924942016601562,-21.95394982271646,-22.620099026209154
sub-464682388944,23.0,17.682890007161415,20.07425308227539,18.878571544718405,18.76525508159233,-5.317109992838585,-2.92574691772461,-4.121428455281595,-4.234744918407671
sub-464956463990,32.5,22.890830208587943,21.11174774169922,22.00128897514358,22.085592080287007,-9.609169791412056,-11.38825225830078,-10.49871102485642,-10.414407919712993
sub-465136351800,19.0,26.0466445534128,17.302867889404297,21.67475622140855,22.089086381575683,7.046644553412801,-1.6971321105957031,2.6747562214085505,3.089086381575683
sub-465311144460,27.0,34.75970279987732,21.975826263427734,28.367764531652526,28.973537736577434,7.759702799877317,-5.024173736572266,1.3677645316525258,1.973537736577434
sub-465791099145,25.0,30.751962963687276,25.251808166503903,28.00188556509559,28.26251436494148,5.751962963687276,0.2518081665039062,3.0018855650955913,3.262514364941481
sub-466074153509,25.0,24.787219977706613,21.89185333251953,23.339536655113072,23.476735690717554,-0.2127800222933871,-3.1081466674804688,-1.660463344886928,-1.523264309282446
sub-466344740883,9.0,16.64440844132751,17.904708862304688,17.2745586518161,17.214838407881736,7.64440844132751,8.904708862304688,8.2745586518161,8.214838407881736
sub-466416085736,13.0,6.924433470631641,18.4040584564209,12.66424596352627,12.120275658497892,-6.075566529368359,5.404058456420898,-0.33575403647373037,-0.8797243415021079
sub-467112314797,9.309589041,6.913130005535059,15.055374145507812,10.984252075521436,10.598425967619882,-2.3964590354649413,5.745785104507812,1.6746630345214353,1.2888369266198811
sub-467327021506,22.0,17.281269999789522,21.445432662963867,19.363351331376695,19.166029481849485,-4.718730000210478,-0.5545673370361328,-2.6366486686233053,-2.8339705181505153
sub-467335236616,20.0,29.19023089485253,35.36553955078125,32.27788522281689,31.985263770690338,9.190230894852526,15.36553955078125,12.277885222816892,11.985263770690338
sub-467642644644,21.0,21.788931160969774,19.947057723999023,20.8679944424844,20.955272943007973,0.7889311609697742,-1.0529422760009766,-0.13200555751560117,-0.04472705699202706
sub-467659061528,73.18275154004107,50.47791994796273,66.67816925048828,58.57804459922551,57.81038410809103,-22.704831592078335,-6.504582289552786,-14.60470694081556,-15.372367431950039
sub-468044019609,21.0,10.303884777276892,21.029611587524418,15.666748182400655,15.158501885867103,-10.696115222723108,0.029611587524414,-5.333251817599345,-5.8414981141328965
sub-468109133630,18.0,25.116099067030756,24.30990982055664,24.7130044437937,24.751206302378627,7.116099067030756,6.309909820556641,6.7130044437937,6.751206302378627
sub-468259562618,21.0,25.26877891110424,16.766889572143555,21.017834241623895,21.420702396529393,4.268778911104242,-4.233110427856445,0.017834241623894798,0.4207023965293928
sub-468444508245,10.0,1.4365467063162072,14.948312759399414,8.19242973285781,7.552164958488753,-8.563453293683793,4.948312759399414,-1.8075702671421894,-2.4478350415112473
sub-469001676302,27.0,27.87138345718908,22.66368293762207,25.267533197405577,25.514303840491223,0.8713834571890793,-4.33631706237793,-1.7324668025944234,-1.4856961595087768
sub-469128986440,53.41273100616017,39.6719100388984,32.09050750732422,35.88120877311131,36.24045899711676,-13.740820967261776,-21.322223498835953,-17.53152223304886,-17.17227200904341
sub-470124848081,33.0,28.2315571147295,23.30588150024414,25.76871930748682,26.002125997147793,-4.768442885270499,-9.69411849975586,-7.231280692513181,-6.997874002852207
sub-471019443594,23.71526351813826,37.432280794766605,23.137977600097656,30.28512919743213,30.962475058346385,13.717017276628344,-0.5772859180406051,6.569865679293869,7.247211540208124
sub-471055677982,67.5,50.352875734839245,61.7187385559082,56.035807145373724,55.49722754252596,-17.147124265160755,-5.781261444091797,-11.464192854626276,-12.002772457474038
sub-471135465411,21.0,25.791591930906996,21.847055435180664,23.81932368304383,24.006238388309203,4.791591930906996,0.8470554351806641,2.81932368304383,3.006238388309203
sub-471209465684,21.0,20.277962607612046,19.949329376220703,20.113645991916375,20.129218514480804,-0.7220373923879535,-1.0506706237792969,-0.8863540080836252,-0.8707814855191955
sub-471390842283,25.530458590006837,22.92040424180582,15.3223876953125,19.12139596855916,19.48143345963775,-2.610054348201018,-10.208070894694336,-6.409062621447678,-6.049025130369088
sub-472325050640,60.0,36.99750334478616,40.770896911621094,38.88420012820363,38.70539515399199,-23.00249665521384,-19.229103088378903,-21.11579987179637,-21.294604846008014
sub-472759352092,59.222450376454475,42.563610426877744,57.826148986816406,50.194879706847075,49.471653315197976,-16.65883994957673,-1.3963013896380687,-9.0275706696074,-9.750797061256499
sub-473325785671,23.0,17.245350413642292,23.920888900756836,20.583119657199564,20.26679445393207,-5.754649586357708,0.920888900756836,-2.416880342800436,-2.7332055460679285
sub-473379095025,28.50650239561944,27.65656313831529,16.85563850402832,22.256100821171806,22.767910420803744,-0.8499392573041504,-11.650863891591118,-6.250401574447633,-5.738591974815694
sub-473649162520,23.0,27.072817192789483,18.5734806060791,22.823148899434294,23.22589609033426,4.072817192789483,-4.426519393920898,-0.17685110056570608,0.22589609033425972
sub-473872191496,19.0,26.92568539194125,26.535076141357425,26.73038076664934,26.748890067558563,7.925685391941251,7.535076141357422,7.73038076664934,7.748890067558563
sub-473893612384,21.0,6.088700113585649,15.603459358215332,10.84607973590049,10.395216010388559,-14.911299886414351,-5.396540641784668,-10.15392026409951,-10.604783989611441
sub-474246759950,22.0,20.67904627008259,21.083953857421875,20.881500063752235,20.86231322584891,-1.320953729917406,-0.916046142578125,-1.1184999362477654,-1.1376867741510885
sub-474704091659,44.9199178644764,36.02567017262034,22.204084396362305,29.11487728449132,29.769823089776267,-8.894247691856066,-22.7158334681141,-15.805040579985082,-15.150094774700136
sub-474905652662,23.0,31.787707276253343,28.55423164367676,30.17096945996505,30.324190033662525,8.787707276253343,5.554231643676758,7.17096945996505,7.324190033662525
sub-475042891594,13.79726027,21.00809537344629,18.361968994140625,19.68503218379346,19.810420789734543,7.210835103446291,4.564708724140624,5.887771913793459,6.013160519734543
sub-475410408128,21.33,12.937744487620195,18.177968978881836,15.557856733251015,15.309544918321741,-8.392255512379801,-3.1520310211181624,-5.772143266748984,-6.020455081678257
sub-475942618761,41.0,20.59764355663673,29.16067886352539,24.879161210081058,24.473395609408286,-20.40235644336327,-11.83932113647461,-16.120838789918942,-16.526604390591714
sub-476225261644,19.0,17.868795009763748,20.300281524658203,19.084538267210974,18.96932052596796,-1.1312049902362524,1.3002815246582031,0.08453826721097357,-0.0306794740320413
sub-476332359213,66.94866529774127,55.14439305040079,60.92830276489258,58.036347907646686,57.762273176499676,-11.804272247340483,-6.020362532848694,-8.912317390094586,-9.186392121241596
sub-476860143951,26.0,27.84572737397726,22.94350242614746,25.39461490006236,25.626910362979466,1.8457273739772615,-3.056497573852539,-0.6053850999376387,-0.3730896370205343
sub-477160054985,75.93702943189597,56.793044035090574,34.28354263305664,45.53829333407361,46.60492228396166,-19.14398539680539,-41.653486798839324,-30.398736097822358,-29.332107147934302
sub-477274544676,24.0,22.675952010438312,18.2562198638916,20.466085937164955,20.67551813088879,-1.324047989561688,-5.743780136108398,-3.533914062835045,-3.32448186911121
sub-477302946114,8.542094,10.859240906843056,15.722257614135742,13.290749260489399,13.060311708313366,2.317146906843055,7.180163614135742,4.748655260489398,4.518217708313365
sub-477362713467,10.08767123,10.431199448428696,13.65591526031494,12.043557354371817,11.890751871092263,0.3435282184286965,3.5682440303149416,1.9558861243718173,1.8030806410922633
sub-477401855410,6.0,6.658627663922612,13.775151252746582,10.216889458334597,9.879667858138912,0.6586276639226121,7.775151252746582,4.216889458334597,3.8796678581389124
sub-477544457426,10.41369863,14.18349507185006,13.858073234558104,14.020784153204083,14.036204501544184,3.76979644185006,3.4443746045581047,3.6070855232040824,3.622505871544183
sub-477777727414,23.0,39.65340596163132,35.77356719970703,37.713486580669176,37.897335537181036,16.65340596163132,12.773567199707031,14.713486580669176,14.897335537181036
sub-477906303107,67.5,39.17464084059932,39.24421310424805,39.209426972423685,39.20613024055959,-28.325359159400683,-28.255786895751953,-28.290573027576315,-28.293869759440412
sub-478046709665,53.30595482546201,55.20379861421691,31.101327896118164,43.152563255167536,44.29467620438774,1.8978437887548976,-22.20462692934385,-10.153391570294474,-9.011278621074268
sub-478282076570,23.0,21.249240106762283,28.510475158691406,24.879857632726846,24.5357787755368,-1.750759893237717,5.510475158691406,1.8798576327268464,1.5357787755368015
sub-478424896940,25.0,19.17781118880616,21.391647338867188,20.284729263836674,20.179825042024348,-5.82218881119384,-3.608352661132813,-4.715270736163326,-4.820174957975652
sub-478734208494,25.0,30.505697593868383,24.141586303710938,27.32364194878966,27.62520994983734,5.505697593868383,-0.8584136962890625,2.3236419487896605,2.625209949837341
sub-479008488319,21.0,10.37181687476104,16.923904418945312,13.647860646853175,13.337385255505929,-10.62818312523896,-4.0760955810546875,-7.352139353146825,-7.662614744494071
sub-479447504648,10.2,11.745819060730092,14.89814281463623,13.321980937683161,13.17260580425474,1.5458190607300928,4.698142814636231,3.121980937683162,2.9726058042547407
sub-479540589250,19.0,25.998113302024223,29.846017837524418,27.92206556977432,27.739729839601317,6.998113302024226,10.846017837524414,8.922065569774318,8.739729839601317
sub-479779230782,21.0,27.750830328296203,22.36136817932129,25.056099253808746,25.311482802726587,6.750830328296203,1.361368179321289,4.056099253808746,4.311482802726587
sub-479820841591,21.0,25.492699911109224,22.478679656982425,23.985689784045825,24.128511306441258,4.492699911109224,1.478679656982422,2.9856897840458245,3.1285113064412577
sub-480081003183,11.66,8.198538236014073,17.222280502319336,12.710409369166705,12.2828128371218,-3.461461763985927,5.562280502319336,1.0504093691667045,0.6228128371217991
sub-480092109529,23.0,28.343143196082803,17.598966598510742,22.971054897296774,23.480175450302205,5.343143196082803,-5.401033401489258,-0.0289451027032257,0.4801754503022053
sub-480168790227,34.0,42.84892791465256,36.60040283203125,39.72466537334191,40.02075623862528,8.848927914652563,2.60040283203125,5.724665373341907,6.020756238625282
sub-480228126690,16.03,14.929832177154536,14.6673583984375,14.798595287796019,14.811032797004499,-1.1001678228454637,-1.3626416015625011,-1.2314047122039824,-1.2189672029955023
sub-480242224316,19.0,29.10820436167903,26.46927261352539,27.78873848760221,27.913786170759913,10.108204361679029,7.469272613525391,8.78873848760221,8.913786170759913
sub-480547839037,29.0,20.64781669417756,19.394086837768555,20.02095176597306,20.08036065896897,-8.35218330582244,-9.605913162231444,-8.97904823402694,-8.91963934103103
sub-480561361979,21.0,22.554410950637404,20.77922821044922,21.66681958054331,21.75093789432592,1.5544109506374042,-0.2207717895507812,0.6668195805433115,0.7509378943259186
sub-481338540032,27.5,30.687542548909963,21.679641723632812,26.183592136271386,26.61043801021389,3.1875425489099634,-5.8203582763671875,-1.3164078637286138,-0.8895619897861096
sub-481372512191,19.0,14.110990992233477,19.559070587158203,16.83503078969584,16.57686961084734,-4.889009007766525,0.5590705871582031,-2.164969210304161,-2.4231303891526608
sub-481376362072,19.0,25.75870187798305,20.31993103027344,23.039316454128247,23.29703653127976,6.75870187798305,1.3199310302734375,4.039316454128247,4.297036531279758
sub-481487710813,20.0,25.28592999072223,21.076257705688477,23.181093848205354,23.38057220396994,5.285929990722234,1.0762577056884766,3.1810938482053537,3.3805722039699404
sub-481729032242,18.0,22.615885378022973,21.124061584472656,21.869973481247815,21.94066462708496,4.615885378022973,3.124061584472656,3.869973481247815,3.94066462708496
sub-482033781584,23.0,16.55722493220793,22.023481369018555,19.290353150613242,19.031330649009217,-6.44277506779207,-0.9765186309814452,-3.7096468493867576,-3.9686693509907833
sub-482038057597,19.0,30.87951108877762,25.31135368347168,28.09543238612465,28.359283538576044,11.87951108877762,6.31135368347168,9.09543238612465,9.359283538576044
sub-482555510183,19.0,31.519289256535647,21.31264877319336,26.4159690148645,26.899618031614764,12.519289256535648,2.3126487731933594,7.415969014864501,7.899618031614764
sub-482977570138,29.0,13.398835186132928,22.75126838684082,18.075051786486874,17.63187999757875,-15.601164813867072,-6.24873161315918,-10.924948213513126,-11.36812000242125
sub-483402142821,22.5,28.142636755070896,20.041595458984375,24.092116107027636,24.475989788470606,5.642636755070896,-2.458404541015625,1.5921161070276355,1.9759897884706064
sub-483551880880,27.5,34.24921357389336,23.620521545410156,28.934867559651757,29.438515793103974,6.749213573893357,-3.879478454589844,1.4348675596517566,1.9385157931039743
sub-483923683945,25.4072553045859,38.39940837235514,33.607398986816406,36.00340367958577,36.230476498634935,12.99215306776924,8.200143682230507,10.596148374999874,10.823221194049037
sub-484148497117,22.5,27.85100513779274,18.460926055908203,23.15596559685047,23.60092126297515,5.35100513779274,-4.039073944091797,0.6559655968504714,1.1009212629751488
sub-484948078712,58.04243668720055,48.59569659542865,54.747371673583984,51.67153413450632,51.38003257649879,-9.4467400917719,-3.295065013616565,-6.370902552694233,-6.6624041107017575
sub-485023310830,13.38,13.542591923418517,19.38457298278809,16.463582453103303,16.186755969418584,0.1625919234185158,6.004572982788085,3.0835824531033023,2.8067559694185835
sub-485776903651,44.02464065708419,41.33976219591143,43.29157638549805,42.31566929070474,42.22318116836777,-2.684878461172758,-0.7330642715861444,-1.7089713663794512,-1.801459488716418
sub-485953220500,21.0,13.30902018672752,15.467662811279297,14.38834149900341,14.28605266218354,-7.690979813272481,-5.532337188720703,-6.61165850099659,-6.71394733781646
sub-486133856944,23.0,27.19648350536472,18.95860481262207,23.077544158993398,23.46790197911603,4.196483505364721,-4.04139518737793,0.07754415899339762,0.4679019791160286
sub-486143240913,9.897,11.202482134205276,12.594507217407228,11.898494675806251,11.832532563798772,1.3054821342052758,2.6975072174072263,2.001494675806251,1.9355325637987715
sub-486245124301,27.5,37.3784307625787,27.091629028320312,32.23502989544951,32.72247741085859,9.878430762578702,-0.4083709716796875,4.735029895449507,5.222477410858588
sub-486417717551,11.09,16.694691218458427,14.009191513061523,15.351941365759975,15.479195705140118,5.604691218458427,2.9191915130615236,4.261941365759975,4.389195705140118
sub-486423606320,43.91786447638604,47.84165449854631,36.00310134887695,41.922377923711636,42.483356298518494,3.9237900221602686,-7.91476312750909,-1.9954865526744072,-1.4345081778675493
sub-486471404776,66.90759753593429,44.73614327130359,67.83212280273438,56.28413303701898,55.18971339820725,-22.171454264630697,0.9245252668000888,-10.623464498915304,-11.717884137727033
sub-486615289589,19.0,19.74524713754665,23.82695770263672,21.786102420091684,21.59268762266771,0.7452471375466487,4.826957702636719,2.7861024200916837,2.592687622667711
sub-486972667341,24.0,25.805536913226987,26.116579055786133,25.96105798450656,25.94631902836696,1.8055369132269872,2.116579055786133,1.96105798450656,1.9463190283669611
sub-487060207493,23.0,23.946001576885088,18.79577255249023,21.370887064687658,21.614934379546305,0.946001576885088,-4.204227447509766,-1.6291129353123424,-1.3850656204536946
sub-487347404192,21.0,15.08425481616158,17.09890365600586,16.09157923608372,15.996113648549999,-5.915745183838421,-3.9010963439941406,-4.908420763916279,-5.003886351450001
sub-487885864728,20.0,25.787609405419957,21.141422271728516,23.464515838574236,23.684678765103783,5.787609405419957,1.1414222717285156,3.4645158385742363,3.684678765103783
sub-488302703346,13.0,19.559648966929636,30.442459106445312,25.001054036687474,24.485364233363185,6.559648966929636,17.442459106445312,12.001054036687474,11.485364233363185
sub-488756364056,27.5,42.414385882731715,33.360740661621094,37.88756327217641,38.31657677729028,14.914385882731716,5.860740661621094,10.387563272176408,10.81657677729028
sub-488848096628,20.0,30.012712188312182,24.790639877319336,27.401676032815757,27.649127693598015,10.012712188312182,4.790639877319336,7.401676032815757,7.649127693598015
sub-488893580166,22.0,20.766138969402604,20.42386817932129,20.595003574361947,20.61122232247552,-1.2338610305973958,-1.576131820678711,-1.4049964256380534,-1.3887776775244802
sub-489027396007,12.25,19.217350985008352,18.19998550415039,18.70866824457937,18.756876841256766,6.967350985008352,5.949985504150391,6.458668244579371,6.506876841256766
sub-489158333694,18.0,27.253546228192796,35.0660285949707,31.15978741158175,30.789587303011494,9.253546228192796,17.066028594970703,13.15978741158175,12.789587303011494
sub-489797046592,10.0,19.268887511902204,18.68683433532715,18.977860923614678,19.005441932959165,9.268887511902204,8.686834335327148,8.977860923614678,9.005441932959165
sub-490000239058,19.0,13.113033502568223,21.00455665588379,17.058795079226005,16.684849566009188,-5.886966497431775,2.004556655883789,-1.9412049207739948,-2.315150433990812
sub-490316768116,27.0,28.0488552324123,26.02347183227539,27.036163532343846,27.13213778475503,1.0488552324123006,-0.9765281677246094,0.03616353234384562,0.1321377847550309
sub-491115214422,25.24,35.11476775263894,31.78152084350586,33.4481442980724,33.606092605629534,9.874767752638942,6.541520843505861,8.208144298072401,8.366092605629536
sub-491354632411,23.0,28.98330788300206,27.71954345703125,28.351425670016653,28.411310058324666,5.983307883002059,4.71954345703125,5.351425670016653,5.411310058324666
sub-491370394347,25.0,17.819695833621594,20.9024658203125,19.361080826967047,19.215001548935884,-7.180304166378406,-4.0975341796875,-5.638919173032953,-5.784998451064116
sub-491555377117,28.561259411362077,36.332039192071775,24.788379669189453,30.560209430630614,31.10721405835838,7.770779780709699,-3.772879742172623,1.9989500192685377,2.5459546469963037
sub-491975081522,12.04,10.54394115537604,11.627141952514648,11.085541553945344,11.034213303348666,-1.4960588446239598,-0.4128580474853507,-0.9544584460546552,-1.0057866966513327
sub-492227230800,19.0,23.41840857241476,19.20602798461914,21.31221827851695,21.511824969160187,4.418408572414762,0.2060279846191406,2.3122182785169514,2.5118249691601875
sub-492310557789,25.0,23.84445311023793,22.02291488647461,22.93368399835627,23.019998900143392,-1.155546889762071,-2.97708511352539,-2.066316001643731,-1.980001099856608
sub-492342176669,23.0,26.559247422807072,21.34297752380371,23.951112473305393,24.19828918261286,3.559247422807072,-1.657022476196289,0.9511124733053933,1.1982891826128608
sub-492464773660,12.92,5.342774853114278,15.018176078796388,10.180475465955332,9.721999604372614,-7.577225146885722,2.098176078796387,-2.7395245340446674,-3.1980003956273855
sub-493277753851,9.394520548,15.124770647705542,14.714178085327148,14.919474366516345,14.938930591059904,5.730250099705543,5.319657537327149,5.524953818516346,5.544410043059905
sub-493471626213,20.0,31.37061776786619,45.4059944152832,38.3883060915747,37.72322965174893,11.37061776786619,25.405994415283203,18.388306091574698,17.72322965174893
sub-493548099048,21.0,23.81848305869981,24.475255966186523,24.146869512443168,24.115747854787784,2.8184830586998117,3.475255966186523,3.1468695124431676,3.1157478547877844
sub-493826676373,25.0,7.110499992029737,9.846251487731934,8.478375739880835,8.348740183193122,-17.889500007970263,-15.153748512268066,-16.521624260119165,-16.651259816806878
sub-494054491223,21.0,24.497882071123456,20.979915618896484,22.73889884500997,22.905600221271516,3.497882071123456,-0.0200843811035156,1.7388988450099703,1.9056002212715164
sub-494149399145,10.30410959,8.475680895812534,9.968594551086426,9.22213772344948,9.151394933728938,-1.8284286941874657,-0.3355150389135737,-1.0819718665505196,-1.152714656271062
sub-494293108467,20.0,21.64016688599487,25.83449363708496,23.737330261539917,23.53857906496306,1.6401668859948693,5.834493637084961,3.737330261539917,3.5385790649630593
sub-494369842715,10.87123288,5.387066863532976,12.216121673583984,8.80159426855848,8.477994583666547,-5.484166016467025,1.3448887935839835,-2.069638611441521,-2.393238296333454
sub-494402729031,62.24503764544832,52.61904198786577,71.0211181640625,61.820080075964135,60.94808443123594,-9.62599565758255,8.77608051861418,-0.42495756948418517,-1.2969532142123796
sub-494429682464,21.0,16.268282946008878,20.664148330688477,18.46621563834868,18.257914388340254,-4.731717053991122,-0.3358516693115234,-2.533784361651321,-2.7420856116597463
sub-494516431871,9.7721,7.910524356645261,14.038252830505373,10.974388593575316,10.684021762674213,-1.8615756433547384,4.266152830505371,1.2022885935753163,0.9119217626742131
sub-494562255867,12.9,15.068522576849409,14.231111526489258,14.649817051669334,14.689498377937607,2.1685225768494067,1.3311115264892577,1.7498170516693339,1.7894983779376066
sub-494597935437,22.0,25.238213811504327,20.509777069091797,22.87399544029806,23.098055823826407,3.238213811504327,-1.4902229309082031,0.8739954402980601,1.0980558238264067
sub-494788265618,12.00547945,9.393206886030825,18.254411697387695,13.82380929170926,13.403914714132053,-2.6122725639691744,6.248932247387696,1.8183298417092608,1.398435264132054
sub-494808050710,21.0,24.322877045291065,18.86172866821289,21.592302856751978,21.851083309263444,3.322877045291065,-2.13827133178711,0.5923028567519779,0.8510833092634442
sub-495207539415,21.0,25.905726121550863,26.673330307006836,26.28952821427885,26.25315473662427,4.905726121550863,5.673330307006836,5.28952821427885,5.253154736624271
sub-495214442213,19.0,14.141845000776913,20.884111404418945,17.512978202597928,17.193491048905027,-4.858154999223089,1.884111404418945,-1.4870217974020719,-1.8065089510949726
sub-495387604500,19.08,26.366779460320807,18.785438537597656,22.57610899895923,22.93535630358486,7.286779460320808,-0.294561462402342,3.496108998959233,3.8553563035848626
sub-496049662826,15.0,14.903734437580384,29.31863021850586,22.11118232804312,21.428122100500055,-0.0962655624196173,14.31863021850586,7.111182328043121,6.428122100500055
sub-496494295468,19.0,21.647113840617415,22.872541427612305,22.25982763411486,22.2017598645568,2.647113840617415,3.8725414276123047,3.2598276341148598,3.2017598645567986
sub-497005491341,23.0,24.701669012923595,19.5761661529541,22.13891758293885,22.381793230672365,1.7016690129235954,-3.4238338470458984,-0.8610824170611515,-0.6182067693276352
sub-497215688436,21.0,17.570191707060573,18.921483993530273,18.245837850295423,18.1818058912233,-3.429808292939427,-2.0785160064697266,-2.7541621497045767,-2.8181941087767015
sub-497483458757,8.42,11.62602547376632,12.479473114013672,12.052749293889995,12.012308062249955,3.206025473766319,4.059473114013672,3.6327492938899955,3.5923080622499555
sub-497501390567,59.0,45.70401677180449,34.316402435302734,40.01020960355361,40.54981991763971,-13.29598322819551,-24.683597564697266,-18.989790396446388,-18.45018008236029
sub-497610867892,23.0,15.957920452200828,18.985210418701172,17.471565435450998,17.328115118169286,-7.0420795477991724,-4.014789581298828,-5.528434564549002,-5.671884881830714
sub-497678537794,19.0,29.576828562103262,21.12215805053711,25.349493306320184,25.750123963051948,10.576828562103266,2.12215805053711,6.349493306320184,6.750123963051948
sub-498296814482,9.057534247,22.562572958019324,27.94906997680664,25.255821467412982,25.00057842332649,13.505038711019324,18.89153572980664,16.198287220412983,15.943044176326492
sub-498374469326,12.97,23.86822560415147,18.200212478637695,21.034219041394582,21.302801929128925,10.898225604151468,5.230212478637695,8.064219041394582,8.332801929128925
sub-498933429251,22.5,24.90485299803275,23.747257232666016,24.326055115349384,24.380908625143093,2.4048529980327515,1.2472572326660156,1.8260551153493836,1.8809086251430926
sub-499061605207,20.0,16.548299529911194,24.381441116333008,20.4648703231221,20.09369126253684,-3.451700470088806,4.381441116333008,0.4648703231220992,0.09369126253684001
sub-499165373448,33.0,42.61534639133919,27.431156158447266,35.02325127489323,35.7427650745879,9.615346391339187,-5.568843841552734,2.0232512748932265,2.7427650745879006
sub-499339327714,16.0,20.122175136251585,17.7282772064209,18.92522617133624,19.038662750380315,4.122175136251585,1.7282772064208984,2.9252261713362415,3.0386627503803147
sub-499898787180,23.0,20.590707592247593,19.9521484375,20.2714280148738,20.30168660072627,-2.4092924077524067,-3.0478515625,-2.7285719851262016,-2.6983133992737294
sub-499917422866,12.36986301,19.00050750960711,21.180042266845703,20.090274888226407,19.9869960626391,6.630644499607111,8.810179256845704,7.7204118782264075,7.617133052639101
sub-500210727969,19.0,18.427526396758196,14.709590911865234,16.568558654311715,16.744735707333625,-0.5724736032418036,-4.290409088134766,-2.4314413456882846,-2.255264292666375
sub-500943633771,21.0,15.535719244746986,22.909704208374023,19.222711726560505,18.87329013352899,-5.464280755253014,1.9097042083740232,-1.7772882734394955,-2.1267098664710105
sub-501401162183,62.5,50.05984107449101,44.6856575012207,47.372749287855854,47.627408850450394,-12.440158925508996,-17.814342498779297,-15.127250712144146,-14.872591149549606
sub-501412735160,10.79726027,12.951746585033431,16.010326385498047,14.48103648526574,14.336103476646382,2.154486315033433,5.213066115498046,3.6837762152657394,3.5388432066463817
sub-502014416815,21.0,28.69183325045172,22.512630462646484,25.602231856549103,25.89503783492171,7.691833250451722,1.5126304626464844,4.602231856549103,4.895037834921709
sub-502254701139,17.0,21.122391109471835,21.8669376373291,21.494664373400468,21.459383499472295,4.122391109471835,4.866937637329102,4.494664373400468,4.459383499472295
sub-502693562289,25.0,31.01284034800174,31.11387825012207,31.063359299061904,31.058571545236855,6.012840348001738,6.11387825012207,6.063359299061904,6.058571545236855
sub-502800059899,21.0,18.730646867137978,18.729034423828125,18.72984064548305,18.729917052271617,-2.2693531328620224,-2.270965576171875,-2.2701593545169487,-2.2700829477283833
sub-502907007823,14.0,24.253057582637197,20.870132446289062,22.56159501446313,22.721897360627352,10.253057582637195,6.8701324462890625,8.56159501446313,8.721897360627352
sub-503460268168,17.8,11.15267295882121,18.47707748413086,14.814875221476035,14.467803033254201,-6.647327041178791,0.6770774841308587,-2.985124778523966,-3.3321969667457996
sub-503660804724,27.0,24.923445448283427,42.75056838989258,33.837006919088005,32.99225584783523,-2.0765545517165727,15.750568389892578,6.8370069190880045,5.9922558478352315
sub-503738728205,14.03,17.048371625716513,19.546205520629883,18.297288573173198,18.17892691350154,3.0183716257165134,5.5162055206298835,4.267288573173198,4.148926913501542
sub-504022302723,18.0,21.673192015365977,20.78284072875977,21.228016372062875,21.270206309587586,3.673192015365977,2.7828407287597656,3.228016372062875,3.2702063095875857
sub-504073242885,22.0,25.90841359061038,30.751266479492188,28.329840035051284,28.10035795994572,3.908413590610379,8.751266479492188,6.329840035051284,6.100357959945718
sub-504254596687,18.0,14.69395854420803,17.09685516357422,15.895406853891124,15.781543865456715,-3.30604145579197,-0.9031448364257812,-2.1045931461088756,-2.2184561345432847
sub-504323401470,12.0,9.21074035896073,13.069520950317385,11.140130654639059,10.957279554719303,-2.789259641039269,1.0695209503173828,-0.8598693453609414,-1.0427204452806969
sub-504662286528,28.0,35.89305604582683,26.41672134399414,31.154888694910486,31.603931645763687,7.893056045826832,-1.5832786560058594,3.154888694910486,3.603931645763687
sub-505113843035,20.0,20.236293120796923,17.166017532348633,18.701155326572778,18.84664254853664,0.2362931207969225,-2.833982467651367,-1.2988446734272223,-1.1533574514633607
sub-505223133481,62.7378507871321,43.13822392864035,35.05488586425781,39.09655489644908,39.47958969749641,-19.599626858491753,-27.68296492287429,-23.641295890683026,-23.258261089635695
sub-505298572621,16.0986,14.682342480089613,22.655902862548828,18.669122671319222,18.291289764862974,-1.4162575199103884,6.557302862548827,2.570522671319221,2.1926897648629726
sub-505313912099,10.0,7.001933254765138,11.087156295776367,9.044544775270753,8.850963536643292,-2.998066745234862,1.0871562957763672,-0.9554552247292474,-1.1490364633567083
sub-505669140091,32.5,33.28043844805948,39.31480407714844,36.297621262603954,36.011678497402855,0.7804384480594777,6.8148040771484375,3.797621262603954,3.5116784974028548
sub-506026946056,22.0,19.797248916147456,19.046178817749023,19.421713866948238,19.457303864969013,-2.2027510838525437,-2.953821182250977,-2.578286133051762,-2.5426961350309867
sub-506541958125,32.0,36.368347935821575,51.468109130859375,43.918228533340475,43.202715464465115,4.368347935821575,19.468109130859375,11.918228533340475,11.202715464465115
sub-507316241895,20.33,28.99553224761233,33.65266799926758,31.324100123439955,31.10341838875589,8.665532247612333,13.32266799926758,10.994100123439956,10.773418388755893
sub-507884784363,23.0,30.414669271028274,24.58034896850586,27.497509119767066,27.77397259296633,7.414669271028274,1.5803489685058594,4.4975091197670665,4.773972592966331
sub-507959688959,23.0,27.456352012760252,24.478551864624023,25.967451938692136,26.10855714525598,4.456352012760252,1.4785518646240234,2.967451938692136,3.108557145255979
sub-508155480644,19.0,17.290554694315922,19.49550437927246,18.39302953679419,18.288546406536643,-1.7094453056840777,0.4955043792724609,-0.6069704632058084,-0.7114535934633572
sub-508767756378,12.0,8.070054347493723,15.262702941894531,11.666378644694127,11.325549806234545,-3.9299456525062766,3.2627029418945312,-0.33362135530587267,-0.6744501937654555
sub-509770945531,9.783,12.862530234900998,14.783414840698242,13.82297253779962,13.731950036086076,3.0795302349009983,5.000414840698243,4.0399725377996205,3.9489500360860763
sub-509844839359,21.0,21.320534840362583,19.23563575744629,20.278085298904436,20.376879744845944,0.3205348403625834,-1.764364242553711,-0.7219147010955638,-0.6231202551540562
sub-510407668762,15.53,14.865049577317794,20.84593963623047,17.85549460677413,17.57208582001364,-0.664950422682205,5.315939636230469,2.3254946067741304,2.042085820013641
sub-510703389436,21.0,21.127490540901366,20.817014694213867,20.972252617557615,20.986964739359124,0.1274905409013662,-0.1829853057861328,-0.02774738244238506,-0.013035260640876345
sub-510978667156,10.67671233,10.277901620357872,18.819786071777344,14.548843846067609,14.144080493927813,-0.3988107096421274,8.143073741777343,3.8721315160676077,3.467368163927812
sub-510989746907,37.097878165639976,47.11640160059495,31.823246002197266,39.4698238013961,40.19450100348285,10.018523434954972,-5.2746321634427105,2.371945635756127,3.0966228378428724
sub-511100454521,19.0,21.21219941524749,20.98977851867676,21.100988966962127,21.111528541478023,2.212199415247486,1.9897785186767576,2.1009889669621273,2.111528541478023
sub-511145985367,31.854893908282,48.97255455876457,37.586368560791016,43.27946155977779,43.81900419101312,17.11766065048257,5.731474652509014,11.424567651495792,11.96411028273112
sub-511947368541,19.0,23.114709035615977,24.91506004333496,24.014884539475467,23.929573609193394,4.114709035615974,5.915060043334961,5.014884539475467,4.929573609193394
sub-511948912967,19.0,12.080488987125149,18.98672103881836,15.533605012971755,15.206348228851464,-6.919511012874853,-0.0132789611816406,-3.466394987028245,-3.793651771148536
sub-511979172515,34.8227,28.020826610536552,27.0671443939209,27.543985502228725,27.58917642152398,-6.801873389463445,-7.755555606079099,-7.278714497771272,-7.233523578476017
sub-512419690162,19.0,26.793787363278796,24.73594665527344,25.764867009276117,25.86237927461747,7.7937873632787955,5.7359466552734375,6.7648670092761165,6.862379274617471
sub-512558933065,27.5,34.695944254283006,25.065814971923828,29.880879613103417,30.337210231017544,7.195944254283006,-2.434185028076172,2.380879613103417,2.8372102310175435
sub-512591307504,24.876112251882272,26.13433178600929,18.87242126464844,22.503376525328868,22.847487390124844,1.2582195341270186,-6.003690987233835,-2.3727357265534046,-2.0286248617574287
sub-512682505677,21.0,22.213407937695443,24.509429931640625,23.361418934668034,23.25262027739967,1.2134079376954432,3.509429931640625,2.361418934668034,2.2526202773996715
sub-512752293894,9.0,8.44487327128644,8.756855964660645,8.600864617973542,8.586081093155578,-0.5551267287135602,-0.2431440353393554,-0.3991353820264578,-0.41391890684442245
sub-513149413681,41.30047912388775,41.22343443025728,41.28709030151367,41.25526236588547,41.25224598653972,-0.0770446936304694,-0.0133888223740754,-0.04521675800227598,-0.04823313734802781
sub-513432871555,11.0,15.574310217740134,29.820743560791016,22.697526889265575,22.02244937577718,4.574310217740134,18.820743560791016,11.697526889265575,11.022449375777182
sub-513571495706,11.3,22.51969693619509,20.191495895385746,21.355596415790416,21.465919900390674,11.219696936195088,8.891495895385741,10.055596415790415,10.165919900390673
sub-513842955165,52.6652977412731,41.228709707906305,35.9416389465332,38.585174327219754,38.83570598642735,-11.436588033366796,-16.723658794739897,-14.080123414053347,-13.829591754845751
sub-514113966552,29.0,37.993957914029025,27.757089614868164,32.875523764448594,33.36060514804111,8.993957914029025,-1.242910385131836,3.8755237644485945,4.36060514804111
sub-514216395702,21.0,19.307953427545733,14.978503227233888,17.14322832738981,17.348382446011648,-1.6920465724542666,-6.021496772766113,-3.85677167261019,-3.651617553988352
sub-514546668706,60.9199178644764,52.24632606454975,61.895870208740234,57.07109813664499,56.61384753150781,-8.673591799926655,0.9759523442638312,-3.848819727831412,-4.306070332968595
sub-514812597461,9.0,11.638243449654873,15.727925300598145,13.683084375126509,13.489291852576288,2.638243449654873,6.7279253005981445,4.6830843751265085,4.489291852576288
sub-515049857854,20.0,27.540592927531105,19.950483322143555,23.74553812483733,24.10520093981191,7.540592927531104,-0.0495166778564453,3.7455381248373314,4.105200939811908
sub-515081497394,21.0,29.69307700974682,24.13593864440918,26.914507827077998,27.17783683437743,8.693077009746819,3.1359386444091797,5.914507827077998,6.17783683437743
sub-515473988139,72.5,48.63934113214634,28.24602699279785,38.4426840624721,39.40903595346623,-23.860658867853655,-44.25397300720215,-34.0573159375279,-33.09096404653377
sub-516034188736,33.24,26.11566479842606,27.592565536499023,26.854115167462542,26.78413116136646,-7.124335201573942,-5.6474344635009786,-6.38588483253746,-6.455868838633542
sub-517171317509,21.0,30.551555732934105,22.59497833251953,26.573267032726818,26.950295188336717,9.551555732934103,1.5949783325195312,5.573267032726818,5.9502951883367174
sub-517485012755,20.0,45.44878872744874,38.555389404296875,42.00208906587281,42.32873776190071,25.448788727448743,18.555389404296875,22.00208906587281,22.32873776190071
sub-517627279842,8.67,13.50956126084985,13.222990036010742,13.366275648430296,13.379855032493893,4.83956126084985,4.552990036010742,4.696275648430296,4.709855032493893
sub-517932747297,71.66324435318275,51.13338378889309,49.3956184387207,50.2645011138069,50.34684637759132,-20.529860564289663,-22.267625914462045,-21.398743239375847,-21.31639797559143
sub-518050018372,23.0,28.38840892532428,21.62385368347168,25.006131304397982,25.32667463075638,5.388408925324278,-1.3761463165283203,2.0061313043979823,2.3266746307563793
sub-518056224773,27.0,25.9024141048244,26.48126220703125,26.191838155927826,26.16440902134265,-1.097585895175598,-0.51873779296875,-0.8081618440721741,-0.8355909786573505
sub-518298583047,67.5,43.521727539397,33.49680709838867,38.50926731889284,38.98430540044438,-23.978272460603,-34.00319290161133,-28.99073268110716,-28.515694599555623
sub-518733647647,22.5,34.122440914965274,36.71125793457031,35.41684942476779,35.294176464147526,11.622440914965274,14.211257934570312,12.91684942476779,12.794176464147526
sub-518817165912,11.04931507,16.272116743694376,15.647505760192873,15.959811251943623,15.989408893647077,5.222801673694375,4.598190690192871,4.910496181943623,4.940093823647077
sub-518818481065,23.0,38.7997441224563,23.186553955078125,30.993149038767214,31.73299130960171,15.799744122456303,0.186553955078125,7.993149038767214,8.732991309601712
sub-519085723694,83.0,58.06096522120335,55.57594299316406,56.818454107183705,56.936208676785256,-24.939034778796653,-27.424057006835938,-26.181545892816295,-26.063791323214744
sub-519122653786,18.0,12.419928385308694,20.645353317260746,16.532640851284718,16.14287316159443,-5.580071614691306,2.645353317260742,-1.467359148715282,-1.85712683840557
sub-519236401892,13.0,19.563033314074723,19.20903968811035,19.386036501092537,19.402810744234827,6.563033314074723,6.209039688110352,6.386036501092537,6.402810744234827
sub-519256340478,9.25,0.9310363641354442,14.045547485351562,7.488291924743503,6.866851361681808,-8.318963635864556,4.7955474853515625,-1.7617080752564966,-2.3831486383181923
sub-519310637883,23.0,28.30612295486467,21.891605377197266,25.098864166030967,25.402820705347633,5.306122954864669,-1.1083946228027344,2.0988641660309675,2.402820705347633
sub-519698613585,23.0,23.03167277806643,20.60388946533203,21.81778112169923,21.932823384038443,0.0316727780664294,-2.3961105346679688,-1.1822188783007697,-1.0671766159615572
sub-519733259421,23.0,21.68908679576601,22.135517120361328,21.91230195806367,21.891147535323846,-1.3109132042339908,-0.8644828796386719,-1.0876980419363314,-1.1088524646761542
sub-519801603913,19.0,25.872464208081578,18.051626205444336,21.96204520676296,22.332641253161558,6.872464208081578,-0.948373794555664,2.9620452067629586,3.332641253161558
sub-520091474797,34.236824093086916,40.63798463836996,37.00522994995117,38.821607294160565,38.99374799373905,6.401160545283041,2.7684058568642556,4.584783201073648,4.756923900652133
sub-520349870969,52.887063655030786,53.29844888030433,54.85171890258789,54.07508389144611,54.00148107176699,0.4113852252735412,1.964655247557104,1.1880202364153263,1.1144174167362024
sub-520988708445,21.0,24.312473119395975,20.328447341918945,22.32046023065746,22.509246164004402,3.3124731193959747,-0.6715526580810547,1.32046023065746,1.5092461640044021
sub-521130407753,19.0,31.366319995367665,20.279211044311523,25.822765519839592,26.348136169617334,12.366319995367665,1.2792110443115234,6.822765519839592,7.348136169617334
sub-521410433804,33.24024640657084,33.24250812617437,24.236358642578125,28.739433384376248,29.166196269730747,0.0022617196035312,-9.003887763992715,-4.500813022194592,-4.074050136840093
sub-521784895043,8.898015,2.428221922958059,6.276060581207275,4.352141252082667,4.169808643550691,-6.46979307704194,-2.6219544187927237,-4.545873747917332,-4.728206356449308
sub-522535703135,77.0,57.606957002862515,28.761852264404297,43.184404633633406,44.551250714631564,-19.393042997137485,-48.2381477355957,-33.815595366366594,-32.448749285368436
sub-522546505826,54.21492128678987,44.0711995810355,39.60871124267578,41.83995541185564,42.05141363854929,-10.143721705754366,-14.606210044114086,-12.374965874934226,-12.163507648240575
sub-522635986366,10.67,9.50310669204125,18.515644073486328,14.009375382763789,13.582309802265012,-1.16689330795875,7.845644073486328,3.339375382763789,2.9123098022650122
sub-522815183788,21.0,27.89287698651935,18.992534637451172,23.442705811985263,23.864454949999175,6.892876986519354,-2.007465362548828,2.442705811985263,2.8644549499991747
sub-522964764253,27.0,24.88461736553588,21.763349533081055,23.323983449308468,23.471886975512287,-2.115382634464119,-5.236650466918945,-3.676016550691532,-3.5281130244877126
sub-523056996207,23.0,28.038899767542,18.11511611938477,23.077007943463386,23.54725358518132,5.038899767541999,-4.884883880615234,0.07700794346338569,0.5472535851813198
sub-523098042038,19.0,21.144933743482326,21.7396240234375,21.442278883459913,21.414099055862316,2.1449337434823263,2.7396240234375,2.442278883459913,2.414099055862316
sub-523327138347,15.91,17.168363014262585,17.863513946533203,17.515938480397892,17.482998252373363,1.258363014262585,1.953513946533203,1.6059384803978922,1.5729982523733632
sub-523987222100,21.0,25.56625283227947,22.019672393798828,23.79296261303915,23.961019883665692,4.566252832279474,1.019672393798828,2.792962613039151,2.961019883665692
sub-524224102666,68.15058179329226,59.21639063903655,41.80449676513672,50.51044370208663,51.33551884464852,-8.934191154255714,-26.346085028155542,-17.64013809120563,-16.815062948643742
sub-524609168470,21.0,36.83647631711875,34.2902717590332,35.56337403807598,35.68402777649,15.836476317118752,13.290271759033203,14.563374038075978,14.684027776489998
sub-524943052363,16.0,16.137787896230826,20.306612014770508,18.222199955500667,18.02465721955076,0.1377878962308258,4.306612014770508,2.222199955500667,2.024657219550761
sub-525079718146,44.2,37.15168992917947,23.89127540588379,30.52148266753163,31.149836968475192,-7.048310070820534,-20.308724594116217,-13.678517332468374,-13.05016303152481
sub-525096935871,22.0,29.614905576096575,20.2470703125,24.930987944298288,25.374889571058954,7.614905576096575,-1.7529296875,2.9309879442982876,3.3748895710589544
sub-525182251128,19.0,21.127766921827327,36.55934524536133,28.84355608359433,28.112319620895107,2.1277669218273267,17.559345245361328,9.84355608359433,9.112319620895107
sub-525443507902,14.0,21.81791326397189,20.172027587890625,20.994970425931257,21.072961905127492,7.817913263971889,6.172027587890625,6.994970425931257,7.072961905127492
sub-525653325297,24.0,34.03372304567218,26.30537986755371,30.169551456612947,30.535764569076925,10.033723045672184,2.305379867553711,6.169551456612947,6.535764569076925
sub-525763369127,27.66,26.964472788481057,22.48987197875977,24.727172383620413,24.939204568500795,-0.695527211518943,-5.1701280212402345,-2.932827616379587,-2.720795431499205
sub-525789234356,27.5,28.858401693291498,21.840051651000977,25.349226672146237,25.681796248071127,1.3584016932914942,-5.659948348999023,-2.150773327853763,-1.8182037519288734
sub-526031133456,10.11232877,11.978561234130671,18.254173278808594,15.116367256469633,14.818992855963595,1.8662324641306736,8.141844508808594,5.004038486469634,4.706664085963595
sub-526119249037,22.5,16.466233059321084,19.906986236572266,18.186609647946675,18.02356707837897,-6.033766940678916,-2.5930137634277344,-4.313390352053325,-4.476432921621029
sub-526462261938,21.0,17.74010115068845,18.775665283203125,18.257883216945785,18.208812264041157,-3.2598988493115506,-2.224334716796875,-2.7421167830542146,-2.791187735958843
sub-526879269662,21.0,17.166122362243303,19.068614959716797,18.11736866098005,18.02721767783879,-3.833877637756697,-1.9313850402832031,-2.8826313390199516,-2.9727823221612084
sub-527212529902,19.0,10.964201310036092,17.826711654663086,14.395456482349589,14.070271482835384,-8.035798689963908,-1.173288345336914,-4.604543517650411,-4.929728517164616
sub-527520173294,57.73853524982889,45.101806786592746,22.91986083984375,34.01083381321825,35.06194131173959,-12.636728463236146,-34.81867440998514,-23.727701436610644,-22.676593938089304
sub-527550273544,20.0,21.259488818264273,17.29619789123535,19.277843354749812,19.465646752261573,1.2594888182642734,-2.7038021087646484,-0.7221566452501875,-0.5343532477384265
sub-527982967568,62.09445585215607,55.292987388827854,53.76306915283203,54.52802827082994,54.60052454928271,-6.801468463328213,-8.331386699324035,-7.566427581326124,-7.4939313028733565
sub-528086828510,19.0,26.17742097453192,35.94695281982422,31.06218689717807,30.599250588331152,7.17742097453192,16.94695281982422,12.06218689717807,11.599250588331152
sub-528159895368,19.0,19.67834053171417,18.590539932250977,19.134440231982573,19.185986447528165,0.67834053171417,-0.4094600677490234,0.13444023198257327,0.1859864475281654
sub-528349758820,26.0,43.41368995660676,23.29226303100586,33.35297649380631,34.30644481318737,17.41368995660676,-2.7077369689941406,7.35297649380631,8.306444813187369
sub-528365243313,19.0,26.088490610597095,21.725582122802734,23.907036366699913,24.113775930392485,7.088490610597095,2.7255821228027344,4.907036366699913,5.113775930392485
sub-528421144678,15.91,23.74203441074242,19.441572189331055,21.591803300036737,21.795583802382417,7.83203441074242,3.5315721893310545,5.681803300036737,5.885583802382417
sub-529591604049,18.0,8.024665101350916,15.724325180053713,11.874495140702315,11.509641197580336,-9.975334898649084,-2.275674819946289,-6.125504859297685,-6.490358802419664
sub-529610647368,19.0,17.302005687786654,19.407310485839844,18.35465808681325,18.25489670135054,-1.6979943122133463,0.4073104858398437,-0.6453419131867513,-0.745103298649461
sub-530484284929,27.0,12.199769161214576,19.40885353088379,15.804311346049182,15.462703686530794,-14.800230838785424,-7.591146469116211,-11.195688653950818,-11.537296313469206
sub-530551923943,19.0,16.227677198269255,24.995018005371097,20.611347601820178,20.195900837746372,-2.772322801730745,5.995018005371094,1.611347601820178,1.1959008377463718
sub-530581463174,36.46817248459959,39.37665683061209,31.18377113342285,35.28021398201747,35.66843977661265,2.9084843460125,-5.28440135117674,-1.18795850258212,-0.7997327079869407
sub-530817417732,19.0,26.35620178477127,18.69884490966797,22.52752334721962,22.89037272254481,7.356201784771269,-0.3011550903320312,3.5275233472196206,3.890372722544811
sub-530934590183,31.0,25.440929808478877,20.511247634887695,22.976088721683286,23.20968526503561,-5.559070191521123,-10.488752365112305,-8.023911278316714,-7.79031473496439
sub-531119398497,19.0,23.11480585159539,18.83504867553711,20.97492726356625,21.17772664241266,4.1148058515953885,-0.1649513244628906,1.9749272635662507,2.1777266424126616
sub-531172214225,25.0,35.57673303933505,37.59468078613281,36.58570691273393,36.49008500411621,10.576733039335052,12.594680786132812,11.585706912733933,11.49008500411621
sub-531902648118,27.5,37.89750905625962,38.03565979003906,37.96658442314934,37.960038051043384,10.397509056259622,10.535659790039062,10.466584423149342,10.460038051043384
sub-532024257558,67.1129363449692,46.51542908539305,50.653656005859375,48.58454254562621,48.388449679962974,-20.597507259576147,-16.459280339109824,-18.528393799342986,-18.724486665006225
sub-532271128785,59.74264202600958,53.56467673127817,64.57916259765625,59.07191966446721,58.54999031190722,-6.177965294731408,4.836520571646673,-0.6707223615423672,-1.1926517141023538
sub-532899301034,9.3,13.207066303465933,11.430959701538086,12.31901300250201,12.403175094139115,3.907066303465932,2.1309597015380852,3.0190130025020085,3.1031750941391145
sub-534104063338,23.0,15.28437948385492,26.467857360839844,20.876118422347382,20.34618126154706,-7.71562051614508,3.467857360839844,-2.123881577652618,-2.653818738452941
sub-535399597427,32.0,37.87275103209048,38.519046783447266,38.19589890776887,38.165273717709155,5.872751032090477,6.519046783447266,6.195898907768871,6.165273717709155
sub-535587500460,10.0,13.453077616296166,14.637701034545898,14.045389325421032,13.989255090812604,3.4530776162961665,4.637701034545898,4.0453893254210325,3.9892550908126037
sub-535704909571,25.0,31.133348551334485,22.02762031555176,26.580484433443125,27.011965929751227,6.133348551334485,-2.972379684448242,1.5804844334431252,2.011965929751227
sub-535707981968,24.0,33.03800768139499,22.17679214477539,27.60739991308519,28.122066440584796,9.038007681394989,-1.8232078552246096,3.607399913085189,4.1220664405847955
sub-536470263663,21.0,22.79181260089929,25.068927764892575,23.930370182895935,23.82246743939381,1.7918126008992914,4.068927764892578,2.9303701828959348,2.8224674393938116
sub-536531144180,21.0,29.44465859010637,22.49456214904785,25.96961036957711,26.298945699407078,8.444658590106371,1.4945621490478516,4.969610369577111,5.298945699407078
sub-536879781890,19.0,34.210506609512635,26.621736526489254,30.416121568000946,30.775720908742706,15.210506609512636,7.621736526489258,11.416121568000946,11.775720908742706
sub-537034379289,17.36,11.247602406387369,17.674293518066406,14.460947962226887,14.156414571225799,-6.112397593612631,0.3142935180664068,-2.899052037773112,-3.2035854287742005
sub-537117242845,21.0,25.692269904481353,20.626930236816406,23.159600070648878,23.399624842146466,4.692269904481353,-0.3730697631835937,2.159600070648878,2.3996248421464657
sub-537131646189,54.277891854893895,53.614234401732574,33.01652526855469,43.31537983514363,44.2914171302583,-0.6636574531613206,-21.261366586339207,-10.962512019750264,-9.986474724635592
sub-537149039924,13.0,13.73497497950391,21.489887237548828,17.61243110852637,17.244959001057786,0.7349749795039102,8.489887237548828,4.612431108526369,4.2449590010577865
sub-537492154508,29.730321697467488,32.48111859249514,22.53297996520996,27.507049278852552,27.97844899881273,2.750796895027655,-7.197341732257527,-2.223272418614936,-1.7518726986547577
sub-537820593556,22.1081,16.804509782020865,16.5623836517334,16.683446716877132,16.694920038097194,-5.303590217979135,-5.545716348266602,-5.424653283122868,-5.413179961902806
sub-537896211156,7.326489,4.167882476413762,12.848466873168944,8.508174674791352,8.096838925760101,-3.1586065235862373,5.521977873168946,1.1816856747913524,0.7703499257601019
sub-538011067524,19.0,24.907888620905453,16.56175422668457,20.73482142379501,21.13030901836821,5.907888620905453,-2.4382457733154297,1.7348214237950117,2.1303090183682087
sub-538129865393,9.2081,6.355302433569715,17.664794921875,12.010048677722358,11.474140223727106,-2.8527975664302847,8.456694921875,2.8019486777223577,2.2660402237271065
sub-538224989757,23.0,19.132799519088852,24.6248779296875,21.878838724388174,21.61859262994246,-3.867200480911148,1.6248779296875,-1.1211612756118257,-1.3814073700575413
sub-538778430581,21.0,20.625628145525056,23.64925193786621,22.137440041695633,21.994163448719213,-0.3743718544749441,2.649251937866211,1.1374400416956334,0.9941634487192132
sub-538898447435,9.1752,1.6924317899390502,11.99220371246338,6.842317751201215,6.354255634071604,-7.48276821006095,2.8170037124633787,-2.332882248798785,-2.820944365928396
sub-538946903744,27.0,28.940883543776188,34.412330627441406,31.676607085608797,31.417338621461894,1.940883543776188,7.412330627441406,4.676607085608797,4.417338621461894
sub-539211759402,24.0,23.94682839329886,21.56586265563965,22.756345524469253,22.86916930226512,-0.0531716067011416,-2.4341373443603516,-1.2436544755307466,-1.1308306977348792
sub-539327928394,19.0,18.324088226745975,25.261842727661133,21.792965477203552,21.464214979103957,-0.6759117732540219,6.261842727661133,2.792965477203552,2.464214979103957
sub-539663876342,10.54246575,11.55321503456524,14.554051399230955,13.053633216898097,12.911436422608372,1.0107492845652413,4.011585649230957,2.5111674668980974,2.3689706726083717
sub-539946177552,21.0,21.43436306040404,23.033241271972656,22.233802166188347,22.158038169583328,0.4343630604040385,2.033241271972656,1.2338021661883474,1.1580381695833282
sub-540417431290,18.0,14.17953093809166,18.45844078063965,16.318985859365654,16.11622663202843,-3.820469061908341,0.4584407806396484,-1.6810141406343462,-1.8837733679715711
sub-540478978405,23.0,34.096270997780614,43.23124694824219,38.6637589730114,38.230891552660054,11.096270997780614,20.231246948242188,15.663758973011397,15.230891552660054
sub-540543807336,19.0,32.806347307981,22.978939056396484,27.892643182188742,28.35832200626797,13.806347307981,3.978939056396485,8.892643182188742,9.358322006267969
sub-540712487602,21.0,30.81056588530671,31.777240753173828,31.29390331924027,31.248096733799727,9.810565885306708,10.777240753173828,10.293903319240268,10.248096733799727
sub-541303066659,19.0,26.86502647060196,22.76283836364746,24.81393241712471,25.008317557631145,7.865026470601958,3.762838363647461,5.813932417124711,6.008317557631145
sub-541464924960,59.68514715947981,48.92909255799036,22.17272567749023,35.5509091177403,36.818778849674416,-10.756054601489453,-37.51242148198958,-24.134238041739515,-22.866368309805395
sub-541568909688,7.0,6.844326839875269,17.480379104614258,12.162352972244763,11.658355968691946,-0.1556731601247314,10.480379104614258,5.162352972244763,4.6583559686919465
sub-541782998562,21.0,24.074426601347668,22.03103828430176,23.052732442824713,23.14955987120246,3.0744266013476675,1.0310382843017578,2.0527324428247127,2.1495598712024595
sub-541821932799,19.0,16.80630625008115,20.455284118652344,18.630795184366747,18.457885737702274,-2.1936937499188502,1.4552841186523438,-0.36920481563325325,-0.5421142622977264
sub-542120424077,70.83641341546884,58.27434059511556,57.935794830322266,58.10506771271891,58.12110994782404,-12.56207282035328,-12.900618585146574,-12.731345702749927,-12.715303467644802
sub-542231428806,37.828884325804246,31.97738000066905,21.860816955566406,26.91909847811773,27.398479110524768,-5.8515043251351955,-15.96806737023784,-10.909785847686518,-10.430405215279478
sub-542257236175,21.0,22.645144937559063,24.008481979370117,23.326813458464592,23.262210749978163,1.6451449375590634,3.008481979370117,2.326813458464592,2.2622107499781627
sub-542398394549,24.0,35.40141978241094,34.375099182128906,34.88825948226992,34.936892423736516,11.40141978241094,10.375099182128906,10.888259482269923,10.936892423736516
sub-542761478680,11.01643836,18.50853498101945,17.056955337524414,17.782745159271933,17.85152930704875,7.492096621019451,6.040516977524414,6.766306799271932,6.83509094704875
sub-543380072448,20.0,24.22249632059186,20.258474349975582,22.240485335283722,22.428323373822842,4.222496320591858,0.2584743499755859,2.240485335283722,2.428323373822842
sub-543866398227,11.84383562,2.7851994902592914,9.085158348083496,5.935178919171394,5.6366508273740425,-9.058636129740709,-2.758677271916504,-5.908656700828606,-6.207184792625958
sub-544128411470,74.98973305954826,51.121472712427135,23.66769218444824,37.39458244843769,38.69549962878755,-23.86826034712112,-51.322040875100015,-37.59515061111057,-36.294233430760706
sub-544177506947,11.7892,9.340010422628076,16.89240264892578,13.116206535776929,12.758330985999057,-2.449189577371923,5.103202648925782,1.3270065357769294,0.9691309859990582
sub-544551531568,27.3238,18.81584659560984,20.362598419189453,19.589222507399647,19.515928557264743,-8.507953404390157,-6.961201580810545,-7.734577492600351,-7.807871442735255
sub-544715833793,22.5,36.66747861840146,26.815231323242188,31.741354970821824,32.20821081088604,14.16747861840146,4.3152313232421875,9.241354970821824,9.708210810886037
sub-545189027962,20.0,22.880764317407063,18.54537582397461,20.713070070690836,20.918505579612805,2.8807643174070634,-1.4546241760253906,0.7130700706908364,0.9185055796128054
sub-545343612156,23.0,21.04798976153726,21.514049530029297,21.281019645783278,21.258935067694544,-1.952010238462741,-1.4859504699707031,-1.718980354216722,-1.7410649323054557
sub-545397923902,21.0,20.99437439947756,23.61879539489746,22.306584897187513,22.18222481650816,-0.0056256005224391,2.618795394897461,1.3065848971875127,1.1822248165081604
sub-545455624714,14.8,22.22427046873006,19.674779891967773,20.949525180348918,21.070334629126656,7.424270468730061,4.874779891967773,6.149525180348917,6.270334629126655
sub-545465269376,24.0,36.50057464397501,27.931325912475582,32.21595027822529,32.6220103065022,12.500574643975009,3.931325912475586,8.215950278225293,8.622010306502197
sub-545766225869,72.5,51.82998682292394,55.517696380615234,53.67384160176959,53.49909682609646,-20.670013177076054,-16.982303619384766,-18.82615839823041,-19.000903173903538
sub-546159793818,19.0,19.962559356657344,17.978303909301758,18.97043163297955,19.064457007701147,0.9625593566573444,-1.0216960906982422,-0.02956836702044896,0.06445700770114726
sub-546222000389,24.569472963723477,29.693105296507145,24.99713134765625,27.345118322081696,27.567640432736354,5.123632332783668,0.4276583839327728,2.7756453583582186,2.998167469012877
sub-546466749045,20.0,28.96809549001296,19.703174591064453,24.335635040538705,24.774659995944802,8.96809549001296,-0.2968254089355469,4.335635040538705,4.774659995944802
sub-546875623860,21.0,17.22490837326266,18.192672729492188,17.708790551377426,17.662932339745474,-3.775091626737339,-2.8073272705078125,-3.291209448622574,-3.337067660254526
sub-547139274284,19.0,21.65629664461017,20.811901092529297,21.23409886856973,21.274111160486818,2.656296644610169,1.8119010925292969,2.234098868569731,2.274111160486818
sub-547312228567,21.0,25.450059005418304,23.68486213684082,24.567460571129562,24.65110569718759,4.450059005418304,2.6848621368408203,3.567460571129562,3.651105697187589
sub-547450106968,27.5,32.35071750898886,24.71522521972656,28.532971364357707,28.89478467052176,4.850717508988858,-2.7847747802734375,1.0329713643577065,1.3947846705217586
sub-547460968610,19.0,19.11338735098294,21.8731632232666,20.49327528712477,20.362501318034795,0.1133873509829399,2.8731632232666016,1.4932752871247708,1.362501318034795
sub-548237648888,8.331506849,-3.924331976826086,10.013766288757324,3.0447171559656194,2.3842503223860696,-12.255838825826086,1.682259439757324,-5.286789693034381,-5.947256526613931
sub-548299471837,23.0,23.023941720557197,23.145246505737305,23.08459411314725,23.07884599845905,0.0239417205571967,0.1452465057373047,0.08459411314725074,0.07884599845905171
sub-548382705939,14.25,3.3702859389579523,8.89926815032959,6.134777044643771,5.872782236996357,-10.879714061042048,-5.35073184967041,-8.115222955356229,-8.377217763003642
sub-548750637639,12.73,22.275496060504235,20.73286247253418,21.50417926651921,21.577278071091122,9.545496060504234,8.00286247253418,8.774179266519209,8.847278071091122
sub-548760873320,19.0,17.779662486160653,18.437891006469727,18.10877674631519,18.07758611339694,-1.2203375138393469,-0.5621089935302734,-0.8912232536848101,-0.92241388660306
sub-549448988509,9.0,16.232090624929675,15.75724983215332,15.994670228541498,16.01717090179574,7.2320906249296755,6.75724983215332,6.994670228541498,7.01717090179574
sub-550373790770,26.57905544147844,28.989296977223606,22.148902893066406,25.569099935145005,25.893236939714367,2.4102415357451648,-4.430152548412035,-1.0099555063334371,-0.685818501764075
sub-550394965552,32.0,24.387188823879203,20.70277214050293,22.544980482191065,22.719569222641113,-7.612811176120797,-11.29722785949707,-9.455019517808935,-9.280430777358887
sub-551457299823,12.70136986,5.224995904425555,13.473418235778809,9.349207070102182,8.958349632063614,-7.476373955574445,0.7720483757788088,-3.352162789897818,-3.743020227936386
sub-551781438290,21.0,22.00463506638881,20.569557189941406,21.28709612816511,21.355098327815092,1.0046350663888113,-0.4304428100585937,0.28709612816511054,0.3550983278150923
sub-551972724558,21.0,23.097048947372578,19.049537658691406,21.073293303031992,21.265087543090814,2.097048947372574,-1.9504623413085935,0.073293303031992,0.2650875430908144
sub-552444560261,69.6892539356605,58.29466600480791,39.586421966552734,48.94054398568032,49.827047615252965,-11.394587930852596,-30.10283196910777,-20.74870994998018,-19.862206320407537
sub-552670227215,12.42739726,6.008841750043732,16.67535972595215,11.34210073799794,10.83666009476018,-6.418555509956267,4.247962465952149,-1.085296522002059,-1.590737165239819
sub-553719287153,22.5,31.214017219171467,33.53643798828125,32.37522760372636,32.26517802146729,8.714017219171467,11.03643798828125,9.875227603726358,9.765178021467293
sub-553980195351,14.0,19.90836346501827,17.8038387298584,18.856101097438334,18.955825519058536,5.908363465018269,3.8038387298583984,4.856101097438334,4.955825519058536
sub-554090328633,22.5,18.468825472800376,21.62626838684082,20.047546929820598,19.89792922129907,-4.031174527199624,-0.8737316131591797,-2.452453070179402,-2.6020707787009307
sub-554433867792,11.0,12.78438109211637,12.122157096862791,12.453269094489581,12.484649055868207,1.7843810921163694,1.122157096862793,1.4532690944895812,1.484649055868207
sub-554540369195,57.210130047912386,52.72597695405089,48.779510498046875,50.752743726048884,50.939749883873226,-4.484153093861494,-8.430619549865511,-6.457386321863503,-6.27038016403916
sub-554894252350,19.0,16.456698563731713,21.48900604248047,18.97285230310609,18.73439278569152,-2.543301436268287,2.4890060424804688,-0.027147696893909057,-0.26560721430848133
sub-555146543406,8.82739726,22.716231911232263,26.323017120361328,24.519624515796796,24.348714398714527,13.888834651232264,17.49561986036133,15.692227255796796,15.521317138714528
sub-555813233988,25.58521560574949,33.37112998691765,25.844079971313477,29.607604979115564,29.964279669971816,7.785914381168162,0.258864365563987,4.0223893733660745,4.379064064222327
sub-556188520622,21.0,27.981461063510793,21.98101043701172,24.981235750261256,25.265571428617044,6.9814610635107925,0.9810104370117188,3.9812357502612556,4.265571428617044
sub-556282864284,19.0,22.03727453118571,19.648204803466797,20.842739667326253,20.955947458532854,3.037274531185709,0.6482048034667969,1.8427396673262528,1.9559474585328545
sub-557315657627,27.5,42.18356070292373,40.17057037353515,41.17706553822944,41.272452536049684,14.683560702923728,12.670570373535156,13.677065538229442,13.772452536049684
sub-557485689083,18.0,17.516539785910233,20.557052612304688,19.03679619910746,18.892719307077982,-0.4834602140897672,2.5570526123046875,1.0367961991074601,0.8927193070779822
sub-557526146186,19.0,27.57606570965191,21.8731689453125,24.724617327482207,24.994853201588136,8.576065709651914,2.8731689453125,5.724617327482207,5.9948532015881355
sub-557844531627,23.0,22.249868168747387,20.60587501525879,21.427871592003086,21.505773392652046,-0.7501318312526131,-2.394124984741211,-1.5721284079969138,-1.4942266073479544
sub-558059595100,19.0,18.504789867251233,17.72496223449707,18.11487605087415,18.151828745390215,-0.4952101327487668,-1.2750377655029297,-0.8851239491258482,-0.8481712546097846
sub-558379537642,9.7,16.352415675763844,16.43889617919922,16.39565592748153,16.39155798648686,6.652415675763844,6.7388961791992195,6.695655927481532,6.69155798648686
sub-558400453988,8.942465752999999,10.742816231320951,11.978028297424316,11.360422264372634,11.301890850218882,1.8003504783209523,3.0355625444243177,2.417956511372635,2.3594250972188835
sub-558541399225,21.0,20.507834211985355,25.053241729736328,22.78053797086084,22.565150559079527,-0.4921657880146455,4.053241729736328,1.7805379708608413,1.5651505590795267
sub-558593437333,18.0,46.702781592300994,30.829713821411133,38.76624770685606,39.51840446526549,28.70278159230099,12.829713821411133,20.766247706856063,21.51840446526549
sub-558604874300,32.16974674880219,28.6487600477907,30.776185989379883,29.712473018585293,29.61166340679012,-3.5209867010114912,-1.3935607594223072,-2.4572737302168974,-2.5580833420120683
sub-558698688863,15.7,9.058773428813232,14.095322608947754,11.577048018880493,11.338387505388132,-6.641226571186767,-1.6046773910522454,-4.122951981119506,-4.361612494611867
sub-558802533319,8.471232877,28.6496965652441,18.215696334838867,23.432696450041483,23.927119072298378,20.1784636882441,9.744463457838869,14.961463573041483,15.455886195298378
sub-558939022769,24.0,23.221416945726183,22.798784255981445,23.010100600853814,23.03012735551174,-0.7785830542738168,-1.201215744018555,-0.9898993991461857,-0.9698726444882588
sub-558960275349,22.0,30.154993607085785,24.30155563354492,27.228274620315354,27.505643998136783,8.154993607085782,2.301555633544922,5.228274620315354,5.505643998136783
sub-559597730211,23.0,13.757537995342188,18.342885971069336,16.050211983205763,15.832931964032204,-9.242462004657812,-4.657114028930664,-6.949788016794237,-7.167068035967796
sub-560549455828,27.5,42.79386728380092,29.132244110107425,35.96305569695417,36.61042155900771,15.29386728380092,1.632244110107422,8.463055696954171,9.110421559007712
sub-560904425980,24.0,28.00640197600323,25.219011306762695,26.612706641382964,26.744789157532836,4.006401976003229,1.219011306762695,2.612706641382964,2.7447891575328356
sub-561045643649,22.5,29.659838109062377,32.96316146850586,31.31149978878412,31.154969430199387,7.1598381090623775,10.46316146850586,8.811499788784118,8.654969430199387
sub-561139464018,69.0,51.46910983921575,48.954708099365234,50.21190896929049,50.331055708237415,-17.530890160784253,-20.04529190063477,-18.78809103070951,-18.668944291762585
sub-561225919354,22.5,24.407596787693684,27.90182304382324,26.15470991575846,25.989133485802085,1.9075967876936843,5.401823043823242,3.6547099157584597,3.4891334858020855
sub-561366951241,21.0,17.75757869036276,23.768848419189453,20.763213554776108,20.478365205457585,-3.2424213096372405,2.768848419189453,-0.23678644522389192,-0.5216347945424147
sub-561734337718,31.0,29.325999845063855,30.495691299438477,29.910845572251166,29.85541889951465,-1.6740001549361452,-0.5043087005615234,-1.0891544277488343,-1.1445811004853503
sub-561752414596,46.0,20.668415329118492,20.3554630279541,20.511939178536295,20.526768648918342,-25.331584670881508,-25.6445369720459,-25.488060821463705,-25.473231351081658
sub-561933935805,28.61327857631759,46.1206581391855,21.60260581970215,33.86163197944383,35.02343756241724,17.50737956286791,-7.010672756615442,5.248353403126238,6.410158986099653
sub-562485434705,9.063,7.840467029063781,17.238117218017578,12.53929212354068,12.093977695049901,-1.2225329709362196,8.175117218017578,3.476292123540679,3.0309776950499003
sub-562524748965,24.0,27.767899051071293,20.252012252807617,24.009955651939457,24.36610136569503,3.767899051071293,-3.747987747192383,0.0099556519394568,0.36610136569503027
sub-562839089454,42.5,30.81347290031441,34.214256286621094,32.51386459346775,32.35271602125614,-11.686527099685591,-8.285743713378906,-9.986135406532249,-10.147283978743857
sub-562931531957,75.82751540041069,55.8063749437641,63.17163848876953,59.489006716266815,59.139998393943515,-20.02114045664659,-12.655876911641158,-16.338508684143875,-16.687517006467175
sub-563023335884,12.0,8.165550411625798,17.640703201293945,12.903126806459872,12.454139861366569,-3.834449588374202,5.640703201293945,0.9031268064598716,0.4541398613665688
sub-563291815565,19.0,18.82383974928963,20.088552474975582,19.456196112132606,19.39626678795901,-0.176160250710371,1.088552474975586,0.4561961121326057,0.3962667879590107
sub-563294691785,8.783561644,16.718476269312394,16.372272491455078,16.545374380383734,16.56177949595817,7.934914625312393,7.588710847455077,7.7618127363837335,7.7782178519581695
sub-563981968175,19.0,22.27502791700998,45.66722106933594,33.97112449317296,32.8626685584098,3.2750279170099788,26.667221069335938,14.971124493172958,13.862668558409801
sub-564557955687,79.0,45.27634707619478,47.48487091064453,46.380608993419656,46.27595649951195,-33.72365292380522,-31.51512908935547,-32.619391006580344,-32.72404350048805
sub-564848221621,23.2909,33.30782791435405,24.84645652770996,29.077142221032005,29.478090403559655,10.01692791435405,1.5555565277099603,5.786242221032005,6.187190403559654
sub-565025526070,21.0,28.954431098891607,26.120407104492188,27.537419101691896,27.671711371570016,7.954431098891607,5.1204071044921875,6.537419101691896,6.671711371570016
sub-565703410370,21.0,19.836510818315396,19.7458553314209,19.791183074868147,19.795478850463564,-1.1634891816846036,-1.2541446685791016,-1.2088169251318526,-1.2045211495364363
sub-565741667065,15.1,19.157171809954917,16.971282958984375,18.064227384469646,18.167807303368786,4.057171809954918,1.8712829589843751,2.9642273844696465,3.0678073033687863
sub-565839592675,22.0,11.484346051444522,15.984009742736816,13.73417789709067,13.52095808950049,-10.515653948555478,-6.015990257263184,-8.26582210290933,-8.47904191049951
sub-565908100162,12.4298,21.01719040673127,21.422672271728516,21.219931339229895,21.20071728876578,8.587390406731274,8.992872271728515,8.790131339229895,8.77091728876578
sub-566100490218,20.0,15.893811625910814,16.18796157836914,16.040886602139977,16.026948094605025,-4.106188374089186,-3.8120384216308594,-3.9591133978600226,-3.973051905394975
sub-566155888990,24.28473648186174,40.58847178620911,38.96657180786133,39.77752179703522,39.854376696654285,16.303735304347374,14.68183532599959,15.492785315173482,15.569640214792546
sub-566211969588,23.0,24.307413416229423,20.518178939819336,22.41279617802438,22.592351785155138,1.3074134162294264,-2.481821060180664,-0.5872038219756206,-0.4076482148448619
sub-566226278120,22.5,18.84535242126172,21.589292526245117,20.21732247375342,20.087298893912163,-3.6546475787382775,-0.9107074737548828,-2.28267752624658,-2.4127011060878374
sub-566608301162,18.0,23.125610122616777,30.65117835998535,26.888394241301064,26.531789765574647,5.125610122616774,12.651178359985352,8.888394241301064,8.531789765574647
sub-566869073328,9.632876712,11.861287878535688,16.001523971557617,13.931405925046652,13.735217853293559,2.228411166535688,6.368647259557617,4.298529213046653,4.102341141293559
sub-567011290205,25.0,19.46604378800087,22.75337028503418,21.109707036517527,20.953934700789425,-5.533956211999126,-2.2466297149658203,-3.890292963482473,-4.046065299210575
sub-567035745011,10.50136986,6.4705989217803435,10.284062385559082,8.377330653669713,8.196626938507045,-4.030770938219657,-0.2173074744409184,-2.1240392063302878,-2.304742921492956
sub-567138629151,24.6,22.400872373287743,14.550264358520508,18.475568365904124,18.84757508578719,-2.199127626712258,-10.049735641479494,-6.1244316340958775,-5.75242491421281
sub-567753707774,21.0,23.808767991513932,25.077009201049805,24.44288859628187,24.382792072357542,2.808767991513932,4.077009201049805,3.4428885962818683,3.3827920723575424
sub-568161091231,51.65776865160849,39.45224155325474,36.50470733642578,37.97847444484026,38.11814547843194,-12.205527098353755,-15.153061315182711,-13.679294206768233,-13.539623173176551
sub-568610648241,14.0,22.98532262680004,21.73210334777832,22.35871298728918,22.418097686207552,8.985322626800041,7.73210334777832,8.35871298728918,8.418097686207552
sub-568873041221,23.0,25.819888749936393,19.374813079833984,22.59735091488519,22.90275547143966,2.8198887499363927,-3.625186920166016,-0.4026490851148097,-0.0972445285603385
sub-569532759972,64.26830937713895,40.08225179896459,27.89170265197754,33.986977225471065,34.564635184346805,-24.186057578174356,-36.37660672516141,-30.281332151667883,-29.703674192792143
sub-570598617499,11.8109589,24.556406382900153,18.40114402770996,21.478775205305055,21.77044674902076,12.745447482900154,6.590185127709962,9.667816305305056,9.95948784902076
sub-572336248338,22.5,15.728844775930405,20.630781173706055,18.17981297481823,17.94753118505344,-6.771155224069595,-1.869218826293945,-4.32018702518177,-4.552468814946561
sub-572513296369,21.0,37.47582867605544,33.20478439331055,35.340306534682995,35.54269304679907,16.475828676055436,12.204784393310549,14.340306534682995,14.542693046799073
sub-572517794446,20.0,25.85864032602874,22.907827377319336,24.38323385167404,24.52306025033934,5.858640326028741,2.907827377319336,4.383233851674039,4.523060250339341
sub-572747785752,11.76712329,23.251162767736115,17.788957595825195,20.520060181780657,20.778890711277057,11.484039477736117,6.021834305825195,8.752936891780656,9.011767421277057
sub-572750930282,21.0,26.830432276079023,19.47869300842285,23.154562642250937,23.502930106943083,5.830432276079023,-1.5213069915771484,2.154562642250937,2.502930106943083
sub-573108584695,19.0,20.160587846769065,18.685955047607425,19.423271447188245,19.49314798536417,1.1605878467690651,-0.3140449523925781,0.4232714471882453,0.49314798536417115
sub-573338784763,12.58,8.601743169230996,24.59038352966309,16.596063349447043,15.83843010057177,-3.978256830769004,12.010383529663086,4.016063349447043,3.25843010057177
sub-573830855349,21.0,31.236352230295353,25.85944938659668,28.547900808446016,28.802689225629976,10.236352230295353,4.85944938659668,7.547900808446016,7.802689225629976
sub-574114738756,18.0,21.530657248636626,16.11100959777832,18.820833423207475,19.07764733389125,3.530657248636622,-1.8889904022216797,0.8208334232074748,1.0776473338912496
sub-574140052026,36.0,45.387182766848966,43.03486251831055,44.211022642579756,44.322489033224564,9.387182766848966,7.034862518310547,8.211022642579756,8.322489033224564
sub-574160796443,21.0,21.829490136374837,23.97667121887207,22.903080677623453,22.80133495423588,0.8294901363748366,2.9766712188720703,1.9030806776234535,1.8013349542358803
sub-574676182729,21.0,24.582905577094593,20.28885841369629,22.43588199539544,22.639358515592882,3.582905577094593,-0.7111415863037109,1.435881995395441,1.6393585155928818
sub-575234378047,22.0,32.71872003398265,19.062591552734375,25.890655793358512,26.53776128544969,10.718720033982647,-2.937408447265625,3.890655793358512,4.53776128544969
sub-575605093745,23.0,27.97292223544757,23.19413948059082,25.583530858019195,25.809976923639084,4.972922235447566,0.1941394805908203,2.583530858019195,2.809976923639084
sub-576178414159,21.0,27.683532455748782,26.5943660736084,27.13894926467859,27.19056019882086,6.683532455748786,5.594366073608398,6.13894926467859,6.190560198820862
sub-576627281914,37.5,34.7832777027123,27.1854248046875,30.9843512536999,31.34438099017784,-2.7167222972877028,-10.3145751953125,-6.515648746300101,-6.155619009822161
sub-577293045337,20.0,23.5999483330193,27.825654983520508,25.712801658269903,25.512563502539283,3.5999483330192987,7.825654983520508,5.712801658269903,5.512563502539283
sub-578146676720,23.0,25.928795881241523,24.022464752197266,24.975630316719396,25.065963191446137,2.9287958812415233,1.0224647521972656,1.9756303167193963,2.065963191446137
sub-578385109718,61.015742642026005,55.36765536010703,50.77175521850586,53.06970528930644,53.28748533046647,-5.648087281918976,-10.243987423520146,-7.946037352719564,-7.728257311559538
sub-578842404933,24.0,9.771758134473547,17.254480361938477,13.513119248206012,13.158545061544384,-14.228241865526453,-6.745519638061523,-10.486880751793988,-10.841454938455616
sub-578912543438,13.0,6.513496486760243,14.596920013427734,10.555208250093989,10.172169399354686,-6.486503513239757,1.5969200134277344,-2.4447917499060114,-2.8278306006453136
sub-578915055891,21.0,20.48172976408888,19.685346603393555,20.08353818374122,20.12127537388281,-0.5182702359111175,-1.314653396606445,-0.9164618162587814,-0.8787246261171902
sub-579120328387,12.51232877,13.471933226915496,14.362096786499023,13.91701500670726,13.87483396476284,0.9596044569154962,1.8497680164990236,1.40468623670726,1.3625051947628393
sub-579327790838,22.0,31.59492616746529,21.17183494567871,26.383380556572,26.87728624759175,9.594926167465289,-0.8281650543212891,4.383380556572,4.877286247591751
sub-579548048094,10.60273973,0.9688009179263516,9.949190139770508,5.45899552884843,5.033453312066314,-9.633938812073648,-0.6535495902294919,-5.14374420115157,-5.569286417933686
sub-579899565725,21.0,27.259634459462276,24.440879821777344,25.85025714061981,25.98382586102311,6.259634459462276,3.440879821777344,4.85025714061981,4.98382586102311
sub-579996063674,11.0,-0.5687264767323228,13.332250595092772,6.381762059180224,5.723054240125689,-11.568726476732325,2.3322505950927734,-4.618237940819776,-5.276945759874311
sub-580285657273,10.0,-3.999688593654689,17.505102157592773,6.752706781969042,5.733686770513219,-13.999688593654689,7.505102157592773,-3.2472932180309577,-4.266313229486781
sub-580748616468,11.72876712,15.17353168278975,11.315611839294434,13.244571761042092,13.427382073803969,3.44476456278975,-0.4131552807055669,1.5158046410420916,1.6986149538039683
sub-581074279240,72.5,55.77937526671361,47.44602584838867,51.612700557551136,52.00758232682547,-16.720624733286392,-25.053974151611328,-20.887299442448864,-20.49241767317453
sub-581150303156,21.0,19.429403328900584,25.53679084777832,22.483097088339452,22.193694128252943,-1.570596671099416,4.53679084777832,1.483097088339452,1.1936941282529432
sub-581313710290,7.66,13.524257288460872,22.574386596679688,18.04932194257028,17.620475041523225,5.864257288460873,14.914386596679687,10.38932194257028,9.960475041523225
sub-582324789442,21.0,23.002248035271133,21.389719009399418,22.195983522335275,22.272394372616223,2.002248035271134,0.389719009399414,1.1959835223352755,1.2723943726162226
sub-582536446323,24.0,14.091918172195449,22.324384689331055,18.20815143076325,17.81805007048312,-9.908081827804551,-1.675615310668945,-5.791848569236748,-6.181949929516879
sub-582956839439,21.0,21.48886481520755,16.235809326171875,18.862337070689712,19.11125689169772,0.488864815207549,-4.764190673828125,-2.137662929310288,-1.888743108302279
sub-584071855973,18.0,29.250119652259865,29.83750343322754,29.543811542743704,29.515977938867508,11.250119652259864,11.83750343322754,11.543811542743704,11.515977938867508
sub-584112525911,23.0,12.941387838871844,17.576021194458008,15.258704516664926,15.039089074239428,-10.058612161128156,-5.423978805541992,-7.741295483335074,-7.960910925760572
sub-584133814549,21.0,21.66474577342659,21.199554443359375,21.43215010839298,21.454193534900945,0.6647457734265885,0.199554443359375,0.43215010839298174,0.45419353490094494
sub-584305222833,22.5,23.746138076393756,37.18996047973633,30.468049278065042,29.831004062516058,1.2461380763937555,14.689960479736328,7.968049278065042,7.331004062516058
sub-585134564411,31.0,32.21032070885984,40.05873107910156,36.1345258939807,35.76262331106764,1.2103207088598396,9.058731079101562,5.134525893980701,4.762623311067642
sub-585178633428,23.0,7.057309847095535,17.896621704101562,12.476965775598549,11.963337169746675,-15.942690152904463,-5.1033782958984375,-10.523034224401451,-11.036662830253325
sub-585840627036,19.0,20.136646234886925,18.910879135131836,19.52376268500938,19.581846542624323,1.1366462348869248,-0.089120864868164,0.5237626850093804,0.5818465426243229
sub-585890839608,26.98425735797399,41.027582217833256,37.71590805053711,39.37174513418518,39.52867120181969,14.043324859859265,10.731650692563118,12.387487776211191,12.5444138438457
sub-586524106373,11.44657534,5.897680988813349,10.403057098388672,8.15036904360101,7.936878548952699,-5.548894351186652,-1.043518241611329,-3.2962062963989904,-3.5096967910473014
sub-586887695836,8.821917808,4.772330162283069,11.38488483428955,8.07860749828631,7.765266828499536,-4.049587645716931,2.5629670262895505,-0.7433103097136904,-1.0566509795004642
sub-587009566043,21.0,26.495507329024925,17.621383666992188,22.058445498008556,22.47895224463758,5.495507329024925,-3.3786163330078125,1.058445498008556,1.4789522446375791
sub-587717071548,22.0,27.59143104548984,30.438884735107425,29.01515789029863,28.88022924463182,5.591431045489838,8.438884735107422,7.015157890298632,6.8802292446318205
sub-587734814736,18.0,20.867636366534505,19.419721603393555,20.14367898496403,20.212289469743443,2.867636366534505,1.419721603393555,2.14367898496403,2.2122894697434425
sub-588017006762,21.0,27.898131975754367,22.601186752319336,25.24965936403685,25.500658931747246,6.898131975754367,1.601186752319336,4.249659364036852,4.500658931747246
sub-588680393420,22.5,40.01067331398429,26.186607360839844,33.098640337412064,33.75370366766661,17.51067331398429,3.686607360839844,10.598640337412064,11.253703667666613
sub-589159090994,25.0,19.313338057000088,23.40091133117676,21.357124694088427,21.163432087968253,-5.686661942999912,-1.5990886688232422,-3.6428753059115735,-3.8365679120317466
sub-590290455236,11.23013699,9.887444711999535,13.72535228729248,11.806398499646008,11.624536482638726,-1.3426922780004649,2.4952152972924804,0.5762615096460078,0.3943994926387262
sub-590542611343,23.0,26.18060443237642,26.348812103271484,26.264708267823952,26.25673762608625,3.18060443237642,3.3488121032714844,3.264708267823952,3.256737626086249
sub-591687985082,19.0,22.987519096050335,20.19087600708008,21.589197551565206,21.721718500293576,3.987519096050338,1.190876007080078,2.5891975515652064,2.7217185002935764
sub-592239322410,19.0,20.450922064489234,18.40611267089844,19.428517367693836,19.525412134808043,1.4509220644892338,-0.5938873291015625,0.42851736769383564,0.5254121348080432
sub-592480598244,19.0,21.6522564704232,22.454137802124023,22.05319713627361,22.015199411335573,2.6522564704232003,3.454137802124023,3.05319713627361,3.0151994113355727
sub-592747222720,79.41409993155374,58.90277284377667,64.62235260009766,61.76256272193716,61.49153631223027,-20.51132708777707,-14.79174733145608,-17.651537209616578,-17.92256361932347
sub-592933699184,23.0,28.073182812927428,24.20203399658203,26.13760840475473,26.3210455819312,5.073182812927428,1.2020339965820312,3.1376084047547295,3.3210455819312017
sub-593517093579,22.5,30.080869127533536,19.800901412963867,24.9408852702487,25.428008950708538,7.580869127533536,-2.699098587036133,2.4408852702486996,2.928008950708538
sub-593650733821,27.0,29.99823434681707,31.517518997192383,30.757876672004727,30.685884273671796,2.998234346817071,4.517518997192383,3.757876672004727,3.685884273671796
sub-593784360328,27.0,25.98847608425988,16.66744613647461,21.327961110367244,21.769644833498624,-1.0115239157401206,-10.33255386352539,-5.672038889632756,-5.230355166501376
sub-594451160548,21.0,26.380477578644904,18.647390365600582,22.513933972122743,22.88037188410141,5.3804775786449035,-2.352609634399414,1.513933972122743,1.880371884101411
sub-594656396715,29.0,31.22860714009365,24.12995719909668,27.679282169595165,28.015656814104368,2.2286071400936507,-4.87004280090332,-1.3207178304048348,-0.9843431858956322
sub-594745664942,16.0,13.29974995835358,19.20542907714844,16.252589517751012,15.97274465560374,-2.70025004164642,3.2054290771484375,0.25258951775101224,-0.027255344396259318
sub-595338991165,21.0,22.015124200537443,19.859539031982425,20.937331616259932,21.039475573323433,1.0151242005374428,-1.140460968017578,-0.06266838374006767,0.039475573323432656
sub-595372614006,24.6543,16.562702387392857,20.277366638183594,18.420034512788227,18.244012469552313,-8.091597612607142,-4.3769333618164055,-6.234265487211772,-6.410287530447686
sub-595618580909,18.7,24.700762743231746,22.387725830078125,23.544244286654937,23.653849208135178,6.000762743231746,3.6877258300781257,4.844244286654938,4.953849208135178
sub-596066839689,23.0,27.32658144356368,31.19715118408203,29.261866313822857,29.078456576571877,4.326581443563679,8.197151184082031,6.261866313822857,6.078456576571877
sub-596190685497,15.2,18.508691747263754,15.896209716796877,17.202450732030314,17.326245076249176,3.3086917472637545,0.6962097167968757,2.002450732030315,2.1262450762491767
sub-596439418214,59.14852840520192,50.42668321140614,68.26795959472656,59.34732140306635,58.5018996607756,-8.72184519379578,9.11943118952464,0.19879299786443028,-0.646628744426323
sub-596552068250,14.0,18.031754746382138,16.73406982421875,17.382912285300442,17.444404020772097,4.031754746382134,2.73406982421875,3.382912285300442,3.4444040207720974
sub-596630833773,21.0,23.47787047066707,24.912031173706055,24.194950822186563,24.126992083459683,2.477870470667071,3.9120311737060542,3.194950822186563,3.126992083459683
sub-596648006143,22.0,24.92228945948235,21.10785484313965,23.015072151311,23.19582188523796,2.92228945948235,-0.8921451568603516,1.0150721513109993,1.1958218852379616
sub-596962321361,9.375342466,14.265010218092671,14.17079734802246,14.217903783057565,14.222368127819099,4.889667752092674,4.795454882022462,4.842561317057566,4.847025661819099
sub-597843888777,9.73,12.462844494290383,18.93311882019043,15.697981657240407,15.39138304421654,2.732844494290383,9.20311882019043,5.967981657240406,5.661383044216539
sub-598246474606,19.0,29.540090158997923,25.23761749267578,27.388853825836854,27.592729594563856,10.540090158997923,6.237617492675781,8.388853825836854,8.592729594563856
sub-599591857106,21.0,19.666112636511635,19.47661781311035,19.571365224810993,19.580344573615026,-1.3338873634883657,-1.5233821868896484,-1.428634775189007,-1.419655426384974
sub-599933244197,67.5,57.94891973572128,65.75687408447266,61.85289691009697,61.48291136492492,-9.551080264278724,-1.7431259155273438,-5.647103089903027,-6.017088635075083
sub-600098084610,21.0,22.373095741598757,21.290000915527344,21.831548328563052,21.88287155764432,1.3730957415987568,0.2900009155273437,0.831548328563052,0.8828715576443216
sub-600265031153,18.0,10.441757780950988,16.53509521484375,13.488426497897368,13.199689311215867,-7.558242219049013,-1.46490478515625,-4.511573502102632,-4.800310688784133
sub-600275574870,8.920547945,8.591138210275414,13.157901763916016,10.874519987095715,10.65812060415929,-0.3294097347245852,4.2373538189160165,1.9539720420957156,1.7375726591592908
sub-600444550688,22.5,26.0135662142595,19.0767822265625,22.545174220411,22.873878730042165,3.5135662142595017,-3.4232177734375,0.045174220410999055,0.3738787300421649
sub-600488415104,25.0,19.081946992685378,21.08094596862793,20.081446480656652,19.986722473205106,-5.918053007314622,-3.9190540313720703,-4.918553519343348,-5.013277526794894
sub-600606462331,13.0,19.94027589967264,19.91461944580078,19.92744767273671,19.92866342229786,6.940275899672638,6.914619445800781,6.927447672736712,6.928663422297859
sub-600653104909,25.0,24.81054811116145,21.443246841430664,23.126897476296058,23.286459474278168,-0.1894518888385512,-3.556753158569336,-1.8731025237039418,-1.7135405257218324
sub-601575314713,18.0,22.17126860114681,25.948165893554688,24.059717247350747,23.880746246577182,4.17126860114681,7.948165893554688,6.059717247350747,5.880746246577182
sub-602114713255,16.0,5.792258632869231,18.93663787841797,12.3644482556436,11.741592369979994,-10.207741367130769,2.9366378784179688,-3.6355517443564,-4.258407630020006
sub-602900008789,29.27857631759069,47.21142458034734,22.03398704528809,34.62270581281771,35.8157568395484,17.93284826275665,-7.244589272302605,5.344129495227023,6.537180521957708
sub-603015713565,10.0,9.3141229083012,13.569998741149902,11.442060824725552,11.240393080541969,-0.6858770916987993,3.5699987411499023,1.4420608247255515,1.2403930805419687
sub-603274442678,21.0,19.359038518058707,24.060787200927734,21.709912859493222,21.487117108904407,-1.640961481941293,3.0607872009277344,0.7099128594932225,0.48711710890440685
sub-603550058118,21.0,14.223364368000112,19.268131256103516,16.745747812051814,16.50669789654362,-6.776635631999888,-1.7318687438964844,-4.254252187948186,-4.493302103456379
sub-603637173781,21.0,20.772278041651965,18.756118774414062,19.764198408033014,19.859735568257573,-0.2277219583480345,-2.2438812255859375,-1.235801591966986,-1.1402644317424269
sub-604403915211,22.5,19.64631394913939,23.111675262451172,21.37899460579528,21.214785961961596,-2.8536860508606097,0.6116752624511719,-1.121005394204719,-1.2852140380384043
sub-604494512599,10.08767123,19.161618151430368,12.24313259124756,15.702375371338963,16.030212796791965,9.073946921430368,2.155461361247559,5.614704141338963,5.942541566791965
sub-604727014440,15.25,29.77979024807479,23.34710121154785,26.56344572981132,26.868263336804922,14.52979024807479,8.097101211547852,11.31344572981132,11.618263336804922
sub-605330686646,19.0,9.52507097932424,18.424724578857425,13.974897779090833,13.553181277970118,-9.47492902067576,-0.5752754211425781,-5.025102220909167,-5.446818722029882
sub-605373904061,23.0,25.544167893963447,27.09367561340332,26.318921753683384,26.245497213436558,2.544167893963447,4.09367561340332,3.3189217536833837,3.2454972134365576
sub-605870296030,18.0,18.71892789559602,14.68305492401123,16.700991409803628,16.892234159817363,0.7189278955960212,-3.3169450759887695,-1.2990085901963724,-1.107765840182637
sub-606047187144,18.0,18.546038870193694,25.32218360900879,21.934111239601243,21.613018736575,0.5460388701936942,7.322183609008789,3.9341112396012434,3.6130187365750004
sub-606245703129,19.0,24.260824605984315,17.832338333129883,21.046581469557097,21.351199925564522,5.260824605984315,-1.1676616668701172,2.046581469557097,2.351199925564522
sub-606417784213,26.0,41.93964800453626,42.12929153442383,42.03446976948004,42.02548337411196,15.93964800453626,16.129291534423828,16.03446976948004,16.025483374111957
sub-606527255214,22.0,22.59422490300558,19.812002182006836,21.20311354250621,21.334951171703334,0.5942249030055784,-2.187997817993164,-0.7968864574937911,-0.6650488282966656
sub-606619069147,14.2,13.731963713339098,18.699779510498047,16.215871611918573,15.980468079324904,-0.4680362866609009,4.499779510498048,2.0158716119185733,1.7804680793249048
sub-606946325458,27.5,40.994487199251395,33.1602783203125,37.07738275978195,37.44861239479249,13.494487199251395,5.6602783203125,9.577382759781948,9.948612394792491
sub-607709228236,19.0,20.89927600265399,18.43371200561523,19.666494004134613,19.783326531433755,1.8992760026539912,-0.5662879943847656,0.6664940041346128,0.7833265314337545
sub-607793324229,21.0,21.069221494421345,26.229759216308594,23.649490355364968,23.404954555444633,0.0692214944213418,5.229759216308594,2.649490355364968,2.4049545554446325
sub-607808523191,23.0,27.839495149889387,26.249135971069336,27.04431556047936,27.11967587657665,4.8394951498893874,3.249135971069336,4.044315560479362,4.11967587657665
sub-608227590536,18.0,6.831922796544269,26.320730209350582,16.576326502947424,15.65283531520331,-11.16807720345573,8.320730209350586,-1.423673497052576,-2.34716468479669
sub-608679778524,19.0,22.3013015086078,26.449575424194336,24.375438466401068,24.178869516631693,3.3013015086078,7.449575424194336,5.375438466401068,5.178869516631693
sub-608690804111,23.0,22.91437725544806,20.924488067626953,21.919432661537506,22.01372499511214,-0.0856227445519408,-2.075511932373047,-1.0805673384624939,-0.9862750048878617
sub-609017504616,19.0,21.793876369172356,22.984460830688477,22.389168599930414,22.332751896989798,2.793876369172356,3.984460830688477,3.3891685999304144,3.332751896989798
sub-609030289266,54.0,37.16100662995409,35.30303955078125,36.23202309036767,36.32006419972808,-16.838993370045912,-18.69696044921875,-17.76797690963233,-17.67993580027192
sub-609062293978,48.25462012320329,38.939290951666166,50.1506233215332,44.544957136599685,44.013700070575254,-9.315329171537122,1.8960031983299144,-3.709662986603604,-4.240920052628034
sub-609656607957,48.07939767282682,43.96009381543472,36.613990783691406,40.28704229956306,40.6351426871536,-4.119303857392104,-11.465406889135416,-7.79235537326376,-7.4442549856732185
sub-609892457500,13.75,25.49917397959093,26.16266441345215,25.83091919652154,25.799479224036574,11.749173979590928,12.412664413452148,12.080919196521538,12.049479224036574
sub-610209673140,21.0,28.723610968646867,21.83134078979492,25.277475879220894,25.604071069932196,7.723610968646867,0.8313407897949219,4.277475879220894,4.604071069932196
sub-610293547167,21.0,16.027855554556343,21.325918197631836,18.676886876094088,18.42583435864854,-4.972144445443657,0.3259181976318359,-2.3231131239059124,-2.5741656413514598
sub-610598919254,35.58,34.687003586782495,39.70964813232422,37.19832585955336,36.96032422719432,-0.892996413217503,4.1296481323242205,1.6183258595533587,1.380324227194322
sub-611520063730,19.0,11.256386551181446,19.251157760620117,15.253772155900782,14.874934159118308,-7.743613448818554,0.2511577606201172,-3.7462278440992183,-4.1250658408816925
sub-611990204992,21.0,26.155958063056516,27.479780197143555,26.817869130100036,26.755138864000394,5.1559580630565165,6.479780197143555,5.817869130100036,5.7551388640003935
sub-612136152096,23.0,17.967566341687686,28.259580612182617,23.11357347693515,22.625878961739048,-5.032433658312314,5.259580612182617,0.11357347693515152,-0.37412103826095233
sub-612159600570,19.0,18.52481900517867,22.105470657348633,20.315144831263652,20.145473071616237,-0.4751809948213257,3.105470657348633,1.3151448312636518,1.1454730716162373
sub-612498412297,21.0,27.471052761092988,20.174427032470703,23.822739896781847,24.168495766698328,6.471052761092988,-0.8255729675292969,2.8227398967818473,3.168495766698328
sub-612699294349,38.0,48.01434175597214,34.375492095947266,41.1949169259597,41.841203648651785,10.01434175597214,-3.6245079040527344,3.194916925959703,3.841203648651785
sub-612846439329,23.0,13.679770224102416,17.48794937133789,15.583859797720153,15.403406483706085,-9.320229775897584,-5.512050628662109,-7.416140202279847,-7.596593516293915
sub-612992669944,19.33,14.90091596299554,17.53855323791504,16.21973460045529,16.09474825684491,-4.429084037004458,-1.7914467620849592,-3.1102653995447085,-3.2352517431550893
sub-613224225766,9.9548,-4.463280426339942,11.335487365722656,3.436103469691357,2.6874674693377316,-14.418080426339944,1.3806873657226555,-6.5186965303086435,-7.267332530662269
sub-613987073343,27.5,29.06192026776521,25.0087833404541,27.035351804109656,27.22741261911019,1.5619202677652062,-2.4912166595458984,-0.46464819589034434,-0.27258738088981005
sub-614478580712,72.82683093771391,59.13267596683943,58.6663703918457,58.899523179342566,58.92161940514958,-13.69415497087448,-14.160460545868204,-13.927307758371342,-13.90521153256433
sub-614655003675,27.0,33.18419781212251,23.736989974975582,28.460593893549046,28.90825664692304,6.1841978121225125,-3.263010025024414,1.4605938935490457,1.9082566469230393
sub-614767601532,22.0,18.348892197322023,20.53210067749023,19.440496437406125,19.3370435298096,-3.6511078026779735,-1.4678993225097656,-2.559503562593875,-2.6629564701904016
sub-614986450038,27.5,42.35315095992085,28.374202728271484,35.36367684409617,36.026079382764415,14.853150959920852,0.8742027282714844,7.863676844096169,8.526079382764415
sub-615195654528,26.87748117727584,43.38336073293804,21.89595603942871,32.63965838618337,33.657854546760554,16.505879555662197,-4.981525137847129,5.762177208907531,6.780373369484714
sub-615353760008,9.933,9.307299630861005,7.853977680206299,8.580638655533651,8.649505363791171,-0.6257003691389968,-2.079022319793701,-1.352361344466349,-1.2834946362088289
sub-615418240534,23.0,25.92393100216471,32.397705078125,29.160818040144854,28.85405358894159,2.9239310021647142,9.397705078125,6.160818040144854,5.854053588941589
sub-615511318906,27.5,31.030116526716185,24.513383865356445,27.771750196036315,28.080550270775387,3.530116526716185,-2.9866161346435547,0.2717501960363151,0.5805502707753867
sub-615539517070,17.0,22.398874333469283,21.291156768798828,21.845015551134054,21.897505546433116,5.3988743334692835,4.291156768798828,4.845015551134054,4.897505546433116
sub-616304398458,21.0,11.7281993928559,18.998851776123047,15.363525584489473,15.019000480265504,-9.2718006071441,-2.001148223876953,-5.636474415510527,-5.980999519734496
sub-616650002943,49.0,37.72621543264853,54.76788711547851,46.24705127406352,45.439519376899796,-11.27378456735147,5.767887115478516,-2.752948725936477,-3.5604806231002044
sub-616981188326,15.0,7.948114248011144,16.509265899658203,12.228690073834674,11.823013731523352,-7.051885751988856,1.5092658996582031,-2.7713099261653262,-3.1769862684766483
sub-617184569359,23.0,28.865466569655393,27.753538131713867,28.30950235068463,28.362191881249046,5.865466569655393,4.753538131713867,5.309502350684632,5.362191881249046
sub-617228447780,21.0,15.854997343110856,18.99993896484375,17.4274681539773,17.27844282820331,-5.145002656889144,-2.00006103515625,-3.5725318460226987,-3.7215571717966895
sub-617548875008,32.5,32.74294593137493,22.71792221069336,27.730434071034146,28.20547704656746,0.2429459313749333,-9.78207778930664,-4.769565928965854,-4.294522953432541
sub-617551838591,26.0,34.27302052988506,40.666481018066406,37.46975077397573,37.166792040023346,8.27302052988506,14.666481018066406,11.469750773975733,11.166792040023346
sub-617764434567,54.19301848049281,46.02734343033987,47.11150741577149,46.56942542305568,46.51805153108742,-8.165675050152934,-7.081511064721326,-7.623593057437134,-7.674966949405388
sub-617901292458,20.0,22.799262798850258,19.548303604125977,21.173783201488117,21.32783224638097,2.7992627988502576,-0.4516963958740234,1.173783201488117,1.3278322463809715
sub-618287927693,13.0,16.199350587786107,14.9971342086792,15.598242398232653,15.65521028797317,3.199350587786107,1.9971342086791992,2.598242398232653,2.655210287973169
sub-619041447551,13.86447639,23.081395763096893,23.888334274291992,23.484865018694443,23.446627655660606,9.216919373096893,10.023857884291992,9.620388628694442,9.582151265660606
sub-619456358765,29.0,31.63336238783797,27.03569602966309,29.33452920875053,29.552392943356068,2.633362387837966,-1.964303970336914,0.3345292087505314,0.5523929433560681
sub-619472236320,11.0,-4.503766431028218,8.08853816986084,1.7923858694163108,1.1956904387523863,-15.503766431028218,-2.91146183013916,-9.20761413058369,-9.804309561247614
sub-619489060193,19.0,19.919263109587305,18.295860290527344,19.107561700057325,19.18448781286686,0.9192631095873018,-0.7041397094726562,0.10756170005732457,0.184487812866859
sub-619550922545,38.77344284736482,43.18963410168669,26.27339553833008,34.731514820008385,35.53310297838752,4.416191254321873,-12.50004730903474,-4.041928027356434,-3.2403398689773013
sub-619614013878,40.0,40.06419926452156,32.3445930480957,36.20439615630863,36.57019526154477,0.0641992645215623,-7.655406951904297,-3.7956038436913673,-3.429804738455232
sub-619633240608,21.0,19.939178409261217,21.878583908081055,20.908881158671136,20.816981031090947,-1.060821590738783,0.8785839080810547,-0.09111884132886416,-0.18301896890905311
sub-620208115958,19.0,27.5108926076202,26.403554916381836,26.957223762001018,27.00969575672367,8.5108926076202,7.403554916381836,7.957223762001018,8.00969575672367
sub-620257630539,19.0,28.680457117559857,25.139545440673828,26.91000127911684,27.077789931388903,9.680457117559856,6.139545440673828,7.910001279116841,8.077789931388903
sub-620369093938,10.7529,9.264115962693785,12.014758110046388,10.639437036370087,10.509095875420009,-1.4887840373062176,1.2618581100463864,-0.11346296362991382,-0.24380412457999157
sub-620984229042,44.88158795345654,46.2664931758322,55.2083740234375,50.737433599634855,50.31371612992477,1.3849052223756644,10.326786069980962,5.855845646178317,5.4321281764682325
sub-621736610839,10.69589041,12.557507336254467,12.637283325195312,12.59739533072489,12.593615087982482,1.8616169262544664,1.941392915195312,1.9015049207248893,1.897724677982481
sub-621749560707,21.0,22.73329298735369,24.392480850219727,23.56288691878671,23.48426510588081,1.7332929873536855,3.3924808502197266,2.5628869187867096,2.4842651058808087
sub-622250944839,21.0,21.346483852447065,21.34632682800293,21.346405340224997,21.34641278094147,0.346483852447065,0.3463268280029297,0.34640534022499736,0.34641278094147054
sub-622381959459,19.0,30.327711914336824,30.18705940246582,30.257385658401322,30.26405057906556,11.327711914336824,11.18705940246582,11.257385658401322,11.264050579065561
sub-622552266432,21.0,24.528628608072022,21.699174880981445,23.113901744526736,23.24797744899395,3.5286286080720224,0.6991748809814453,2.1139017445267356,2.24797744899395
sub-622843285408,21.0,14.25767899210615,17.16976547241211,15.71372223225913,15.575730915215061,-6.74232100789385,-3.83023452758789,-5.28627776774087,-5.424269084784939
sub-622888774016,19.0,12.106065004968984,20.283641815185547,16.194853410077265,15.807353038126688,-6.893934995031017,1.2836418151855469,-2.8051465899227352,-3.1926469618733115
sub-622939334251,8.983561644,15.39085904957286,22.838520050048828,19.114689549810844,18.761776764663942,6.40729740557286,13.854958406048828,10.131127905810844,9.778215120663942
sub-622953019079,41.752224503764545,41.207376138264166,44.37637710571289,42.79187662198853,42.64171122677464,-0.5448483655003784,2.624152601948346,1.0396521182239837,0.8894867230100942
sub-623405236906,21.0,26.466994211192727,21.87740135192871,24.17219778156072,24.389678947600594,5.466994211192727,0.8774013519287109,3.172197781560719,3.3896789476005935
sub-623833254305,67.5,52.98072424379266,42.56132888793945,47.77102656586605,48.264757125614395,-14.519275756207342,-24.938671112060547,-19.728973434133948,-19.235242874385605
sub-624448003003,31.0,28.2761126502085,21.82114028930664,25.048626469757572,25.354499988139594,-2.7238873497915,-9.17885971069336,-5.951373530242428,-5.645500011860406
sub-625380292482,19.0,27.4090039327038,20.073699951171875,23.741351941937836,24.088940608749628,8.4090039327038,1.073699951171875,4.741351941937836,5.088940608749628
sub-625883065867,20.0,17.113908660855834,26.740354537963867,21.92713159940985,21.47097552230873,-2.8860913391441656,6.740354537963867,1.9271315994098508,1.4709755223087306
sub-625981000050,19.0,21.7070146143354,21.56076431274414,21.63388946353977,21.64081963950506,2.7070146143353995,2.5607643127441406,2.63388946353977,2.640819639505061
sub-626188931445,17.0,18.139276733871164,18.537811279296875,18.33854400658402,18.319659159865772,1.1392767338711636,1.537811279296875,1.3385440065840193,1.3196591598657719
sub-626212764612,14.0,6.687919711043953,8.147509574890137,7.417714642967045,7.348550925124728,-7.312080288956047,-5.852490425109863,-6.582285357032955,-6.651449074875272
sub-626261127584,59.88227241615331,52.46662235895121,45.46337890625,48.965000632600606,49.29685437188824,-7.4156500572021,-14.418893509903311,-10.917271783552707,-10.585418044265076
sub-627005612106,19.0,48.092974846732446,49.35746383666992,48.725219341701184,48.66530061940731,29.09297484673245,30.35746383666992,29.725219341701184,29.66530061940731
sub-627471727969,66.90759753593429,49.08867932455245,63.09235000610352,56.09051466532799,55.42694063555,-17.818918211381842,-3.81524752983077,-10.8170828706063,-11.48065690038429
sub-627612378300,27.0,28.305068167329846,35.81290054321289,32.05898435527137,31.703220306126326,1.3050681673298463,8.81290054321289,5.05898435527137,4.703220306126326
sub-628738898345,21.0,19.46355687764261,19.979503631591797,19.721530254617203,19.697081745761594,-1.5364431223573902,-1.0204963684082031,-1.2784697453827967,-1.3029182542384063
sub-628789413034,21.0,20.552509867519895,26.062557220458984,23.30753354398944,23.046435978258025,-0.4474901324801053,5.062557220458984,2.3075335439894396,2.0464359782580246
sub-628893530541,9.189041096,0.9809161076880172,13.022401809692385,7.001658958690201,6.431064478607207,-8.208124988311983,3.8333607136923824,-2.1873821373097995,-2.757976617392793
sub-628907340229,22.0,15.74326481424104,21.13833999633789,18.440802405289467,18.18515287875099,-6.256735185758959,-0.8616600036621094,-3.5591975947105325,-3.8148471212490094
sub-629066084898,21.0,21.44839132736639,25.031524658203125,23.23995799278476,23.070168637004805,0.4483913273663908,4.031524658203125,2.2399579927847597,2.070168637004805
sub-630442925754,23.0,27.4420374846801,25.18421936035156,26.31312842251583,26.420116761883186,4.4420374846801,2.1842193603515625,3.313128422515831,3.420116761883186
sub-630551983437,59.83572895277207,56.17693715657917,66.73587799072266,61.456407573650914,60.95606455082257,-3.658791796192901,6.900149037950584,1.6206786208788415,1.1203355980504952
sub-631426044350,23.0,19.429267827113883,23.72675132751465,21.578009577314265,21.374370223810878,-3.5707321728861174,0.7267513275146484,-1.4219904226857345,-1.6256297761891219
sub-631760081925,21.0,11.641196335480236,17.92421531677246,14.78270582612635,14.48498044258956,-9.358803664519764,-3.075784683227539,-6.2172941738736505,-6.51501955741044
sub-632118830745,27.0,39.256522994813245,29.912803649902344,34.5846633223578,35.0274221989276,12.256522994813244,2.912803649902344,7.584663322357798,8.027422198927603
sub-632446705337,19.0,25.16024454992587,20.244949340820312,22.70259694537309,22.935511752042437,6.160244549925871,1.2449493408203125,3.7025969453730916,3.935511752042437
sub-632509073360,11.55,12.54594530121867,22.983190536499023,17.764567918858845,17.269991529706786,0.9959453012186684,11.433190536499025,6.214567918858844,5.719991529706785
sub-633602514995,23.0,25.972843902758143,27.194047927856445,26.583445915307294,26.52557828227425,2.972843902758143,4.194047927856445,3.583445915307294,3.5255782822742496
sub-633708423748,21.0,18.499622646863916,22.84597969055176,20.67280116870784,20.466845907125347,-2.500377353136084,1.8459796905517576,-0.32719883129216143,-0.5331540928746534
sub-634456883025,24.0,20.80536176760143,17.58283233642578,19.194097052013603,19.346798932067138,-3.194638232398571,-6.417167663574219,-4.805902947986397,-4.653201067932862
sub-634620596226,21.0,14.439976799812833,27.00367546081543,20.72182613031413,20.126486212732292,-6.5600232001871674,6.00367546081543,-0.2781738696858689,-0.8735137872677079
sub-635354190905,21.0,9.19166202542209,18.87543678283691,14.0335494041295,13.574676756709575,-11.80833797457791,-2.124563217163086,-6.9664505958705,-7.425323243290425
sub-635915234969,19.0,16.232198621153984,21.618680953979492,18.925439787566738,18.670197439385134,-2.7678013788460163,2.618680953979492,-0.07456021243326205,-0.32980256061486557
sub-636129540020,24.0,32.25790047304134,24.787673950195312,28.522787211618326,28.87676928030907,8.257900473041339,0.7876739501953125,4.522787211618326,4.87676928030907
sub-636479953124,19.0,18.047959656709892,20.539316177368164,19.293637917039028,19.175583192415658,-0.9520403432901076,1.539316177368164,0.2936379170390282,0.17558319241565812
sub-638598699448,19.0,15.672183386334892,15.876110076904297,15.774146731619595,15.764483518386601,-3.3278166136651066,-3.123889923095703,-3.225853268380405,-3.2355164816133986
sub-638986001058,11.0,10.220644287239187,21.007959365844727,15.614301826541958,15.103137125516419,-0.7793557127608111,10.007959365844728,4.614301826541958,4.103137125516419
sub-639397399359,13.0,0.9892553736494882,14.713738441467283,7.851496907558386,7.201152384109272,-12.010744626350512,1.7137384414672852,-5.148503092441614,-5.798847615890728
sub-639544814415,21.0,16.42267876757124,16.617040634155273,16.519859700863258,16.510649723709605,-4.577321232428758,-4.382959365844727,-4.4801402991367425,-4.489350276290395
sub-639549203110,20.9,14.239028765079158,19.7684326171875,17.003730691133327,16.741715903735667,-6.66097123492084,-1.1315673828124986,-3.896269308866671,-4.158284096264332
sub-639706198725,19.0,28.582098337711425,19.28260040283203,23.93234937027173,24.373012783450232,9.582098337711423,0.2826004028320312,4.93234937027173,5.373012783450232
sub-639874239232,22.0,32.31288817313218,19.92184829711914,26.11736823512566,26.704526591719848,10.31288817313218,-2.0781517028808594,4.11736823512566,4.704526591719848
sub-640225753017,11.0,5.698347628975714,12.203812599182127,8.95108011407892,8.642813967007452,-5.301652371024286,1.203812599182129,-2.04891988592108,-2.357186032992548
sub-640376430100,21.0,19.396908352420596,13.860593795776367,16.62875107409848,16.89109333021215,-1.6030916475794044,-7.139406204223633,-4.371248925901519,-4.108906669787849
sub-640474032496,19.0,18.37465350935009,17.680267333984375,18.027460421667232,18.06036441113455,-0.625346490649914,-1.319732666015625,-0.9725395783327677,-0.9396355888654497
sub-640745291862,19.0,41.43007446451769,36.72041702270508,39.07524574361138,39.29841625644376,22.430074464517688,17.720417022705078,20.075245743611383,20.29841625644376
sub-640829640252,10.68767123,2.7199465600632564,12.801255226135254,7.760600893099255,7.282890814855668,-7.967724669936743,2.1135839961352545,-2.9270703369007443,-3.404780415144331
sub-640887142993,19.0,12.11197610941029,19.611642837524418,15.861809473467353,15.506432359428036,-6.888023890589711,0.6116428375244141,-3.1381905265326466,-3.493567640571964
sub-641082032277,31.37029431895961,41.54294349726324,45.72482681274414,43.63388515500369,43.43572359959302,10.17264917830363,14.354532493784532,12.26359083604408,12.06542928063341
sub-641201171998,9.61369863,14.21868391591066,12.849617004394531,13.534150460152595,13.599024682645368,4.60498528591066,3.2359183743945312,3.9204518301525955,3.9853260526453678
sub-641352058645,19.0,23.594660021651393,22.54037094116211,23.06751548140675,23.11747372946902,4.594660021651393,3.54037094116211,4.067515481406751,4.117473729469019
sub-641503012169,12.30410959,23.09137476563352,12.261053085327148,17.676213925480333,18.189416525328735,10.787265175633518,-0.043056504672851,5.3721043354803335,5.885306935328735
sub-641778374478,23.0,33.31707243997324,30.90328598022461,32.11017921009892,32.224558221469785,10.317072439973238,7.903285980224609,9.11017921009892,9.224558221469785
sub-641785343493,24.76386036960985,29.24011015876488,17.908124923706055,23.574117541235466,24.11109183024951,4.47624978915503,-6.855735445903797,-1.189742828374385,-0.6527685393603413
sub-641924756694,27.5,35.73500586510217,36.268531799316406,36.00176883220929,35.97648732122488,8.235005865102167,8.768531799316406,8.501768832209287,8.47648732122488
sub-642488241612,25.0,36.10209894188229,29.268911361694336,32.68550515178831,33.00930067097229,11.10209894188229,4.268911361694336,7.685505151788313,8.009300670972287
sub-642532666019,19.0,34.719929181311805,27.93808364868164,31.329006414996723,31.650369054247307,15.719929181311803,8.93808364868164,12.329006414996723,12.650369054247307
sub-642736420938,21.0,20.025230344569067,20.27816390991211,20.15169712724059,20.13971168791989,-0.9747696554309327,-0.7218360900878906,-0.8483028727594117,-0.8602883120801117
sub-642915495773,25.0,17.730408813126573,19.78541374206543,18.757911277596,18.660533387689885,-7.269591186873427,-5.21458625793457,-6.242088722403999,-6.339466612310115
sub-643156878338,18.0,25.107406020427163,17.967554092407227,21.537480056417195,21.87580708678189,7.107406020427163,-0.0324459075927734,3.537480056417195,3.87580708678189
sub-643420326642,20.0,20.51665410539318,24.387863159179688,22.452258632286433,22.268818600715395,0.5166541053931795,4.3878631591796875,2.4522586322864335,2.268818600715395
sub-643481278758,10.37260274,15.35890531359096,15.482573509216309,15.420739411403634,15.414879304807826,4.98630257359096,5.109970769216309,5.048136671403634,5.0422765648078265
sub-644183180436,27.0,37.24152840246056,29.34628677368164,33.2939075880711,33.66802930392821,10.24152840246056,2.3462867736816406,6.2939075880711,6.668029303928208
sub-644560253408,22.601,14.66480219524875,21.416759490966797,18.040780843107775,17.720834479508177,-7.936197804751249,-1.1842405090332022,-4.560219156892224,-4.880165520491822
sub-644732629191,19.0,20.545874964481776,22.21273422241211,21.379304593446943,21.300319265956006,1.5458749644817755,3.21273422241211,2.3793045934469426,2.3003192659560057
sub-644777973300,27.5,43.84266064898576,34.54789733886719,39.19527899392648,39.63571805349773,16.342660648985756,7.0478973388671875,11.695278993926479,12.135718053497733
sub-644890417557,21.0,18.399748881368055,16.25536346435547,17.32755617286176,17.429169421625094,-2.6002511186319452,-4.744636535644531,-3.6724438271382382,-3.570830578374906
sub-644906648465,27.0,32.64872500654391,23.816904067993164,28.23281453726854,28.65131673885149,5.648725006543913,-3.183095932006836,1.2328145372685384,1.6513167388514916
sub-645057554740,21.0,26.379671330168172,35.169979095458984,30.774825212813578,30.35829014287028,5.379671330168172,14.169979095458984,9.774825212813578,9.358290142870281
sub-645692300786,21.0,20.321061278768397,20.556554794311523,20.43880803653996,20.427649006550674,-0.6789387212316029,-0.4434452056884765,-0.5611919634600397,-0.5723509934493265
sub-645710982073,21.0,18.47889828749529,21.278474807739254,19.87868654761727,19.74602659613344,-2.5211017125047093,0.2784748077392578,-1.1213134523827293,-1.25397340386656
sub-645780261271,27.0,27.77439335887937,23.129621505737305,25.452007432308335,25.672103294748847,0.7743933588793688,-3.8703784942626953,-1.547992567691665,-1.3278967052511526
sub-645850258593,29.0,35.02548987557646,19.692995071411133,27.359242473493797,28.085783792203472,6.025489875576461,-9.307004928588867,-1.6407575265062029,-0.9142162077965281
sub-646068282127,19.0,26.56543026388884,31.93934631347656,29.2523882886827,28.99774140289071,7.565430263888842,12.939346313476562,10.252388288682699,9.99774140289071
sub-646345876621,12.68,14.372566380147084,15.55041790008545,14.961492140116267,14.905678796790838,1.6925663801470847,2.8704179000854495,2.281492140116267,2.225678796790838
sub-646517610067,19.0,23.03499842738014,21.547761917114254,22.291380172247194,22.36185394635917,4.034998427380138,2.547761917114258,3.2913801722471945,3.361853946359169
sub-646744484684,20.16700889801506,30.325534178123103,33.78596115112305,32.05574766462308,31.891772838061982,10.158525280108044,13.618952253107988,11.888738766608018,11.724763940046923
sub-646866546911,19.0,5.364615150363427,18.02265357971191,11.693634365037669,11.093824089528026,-13.635384849636573,-0.977346420288086,-7.306365634962331,-7.906175910471974
sub-647719670521,19.0,17.860373501274356,21.611169815063477,19.735771658168915,19.558037471082066,-1.1396264987256437,2.611169815063477,0.7357716581689147,0.5580374710820664
sub-648086716299,37.6974674880219,33.77107184670649,32.580806732177734,33.17593928944211,33.23234085989554,-3.926395641315409,-5.1166607558441655,-4.521528198579787,-4.465126628126363
sub-648249718476,11.76164384,13.98683249926842,13.342488288879396,13.664660394073909,13.695193108958104,2.2251886592684205,1.580844448879395,1.9030165540739095,1.9335492689581049
sub-648278856903,15.0,13.31284832546195,18.46259307861328,15.887720702037615,15.643696334720932,-1.6871516745380504,3.4625930786132812,0.8877207020376154,0.6436963347209321
sub-648515033769,14.42,13.278350907677012,11.354421615600586,12.3163862616388,12.40755303800644,-1.1416490923229876,-3.065578384399414,-2.103613738361201,-2.012446961993559
sub-648576491590,23.0,30.830987966332156,22.290874481201172,26.560931223766666,26.96561065739228,7.830987966332156,-0.7091255187988281,3.5609312237666657,3.965610657392279
sub-648813490696,21.0,20.54104628906607,19.069841384887695,19.805443836976885,19.87515794187803,-0.4589537109339296,-1.930158615112305,-1.1945561630231154,-1.1248420581219705
sub-649823056480,24.342231348391515,40.04817432212717,30.258155822753903,35.15316507244054,35.61707215615886,15.705942973735652,5.9159244743623915,10.810933724049022,11.274840807767347
sub-649973856258,21.0,20.90275557699355,21.511491775512695,21.207123676253122,21.178278272679385,-0.097244423006451,0.5114917755126953,0.2071236762531221,0.17827827267938545
sub-650124359274,19.0,30.253275559940064,19.66375732421875,24.958516442079407,25.46030839712321,11.253275559940064,0.66375732421875,5.958516442079407,6.46030839712321
sub-650193008460,23.0,27.530434506631067,29.50651741027832,28.518475958454694,28.424837845607886,4.530434506631067,6.50651741027832,5.518475958454694,5.424837845607886
sub-650286627379,12.0,14.025319583966631,14.500731468200684,14.263025526083657,14.240497791249023,2.025319583966631,2.5007314682006836,2.2630255260836574,2.240497791249023
sub-650323162497,13.95,22.619030765220128,18.063398361206055,20.341214563213093,20.557086488600582,8.669030765220128,4.113398361206055,6.391214563213094,6.607086488600583
sub-651378609045,10.0,6.180514849642975,11.57050323486328,8.875509042253128,8.620100557251462,-3.819485150357025,1.5705032348632812,-1.1244909577468718,-1.3798994427485383
sub-651379322987,12.33,26.78274614305793,17.306371688842773,22.044558915950354,22.49360375049885,14.452746143057931,4.976371688842773,9.714558915950354,10.163603750498849
sub-651479451260,9.684931507,19.691212048072927,12.434307098388672,16.0627595732308,16.40663324540462,10.006280541072927,2.749375591388672,6.3778280662308,6.7217017384046205
sub-651562292984,21.0,24.893094667168818,19.89952850341797,22.396311585293393,22.632935317570148,3.893094667168814,-1.1004714965820312,1.3963115852933932,1.6329353175701478
sub-652391251578,19.0,21.333832763862063,15.109464645385742,18.221648704623902,18.516594874747742,2.3338327638620626,-3.890535354614258,-0.7783512953760976,-0.48340512525225776
sub-652746983023,20.0,15.433878136272124,17.186620712280273,16.3102494242762,16.227194453849233,-4.566121863727876,-2.8133792877197266,-3.6897505757237994,-3.7728055461507672
sub-653961973252,19.0,13.555212482845306,21.118192672729492,17.3367025777874,16.97832530972266,-5.444787517154694,2.118192672729492,-1.663297422212601,-2.02167469027734
sub-654087624056,13.9,20.955430254701568,22.26835250854492,21.611891381623245,21.549677614206118,7.055430254701568,8.368352508544922,7.711891381623245,7.649677614206118
sub-654400627499,60.0,41.84833658760944,45.3918571472168,43.62009686741312,43.4521845913527,-18.15166341239056,-14.608142852783203,-16.379903132586882,-16.547815408647303
sub-654814550678,22.5,29.189829163564447,24.709108352661133,26.94946875811279,27.16179094366078,6.689829163564447,2.209108352661133,4.44946875811279,4.66179094366078
sub-655048546266,21.0,27.836575688618815,18.62006568908691,23.22832068885286,23.66505165889315,6.836575688618815,-2.379934310913086,2.228320688852861,2.6650516588931517
sub-655374246890,28.870636550308017,38.178777809453784,21.28609275817871,29.732435283816248,30.532907342046872,9.308141259145769,-7.584543792129306,0.8617987335082304,1.6622707917388553
sub-656950957845,24.0,31.55251299458849,21.570022583007812,26.56126778879815,27.03429529281962,7.55251299458849,-2.4299774169921875,2.561267788798151,3.034295292819621
sub-656989737791,41.09514031485284,42.190418762359826,30.725811004638672,36.45811488349925,37.00137358635047,1.0952784475069848,-10.36932931021417,-4.637025431353592,-4.0937667285023736
sub-657153755669,31.0,24.95232390494948,25.032886505126953,24.992605205038217,24.988787688155334,-6.0476760950505195,-5.967113494873047,-6.007394794961783,-6.011212311844666
sub-657490657270,25.0,22.711546141191967,21.672788619995117,22.192167380593542,22.241389654522827,-2.288453858808033,-3.327211380004883,-2.807832619406458,-2.758610345477173
sub-657704975547,18.0,31.469731391245645,29.42128562927246,30.445508510259053,30.54257558931033,13.469731391245643,11.42128562927246,12.445508510259053,12.542575589310331
sub-658403838316,17.0,17.02857126732384,22.91428565979004,19.97142846355694,19.692529644358306,0.0285712673238407,5.914285659790039,2.97142846355694,2.6925296443583058
sub-658732984981,27.5,41.94296127754058,34.89351272583008,38.41823700168533,38.752280202896415,14.442961277540585,7.393512725830078,10.918237001685327,11.252280202896415
sub-658776671303,17.83,27.891748497424263,29.135129928588867,28.513439213006563,28.454520687600507,10.061748497424263,11.305129928588867,10.683439213006565,10.624520687600508
sub-659006086496,18.0,20.85662151777709,23.437885284423828,22.147253401100457,22.02493835681637,2.8566215177770893,5.437885284423828,4.147253401100457,4.024938356816371
sub-659008210173,22.5,28.142141546704696,21.279237747192383,24.710689646948538,25.035893290606108,5.642141546704696,-1.2207622528076172,2.2106896469485378,2.535893290606108
sub-659343191601,19.0,27.24424669832881,19.525360107421875,23.38480340287534,23.750568408137525,8.244246698328809,0.525360107421875,4.384803402875342,4.750568408137525
sub-659455743211,22.5,27.828296962930843,28.58167266845703,28.204984815693937,28.169285564817418,5.3282969629308425,6.081672668457031,5.704984815693937,5.669285564817418
sub-659518732450,22.5,27.44149952709686,27.192951202392575,27.317225364744715,27.329003006276654,4.941499527096859,4.692951202392578,4.817225364744715,4.829003006276654
sub-659879157552,19.0,32.887036891954345,36.27900695800781,34.58302192498108,34.42229097830274,13.887036891954343,17.279006958007812,15.583021924981082,15.42229097830274
sub-659885055931,22.0,29.532563001668507,21.12488555908203,25.32872428037527,25.72712813665852,7.532563001668507,-0.8751144409179688,3.328724280375269,3.7271281366585214
sub-660642229990,19.0,17.513470412661807,19.96329116821289,18.738380790437347,18.6222942679846,-1.4865295873381932,0.9632911682128906,-0.26161920956265305,-0.37770573201540003
sub-660847550385,8.408219178,7.080266835156166,14.225189208984377,10.65272802207027,10.314160724975924,-1.3279523428438331,5.8169700309843755,2.244508844070271,1.9059415469759244
sub-660910676815,20.0,29.62495447174672,22.4982852935791,26.06161988266291,26.399322238923084,9.624954471746722,2.4982852935791016,6.06161988266291,6.399322238923084
sub-661066566833,13.0,24.038093822074856,16.897966384887695,20.468030103481276,20.80637018904646,11.038093822074856,3.8979663848876953,7.468030103481276,7.806370189046461
sub-661217121523,21.0,24.011053709326745,20.84939193725586,22.430222823291302,22.58004044544176,3.0110537093267453,-0.1506080627441406,1.4302228232913023,1.5800404454417603
sub-661697346338,19.0,28.041305858386615,29.83067321777344,28.93598953808003,28.851199075891724,9.041305858386616,10.830673217773438,9.93598953808003,9.851199075891724
sub-661825354690,30.069815195071868,38.20993144775992,20.41183090209961,29.310881174929765,30.15425699902973,8.140116252688053,-9.65798429297226,-0.7589340201421031,0.08444180395786205
sub-662096726150,13.0,11.816166118312598,11.56906509399414,11.69261560615337,11.704324666313237,-1.183833881687402,-1.4309349060058594,-1.3073843938466307,-1.2956753336867628
sub-663994701427,24.2611,26.92643616174504,27.05695343017578,26.991694795960413,26.98551014111257,2.665336161745038,2.7958534301757823,2.730594795960414,2.724410141112571
sub-664052311069,21.0,26.263182236429188,21.243066787719727,23.753124512074457,23.991006301357004,5.263182236429188,0.2430667877197265,2.753124512074457,2.991006301357004
sub-664063551695,31.46064339493498,29.47544823197033,26.010669708251953,27.743058970111143,27.90723999803984,-1.9851951629646507,-5.449973686683027,-3.717584424823837,-3.5534033968951384
sub-664400075329,21.0,23.343534549406407,16.850337982177734,20.09693626579207,20.40462106574477,2.3435345494064066,-4.149662017822266,-0.9030637342079295,-0.5953789342552298
sub-664760112772,56.939082819986325,50.8739159247217,37.507774353027344,44.19084513887452,44.8242093922197,-6.065166895264625,-19.43130846695898,-12.748237681111803,-12.114873427766625
sub-664974219741,27.0,24.58589619099665,21.296140670776367,22.94101843088651,23.09690586762928,-2.4141038090033504,-5.703859329223633,-4.058981569113492,-3.9030941323707182
sub-665112865981,19.0,21.001692963575326,23.42734718322754,22.21452007340143,22.099578699672676,2.0016929635753264,4.427347183227539,3.214520073401431,3.0995786996726764
sub-665230680224,23.0,21.087992087010115,21.07080078125,21.079396434130057,21.080211056545835,-1.9120079129898857,-1.92919921875,-1.9206035658699427,-1.919788943454165
sub-665303060615,19.0,21.400243038760777,21.29347801208496,21.34686052542287,21.35191966317337,2.4002430387607774,2.293478012084961,2.346860525422869,2.351919663173369
sub-665358094819,19.0,17.730110740265367,16.850746154785156,17.29042844752526,17.332097772297367,-1.269889259734633,-2.149253845214844,-1.7095715524747384,-1.6679022277026334
sub-665518598470,9.161,8.613278561457836,14.30317497253418,11.458226766996008,11.188606924000739,-0.5477214385421636,5.14217497253418,2.2972267669960083,2.0276069240007395
sub-666278270179,21.0,31.489360451651756,20.99171257019043,26.240536510921093,26.73797512300363,10.489360451651756,-0.0082874298095703,5.240536510921093,5.737975123003629
sub-666304483965,23.0,23.50061630049732,21.08458137512207,22.292598837809695,22.407084394345077,0.5006163004973203,-1.9154186248779297,-0.7074011621903047,-0.5929156056549232
sub-666694788584,41.0,56.38279898412809,24.28536796569824,40.334083474913164,41.85504338112409,15.382798984128089,-16.714632034301758,-0.6659165250868355,0.8550433811240907
sub-667083244912,19.0,10.866759878037882,16.33978843688965,13.603274157463765,13.343930753975144,-8.133240121962118,-2.6602115631103516,-5.3967258425362346,-5.656069246024856
sub-667267572569,66.33264887063655,52.12128094967478,40.35002136230469,46.23565115598973,46.793440776838544,-14.21136792096177,-25.98262750833186,-20.096997714646818,-19.539208093798003
sub-667802455407,58.0,43.905069990298415,50.21669006347656,47.06088002688749,46.76179935999461,-14.094930009701583,-7.783309936523437,-10.939119973112511,-11.238200640005388
sub-668199381050,18.0,6.19571257114287,17.314481735229492,11.755097153186181,11.228226261391757,-11.80428742885713,-0.6855182647705078,-6.244902846813819,-6.771773738608243
sub-668766205850,65.66735112936345,49.4065397228827,59.031978607177734,54.219259165030216,53.76315080500943,-16.260811406480755,-6.635372522185719,-11.448091964333237,-11.904200324354022
sub-668780942457,29.0,21.741113741619227,23.338159561157227,22.53963665138823,22.46395948400046,-7.258886258380773,-5.661840438842773,-6.4603633486117715,-6.536040515999542
sub-669071917132,21.0,24.49100141357179,22.52294921875,23.506975316160897,23.60023288808108,3.4910014135717944,1.52294921875,2.506975316160897,2.6002328880810808
sub-669147517964,22.5,34.62669409499678,38.258155822753906,36.44242495887534,36.27034552716984,12.12669409499678,15.758155822753906,13.942424958875343,13.770345527169837
sub-669502250517,21.0,23.144842157796333,20.01325035095215,21.57904625437424,21.727438989546528,2.144842157796333,-0.9867496490478516,0.5790462543742407,0.7274389895465276
sub-669938223438,12.4,1.5462985315264035,16.19046401977539,8.868381275650897,8.174456937757453,-10.853701468473597,3.7904640197753903,-3.5316187243491033,-4.225543062242547
sub-670439921796,21.0,23.166329058427365,19.979917526245117,21.57312329233624,21.724113699710422,2.1663290584273653,-1.0200824737548828,0.5731232923362413,0.724113699710422
sub-670440267086,21.0,17.141034436241952,30.356325149536133,23.748679792889043,23.122463716209854,-3.858965563758048,9.356325149536133,2.7486797928890425,2.122463716209854
sub-670914982191,17.6,13.71575989280428,18.593189239501953,16.154474566153116,15.92335406066954,-3.884240107195722,0.9931892395019516,-1.4455254338468855,-1.6766459393304611
sub-670965706532,18.0,28.39550597411449,24.661901473999023,26.528703724056754,26.70562326465998,10.395505974114489,6.661901473999023,8.528703724056754,8.70562326465998
sub-671107640505,28.158795345653655,31.447410010202972,25.70748710632324,28.577448558263107,28.849438942681417,3.2886146645493177,-2.4513082393304124,0.41865321260945265,0.690643597027762
sub-671682598086,10.96,15.930598071210376,19.01376724243164,17.47218265682101,17.326084463143125,4.970598071210375,8.05376724243164,6.5121826568210075,6.366084463143125
sub-671852511180,29.9685,19.447871916442956,23.80458068847656,21.626226302459756,21.41978051676757,-10.520628083557042,-6.163919311523436,-8.342273697540243,-8.548719483232428
sub-671881150872,21.0,29.680478767596473,22.68008041381836,26.180279590707414,26.511998512931687,8.680478767596473,1.6800804138183594,5.180279590707414,5.511998512931687
sub-672056914948,83.45790554414785,45.314857739754515,64.60899353027344,54.961925635013976,54.0476591024208,-38.14304780439333,-18.84891201387441,-28.495979909133872,-29.410246441727047
sub-672403936752,35.40588637919233,45.029299854130855,21.741361618041992,33.38533073608642,34.488846476491624,9.623413474938523,-13.66452476115034,-2.020555643105908,-0.9170399027007079
sub-672500627179,31.895961670088983,43.02680825107247,35.73216247558594,39.3794853633292,39.7251474117391,11.130846580983484,3.8362008054969543,7.483523693240219,7.829185741650118
sub-672514734200,12.3,16.567294753491336,14.157535552978516,15.362415153234926,15.476603330023853,4.267294753491335,1.857535552978515,3.062415153234925,3.176603330023852
sub-672611254530,21.0,26.243513611846428,23.774492263793945,25.009002937820185,25.125999294189345,5.243513611846428,2.7744922637939453,4.009002937820185,4.125999294189345
sub-672666802566,19.0,15.58669555265766,26.578636169433594,21.082665861045626,20.561804831389757,-3.413304447342341,7.578636169433594,2.0826658610456263,1.5618048313897575
sub-672791368571,11.65753425,4.8717469091876495,16.23012351989746,10.550935214542555,10.012710351169092,-6.78578734081235,4.5725892698974615,-1.1065990354574442,-1.6448238988309072
sub-673092908902,11.0,20.586772118622385,20.741710662841797,20.66424139073209,20.656899516126952,9.586772118622385,9.741710662841797,9.66424139073209,9.656899516126952
sub-673884038980,27.326488706365502,37.4276947905022,27.838937759399418,32.63331627495081,33.087686438916,10.1012060841367,0.5124490530339116,5.306827568585305,5.7611977325504995
sub-674146639032,19.0,20.796831017349724,21.11602020263672,20.95642560999322,20.941300600361178,1.7968310173497244,2.1160202026367188,1.9564256099932216,1.9413006003611777
sub-674149431427,25.0,15.47604127650943,19.966463088989254,17.721252182749343,17.50847030824869,-9.52395872349057,-5.033536911010742,-7.2787478172506574,-7.49152969175131
sub-674240758679,8.083333332999999,14.635185022895463,13.479872703552246,14.057528863223855,14.112274170281719,6.551851689895464,5.396539370552247,5.974195530223856,6.02894083728172
sub-674509869536,23.0,35.57881625136674,28.70800018310547,32.1434082172361,32.46898678945189,12.57881625136674,5.708000183105469,9.1434082172361,9.46898678945189
sub-674592363321,73.56331279945243,55.38393325482078,49.536346435546875,52.46013984518383,52.73723196184252,-18.17937954463165,-24.02696636390556,-21.1031729542686,-20.826080837609915
sub-674684870917,21.0,19.29801474423778,19.084897994995117,19.191456369616446,19.201555060404317,-1.7019852557622208,-1.9151020050048828,-1.8085436303835536,-1.798444939595683
sub-674820667498,18.0,30.089279299428693,19.410869598388672,24.750074448908684,25.256078590113944,12.089279299428693,1.410869598388672,6.750074448908684,7.256078590113944
sub-675221521310,18.1383,22.01089163992998,19.5064697265625,20.75868068324624,20.877354520921312,3.872591639929979,1.368169726562499,2.620380683246239,2.739054520921311
sub-675459567756,21.0,34.31621160926903,25.844579696655273,30.080395652962153,30.481830037909162,13.316211609269033,4.844579696655273,9.080395652962153,9.481830037909162
sub-675837960607,37.5,35.920858050929915,27.758724212646484,31.8397911317882,32.22655972738168,-1.5791419490700846,-9.741275787353516,-5.6602088682118,-5.273440272618323
sub-675854313594,16.05,16.89881739322692,15.49020290374756,16.19451014848724,16.261258361469636,0.8488173932269198,-0.5597970962524421,0.14451014848723887,0.2112583614696355
sub-676756169324,13.12,14.460346785042482,17.487442016601562,15.973894400822022,15.830453311195875,1.3403467850424828,4.367442016601563,2.853894400822023,2.7104533111958755
sub-676763352592,61.15263518138261,51.97374931434901,56.35066223144531,54.16220577289716,53.95480259922704,-9.1788858670336,-4.801972949937294,-6.990429408485447,-7.19783258215557
sub-677544915835,19.0,16.680899194627592,20.30427360534668,18.492586399987136,18.320890191629214,-2.3191008053724076,1.3042736053466797,-0.507413600012864,-0.6791098083707858
sub-677684213717,21.0,17.225261370234293,23.905946731567383,20.565604050900838,20.24903495928838,-3.7747386297657073,2.905946731567383,-0.43439594909916224,-0.7509650407116197
sub-677737173589,9.0,13.886202085697375,23.805543899536133,18.845872992616755,18.37583783041989,4.886202085697377,14.805543899536133,9.845872992616755,9.37583783041989
sub-678520978380,49.04312114989733,39.54841195741227,56.82728958129883,48.18785076935555,47.36907869768518,-9.49470919248506,7.784168431401497,-0.8552703805417821,-1.6740424522121486
sub-678825690563,67.5,60.0068809338309,52.319671630859375,56.16327628234514,56.52754023648396,-7.4931190661691005,-15.180328369140623,-11.336723717654863,-10.972459763516042
sub-678999721414,27.5,28.897392464994084,29.145366668701172,29.021379566847628,29.009629130453,1.397392464994084,1.645366668701172,1.521379566847628,1.5096291304529998
sub-679338528035,31.849418206707732,39.08447208516826,32.97211837768555,36.0282952314269,36.31793351794033,7.235053878460526,1.122700170977815,4.178877024719171,4.468515311232601
sub-679731921792,26.0,23.572930694999137,31.04610824584961,27.309519470424373,26.955397565144395,-2.427069305000863,5.046108245849609,1.309519470424373,0.9553975651443949
sub-679762367696,46.22039698836414,43.21553324260947,34.4312744140625,38.823403828335984,39.239652265051305,-3.004863745754676,-11.789122574301643,-7.39699316002816,-6.980744723312839
sub-679864071438,21.0,20.27860073051034,22.69312286376953,21.485861797139936,21.371447925349464,-0.7213992694896589,1.6931228637695312,0.48586179713993616,0.37144792534946447
sub-680302874420,13.36,17.636546723438606,16.721878051757812,17.17921238759821,17.222554621943846,4.2765467234386065,3.361878051757813,3.81921238759821,3.862554621943847
sub-680339578873,50.902121834360024,50.95115533613944,67.87833404541016,59.414744690774796,58.612638125695334,0.0490335017794123,16.976212211050132,8.512622856414772,7.71051629133531
sub-680398942665,21.0,8.30339567458833,25.91816139221191,17.110778533400122,16.27609016228341,-12.69660432541167,4.918161392211914,-3.889221466599878,-4.72390983771659
sub-680734042819,14.91,17.490786740366197,13.1809663772583,15.335876558812249,15.540100503448027,2.5807867403661966,-1.7290336227416994,0.4258765588122486,0.6301005034480269
sub-680757856739,22.5,23.894193902094862,25.5036563873291,24.698925144711982,24.622659604669657,1.394193902094866,3.0036563873291016,2.198925144711982,2.122659604669657
sub-680772685788,13.0,11.681429823014508,17.233156204223633,14.45729301361907,14.194220457088793,-1.3185701769854925,4.233156204223633,1.4572930136190703,1.194220457088793
sub-680990983274,28.0,33.022847631339914,22.71229362487793,27.867570628108922,28.356143662058173,5.022847631339914,-5.28770637512207,-0.13242937189107806,0.35614366205817305
sub-681456690857,24.0,24.529918502221392,17.625385284423828,21.07765189332261,21.40482817697415,0.5299185022213919,-6.374614715576172,-2.92234810667739,-2.5951718230258507
sub-682089304633,27.5,22.184380184584313,29.99180603027344,26.088093107428875,25.7181326057554,-5.315619815415687,2.4918060302734375,-1.4119068925711247,-1.7818673942445997
sub-682175285376,20.0,25.162458307376404,21.587514877319336,23.37498659234787,23.544387863775697,5.162458307376404,1.587514877319336,3.37498659234787,3.5443878637756967
sub-682251382971,19.0,17.12085118481614,17.044734954833984,17.082793069825062,17.086399892251077,-1.879148815183861,-1.9552650451660156,-1.9172069301749382,-1.9136001077489233
sub-682373025096,16.5,9.867060808903236,11.493850708007812,10.680455758455524,10.603369146416503,-6.632939191096764,-5.0061492919921875,-5.819544241544476,-5.896630853583497
sub-682540333780,19.0,33.09948367156311,23.763813018798828,28.431648345180967,28.874025828671513,14.099483671563108,4.763813018798828,9.431648345180967,9.874025828671513
sub-682565238858,21.0,30.34772445838665,28.668790817260746,29.508257637823696,29.587815118666164,9.34772445838665,7.668790817260742,8.508257637823696,8.587815118666164
sub-683077578493,19.0,14.91885104543394,16.125852584838867,15.522351815136403,15.46515717712579,-4.081148954566061,-2.874147415161133,-3.4776481848635967,-3.534842822874211
sub-683311152225,62.5,52.20581499400502,50.94124603271485,51.573530513359934,51.633453025154004,-10.294185005994985,-11.558753967285156,-10.926469486640066,-10.866546974845996
sub-683939707752,63.81656399726214,47.74352095827939,53.186153411865234,50.46483718507231,50.20693412294272,-16.073043038982753,-10.630410585396907,-13.351726812189831,-13.609629874319424
sub-683977145503,23.0,15.10803157941926,15.923020362854004,15.515525971136633,15.476907140149688,-7.891968420580739,-7.076979637145996,-7.484474028863367,-7.523092859850312
sub-684188028169,11.66849315,6.49454147699203,13.078113555908203,9.786327516450116,9.474360207729001,-5.17395167300797,1.4096204059082034,-1.8821656335498833,-2.1941329422709988
sub-684466732098,21.0,27.143538518812257,26.88242530822754,27.012981913519898,27.025354951226664,6.143538518812257,5.882425308227539,6.012981913519898,6.025354951226664
sub-685152998724,21.0,16.639542427727836,17.526046752929688,17.08279459032876,17.040786943843273,-4.360457572272164,-3.4739532470703125,-3.91720540967124,-3.9592130561567274
sub-685299118745,18.0,-8.475883505663543,19.334932327270508,5.429524410803483,4.111688855159758,-26.475883505663543,1.3349323272705078,-12.570475589196517,-13.888311144840241
sub-686082388541,30.0,35.964016263056095,26.800214767456055,31.382115515256075,31.81634885484268,5.964016263056095,-3.1997852325439453,1.382115515256075,1.8163488548426798
sub-686436805646,33.17,38.28397967016756,22.496578216552734,30.390278943360148,31.138376341573007,5.113979670167559,-10.673421783447267,-2.779721056639854,-2.0316236584269944
sub-686706639402,22.0,30.093062959152924,33.7006721496582,31.896867554405564,31.725918392371817,8.093062959152924,11.700672149658203,9.896867554405564,9.725918392371817
sub-687363608821,10.80547945,14.255156109557298,19.27107810974121,16.763117109649254,16.525434029947938,3.449676659557298,8.465598659741211,5.957637659649254,5.719954579947938
sub-687730767942,23.0,16.223435763845565,23.340423583984375,19.78192967391497,19.44468607578379,-6.776564236154435,0.340423583984375,-3.21807032608503,-3.555313924216211
sub-687870123935,21.0,15.82014359986545,19.68658447265625,17.753364036260848,17.57014994838343,-5.17985640013455,-1.31341552734375,-3.246635963739152,-3.429850051616569
sub-687905632775,21.0,34.781532040955284,22.877546310424805,28.829539175690044,29.393618120508023,13.781532040955284,1.877546310424805,7.829539175690044,8.393618120508023
sub-688318858034,19.0,23.6126712980655,22.98391342163086,23.29829235984818,23.32808650506255,4.6126712980655,3.9839134216308594,4.29829235984818,4.328086505062551
sub-688375758179,41.71937029431896,43.539486788934184,23.565181732177734,33.55233426055596,34.49883110412917,1.8201164946152204,-18.15418856214123,-8.167036033763004,-7.220539190189797
sub-688740919551,9.808219178,8.726477093263359,19.95414924621582,14.34031316973959,13.808281831315144,-1.081742084736641,10.14593006821582,4.53209399173959,4.000062653315144
sub-689747547774,62.95961670088982,57.8573824697762,60.95704650878906,59.40721448928263,59.260334674404135,-5.10223423111362,-2.0025701921007553,-3.5524022116071876,-3.699282026485683
sub-690309517436,55.0,42.267170189368706,36.18919372558594,39.22818195747732,39.51619125351722,-12.732829810631294,-18.810806274414062,-15.771818042522682,-15.48380874648278
sub-690700446552,19.0,4.9202379444831195,17.243934631347656,11.082086287915388,10.498119036883274,-14.07976205551688,-1.7560653686523438,-7.917913712084612,-8.501880963116726
sub-690905328014,65.40999315537303,47.733254772214046,58.53606414794922,53.134659460081636,52.622760550617556,-17.676738383158984,-6.873929007423811,-12.275333695291394,-12.787232604755474
sub-690939385110,25.0,35.75244717938476,18.071277618408203,26.91186239889648,27.74969736399762,10.75244717938476,-6.928722381591797,1.9118623988964814,2.749697363997619
sub-691371386930,21.0,19.410965424149037,28.223207473754883,23.81708644895196,23.399512007135087,-1.5890345758509632,7.223207473754883,2.8170864489519616,2.399512007135087
sub-691485115052,23.0,21.274501834944395,16.66559600830078,18.97004892162259,19.188445246543477,-1.7254981650556047,-6.334403991699219,-4.029951078377412,-3.811554753456523
sub-691759233511,19.0,21.884856579065385,21.44922637939453,21.667041479229958,21.687684130264977,2.884856579065385,2.4492263793945312,2.667041479229958,2.6876841302649765
sub-691921149119,29.49760438056126,41.60374599451188,36.41546249389648,39.00960424420418,39.25545479785007,12.106141613950625,6.917858113335225,9.511999863642924,9.757850417288811
sub-692024859380,27.0,30.34309556109387,43.657840728759766,37.00046814492682,36.36953934723557,3.3430955610938717,16.657840728759766,10.00046814492682,9.369539347235573
sub-692150651594,22.5,15.816119910029933,20.375947952270508,18.09603393115022,17.87996319242094,-6.683880089970067,-2.124052047729492,-4.40396606884978,-4.6200368075790585
sub-693063068070,23.0,15.859988210716732,21.6597843170166,18.75988626386667,18.485058744592138,-7.1400117892832675,-1.3402156829833984,-4.240113736133331,-4.514941255407862
sub-693325060378,21.0,16.72442849330274,21.574861526489254,19.149645009896,18.919803744188414,-4.275571506697261,0.5748615264892578,-1.8503549901040017,-2.080196255811586
sub-693382231073,29.0,21.777187465871904,21.038713455200195,21.40795046053605,21.442943583860018,-7.222812534128096,-7.961286544799805,-7.59204953946395,-7.557056416139982
sub-693399183927,22.5,24.72527547137577,28.86813735961914,26.796706415497454,26.600393918544988,2.2252754713757703,6.368137359619141,4.296706415497454,4.100393918544988
sub-693783915366,19.0,29.694039063046688,23.989721298217773,26.84188018063223,27.112183389870683,10.694039063046688,4.989721298217773,7.841880180632231,8.112183389870683
sub-693974688215,42.98973305954826,47.48935891060323,31.13947868347168,39.314418797037455,40.0891696573957,4.499625851054972,-11.850254376076578,-3.6753142625108026,-2.9005634021525566
sub-694112100550,22.41478439425052,26.707894069690024,26.521812438964844,26.614853254327436,26.623670866536113,4.293109675439503,4.107028044714323,4.2000688600769145,4.208886472285592
sub-694127992242,17.6,27.08338078633303,33.281002044677734,30.182191415505383,29.888512664629328,9.48338078633303,15.681002044677731,12.582191415505381,12.288512664629327
sub-694932022560,27.5,31.027870476929596,26.560226440429688,28.79404845867964,29.005750991846142,3.5278704769295963,-0.9397735595703124,1.2940484586796401,1.505750991846142
sub-695085570524,27.92,31.375622203966017,25.080350875854492,28.227986539910255,28.526292509733167,3.4556222039660156,-2.8396491241455095,0.30798653991025304,0.6062925097331657
sub-695242338127,21.0,27.13705043479105,27.715351104736328,27.42620076976369,27.398797575650846,6.137050434791046,6.715351104736328,6.426200769763689,6.398797575650846
sub-695273924163,21.0,22.462103587317767,25.2810001373291,23.871551862323436,23.73797641730225,1.4621035873177668,4.281000137329102,2.871551862323436,2.7379764173022494
sub-695333487294,9.229295,7.503520427383112,11.85244369506836,9.677982061225736,9.471905197269269,-1.7257745726168885,2.623148695068359,0.4486870612257352,0.24261019726926847
sub-695426581946,21.0,18.55546334844972,24.600919723510746,21.57819153598023,21.291723227786488,-2.44453665155028,3.600919723510742,0.5781915359802312,0.2917232277864876
sub-696040052001,22.0,20.446661345356674,21.05607795715332,20.751369651254997,20.72249200580763,-1.5533386546433263,-0.9439220428466796,-1.248630348745003,-1.2775079941923693
sub-696273606035,26.0,30.532431406074817,22.236616134643555,26.384523770359188,26.777626957026506,4.532431406074814,-3.7633838653564458,0.3845237703591877,0.7776269570265057
sub-696387902428,27.5,29.57845935485965,34.75564956665039,32.16705446075502,31.921729570596675,2.078459354859646,7.255649566650391,4.667054460755018,4.421729570596675
sub-696878407859,21.0,18.36528037893812,23.831695556640625,21.098487967789374,20.839457944133756,-2.6347196210618797,2.831695556640625,0.09848796778937441,-0.16054205586624448
sub-697141427612,62.4558521560575,57.634579088130984,54.22081756591797,55.92769832702447,56.08946187756129,-4.821273067926519,-8.235034590139534,-6.52815382903303,-6.366390278496212
sub-697168059795,21.0,28.818721989459014,24.302570343017575,26.560646166238293,26.774647267468545,7.818721989459014,3.302570343017578,5.560646166238293,5.774647267468545
sub-697452970135,37.002053388090346,38.02701472612914,62.17383575439453,50.100425240261835,48.95621071962451,1.0249613380387927,25.171782366304186,13.09837185217149,11.954157331534162
sub-697511740663,49.38535249828885,58.46946929865699,46.07339859008789,52.27143394437244,52.85883069059377,9.084116800368143,-3.3119539082009624,2.886081446083587,3.473478192304917
sub-698477815272,21.0,33.99401313394382,32.45844268798828,33.226227910966045,33.29899202346215,12.994013133943817,11.45844268798828,12.226227910966045,12.298992023462148
sub-698490319297,29.0,22.804697673948972,24.179866790771484,23.49228223236023,23.427118852470244,-6.195302326051028,-4.820133209228516,-5.507717767639772,-5.572881147529756
sub-698835635925,22.0479,13.41864031934243,20.716726303100582,17.067683311221508,16.721858246062787,-8.629259680657569,-1.3311736968994126,-4.980216688778491,-5.326041753937211
sub-698839379175,9.0,19.862489675162355,12.195181846618652,16.0288357608905,16.392156669317604,10.862489675162356,3.1951818466186523,7.028835760890502,7.392156669317604
sub-698919527941,15.3,9.134438347091836,13.683751106262209,11.409094726677022,11.193522262215957,-6.165561652908163,-1.6162488937377937,-3.8909052733229785,-4.106477737784044
sub-699269720091,61.0,44.38440238953634,28.212993621826172,36.29869800568126,37.06499186728384,-16.61559761046366,-32.78700637817383,-24.70130199431874,-23.935008132716163
sub-699308493154,20.0,30.08357479216878,22.820043563842773,26.451809178005774,26.795996841169583,10.08357479216878,2.8200435638427734,6.4518091780057745,6.795996841169583
sub-699419348039,21.0,16.32731479876379,23.05021858215332,19.688766690458557,19.370197048483845,-4.6726852012362095,2.0502185821533203,-1.3112333095414428,-1.6298029515161545
sub-700193003380,29.0,26.845976899565397,17.174081802368164,22.010029350966782,22.468339072123854,-2.1540231004346033,-11.825918197631836,-6.989970649033218,-6.531660927876146
sub-700247842557,25.0,25.222743108632873,20.068817138671875,22.645780123652372,22.89000262094161,0.2227431086328728,-4.931182861328125,-2.354219876347628,-2.1099973790583917
sub-700501332403,21.0,27.133516075020893,20.79633331298828,23.964924694004587,24.26521666733567,6.133516075020893,-0.2036666870117187,2.964924694004587,3.2652166673356717
sub-700656025905,10.37260274,8.260526901250966,14.91821575164795,11.589371326449458,11.27389194108472,-2.1120758387490337,4.54561301164795,1.216768586449458,0.9012892010847207
sub-700850861541,13.8,25.33678884830939,15.612720489501951,20.47475466890567,20.93553665767319,11.536788848309389,1.8127204895019524,6.6747546689056705,7.135536657673189
sub-700916661679,23.0,25.279602842436855,20.32021141052246,22.79990712647966,23.03491146445352,2.279602842436855,-2.679788589477539,-0.20009287352034022,0.03491146445351845
sub-701764432954,38.93771389459275,40.603361506906936,25.951318740844727,33.27734012387583,33.97163773225678,1.6656476123141886,-12.98639515374802,-5.660373770716916,-4.966076162335966
sub-701863915807,77.5,52.93136197809439,59.03605651855469,55.98370924832454,55.69443389696157,-24.568638021905613,-18.463943481445312,-21.516290751675463,-21.80556610303843
sub-701904337000,40.36139630390144,34.52723835669258,37.48091125488281,36.004074805787695,35.86411288635465,-5.834157947208858,-2.880485049018624,-4.357321498113741,-4.4972834175467895
sub-702089918687,22.5,26.48922839905324,29.754199981689453,28.121714190371346,27.96700115837647,3.989228399053239,7.254199981689453,5.621714190371346,5.467001158376469
sub-702445157950,19.0,22.618635836817308,16.511226654052734,19.56493124543502,19.854335232080423,3.618635836817308,-2.4887733459472656,0.5649312454350195,0.8543352320804232
sub-702490913073,19.0,9.414892711683002,16.80846405029297,13.111678380987986,12.761328673459083,-9.585107288316998,-2.1915359497070312,-5.8883216190120145,-6.238671326540917
sub-702763965954,27.0,16.019168536403015,22.624313354492188,19.3217409454476,19.008751396930087,-10.980831463596983,-4.3756866455078125,-7.678259054552399,-7.991248603069913
sub-702869357469,63.09650924024641,51.83506987369729,59.07609558105469,55.45558272737599,55.11246150454637,-11.26143936654912,-4.020413659191725,-7.640926512870422,-7.984047735700045
sub-702874441281,72.5,55.40776816145862,62.90472412109375,59.156246141276185,58.800997478955296,-17.09223183854138,-9.59527587890625,-13.343753858723815,-13.699002521044704
sub-703251898539,21.0,20.527385968952647,19.548770904541016,20.03807843674683,20.084450817007713,-0.4726140310473532,-1.4512290954589844,-0.9619215632531706,-0.9155491829922866
sub-703811884563,19.0,25.113609078879083,23.29039764404297,24.202003361461024,24.288397549560962,6.113609078879083,4.290397644042969,5.202003361461024,5.288397549560962
sub-703926084547,42.789869952087614,41.94036620926733,25.437612533569336,33.68898937141833,34.470984250335576,-0.8495037428202821,-17.352257418518278,-9.100880580669283,-8.318885701752038
sub-704612841491,25.0,15.412245544802776,16.732288360595703,16.072266952699238,16.009715772321282,-9.587754455197224,-8.267711639404297,-8.927733047300762,-8.990284227678718
sub-704648129030,9.0,-0.0645274721119335,16.953487396240234,8.44447996206415,7.638069060107449,-9.064527472111934,7.953487396240234,-0.5555200379358496,-1.3619309398925514
sub-705041557672,58.568104038329906,52.20550483420955,32.765445709228516,42.48547527171903,43.40665648670439,-6.36259920412035,-25.80265832910139,-16.082628766610874,-15.161447551625514
sub-705166047617,21.0,11.399247088070531,18.72477912902832,15.062013108549426,14.714887492185836,-9.600752911929469,-2.2752208709716797,-5.937986891450574,-6.285112507814164
sub-705262524970,19.0,19.17955230140383,23.385740280151367,21.2826462907776,21.08333304137804,0.1795523014038309,4.385740280151367,2.282646290777599,2.08333304137804
sub-705347968085,33.138945927446954,33.07934442942803,25.62052345275879,29.34993394109341,29.703375549756892,-0.059601498018921,-7.518422474688165,-3.789011986353543,-3.4355703776900626
sub-705884941324,17.0,16.328099701260292,15.90974235534668,16.118921028303486,16.138745192712097,-0.6719002987397076,-1.0902576446533203,-0.881078971696514,-0.8612548072879029
sub-706711530535,20.0,23.583955139318395,19.42067527770996,21.502315208514176,21.69959522585282,3.5839551393183946,-0.5793247222900391,1.502315208514176,1.6995952258528213
sub-706713051754,21.0,28.14777002423163,31.06332015991211,29.60554509207187,29.467389647221104,7.1477700242316295,10.06332015991211,8.605545092071871,8.467389647221104
sub-707270874156,74.0,45.43939415189722,48.97331619262695,47.206355172262086,47.03889772893777,-28.56060584810278,-25.026683807373047,-26.793644827737914,-26.96110227106223
sub-707724054383,62.0,37.27787523565466,29.052242279052734,33.1650587573537,33.55483630444198,-24.722124764345335,-32.947757720947266,-28.834941242646302,-28.445163695558023
sub-707875583398,23.0,30.477372011808857,20.64794921875,25.562660615279427,26.028434899858595,7.477372011808857,-2.35205078125,2.5626606152794267,3.0284348998585955
sub-707906391106,19.0,31.64596688646727,23.316516876220703,27.481241881343987,27.87593887435564,12.645966886467274,4.316516876220703,8.481241881343987,8.87593887435564
sub-707928232054,23.0,18.997619669900477,21.081222534179688,20.03942110204008,19.94068807835307,-4.002380330099523,-1.9187774658203125,-2.9605788979599197,-3.0593119216469304
sub-708325248310,18.0,20.0024322988179,18.39198112487793,19.197206711847915,19.27351910161726,2.002432298817901,0.3919811248779297,1.1972067118479153,1.2735191016172607
sub-708489424449,23.0,16.596621017101768,21.012426376342773,18.80452369672227,18.595277576645543,-6.403378982898232,-1.9875736236572263,-4.195476303277729,-4.404722423354457
sub-709113271534,21.0,18.52786949091573,21.862003326416016,20.194936408665875,20.03694607346349,-2.47213050908427,0.8620033264160156,-0.8050635913341253,-0.9630539265365101
sub-709336090516,21.0,16.92539234184643,19.328298568725582,18.126845455286006,18.01298201159267,-4.074607658153571,-1.671701431274414,-2.8731545447139943,-2.987017988407331
sub-709379526999,53.407255304585895,43.98280962190616,68.87771606445312,56.43026284317965,55.250599755929926,-9.424445682679732,15.47046075986723,3.0230075385937525,1.8433444513440307
sub-709709181957,8.87,9.68623564161836,18.750865936279297,14.218550788948829,13.789016748206192,0.8162356416183609,9.880865936279298,5.348550788948829,4.919016748206193
sub-709739847071,27.3812,17.267739440030883,20.756298065185547,19.012018752608213,18.846710887431094,-10.113460559969116,-6.624901934814453,-8.369181247391786,-8.534489112568906
sub-710310558743,21.0,17.942708255959083,23.13760757446289,20.540157915210987,20.293993866265453,-3.057291744040917,2.13760757446289,-0.45984208478901323,-0.7060061337345473
sub-710313763466,12.38,11.282779390822054,16.1446533203125,13.713716355567277,13.483332954741174,-1.0972206091779473,3.764653320312499,1.333716355567276,1.1033329547411732
sub-710627620309,11.0,8.630524517607888,14.72767448425293,11.679099500930409,11.39018165463618,-2.3694754823921116,3.7276744842529297,0.679099500930409,0.39018165463618004
sub-710653466581,62.5,38.237325481806465,45.72623443603515,41.98177995892081,41.626912609751784,-24.262674518193535,-16.773765563964844,-20.51822004107919,-20.873087390248216
sub-710980622258,60.101300479123886,46.44583282172865,41.19314193725586,43.81948737949226,44.068389923450226,-13.655467657395237,-18.908158541868023,-16.281813099631627,-16.03291055567366
sub-711287293064,21.0,19.71640234236001,19.938373565673828,19.82738795401692,19.81686968759245,-1.2835976576399908,-1.061626434326172,-1.1726120459830796,-1.183130312407549
sub-711316088881,39.46611909650924,44.76955656418674,27.38702964782715,36.078293106006946,36.90197667411664,5.3034374676775045,-12.07908944868209,-3.387825990502293,-2.5641424223925995
sub-711460991328,25.0,22.147174275047636,21.491989135742188,21.81958170539491,21.850628125510482,-2.852825724952364,-3.5080108642578125,-3.18041829460509,-3.1493718744895176
sub-711702933403,6.0,21.204961346345712,21.30774688720703,21.25635411677637,21.2514835498298,15.204961346345712,15.307746887207031,15.256354116776372,15.2514835498298
sub-711810000233,52.30116358658453,52.5486806591848,41.21975326538086,46.88421696228283,47.421046353284765,0.2475170726002673,-11.08141032120367,-5.416946624301701,-4.880117233299764
sub-711825599373,22.0,19.232548939927376,19.76768493652344,19.50011693822541,19.474759133274432,-2.7674510600726236,-2.2323150634765625,-2.4998830617745895,-2.525240866725568
sub-711880120870,19.0,17.371540536821144,21.74985122680664,19.560695881813892,19.35322647366783,-1.6284594631788565,2.7498512268066406,0.5606958818138921,0.35322647366783144
sub-713067588921,23.0,24.694844068276534,22.029924392700195,23.362384230488367,23.488663370320364,1.694844068276538,-0.9700756072998048,0.36238423048836665,0.48866337032036355
sub-713238312807,54.425735797399035,43.019000860323345,26.49321556091309,34.756108210618216,35.53919445962739,-11.40673493707569,-27.93252023648595,-19.66962758678082,-18.886541337771646
sub-713258499606,86.19849418206707,69.0911395396804,52.39223861694336,60.74168907831188,61.532978535922624,-17.107354642386667,-33.806255565123706,-25.456805103755187,-24.665515646144442
sub-714049164247,44.0,22.812903726294632,31.675403594970703,27.24415366063267,26.82419771583085,-21.187096273705368,-12.324596405029297,-16.75584633936733,-17.17580228416915
sub-714133828625,29.0,29.35867792405855,20.90518569946289,25.131931811760722,25.532506634515016,0.3586779240585542,-8.09481430053711,-3.8680681882392776,-3.4674933654849838
sub-714328515596,20.65,23.954908622302796,19.42041015625,21.687659389276398,21.902529867779215,3.304908622302797,-1.2295898437499986,1.0376593892763992,1.2525298677792165
sub-714454703838,9.5202,14.757591924766396,19.216075897216797,16.986833910991596,16.775565434063104,5.237391924766394,9.695875897216796,7.466633910991595,7.255365434063103
sub-715170698474,27.0,31.930655646783073,26.72879219055176,29.32972391866742,29.576217968299265,4.930655646783073,-0.2712078094482422,2.329723918667419,2.5762179682992645
sub-715188657730,41.90280629705681,38.67656976677855,40.074371337890625,39.37547055233459,39.3092347172835,-3.226236530278264,-1.828434959166188,-2.5273357447222224,-2.593571579773311
sub-715391018569,59.471594798083494,57.59229263872032,45.59640884399414,51.59435074135723,52.162784342191756,-1.879302159363171,-13.875185954089352,-7.877244056726262,-7.308810455891738
sub-715646324429,19.0,15.124290399896571,18.396169662475582,16.760230031186076,16.605189673797717,-3.875709600103427,-0.6038303375244141,-2.239769968813924,-2.3948103262022826
sub-715730829823,46.0,32.60898358663561,25.949817657470703,29.279400622053156,29.594949999860063,-13.39101641336439,-20.050182342529297,-16.720599377946844,-16.405050000139937
sub-716555194023,24.854209445585212,24.46679015913852,24.563093185424805,24.51494167228166,24.510378283961142,-0.3874192864466934,-0.2911162601604076,-0.3392677733035505,-0.34383116162407035
sub-716652117874,72.5,47.88789425446435,61.40430450439453,54.646099379429444,54.00561453644502,-24.612105745535644,-11.095695495605469,-17.853900620570556,-18.494385463554977
sub-716969824239,23.0,25.328218268146433,20.21851348876953,22.77336587845798,23.01549292275459,2.3282182681464327,-2.7814865112304688,-0.22663412154201978,0.015492922754589245
sub-717096758205,20.0,18.841363276897372,20.473621368408203,19.657492322652786,19.580146596374853,-1.158636723102628,0.4736213684082031,-0.3425076773472142,-0.41985340362514734
sub-717241611030,11.2,23.22710233139393,20.305830001831055,21.766466166612492,21.90489276174521,12.02710233139393,9.105830001831055,10.566466166612493,10.70489276174521
sub-717383994201,27.0,19.078924911531693,19.675975799560547,19.37745035554612,19.349158668833308,-7.921075088468307,-7.324024200439453,-7.62254964445388,-7.650841331166692
sub-717521415493,83.81108829568788,56.99609964839759,51.15675354003906,54.076426594218326,54.35312821884999,-26.814988647290292,-32.65433475564882,-29.734661701469555,-29.457960076837892
sub-717749803047,23.0,21.95419939588024,21.26952362060547,21.611861508242853,21.644305363402133,-1.0458006041197585,-1.7304763793945312,-1.3881384917571467,-1.3556946365978675
sub-717875401784,65.11430527036276,43.50005180430219,39.36960220336914,41.434827003835665,41.63055133560654,-21.614253466060575,-25.744703066993623,-23.6794782665271,-23.483753934756223
sub-717904447748,7.0,13.571866684573934,22.793155670166016,18.182511177369975,17.745553751630297,6.5718666845739335,15.793155670166016,11.182511177369975,10.745553751630297
sub-717923170669,58.0,40.625987497445806,31.97137451171875,36.29868100458228,36.70878607958049,-17.374012502554194,-26.02862548828125,-21.701318995417722,-21.29121392041951
sub-718994616498,22.0,37.16435870253406,42.55141067504883,39.857884688791444,39.60261534782254,15.16435870253406,20.551410675048828,17.857884688791444,17.602615347822542
sub-719305753553,29.0,26.320226093061784,23.963424682617188,25.141825387839486,25.25350412157146,-2.679773906938216,-5.0365753173828125,-3.8581746121605143,-3.74649587842854
sub-719423973532,22.0,22.92467845876139,24.511587142944336,23.718132800852864,23.642935988931242,0.9246784587613917,2.511587142944336,1.7181328008528638,1.6429359889312423
sub-720232681928,19.0,28.330306001389623,27.38681983947754,27.85856292043358,27.90327069232689,9.330306001389625,8.386819839477539,8.858562920433581,8.903270692326888
sub-720493926180,8.594520548,7.0915140250019455,13.102766036987305,10.097140030994625,9.812292521201403,-1.5030065229980547,4.5082454889873045,1.5026194829946249,1.217771973201403
sub-720776154383,10.05479452,14.251063643737538,16.602975845336914,15.427019744537226,15.315572689490766,4.1962691237375385,6.548181325336914,5.372225224537226,5.2607781694907665
sub-722431421602,21.0,25.137233580557396,24.938674926757812,25.037954253657603,25.047363098598716,4.137233580557396,3.938674926757813,4.0379542536576025,4.047363098598716
sub-722687973057,19.0,30.72299251981099,33.627838134765625,32.175415327288306,32.037767123868484,11.722992519810994,14.627838134765623,13.175415327288306,13.037767123868484
sub-722712736840,23.0,29.983536876255094,22.237398147583008,26.11046751191905,26.477523879373912,6.983536876255094,-0.7626018524169922,3.110467511919051,3.477523879373912
sub-723029434653,27.5,25.32531899502031,41.757667541503906,33.54149326826211,32.762834587144155,-2.174681004979689,14.257667541503906,6.0414932682621085,5.262834587144155
sub-723096670239,19.0,32.03271513870287,21.755346298217773,26.89403071846032,27.381031249398262,13.03271513870287,2.7553462982177734,7.894030718460321,8.381031249398262
sub-723325961518,23.0,28.57641368787169,22.5340576171875,25.555235652529596,25.84155705056559,5.576413687871689,-0.4659423828125,2.5552356525295963,2.8415570505655907
sub-723403836764,21.0,30.11881182527528,29.087268829345703,29.60304032731049,29.6519207357594,9.11881182527528,8.087268829345703,8.603040327310492,8.6519207357594
sub-723425355879,22.0,32.84068667546012,29.775405883789062,31.30804627962459,31.453296819542665,10.84068667546012,7.7754058837890625,9.308046279624591,9.453296819542665
sub-723719996349,23.0,17.76459178658275,17.654972076416016,17.709781931499382,17.714976340484895,-5.2354082134172515,-5.345027923583984,-5.290218068500618,-5.2850236595151046
sub-723995805134,8.64109589,28.522213474060628,17.408668518066406,22.965440996063517,23.492064334991618,19.881117584060625,8.767572628066405,14.324345106063516,14.850968444991617
sub-724285887201,21.0,28.95572677853406,27.976551055908203,28.46613891722113,28.512537864675647,7.955726778534061,6.976551055908203,7.46613891722113,7.512537864675647
sub-724721518392,72.09034907597534,47.49628757046262,43.19567108154297,45.34597932600279,45.54976713842556,-24.59406150551272,-28.89467799443237,-26.74436974997255,-26.54058193754978
sub-725415967620,19.0,11.443676964493251,16.940046310424805,14.191861637459027,13.931412213949447,-7.556323035506747,-2.0599536895751953,-4.808138362540973,-5.0685877860505535
sub-725586193692,23.0,34.64923623963341,33.76820755004883,34.20872189484112,34.250470074385774,11.64923623963341,10.768207550048828,11.20872189484112,11.250470074385774
sub-725785336385,82.18754277891856,53.12706688841275,63.830535888671875,58.47880138854231,57.97160979437958,-29.0604758905058,-18.35700689024668,-23.708741390376247,-24.215932984538973
sub-725821040249,40.0,37.77789643090908,32.235557556152344,35.00672699353071,35.26935471630077,-2.222103569090919,-7.764442443847656,-4.993273006469288,-4.730645283699232
sub-726037746493,19.0,26.30413689898139,23.35230827331543,24.82822258614841,24.96809711339845,7.30413689898139,4.35230827331543,5.82822258614841,5.96809711339845
sub-726357481279,25.0,17.880774533915858,20.80942726135254,19.345100897634197,19.206324577028077,-7.119225466084142,-4.190572738647461,-5.654899102365803,-5.793675422971923
sub-726436684201,22.0,38.97445365536997,43.86429977416992,41.419376714769946,41.187667831589685,16.97445365536997,21.86429977416992,19.419376714769946,19.187667831589685
sub-726447225950,9.97,6.821400813282601,13.744858741760254,10.283129777521427,9.95505673281245,-3.1485991867173997,3.7748587417602537,0.3131297775214268,-0.014943267187550902
sub-726583561602,59.78370978781656,46.07965478057427,55.335880279541016,50.707767530057644,50.26915461244776,-13.704055007242289,-4.447829508275547,-9.075942257758918,-9.514555175368805
sub-726862226876,55.0,39.369706386027254,43.33201217651367,41.35085928127046,41.1631025651639,-15.630293613972746,-11.667987823486328,-13.64914071872954,-13.836897434836096
sub-727848229209,21.0,27.769246646092128,24.322723388671875,26.045985017382,26.209301006357872,6.769246646092128,3.322723388671875,5.045985017382002,5.209301006357872
sub-728001286523,22.5,22.008328816738732,21.84513282775879,21.92673082224876,21.934463981826248,-0.4916711832612677,-0.6548671722412109,-0.5732691777512393,-0.5655360181737521
sub-728218320536,23.0,26.530843549290584,19.965879440307617,23.2483614947991,23.559447051451393,3.5308435492905836,-3.034120559692383,0.24836149479909864,0.559447051451393
sub-728882736260,25.0,13.815738540532386,17.505168914794922,15.660453727663654,15.485627409856846,-11.184261459467614,-7.494831085205078,-9.339546272336346,-9.514372590143154
sub-729003209199,8.139726027,13.018588223992404,18.294361114501953,15.656474669247178,15.406478367794513,4.878862196992403,10.154635087501951,7.516748642247178,7.266752340794513
sub-729143650901,19.0,10.937059587381338,18.590530395507812,14.763794991444575,14.401129760204348,-8.062940412618662,-0.4094696044921875,-4.236205008555425,-4.598870239795652
sub-730071150053,19.0,27.48425039971272,31.496355056762695,29.490302728237708,29.30018625694157,8.484250399712721,12.496355056762695,10.490302728237708,10.300186256941569
sub-730097934670,27.5,27.94807211804318,27.630346298217773,27.789209208130476,27.80426487513526,0.4480721180431786,0.1303462982177734,0.289209208130476,0.3042648751352601
sub-730918684622,10.12328767,16.596191913869404,13.901545524597168,15.248868719233286,15.376556480822238,6.472904243869404,3.778257854597168,5.125581049233286,5.253268810822238
sub-730972405484,19.0,18.68265896162897,18.982383728027344,18.83252134482816,18.818318670716057,-0.3173410383710298,-0.0176162719726562,-0.16747865517184124,-0.18168132928394343
sub-731053537710,28.0,31.709538368397123,29.404661178588867,30.557099773492993,30.66631804060059,3.709538368397123,1.4046611785888672,2.5570997734929932,2.66631804060059
sub-731158961758,26.0,21.705235576677545,22.793685913085938,22.24946074488174,22.19788374108264,-4.294764423322455,-3.2063140869140625,-3.750539255118259,-3.8021162589173585
sub-731383185695,12.3,24.400279699186324,21.694116592407227,23.047198145796777,23.175431635346605,12.100279699186324,9.394116592407226,10.747198145796776,10.875431635346605
sub-731884047204,21.0,35.339193038851036,23.339555740356445,29.33937438960374,29.907985852920042,14.339193038851036,2.3395557403564453,8.33937438960374,8.907985852920042
sub-732461942615,8.1,12.987509191041326,8.44175910949707,10.714634150269198,10.930037794682796,4.887509191041326,0.3417591094970706,2.6146341502691985,2.830037794682797
sub-732953690458,21.0,15.5884289965153,23.75079345703125,19.669611226773274,19.282831702979067,-5.411571003484699,2.75079345703125,-1.3303887732267263,-1.7171682970209332
sub-733521303257,19.0,23.098801611704253,20.809608459472656,21.954205035588455,22.062680103269656,4.098801611704253,1.809608459472656,2.954205035588455,3.0626801032696562
sub-733532206179,21.0,12.554245830242174,17.265403747558594,14.909824788900384,14.686583174954642,-8.445754169757826,-3.7345962524414062,-6.090175211099616,-6.313416825045358
sub-733655780174,25.0,31.50991804595649,39.94852828979492,35.7292231678757,35.32935353850725,6.509918045956489,14.948528289794922,10.729223167875702,10.329353538507249
sub-733766223690,11.0,11.78485930275665,13.396599769592283,12.590729536174468,12.514356052331877,0.7848593027566508,2.396599769592285,1.590729536174468,1.5143560523318769
sub-733900295883,19.0,28.339974604097176,26.797393798828125,27.568684201462652,27.64178050488823,9.339974604097176,7.797393798828125,8.568684201462652,8.641780504888231
sub-734028308401,23.0,16.6515370096528,19.203937530517575,17.92773727008519,17.806789931508522,-6.348462990347201,-3.796062469482422,-5.0722627299148115,-5.193210068491478
sub-734097348430,23.0,18.465547130556736,22.925935745239254,20.695741437897993,20.48438270812437,-4.534452869443264,-0.0740642547607421,-2.3042585621020066,-2.5156172918756283
sub-734237194162,24.0,23.31773945280488,21.488964080810547,22.403351766807713,22.49000960608065,-0.6822605471951206,-2.511035919189453,-1.5966482331922869,-1.5099903939193489
sub-734267087534,19.0,15.212614279933264,20.414541244506836,17.81357776222005,17.56708070319963,-3.787385720066738,1.414541244506836,-1.1864222377799507,-1.432919296800371
sub-734932297481,25.0,31.507174927912285,21.16445541381836,26.335815170865324,26.82591239058019,6.507174927912285,-3.8355445861816406,1.3358151708653239,1.8259123905801893
sub-736060141260,44.8514715947981,42.883226915941975,52.17934799194336,47.53128745394267,47.0907840556563,-1.9682446788561236,7.3278763971452605,2.6798158591445684,2.2393124608582013
sub-736336902194,25.0,23.52608652176711,25.02324485778809,24.2746656897776,24.203721762800082,-1.473913478232891,0.0232448577880859,-0.7253343102224008,-0.7962782371999175
sub-737123719510,19.0,30.124208197629137,21.3336181640625,25.72891318084582,26.145461626274837,11.124208197629136,2.3336181640625,6.728913180845819,7.145461626274837
sub-737279775927,20.0,26.224854273648177,26.745752334594727,26.48530330412145,26.46062017401463,6.224854273648177,6.745752334594727,6.485303304121452,6.460620174014629
sub-737612352942,16.0,26.984008144595784,24.40953063964844,25.696769392122114,25.818762864503704,10.984008144595784,8.409530639648438,9.696769392122114,9.818762864503704
sub-737772953793,63.67693360711843,57.0865060361593,70.66668701171875,63.87659652393903,63.2330898591516,-6.590427570959129,6.989753404600322,0.1996629168205999,-0.4438437479668309
sub-737776786402,11.0,9.300047456519795,15.44495964050293,12.372503548511363,12.081322455119217,-1.6999525434802043,4.44495964050293,1.3725035485113626,1.081322455119217
sub-738958020045,19.0,22.830315920420546,23.955570220947266,23.392943070683906,23.339622084514957,3.830315920420542,4.955570220947266,4.392943070683906,4.339622084514957
sub-739307848909,17.0,25.43056692857895,22.408538818359375,23.919552873469165,24.06275385389801,8.430566928578951,5.408538818359375,6.919552873469165,7.062753853898009
sub-739389914455,23.0,16.067493375817037,20.737098693847656,18.402296034832347,18.18102342075691,-6.932506624182963,-2.262901306152344,-4.5977039651676535,-4.818976579243088
sub-739807799326,15.35,2.5208780706360905,10.91008472442627,6.71548139753118,6.317952792889694,-12.82912192936391,-4.43991527557373,-8.63451860246882,-9.032047207110306
sub-740850556012,29.77960301163587,34.97112593081833,36.38862609863281,35.67987601472557,35.61270674747003,5.191522919182461,6.609023086996942,5.900273003089701,5.8331037358341575
sub-741157514614,19.0,16.359240622798154,19.35456085205078,17.856900737424468,17.714965329187592,-2.640759377201846,0.3545608520507812,-1.1430992625755323,-1.2850346708124079
sub-741359564210,67.69883641341546,60.94478593016205,53.056209564208984,57.00049774718552,57.37430362475897,-6.754050483253415,-14.64262684920648,-10.698338666229944,-10.32453278865649
sub-741541005641,54.60917180013689,44.61889289286917,52.64841842651367,48.63365565969142,48.25317080420383,-9.990278907267722,-1.96075337362322,-5.975516140445471,-6.356000995933059
sub-741636551928,38.0,28.83535010862498,24.13941192626953,26.487381017447255,26.70990143328074,-9.16464989137502,-13.860588073730469,-11.512618982552745,-11.290098566719259
sub-741652187641,21.0,23.97394129564135,21.408771514892575,22.691356405266962,22.812908824427943,2.9739412956413496,0.4087715148925781,1.691356405266962,1.812908824427943
sub-741706908470,19.0,26.907203125724344,23.150217056274418,25.028710090999382,25.2067375841201,7.907203125724344,4.150217056274414,6.0287100909993825,6.2067375841200985
sub-742020470746,19.0,15.354350024776965,19.700271606445312,17.527310815611138,17.321376188710346,-3.645649975223037,0.7002716064453125,-1.4726891843888623,-1.678623811289654
sub-742191010883,43.0,30.433447006458103,24.851762771606445,27.642604889032274,27.90709702005249,-12.566552993541896,-18.148237228393555,-15.357395110967726,-15.09290297994751
sub-742564189204,19.0,19.528751257800028,21.00659942626953,20.267675342034778,20.197646441266407,0.5287512578000282,2.0065994262695312,1.267675342034778,1.1976464412664072
sub-742853610871,15.0,15.52610232957612,20.020580291748047,17.773341310662083,17.560367232584404,0.5261023295761191,5.020580291748047,2.773341310662083,2.5603672325844045
sub-743352477595,27.5,30.83622534788478,35.54008102416992,33.18815318602735,32.965257594036686,3.336225347884781,8.040081024169922,5.68815318602735,5.465257594036686
sub-743455835231,37.0,32.62750753504423,32.425357818603516,32.52643267682387,32.53601168685685,-4.372492464955769,-4.574642181396484,-4.473567323176127,-4.4639883131431475
sub-744141834517,46.71047227926078,50.23363423521335,53.94847106933594,52.09105265227464,51.915022431053146,3.523161955952574,7.23799879007516,5.3805803730138635,5.204550151792368
sub-744298999140,47.5,33.33387202194734,29.506711959838867,31.420291990893105,31.601644729240807,-14.166127978052655,-17.993288040161133,-16.079708009106895,-15.898355270759193
sub-744423042424,13.8097,-0.7394745148845523,17.189559936523438,8.225042710819443,7.375462489212041,-14.549174514884552,3.379859936523438,-5.584657289180557,-6.434237510787958
sub-744840336405,24.0,25.78949797435864,26.66012191772461,26.224809946041624,26.183554802896786,1.789497974358639,2.66012191772461,2.224809946041624,2.1835548028967864
sub-745672226345,12.8,23.289162620986744,14.62977123260498,18.959466926795862,19.36979842984838,10.489162620986743,1.82977123260498,6.1594669267958615,6.56979842984838
sub-745755840633,18.0,29.77731483760156,20.37782096862793,25.077567903114744,25.522969695712277,11.777314837601558,2.3778209686279297,7.077567903114744,7.522969695712277
sub-745767581086,8.854794521,-8.50373612058366,11.957107543945312,1.726685711680826,0.7571338854574234,-17.358530641583663,3.102313022945312,-7.1281088093191745,-8.097660635542578
sub-745910997827,21.0,19.89396104886271,22.691680908203125,21.292820978532916,21.160249006264372,-1.1060389511372897,1.691680908203125,0.2928209785329159,0.16024900626437244
sub-746032496734,32.5,28.966337627942707,30.7503662109375,29.858351919440103,29.77381443901959,-3.533662372057293,-1.7496337890625,-2.6416480805598965,-2.7261855609804115
sub-746079690441,10.19726027,0.0874789761980778,13.569864273071287,6.828671624634683,6.189799078577726,-10.10978129380192,3.37260400307129,-3.3685886453653167,-4.007461191422273
sub-747049784071,19.0,26.19197440660058,25.14352798461914,25.66775119560986,25.717432585087057,7.191974406600579,6.143527984619141,6.66775119560986,6.717432585087057
sub-747532219636,53.53593429158111,37.43788416350763,33.1175537109375,35.277718937222566,35.4824409100237,-16.098050128073474,-20.418380580643607,-18.25821535435854,-18.05349338155741
sub-747751581308,23.0,35.62436149532333,30.086257934570312,32.85530971494682,33.11773674430979,12.624361495323328,7.0862579345703125,9.85530971494682,10.117736744309788
sub-748028963399,19.0,12.83920186757485,20.701601028442383,16.770401448008617,16.39783599616795,-6.16079813242515,1.7016010284423828,-2.2295985519913835,-2.6021640038320513
sub-748953105656,9.734246575,11.325531573879466,16.500743865966797,13.913137719923132,13.667906554915714,1.5912849988794662,6.766497290966797,4.178891144923131,3.9336599799157135
sub-749050549103,18.8008,22.972663445406113,19.944828033447266,21.45874573942669,21.60222190303464,4.171863445406114,1.1440280334472668,2.6579457394266903,2.8014219030346403
sub-749242679952,60.41067761806981,47.91020086058903,64.0389633178711,55.97458208923006,55.21030905378867,-12.500476757480785,3.628285699801282,-4.436095528839751,-5.200368564281142
sub-749312838847,8.17,8.732135378895581,6.261128902435303,7.496632140665442,7.613722563775181,0.5621353788955812,-1.9088710975646972,-0.673367859334558,-0.5562774362248186
sub-749715302318,21.0,20.886310365348933,21.097352981567383,20.991831673458158,20.98183126695878,-0.1136896346510667,0.0973529815673828,-0.008168326541841964,-0.018168733041221685
sub-750015954760,27.0,29.699169602843888,30.928865432739254,30.31401751779157,30.25574749446691,2.699169602843888,3.928865432739258,3.3140175177915694,3.2557474944669096
sub-750186825284,19.0,27.62338229961294,22.568689346313477,25.09603582296321,25.33555609222591,8.623382299612938,3.568689346313477,6.096035822963209,6.335556092225911
sub-750196886752,62.425735797399035,47.008051266349014,62.20760345458984,54.60782736046943,53.887585623446896,-15.41768453105002,-0.2181323428091914,-7.817908436929606,-8.53815017395214
sub-750206436120,25.0,29.667115396981757,20.93133544921875,25.299225423100253,25.71317665310367,4.667115396981757,-4.06866455078125,0.29922542310025335,0.7131766531036696
sub-750507848849,9.750684932,17.223106237479307,15.90937328338623,16.56623976043277,16.62849194346562,7.472421305479307,6.15868835138623,6.815554828432768,6.8778070114656185
sub-750841455509,33.0,32.828443538553174,46.98177337646485,39.905108457509016,39.23444272072521,-0.1715564614468263,13.981773376464844,6.905108457509016,6.234442720725212
sub-751188829255,21.0,22.178519176071184,25.38469696044922,23.7816080682602,23.62968102277724,1.178519176071184,4.384696960449219,2.7816080682602013,2.629681022777241
sub-751517719808,24.0,21.05423729733693,20.89313507080078,20.973686184068853,20.98132012920366,-2.945762702663071,-3.1068649291992188,-3.0263138159311467,-3.0186798707963405
sub-751707093596,52.689938398357285,47.45742650628098,56.99458694458008,52.22600672543053,51.77408150320869,-5.232511892076303,4.3046485462227935,-0.46393167292675486,-0.9158568951485933
sub-751985660700,19.0,22.68487670957777,22.456890106201172,22.570883407889472,22.581686717434398,3.684876709577772,3.456890106201172,3.570883407889472,3.5816867174343976
sub-752296417260,19.0,32.28702910207922,48.75136947631836,40.51919928919879,39.739024652261364,13.287029102079217,29.75136947631836,21.519199289198788,20.739024652261364
sub-752442155878,19.0,12.877268109728028,21.05968475341797,16.968476431573,16.580746720624493,-6.122731890271972,2.0596847534179688,-2.0315235684270014,-2.419253279375507
sub-752781093429,19.0,15.77478335536734,16.02300262451172,15.89889298993953,15.887130940942498,-3.22521664463266,-2.9769973754882812,-3.1011070100604705,-3.112869059057502
sub-752827719198,20.0,22.6751118841502,18.77373504638672,20.72442346526846,20.909293019029665,2.6751118841502013,-1.2262649536132812,0.7244234652684582,0.9092930190296649
sub-752863684946,21.0,20.741756253294295,22.765905380249023,21.75383081677166,21.657915051284938,-0.2582437467057055,1.7659053802490234,0.7538308167716607,0.6579150512849381
sub-753786847117,19.0,24.16877162629809,27.39676856994629,25.78277009812219,25.62980913604889,5.1687716262980885,8.396768569946289,6.782770098122189,6.629809136048891
sub-754051367234,23.0,25.5147264713962,22.792783737182617,24.15375510428941,24.282736322859954,2.5147264713962016,-0.2072162628173828,1.1537551042894094,1.2827363228599538
sub-754065609304,27.0,19.56142704183653,25.47307586669922,22.517251454267875,22.237123713295322,-7.438572958163469,-1.5269241333007812,-4.482748545732125,-4.762876286704678
sub-754201155706,19.0,15.51170523810115,19.433368682861328,17.47253696048124,17.286706111223914,-3.4882947618988496,0.4333686828613281,-1.5274630395187607,-1.7132938887760858
sub-754258049359,21.0,19.09147927187854,19.24740982055664,19.16944454621759,19.162055664766093,-1.9085207281214591,-1.7525901794433594,-1.8305554537824094,-1.8379443352339067
sub-754454498342,22.0,26.536680984311225,20.068376541137695,23.30252876272446,23.609034031435346,4.536680984311225,-1.931623458862305,1.3025287627244602,1.6090340314353462
sub-754458206989,19.0,21.562694242059756,13.924653053283691,17.743673647671724,18.105607735276603,2.562694242059756,-5.075346946716309,-1.2563263523282764,-0.8943922647233968
sub-755143257543,18.2806,12.746413146539007,16.698265075683594,14.7223391111113,14.535077758760078,-5.534186853460991,-1.582334924316406,-3.5582608888887,-3.7455222412399216
sub-755228432677,10.53,9.61096767494784,11.664036750793455,10.637502212870647,10.540216054758812,-0.919032325052159,1.1340367507934577,0.10750221287064754,0.010216054758812376
sub-755625059611,8.851472,12.599332633956998,12.088811874389648,12.344072254173323,12.368263648373826,3.747860633956998,3.237339874389649,3.4926002541733236,3.516791648373827
sub-755838130322,19.0,15.594087891027227,24.673124313354492,20.13360610219086,19.703389416704113,-3.405912108972771,5.673124313354492,1.1336061021908606,0.7033894167041126
sub-756104556615,25.0,16.02060079052194,19.062305450439453,17.541453120480696,17.39731975256059,-8.97939920947806,-5.937694549560547,-7.458546879519304,-7.602680247439409
sub-757057096066,22.5,44.86791934019833,31.262853622436523,38.065386481317425,38.710072327552254,22.367919340198327,8.762853622436523,15.565386481317425,16.210072327552254
sub-757266037663,25.0,26.5493952620798,18.990482330322266,22.769938796201032,23.12812333430756,1.549395262079802,-6.009517669677734,-2.230061203798968,-1.8718766656924402
sub-757369811232,21.0,23.544131614968876,38.668968200683594,31.106549907826235,30.38984862348807,2.544131614968876,17.668968200683594,10.106549907826235,9.38984862348807
sub-757409269329,60.0,31.72857988298366,38.71180725097656,35.220193566980114,34.889288304294965,-28.27142011701634,-21.28819274902344,-24.779806433019886,-25.110711695705035
sub-757931942373,23.0,18.51494385358704,19.000288009643555,18.757615931615298,18.73461754892069,-4.485056146412958,-3.9997119903564458,-4.242384068384702,-4.2653824510793115
sub-758007443326,21.0,23.264466793917656,17.952259063720703,20.60836292881918,20.860085721414453,2.2644667939176557,-3.047740936279297,-0.3916370711808206,-0.13991427858554673
sub-758975121093,19.0,9.934493827500294,18.543682098388672,14.239087962944483,13.83113537080326,-9.065506172499706,-0.4563179016113281,-4.760912037055517,-5.16886462919674
sub-758981695931,19.0,25.666525404458625,25.156503677368164,25.411514540913394,25.435682288100253,6.666525404458625,6.156503677368164,6.4115145409133945,6.435682288100253
sub-759162668860,19.75,19.821931724917853,18.70675277709961,19.26434225100873,19.31718580932678,0.071931724917853,-1.0432472229003906,-0.4856577489912688,-0.4328141906732199
sub-760088018063,49.0,32.718837076823924,47.03725051879883,39.87804379781137,39.19955545544868,-16.281162923176076,-1.962749481201172,-9.121956202188628,-9.800444544551318
sub-760422023808,23.0,16.53228741715826,18.274246215820312,17.403266816489285,17.32072284312534,-6.467712582841742,-4.7257537841796875,-5.596733183510715,-5.679277156874662
sub-760566903733,22.0,25.576922076441917,19.593168258666992,22.585045167554455,22.86858965559297,3.5769220764419174,-2.406831741333008,0.5850451675544548,0.8685896555929702
sub-760845068933,19.0,18.30940308587473,19.3085880279541,18.808995556914418,18.761648458172473,-0.690596914125269,0.3085880279541015,-0.19100444308558195,-0.2383515418275266
sub-760927711967,19.0,29.28832157300768,23.33055877685547,26.309440174931574,26.591753059674893,10.288321573007678,4.330558776855469,7.309440174931574,7.591753059674893
sub-761008927690,51.75359342915811,39.5149847538235,27.582616806030273,33.548800779926886,34.114224636569155,-12.23860867533461,-24.170976623127835,-18.204792649231223,-17.639368792588954
sub-761178177952,19.0,21.52963387263604,19.29917907714844,20.41440647489224,20.52009818319764,2.5296338726360403,0.2991790771484375,1.414406474892239,1.5200981831976392
sub-761342473396,21.0,30.84458525662075,19.58024787902832,25.212416567824533,25.74618531434864,9.84458525662075,-1.4197521209716797,4.212416567824533,4.74618531434864
sub-761743611697,19.0,28.64420160979646,21.701242446899418,25.17272202834794,25.501719153107324,9.64420160979646,2.701242446899414,6.172722028347941,6.501719153107324
sub-761787072334,21.0,20.120149725947783,20.385257720947266,20.252703723447524,20.240141390001625,-0.8798502740522167,-0.6147422790527344,-0.7472962765524755,-0.7598586099983748
sub-761933517719,19.0,31.340257236597505,22.36341094970703,26.85183409315227,27.27720842540768,12.340257236597504,3.3634109497070312,7.85183409315227,8.277208425407679
sub-761933695478,40.03559206023272,34.031634920314005,28.894351959228516,31.46299343977126,31.706427296087835,-6.003957139918718,-11.141240101004207,-8.572598620461463,-8.329164764144888
sub-762070675429,62.0,45.28846975624261,44.50065612792969,44.894562942086154,44.93189405875846,-16.711530243757387,-17.499343872070312,-17.105437057913846,-17.06810594124154
sub-762537788840,32.0,22.812775636350565,19.776317596435547,21.294546616393056,21.43843136944232,-9.187224363649436,-12.223682403564451,-10.705453383606944,-10.56156863055768
sub-762833422997,79.0,49.23572303039585,58.55084609985352,53.89328456512469,53.45188074368083,-29.764276969604147,-20.449153900146484,-25.106715434875312,-25.54811925631917
sub-763015005475,19.0,28.32372013466504,36.0846061706543,32.20416315265967,31.836407973417003,9.323720134665038,17.084606170654297,13.204163152659667,12.836407973417003
sub-763328690129,27.0,25.99357506170808,26.416791915893555,26.205183488800817,26.18512905308977,-1.006424938291918,-0.5832080841064453,-0.7948165111991834,-0.8148709469102293
sub-763770809315,19.0,25.782887804618564,21.871585845947266,23.827236825282917,24.012576688052853,6.782887804618564,2.8715858459472656,4.827236825282917,5.012576688052853
sub-764231879634,27.5,33.0646564934419,33.231101989746094,33.147879241594,33.13999210176955,5.564656493441902,5.731101989746094,5.647879241593998,5.6399921017695505
sub-764593805284,26.0,31.823245831815523,27.787050247192383,29.805148039503955,29.99640607676907,5.823245831815523,1.7870502471923828,3.8051480395039547,3.9964060767690697
sub-765217637922,23.0,27.239712906782053,27.894634246826172,27.567173576804112,27.536139657006697,4.239712906782053,4.894634246826172,4.567173576804112,4.5361396570066965
sub-765748207688,19.0,15.483029081375683,18.516923904418945,16.999976492897314,16.85621319972721,-3.5169709186243168,-0.4830760955810547,-2.0000235071026857,-2.143786800272789
sub-765759462999,19.0,35.136431474574195,26.409133911132812,30.772782692853504,31.18633197896132,16.136431474574195,7.4091339111328125,11.772782692853504,12.18633197896132
sub-765816134328,9.578082192,27.878726806031903,28.187564849853516,28.03314582794271,28.018511314610613,18.300644614031903,18.609482657853516,18.45506363594271,18.440429122610613
sub-766124719459,32.5,34.3968045794809,47.916465759277344,41.15663516937912,40.515996278739564,1.8968045794809,15.416465759277344,8.656635169379122,8.015996278739564
sub-766202082508,20.0,25.466391472378845,20.760894775390625,23.113643123884735,23.33661647682434,5.466391472378845,0.760894775390625,3.113643123884735,3.3366164768243394
sub-766537706017,12.4,21.833673956637867,16.666637420654297,19.250155688646082,19.494999439557034,9.433673956637866,4.2666374206542965,6.8501556886460815,7.094999439557034
sub-766685974606,13.92,21.47968049970891,30.84052276611328,26.160101632911093,25.716531374363278,7.559680499708909,16.92052276611328,12.240101632911093,11.796531374363278
sub-766767730847,9.97,18.085227964716985,20.937824249267575,19.511526106992278,19.37635377575753,8.115227964716984,10.967824249267576,9.541526106992277,9.406353775757529
sub-766890196426,22.0,35.229225739673666,18.968881607055664,27.099053673364665,27.86956180134237,13.229225739673666,-3.031118392944336,5.099053673364665,5.869561801342371
sub-766985344911,23.0,24.44965730651511,22.318592071533203,23.384124689024155,23.48510675136012,1.449657306515114,-0.6814079284667969,0.384124689024155,0.4851067513601208
sub-767758047479,51.29089664613279,42.25212357659943,49.71262741088867,45.98237549374405,45.62885414165916,-9.038773069533365,-1.5782692352441217,-5.308521152388742,-5.662042504473632
sub-768287290520,70.1409993155373,54.69639215263434,54.96725845336914,54.831825303001736,54.818990108087704,-15.444607162902962,-15.17374086216816,-15.309174012535564,-15.322009207449597
sub-768568343560,20.0,19.71742800879772,19.93962287902832,19.828525443913023,19.817996579818185,-0.2825719912022819,-0.0603771209716796,-0.17147455608697726,-0.1820034201818146
sub-768580810599,23.0,20.862113363484955,22.20554542541504,21.533829394449995,21.470169897783716,-2.137886636515045,-0.7944545745849609,-1.4661706055500048,-1.529830102216284
sub-768654883244,9.034908,17.314159647440576,20.163915634155273,18.739037640797925,18.603999899123558,8.279251647440576,11.129007634155274,9.704129640797925,9.569091899123558
sub-768852153668,32.5,31.836667111127873,29.093141555786133,30.464904333457003,30.59490826956466,-0.6633328888721266,-3.406858444213867,-2.035095666542997,-1.9050917304353412
sub-769197912961,23.0,23.78208575350003,20.20089530944824,21.991490531474135,22.161187822163257,0.7820857535000343,-2.799104690551758,-1.0085094685258653,-0.8388121778367434
sub-769448459080,23.0,26.79834851507688,21.024343490600582,23.911346002838734,24.18495139310957,3.7983485150768814,-1.975656509399414,0.9113460028387337,1.1849513931095714
sub-769671625319,15.0,20.829756357076533,33.55979919433594,27.194777775706235,26.591555519423423,5.829756357076533,18.559799194335938,12.194777775706235,11.591555519423423
sub-769744298197,19.0,25.486790346020538,23.62596321105957,24.556376778540056,24.64455341370565,6.486790346020534,4.62596321105957,5.556376778540056,5.644553413705651
sub-770198451893,25.0,17.373645623920776,18.779932022094727,18.076788823007753,18.010150928310065,-7.626354376079224,-6.220067977905273,-6.923211176992247,-6.989849071689935
sub-770298145539,19.0,24.561990092734945,22.796987533569336,23.67948881315214,23.76312473171862,5.561990092734945,3.796987533569336,4.67948881315214,4.763124731718619
sub-770697219769,25.0,20.01087791855009,21.704957962036133,20.857917940293113,20.77764273625654,-4.98912208144991,-3.295042037963867,-4.142082059706887,-4.222357263743461
sub-770752645310,19.0,17.190637290106263,30.30976104736328,23.750199168734774,23.128540032589264,-1.8093627098937368,11.30976104736328,4.750199168734774,4.128540032589264
sub-771165526785,27.0,25.74103244298361,16.80360984802246,21.272321145503035,21.695827357697848,-1.258967557016394,-10.19639015197754,-5.727678854496965,-5.304172642302152
sub-771399282765,19.0,19.88001666237197,22.907960891723633,21.393988777047802,21.250507457049252,0.8800166623719683,3.907960891723633,2.3939887770478023,2.2505074570492525
sub-771512436978,16.8,10.135540683368603,18.5916690826416,14.363604883005102,13.962905143213437,-6.6644593166313975,1.7916690826416009,-2.4363951169948983,-2.837094856786564
sub-772014211701,23.0,26.45443499599632,20.286531448364254,23.370483222180287,23.66275377791224,3.454434995996319,-2.713468551635742,0.37048322218028673,0.6627537779122399
sub-772118614430,59.00342231348392,43.75583306518059,60.67142868041992,52.21363087280025,51.412073180981125,-15.24758924830332,1.6680063669360052,-6.789791440683665,-7.591349132502792
sub-772633785103,19.0,8.47344396690493,16.24906349182129,12.36125372936311,11.992800393127009,-10.52655603309507,-2.750936508178711,-6.63874627063689,-7.007199606872991
sub-772653333590,20.0,17.685438208219523,18.84078598022461,18.263112094222066,18.208365107214263,-2.314561791780477,-1.1592140197753906,-1.7368879057779338,-1.791634892785737
sub-772805471815,25.0,22.084184776825555,22.66107940673828,22.372632091781917,22.34529552388956,-2.9158152231744445,-2.3389205932617188,-2.6273679082180834,-2.654704476110439
sub-774322633508,19.0,23.04314816710506,22.201326370239254,22.62223726867216,22.662127601343084,4.043148167105059,3.201326370239258,3.6222372686721585,3.6621276013430837
sub-774375266270,22.5,38.52331597678287,49.88343811035156,44.203377043567215,43.665069467334824,16.023315976782868,27.38343811035156,21.703377043567215,21.165069467334824
sub-774740356265,53.670088980150574,53.95413742366078,60.16477966308594,57.05945854337336,56.76516278392265,0.2840484435102084,6.494690682935364,3.389369563222786,3.095073803772074
sub-775173632081,21.0,13.599376011370218,19.8187313079834,16.709053659676808,16.41434502573044,-7.400623988629782,-1.1812686920166016,-4.290946340323192,-4.585654974269559
sub-775521066439,68.48186173853524,56.76282995057983,62.174781799316406,59.46880587494812,59.212356635395395,-11.719031787955416,-6.307079939218838,-9.013055863587127,-9.26950510313985
sub-775584956556,8.854794521,7.228885520184132,17.072681427001953,12.150783473593043,11.684328108657562,-1.6259090008158683,8.217886906001953,3.295988952593042,2.8295335876575614
sub-775700335060,12.0,5.392759462626657,12.579257011413574,8.986008237020116,8.645470870290923,-6.607240537373343,0.5792570114135742,-3.0139917629798845,-3.3545291297090767
sub-775830586801,29.0,24.35805219055374,21.873994827270508,23.11602350891212,23.233732357701687,-4.641947809446261,-7.126005172729492,-5.8839764910878785,-5.766267642298313
sub-775870565890,13.21643836,24.55961470060922,16.857709884643555,20.708662292626386,21.073622604241685,11.34317634060922,3.641271524643555,7.492223932626386,7.857184244241685
sub-775940679010,23.0,25.505867346206976,29.023618698120117,27.264743022163547,27.098051838585427,2.5058673462069763,6.023618698120117,4.264743022163547,4.098051838585427
sub-776152914559,24.002737850787128,33.52834749745875,18.219911575317383,25.874129536388068,26.599530807630217,9.525609646671626,-5.782826275469745,1.8713916856009405,2.596792956843089
sub-776201201249,23.0,20.942107042357645,20.338254928588867,20.640180985473258,20.668794953170412,-2.0578929576423555,-2.661745071411133,-2.3598190145267424,-2.331205046829588
sub-776489659954,72.5,47.65940342472946,45.86627578735352,46.762839606041496,46.847808251712905,-24.84059657527054,-26.633724212646484,-25.737160393958504,-25.652191748287095
sub-776519740044,19.0,20.574909266808,18.90931510925293,19.742112188030465,19.821037567828178,1.5749092668079996,-0.0906848907470703,0.7421121880304646,0.8210375678281778
sub-776559088401,25.741273100616016,40.58683981465227,23.389667510986328,31.9882536628193,32.80315406899381,14.845566714036256,-2.3516055896296884,6.246980562203284,7.061880968377796
sub-777229560355,23.0,20.332759266877368,20.676586151123047,20.504672709000207,20.488380224242945,-2.6672407331226324,-2.323413848876953,-2.495327290999793,-2.5116197757570546
sub-777549072852,10.64,10.367981690048374,12.161150932312012,11.264566311180193,11.179595694031187,-0.2720183099516262,1.5211509323120112,0.6245663111801925,0.5395956940311866
sub-777893483077,30.0,26.32233546240145,20.915508270263672,23.618921866332563,23.87512827033825,-3.677664537598549,-9.084491729736328,-6.381078133667437,-6.1248717296617485
sub-777922197558,20.928131416837783,31.900397409809088,28.61598777770996,30.258192593759524,30.4138267117401,10.972265992971304,7.687856360872178,9.330061176921742,9.485695294902317
sub-778029593360,21.0,8.988594389565613,16.560056686401367,12.77432553798349,12.415546339166532,-12.011405610434387,-4.439943313598633,-8.22567446201651,-8.584453660833468
sub-778048043938,22.0,24.783876455912868,23.652753829956055,24.21831514293446,24.271914203934095,2.7838764559128677,1.652753829956055,2.218315142934461,2.271914203934095
sub-778080071565,22.5,29.772878977661247,30.805845260620117,30.289362119140684,30.240414267209914,7.272878977661247,8.305845260620117,7.789362119140684,7.740414267209914
sub-778816944846,23.0,24.017831222153557,18.40741539001465,21.212623306084105,21.47847690455292,1.017831222153557,-4.592584609985352,-1.7873766939158955,-1.5215230954470798
sub-778826665322,19.0,29.640285790872703,21.354982376098633,25.497634083485668,25.890239158247823,10.640285790872705,2.354982376098633,6.497634083485668,6.890239158247823
sub-778852656136,21.0,21.830007043211353,18.17043685913086,20.000221951171106,20.17363332234145,0.8300070432113529,-2.8295631408691406,-0.9997780488288939,-0.8263666776585517
sub-779173736338,29.0,27.502708883375856,33.99580001831055,30.749254450843203,30.44157464687575,-1.4972911166241438,4.995800018310547,1.7492544508432033,1.4415746468757504
sub-779514017707,19.0,20.834551004729928,19.54137420654297,20.18796260563645,20.249240720403805,1.834551004729928,0.5413742065429688,1.18796260563645,1.2492407204038045
sub-779760142266,20.0,24.262643403339972,24.73192596435547,24.49728468384772,24.47504739141211,4.262643403339972,4.731925964355469,4.49728468384772,4.475047391412112
sub-779882127370,19.0,19.608203840482513,19.392333984375,19.50026891242876,19.51049806116999,0.6082038404825134,0.392333984375,0.5002689124287585,0.5104980611699901
sub-780065374239,20.0,18.088869495449742,17.42853355407715,17.758701524763445,17.78999201934792,-1.9111305045502576,-2.5714664459228516,-2.2412984752365546,-2.2100079806520796
sub-780103882043,59.50992470910335,47.47085995012414,40.51624298095703,43.993551465540584,44.323101003853594,-12.039064758979215,-18.99368172814632,-15.516373243562768,-15.186823705249758
sub-780180841050,9.0,9.513768215906978,12.937414169311523,11.22559119260925,11.063359261175247,0.5137682159069783,3.937414169311523,2.225591192609251,2.063359261175247
sub-780786882991,19.0,20.018815464736928,23.538854598999023,21.778835031867978,21.612035440074102,1.018815464736928,4.538854598999023,2.7788350318679775,2.612035440074102
sub-780945670746,32.75,34.641211152611234,19.16863250732422,26.904921829967726,27.638101122468257,1.891211152611234,-13.58136749267578,-5.845078170032274,-5.111898877531743
sub-781171966594,31.0,27.24163344739244,30.536544799804688,28.889089123598566,28.732957374030796,-3.758366552607562,-0.4634552001953125,-2.1109108764014337,-2.2670426259692036
sub-781236951487,23.0,20.28657761734227,23.532434463500977,21.909506040421626,21.755698773993572,-2.713422382657729,0.5324344635009766,-1.0904939595783745,-1.244301226006428
sub-781892887045,21.0,19.182526994335618,21.54142189025879,20.361974442297203,20.25019650724674,-1.817473005664386,0.5414218902587891,-0.6380255577027967,-0.7498034927532586
sub-782020601813,21.0,20.753324964485373,19.363422393798828,20.0583736791421,20.124235214364028,-0.2466750355146274,-1.636577606201172,-0.9416263208578997,-0.8757647856359725
sub-782213755099,19.0,13.343201641057782,16.3487491607666,14.845975400912192,14.70355536514472,-5.656798358942218,-2.6512508392333984,-4.154024599087808,-4.2964446348552805
sub-782327830408,19.0,20.05497030625711,21.68697738647461,20.87097384636586,20.793640014439003,1.0549703062571112,2.68697738647461,1.8709738463658603,1.7936400144390028
sub-782541652483,22.5,25.481865525733244,27.3756103515625,26.42873793864787,26.339001474971795,2.9818655257332445,4.8756103515625,3.9287379386478705,3.839001474971795
sub-782755729398,37.5,35.67278804780397,29.006093978881836,32.339441013342906,32.65534711747886,-1.8272119521960304,-8.493906021118164,-5.160558986657094,-4.844652882521139
sub-783542275031,21.0,22.307029319882364,21.93324851989746,22.12013891988991,22.13785079253673,1.307029319882364,0.9332485198974608,1.1201389198899108,1.1378507925367316
sub-783690359289,19.0,18.541650455272176,17.874284744262695,18.207967599767436,18.239591205053557,-0.4583495447278238,-1.125715255737305,-0.7920324002325643,-0.7604087949464429
sub-783961028096,19.0,21.501993059279258,37.114253997802734,29.308123528540996,28.568325289885607,2.501993059279254,18.114253997802734,10.308123528540996,9.568325289885607
sub-784538675800,19.0,18.77665668426721,19.628528594970703,19.202592639618956,19.162226075059216,-0.2233433157327908,0.6285285949707031,0.20259263961895613,0.16222607505921616
sub-784744094165,21.0,15.192405757488984,15.018355369567873,15.105380563528428,15.113628066624127,-5.807594242511016,-5.981644630432129,-5.894619436471572,-5.886371933375873
sub-784746686469,12.2546,8.820430056693997,24.558012008666992,16.689221032680493,15.94348436746527,-3.434169943306003,12.303412008666992,4.434621032680493,3.6888843674652705
sub-784844785371,19.0,23.67259041380936,24.385894775390625,24.029242594599992,23.99544215324169,4.67259041380936,5.385894775390625,5.029242594599992,4.99544215324169
sub-785101208040,60.0,45.11788148359686,45.020015716552734,45.0689486000748,45.073586039992634,-14.88211851640314,-14.979984283447266,-14.931051399925202,-14.926413960007366
sub-785605129869,19.0,25.25976902710074,26.92319679260254,26.091482909851642,26.012660186103012,6.259769027100742,7.923196792602539,7.091482909851642,7.0126601861030124
sub-786210585416,23.0,25.72957458214806,28.613309860229492,27.171442221188777,27.03479434629906,2.729574582148061,5.613309860229492,4.1714422211887765,4.0347943462990585
sub-786291754095,8.3313,10.474060093187976,8.936590194702148,9.705325143945062,9.778179263368528,2.1427600931879756,0.6052901947021478,1.3740251439450617,1.446879263368528
sub-786490511114,27.0,30.675332336292065,20.108049392700195,25.39169086449613,25.89242918419409,3.675332336292066,-6.891950607299805,-1.6083091355038697,-1.1075708158059108
sub-786594979854,6.0,10.841535257787868,17.42702293395996,14.134279095873914,13.822221015195971,4.841535257787868,11.42702293395996,8.134279095873914,7.8222210151959715
sub-787007356879,22.0,24.604188470798935,21.62417221069336,23.114180340746145,23.255390559373136,2.6041884707989347,-0.3758277893066406,1.1141803407461452,1.2553905593731365
sub-787199115410,62.5,45.36115145109778,40.409210205078125,42.885180828087954,43.11983213363273,-17.138848548902217,-22.090789794921875,-19.614819171912046,-19.380167866367273
sub-787231969341,59.0,41.5760008311625,36.94514846801758,39.26057464959004,39.48001092696319,-17.423999168837497,-22.054851531982425,-19.73942535040996,-19.51998907303681
sub-787417420604,23.0,20.884797764323597,22.605613708496097,21.745205736409847,21.6636636324467,-2.115202235676403,-0.3943862915039062,-1.2547942635901528,-1.3363363675533009
sub-787578957117,12.0,12.922653068392304,16.300636291503906,14.611644679948105,14.451576509904967,0.9226530683923038,4.300636291503906,2.611644679948105,2.4515765099049673
sub-787836264343,25.0,37.01720742553115,27.33015251159668,32.17367996856392,32.63270804856502,12.017207425531147,2.3301525115966797,7.173679968563917,7.632708048565021
sub-788150792132,22.0,23.965628345781287,23.46787452697754,23.71675143637941,23.740337859888797,1.9656283457812869,1.467874526977539,1.7167514363794112,1.7403378598887969
sub-788416388677,31.61670088980151,38.36974547740812,45.91291046142578,42.14132796941695,41.783889659165965,6.753044587606606,14.29620957162427,10.524627079615438,10.167188769364454
sub-788492862739,69.0,45.26683826602351,20.624996185302734,32.94591722566312,34.11358867570651,-23.733161733976488,-48.375003814697266,-36.05408277433688,-34.88641132429349
sub-788524139489,25.0,27.12969412059151,24.780378341674805,25.955036231133157,26.06636025281917,2.129694120591509,-0.2196216583251953,0.9550362311331568,1.0663602528191696
sub-788968945004,26.0,23.215283363750597,28.023757934570312,25.619520649160457,25.39166761543784,-2.784716636249403,2.0237579345703125,-0.38047935083954343,-0.6083323845621607
sub-789224424631,19.0,22.836403533944555,20.432544708251953,21.634474121098254,21.748382704373046,3.836403533944555,1.4325447082519531,2.634474121098254,2.7483827043730464
sub-789237283790,12.66027397,17.573764036063665,16.251293182373047,16.912528609218356,16.975194843922342,4.913490066063664,3.5910192123730464,4.252254639218355,4.3149208739223415
sub-789284069383,24.17522245037645,31.5462825190144,29.32278060913086,30.43453156407263,30.5398938048817,7.371060068637952,5.147558158754411,6.25930911369618,6.364671354505251
sub-789333583005,35.0,37.88288391207467,28.04227828979492,32.96258110093479,33.428885291937725,2.882883912074668,-6.957721710205078,-2.0374188990652087,-1.5711147080622752
sub-789505181151,21.0,24.50667245295472,19.473417282104492,21.990044867529605,22.228549292017547,3.506672452954721,-1.5265827178955078,0.9900448675296047,1.2285492920175471
sub-790004250935,18.0,28.752003586529025,23.996341705322266,26.374172645925647,26.59952311228097,10.752003586529025,5.996341705322266,8.374172645925647,8.59952311228097
sub-790241781136,72.59411362080766,62.04295887576719,77.07158660888672,69.55727274232696,68.84513038382107,-10.55115474504047,4.477472988079057,-3.036840878480703,-3.7489832369865894
sub-790515405307,19.0,15.29504855496632,20.440027236938477,17.8675378959524,17.62373937235416,-3.7049514450336782,1.4400272369384766,-1.132462104047601,-1.3762606276458413
sub-790692389068,21.0,10.873487698231212,16.691753387451172,13.782620542841192,13.506917829066214,-10.126512301768788,-4.308246612548828,-7.217379457158808,-7.493082170933786
sub-790734373738,19.0,26.86229879535612,24.700416564941406,25.781357680148766,25.883800028027714,7.862298795356118,5.700416564941406,6.781357680148766,6.883800028027714
sub-790852388297,10.9,9.28025272245825,15.440526008605955,12.360389365532104,12.068480375240853,-1.61974727754175,4.540526008605957,1.4603893655321034,1.1684803752408524
sub-790913183441,23.0,25.35907396627145,29.20005989074707,27.27956692850926,27.09755904170693,2.359073966271449,6.20005989074707,4.2795669285092615,4.09755904170693
sub-791237244812,24.0,24.375364208403717,21.725933074951172,23.050648641677444,23.176193845776005,0.3753642084037167,-2.274066925048828,-0.9493513583225557,-0.8238061542239947
sub-791276074550,32.5,25.771563497550975,18.985679626464844,22.378621562007908,22.70017556083726,-6.728436502449025,-13.514320373535156,-10.121378437992092,-9.799824439162741
sub-792038430709,21.0,32.329493305528885,20.464292526245117,26.396892915887,26.95913400783206,11.329493305528883,-0.5357074737548828,5.396892915887001,5.959134007832059
sub-792075286865,19.0,15.284228398872877,19.44447135925293,17.364349879062903,17.16721376747811,-3.7157716011271233,0.4444713592529297,-1.6356501209370968,-1.8327862325218902
sub-792504229121,17.0,7.357280635086575,17.57676124572754,12.467020940407057,11.982763484968956,-9.642719364913424,0.5767612457275391,-4.532979059592943,-5.017236515031044
sub-793040141067,21.0,15.262770541932138,20.574573516845703,17.918672029388922,17.66696841641452,-5.737229458067862,-0.4254264831542969,-3.0813279706110777,-3.3330315835854805
sub-793173130184,19.0,20.281819883243436,21.989961624145508,21.135890753694472,21.05494922598948,1.2818198832434362,2.989961624145508,2.135890753694472,2.0549492259894784
sub-794588803641,9.301369863,16.434375635522507,18.006912231445312,17.22064393348391,17.146128153324597,7.133005772522507,8.705542368445313,7.91927407048391,7.844758290324597
sub-794734640420,23.0,29.33075030027454,14.456364631652832,21.89355746596369,22.59839095305809,6.330750300274541,-8.543635368347168,-1.1064425340363115,-0.40160904694191046
sub-794804660894,14.0,15.459651017066625,18.876117706298828,17.167884361682727,17.005992624856695,1.4596510170666228,4.876117706298828,3.1678843616827272,3.0059926248566953
sub-795002530881,23.0,21.83283817887048,18.791667938232425,20.312253058551455,20.45636110262876,-1.1671618211295185,-4.208332061767578,-2.6877469414485446,-2.5436388973712383
sub-795676218612,11.02465753,11.736203720956702,16.638946533203125,14.187575127079914,13.955255124784124,0.7115461909567014,5.614289003203124,3.162917597079913,2.930597594784123
sub-795710895899,9.0,3.924742183004114,12.035529136657717,7.980135659830915,7.595800173378977,-5.075257816995887,3.035529136657715,-1.019864340169085,-1.4041998266210234
sub-795773669005,67.5,49.6002095182583,46.32844161987305,47.96432556906568,48.11936064938144,-17.899790481741697,-21.171558380126953,-19.53567443093432,-19.38063935061856
sub-795872008215,21.0,29.71860514890071,24.646894454956055,27.18274980192838,27.42307646909878,8.71860514890071,3.6468944549560542,6.182749801928381,6.423076469098781
sub-795999168691,37.0,41.27295295557505,38.748260498046875,40.01060672681096,40.130241098833096,4.27295295557505,1.748260498046875,3.0106067268109626,3.130241098833096
sub-796075391296,21.0,30.015103122983255,27.65067481994629,28.832888971464772,28.94492911100007,9.015103122983255,6.650674819946289,7.832888971464772,7.9449291110000715
sub-796107983896,12.0,12.828203587147115,14.765213012695312,13.796708299921214,13.70492171200021,0.8282035871471152,2.7652130126953125,1.7967082999212138,1.7049217120002105
sub-796344361436,21.0,20.47254908239821,19.580984115600582,20.026766598999394,20.06901404763486,-0.5274509176017901,-1.419015884399414,-0.9732334010006056,-0.9309859523651411
sub-796461524642,19.0,19.613030771692912,21.18517684936523,20.39910381052907,20.324606535358562,0.6130307716929124,2.1851768493652344,1.3991038105290698,1.324606535358562
sub-797020001946,23.0,21.347350065957137,21.08247947692871,21.214914771442924,21.22746585523575,-1.6526499340428664,-1.917520523071289,-1.785085228557076,-1.7725341447642506
sub-797027765789,18.0,18.490345451762757,18.043533325195312,18.266939388479035,18.28811190318053,0.4903454517627565,0.0435333251953125,0.26693938847903453,0.2881119031805284
sub-797715138957,21.0,25.02047516053771,24.118518829345703,24.56949699494171,24.612236845869603,4.0204751605377105,3.118518829345703,3.5694969949417086,3.612236845869603
sub-797812763865,23.0,13.971843057359806,19.847923278808594,16.9098831680842,16.631440871024008,-9.028156942640194,-3.1520767211914062,-6.0901168319158,-6.368559128975992
sub-798608728848,19.0,18.84783024171776,18.457244873046875,18.652537557382317,18.671045726629877,-0.1521697582822412,-0.542755126953125,-0.3474624426176831,-0.3289542733701225
sub-798649997254,21.0,24.540930880856298,31.540319442749023,28.04062516180266,27.708954089294785,3.540930880856294,10.540319442749023,7.040625161802659,6.708954089294785
sub-798827199180,19.0,12.76865753993079,17.180511474609375,14.974584507270082,14.765525628294625,-6.231342460069211,-1.819488525390625,-4.025415492729918,-4.2344743717053746
sub-798868156113,11.9,11.638978588631549,14.84629726409912,13.242637926365333,13.090656818935686,-0.2610214113684517,2.9462972640991207,1.3426379263653327,1.190656818935686
sub-799096182745,25.938398357289532,22.501744816080723,18.971847534179688,20.736796175130205,20.904062902356184,-3.436653541208809,-6.966550823109845,-5.201602182159327,-5.034335454933348
sub-799436047340,21.0,25.66056021521161,28.839601516723633,27.25008086596762,27.099439702286574,4.660560215211611,7.839601516723633,6.250080865967622,6.099439702286574
sub-799740592794,22.0,19.38611526990591,20.103748321533203,19.74493179571956,19.710926236263095,-2.613884730094089,-1.8962516784667969,-2.255068204280441,-2.289073763736905
sub-800311395021,19.0,23.619447133723256,22.02379035949707,22.821618746610163,22.897230093084538,4.619447133723256,3.0237903594970703,3.821618746610163,3.897230093084538
sub-800520411823,22.0,24.83168039129362,20.528715133666992,22.680197762480304,22.884096873001358,2.83168039129362,-1.4712848663330078,0.6801977624803044,0.8840968730013579
sub-800961042105,19.0,17.623291885483848,18.65654182434082,18.139916854912336,18.090955561742362,-1.376708114516152,-0.3434581756591797,-0.860083145087664,-0.9090444382576379
sub-800984068342,25.0,20.45886864571038,26.28938102722168,23.37412483646603,23.09784180434881,-4.541131354289622,1.2893810272216797,-1.6258751635339692,-1.9021581956511895
sub-801338861657,22.0,26.249081850498634,21.787702560424805,24.01839220546172,24.229797879102886,4.249081850498634,-0.2122974395751953,2.018392205461719,2.229797879102886
sub-801361893773,19.0,26.64067539855262,19.994640350341797,23.317657874447207,23.632585035994722,7.64067539855262,0.9946403503417968,4.317657874447207,4.6325850359947225
sub-801540568785,27.0,36.4766425481225,41.23509979248047,38.855871170301484,38.6303882436482,9.4766425481225,14.235099792480469,11.855871170301484,11.630388243648198
sub-801647502527,19.0,36.71044844411408,24.029857635498047,30.370153039806063,30.97103197606416,17.71044844411408,5.029857635498047,11.370153039806063,11.971031976064161
sub-801779602005,23.0,27.620707771524028,24.15928077697754,25.889994274250782,26.054016487553724,4.620707771524028,1.159280776977539,2.889994274250782,3.0540164875537243
sub-802008837921,25.0,21.311355600725022,23.584184646606445,22.447770123665734,22.340070480959987,-3.688644399274974,-1.415815353393555,-2.552229876334266,-2.6599295190400127
sub-802325946883,21.0,19.374802172033014,22.98511505126953,21.179958611651273,21.008881333378042,-1.625197827966982,1.9851150512695312,0.1799586116512728,0.0088813333780422
sub-802458837032,21.0,28.12508006058148,18.58072853088379,23.352904295732635,23.805170273004087,7.125080060581478,-2.419271469116211,2.3529042957326354,2.8051702730040873
sub-802577239020,10.09041096,10.09113192229427,15.81089973449707,12.95101582839567,12.679980507525253,0.0007209622942703,5.7204887744970705,2.8606048683956704,2.5895695475252527
sub-803058753287,18.0,26.8824241697756,19.67732048034668,23.27987232506114,23.621291357176872,8.8824241697756,1.6773204803466797,5.279872325061142,5.621291357176872
sub-803177652573,8.276523,-2.197059410615754,5.0290045738220215,1.4159725816031337,1.0735603307991985,-10.473582410615752,-3.2475184261779777,-6.8605504183968655,-7.202962669200801
sub-803554308913,22.0,24.815126642626012,21.34351921081543,23.07932292672072,23.243827547381983,2.815126642626012,-0.6564807891845703,1.079322926720721,1.2438275473819829
sub-803660783259,39.38398357289528,43.39978744678659,24.372726440429688,33.88625694360814,34.78786794503319,4.015803873891308,-15.011257132465596,-5.497726629287143,-4.5961156278620905
sub-804584597484,21.0,18.870219414729384,23.433692932128903,21.15195617342914,20.935712691231622,-2.129780585270616,2.4336929321289062,0.15195617342914147,-0.06428730876837818
sub-804603292659,41.05954825462013,45.09793687854837,57.807376861572266,51.452656870060316,50.850410894877,4.038388623928235,16.747828606952133,10.393108615440184,9.790862640256869
sub-804610978249,8.9363,21.77683606920835,24.855209350585938,23.316022709897144,23.17015177291661,12.840536069208351,15.918909350585938,14.379722709897145,14.233851772916612
sub-805310521997,9.44,7.171212085225292,14.828861236572266,11.000036660898779,10.637173435853095,-2.268787914774707,5.388861236572266,1.5600366608987795,1.1971734358530952
sub-805388577387,34.0,36.88826856976176,21.188961029052734,29.03861479940725,29.782537804054655,2.888268569761756,-12.811038970947266,-4.961385200592751,-4.217462195945345
sub-805727987150,45.37987679671458,46.97652175915513,41.08903121948242,44.03277648931878,44.311759472533126,1.59664496244055,-4.290845577232162,-1.3471003073958059,-1.0681173241814577
sub-805739682206,21.0,37.92058191188104,26.86408233642578,32.39233212415341,32.91625232660356,16.920581911881037,5.864082336425781,11.392332124153413,11.916252326603562
sub-805806601715,18.0,21.065326329509105,24.451162338256836,22.75824433388297,22.597804053931792,3.065326329509105,6.451162338256836,4.7582443338829705,4.597804053931792
sub-806223413897,23.0,18.94418899132413,24.522891998291016,21.73354049480757,21.469189631419688,-4.055811008675871,1.5228919982910156,-1.2664595051924294,-1.5308103685803118
sub-806263558975,28.0,29.780427411891615,19.393068313598633,24.586747862745124,25.078960361335668,1.7804274118916157,-8.606931686401367,-3.413252137254876,-2.9210396386643325
sub-806757429701,69.60985626283367,52.92268997865685,42.33303451538086,47.627862247018854,48.12966070468926,-16.687166284176826,-27.276821747452814,-21.98199401581482,-21.480195558144416
sub-806984120210,57.5,39.15421135102551,41.96223449707031,40.55822292404791,40.42516272311176,-18.34578864897449,-15.537765502929688,-16.94177707595209,-17.07483727688824
sub-806985265271,18.0,26.32309584390724,18.94805145263672,22.63557364827198,22.98504544304607,8.32309584390724,0.9480514526367188,4.635573648271979,4.985045443046069
sub-807155774087,19.0,15.753626798813269,18.151826858520508,16.95272682866689,16.839086390097428,-3.246373201186731,-0.8481731414794922,-2.04727317133311,-2.160913609902572
sub-807440222278,25.0,14.485765191087316,21.257280349731445,17.87152277040938,17.550649643376765,-10.514234808912684,-3.7427196502685542,-7.128477229590619,-7.449350356623235
sub-807604407302,9.0,-0.2720907334566966,11.343464851379396,5.53568705896135,4.985275584511695,-9.272090733456697,2.3434648513793945,-3.46431294103865,-4.014724415488305
sub-807851354224,19.0,22.19986747587341,22.448415756225582,22.324141616049495,22.312363976619217,3.199867475873411,3.448415756225586,3.324141616049495,3.312363976619217
sub-808039124835,19.0,16.23901030881513,24.292837142944336,20.26592372587973,19.884287335751104,-2.7609896911848715,5.292837142944336,1.2659237258797305,0.8842873357511039
sub-808051274484,32.5,35.19312518100389,33.95118713378906,34.57215615739648,34.63100628701361,2.693125181003893,1.4511871337890625,2.0721561573964777,2.131006287013612
sub-808157587639,23.0,28.76163149520994,39.62298202514648,34.19230676017821,33.67763383592296,5.76163149520994,16.622982025146484,11.192306760178212,10.677633835922961
sub-809063090399,48.0,24.861160993806894,28.9742431640625,26.917702078934695,26.722800715385766,-23.138839006193106,-19.0257568359375,-21.082297921065305,-21.277199284614234
sub-809210264000,21.0,18.410510221652437,21.82553482055664,20.11802252110454,19.956199118768225,-2.5894897783475628,0.8255348205566406,-0.8819774788954611,-1.0438008812317747
sub-809505482452,19.0,5.568669168128572,20.40777587890625,12.988222523517411,12.28506075527125,-13.431330831871428,1.40777587890625,-6.011777476482589,-6.71493924472875
sub-809547720905,19.0,18.999350583196552,17.664766311645508,18.33205844742103,18.39529868516228,-0.0006494168034478,-1.3352336883544922,-0.66794155257897,-0.6047013148377189
sub-809580291106,30.0,35.84899406052372,27.004058837890625,31.426526449207174,31.845650080594787,5.848994060523722,-2.995941162109375,1.4265264492071736,1.8456500805947869
sub-809667175823,43.0,36.2935424394288,28.898221969604492,32.59588220451664,32.946314795888995,-6.706457560571202,-14.101778030395508,-10.404117795483359,-10.053685204111005
sub-810607919990,22.0,23.672114234936036,19.287508010864254,21.479811122900145,21.687578849467013,1.6721142349360356,-2.712491989135742,-0.5201888770998551,-0.31242115053298747
sub-810772531079,22.5,36.09836019256404,21.844867706298828,28.971613949431433,29.647025965509613,13.598360192564035,-0.6551322937011719,6.471613949431433,7.147025965509613
sub-810826854275,19.0,20.238769359758713,38.348968505859375,29.293868932809044,28.43570409155123,1.238769359758713,19.348968505859375,10.293868932809044,9.43570409155123
sub-811547022329,21.0,28.752989990425256,21.265369415283203,25.00917970285423,25.363986001251504,7.752989990425256,0.2653694152832031,4.0091797028542295,4.363986001251504
sub-811800470787,12.0,15.771837669715186,14.37472152709961,15.073279598407398,15.13948295393508,3.771837669715186,2.37472152709961,3.0732795984073977,3.1394829539350795
sub-812214146764,19.08,18.737106172500575,15.966227531433104,17.35166685196684,17.48296693375905,-0.3428938274994202,-3.113772468566893,-1.7283331480331583,-1.5970330662409467
sub-812672057112,21.0,22.379015219713477,20.838146209716797,21.60858071471514,21.68159590348779,1.3790152197134766,-0.1618537902832031,0.6085807147151385,0.6815959034877892
sub-812837651289,9.1068,21.7059103777377,10.46010398864746,16.083007183192578,16.61589782546846,12.599110377737698,1.3533039886474612,6.976207183192578,7.509097825468459
sub-813575465955,22.0,23.08804056953538,28.26357650756836,25.67580853855187,25.430562037348018,1.08804056953538,6.263576507568359,3.6758085385518697,3.430562037348018
sub-813637963361,23.0,25.1351209883076,22.0152645111084,23.575192749708002,23.72302939782566,2.1351209883076017,-0.9847354888916016,0.5751927497080018,0.723029397825659
sub-814384510207,21.0,25.950391366071095,19.008075714111328,22.47923354009121,22.80820017162096,4.950391366071095,-1.991924285888672,1.4792335400912116,1.8082001716209604
sub-814384578384,71.0,52.82479543021613,51.63268280029297,52.22873911525455,52.285228231556715,-18.175204569783872,-19.36731719970703,-18.771260884745452,-18.714771768443285
sub-814718160007,24.0,13.922913513947726,21.22992706298828,17.576420288468004,17.23017218419295,-10.077086486052274,-2.7700729370117188,-6.423579711531996,-6.7698278158070515
sub-815173026303,18.0,32.10706091065971,29.21015739440918,30.658609152534446,30.795881013882124,14.107060910659712,11.21015739440918,12.658609152534446,12.795881013882124
sub-815376101199,10.4668,7.231381028446929,16.019908905029297,11.625644966738113,11.209194238104295,-3.23541897155307,5.553108905029298,1.1588449667381138,0.7423942381042963
sub-815491283103,13.0,6.154576829000099,15.203290939331056,10.678933884165577,10.250154043290584,-6.845423170999901,2.2032909393310547,-2.321066115834423,-2.7498459567094162
sub-815762978204,16.88,23.46354868029367,20.859724044799805,22.161636362546737,22.285020469864126,6.583548680293671,3.9797240447998057,5.281636362546738,5.405020469864127
sub-815780161044,18.0,23.71324933835575,20.92683219909668,22.320040768726216,22.452077153456152,5.713249338355752,2.9268321990966797,4.320040768726216,4.452077153456152
sub-815980899157,10.80547945,9.104631836634836,11.995823860168455,10.550227848401645,10.413226630253483,-1.7008476133651629,1.190344410168457,-0.2552516015983546,-0.39225281974651693
sub-816072514616,47.014373716632434,40.08622277953572,49.73479080200195,44.910506790768835,44.453302439863194,-6.928150937096717,2.720417085369519,-2.103866925863599,-2.5610712767692405
sub-816361417384,21.0,27.650746342799753,26.106861114501953,26.87880372865085,26.95196184310194,6.650746342799753,5.106861114501953,5.878803728650851,5.951961843101941
sub-816794694787,19.0,23.73616597839061,20.590578079223633,22.16337202880712,22.312427978903195,4.736165978390606,1.5905780792236328,3.163372028807121,3.3124279789031945
sub-817170359143,21.0,29.583891562978476,43.589630126953125,36.5867608449658,35.923088827088534,8.583891562978476,22.589630126953125,15.586760844965802,14.923088827088534
sub-817372801543,26.0,25.72735103845988,23.833328247070312,24.780339642765096,24.87008927803962,-0.2726489615401206,-2.1666717529296875,-1.219660357234904,-1.1299107219603783
sub-817638670886,8.75,2.8053955457253714,11.682439804077148,7.24391767490126,6.823272533710349,-5.944604454274629,2.9324398040771484,-1.50608232509874,-1.926727466289651
sub-817752088722,35.80561259411362,39.853111017873616,27.14927101135254,33.50119101461308,34.103171630873064,4.047498423759997,-8.65634158276108,-2.3044215795005414,-1.702440963240555
sub-818138400676,62.80355920602327,50.67483369697081,57.39551544189453,54.03517456943267,53.71671022035241,-12.128725509052463,-5.408043764128742,-8.768384636590604,-9.086848985670862
sub-818648562062,9.167123288,8.638401548805447,18.84529685974121,13.74184920427333,13.258188112333858,-0.5287217391945536,9.67817357174121,4.574725916273328,4.091064824333857
sub-819058231563,50.65023956194389,53.16936567933794,24.25600814819336,38.71268691376565,40.08276720254522,2.519126117394052,-26.394231413750532,-11.93755264817824,-10.567472359398671
sub-819345651599,10.0,18.735890105743152,28.97617530822754,23.856032706985346,23.37078941096577,8.735890105743152,18.97617530822754,13.856032706985346,13.37078941096577
sub-819728345558,12.0,15.296365124574866,15.734502792358398,15.515433958466632,15.494672489247588,3.2963651245748657,3.7345027923583984,3.515433958466632,3.4946724892475878
sub-819765846714,12.66575342,13.503279872136057,14.62528133392334,14.064280603029697,14.011113754969221,0.8375264521360553,1.95952791392334,1.3985271830296977,1.3453603349692216
sub-819847023081,27.0,21.780459055719472,20.86219787597656,21.321328465848016,21.36484093377783,-5.219540944280528,-6.1378021240234375,-5.6786715341519844,-5.635159066222169
sub-820231231679,40.0,36.43891115170089,26.947547912597656,31.693229532149275,32.14298462107435,-3.561088848299107,-13.052452087402344,-8.306770467850725,-7.857015378925652
sub-820918431463,21.0,18.894197743988236,19.83008575439453,19.362141749191384,19.317794021184298,-2.1058022560117635,-1.1699142456054688,-1.6378582508086161,-1.682205978815702
sub-822012913315,64.10403832991102,56.356891963144854,59.02457046508789,57.69073121411637,57.56432134530829,-7.747146366766167,-5.07946786482313,-6.413307115794652,-6.539716984602734
sub-822496166954,49.40451745379877,49.1251130644125,43.67073822021485,46.39792564231368,46.6563851260869,-0.279404389386265,-5.733779233583924,-3.0065918114850874,-2.7481323277118648
sub-822667153127,60.895277207392205,53.39099318841962,48.21286392211914,50.801928555269384,51.04729794320259,-7.504284018972584,-12.682413285273064,-10.09334865212282,-9.847979264189618
sub-823056441215,23.0,23.776431217635757,20.456254959106445,22.116343088371103,22.27367203372741,0.7764312176357571,-2.5437450408935547,-0.883656911628897,-0.7263279662725886
sub-823314386412,23.0,17.55091284939238,24.17058753967285,20.860750194532613,20.54707213754747,-5.449087150607621,1.1705875396728516,-2.1392498054673865,-2.4529278624525297
sub-823338568536,19.0,16.920761536143008,18.806047439575195,17.8634044878591,17.774068856318415,-2.079238463856992,-0.1939525604248047,-1.1365955121409002,-1.225931143681585
sub-823640829061,30.0,32.321232528000266,30.202045440673828,31.261638984337047,31.362058192084007,2.321232528000266,0.2020454406738281,1.261638984337047,1.3620581920840067
sub-823805022711,55.23887748117728,54.252191973120816,60.36063766479492,57.30641481895787,57.01696171659063,-0.9866855080564676,5.1217601836176385,2.0675373377805855,1.7780842354133455
sub-824016129369,19.0,14.160238377468216,20.95964241027832,17.55994039387327,17.237745732434632,-4.839761622531785,1.9596424102783203,-1.4400596061267308,-1.7622542675653676
sub-824231976656,29.114305270362767,34.714239215737585,36.79176330566406,35.75300126070083,35.6545562841184,5.5999339453748185,7.677458035301296,6.638695990338061,6.540251013755633
sub-824258100265,19.0,11.601759941952768,16.33853530883789,13.97014762539533,13.745692110135458,-7.398240058047232,-2.66146469116211,-5.029852374604671,-5.254307889864542
sub-824506674083,25.1854893908282,23.47677093545273,21.09654235839844,22.286656646925586,22.39944549383481,-1.7087184553754682,-4.088947032429761,-2.898832743902613,-2.7860438969933874
sub-825201030964,22.0,27.75179836734981,21.191381454467773,24.47158991090879,24.782459995396003,5.75179836734981,-0.8086185455322266,2.47158991090879,2.782459995396003
sub-825486549892,61.0,43.56126127758317,50.86143112182617,47.21134619970467,46.86542238931473,-17.43873872241683,-10.138568878173828,-13.788653800295329,-14.13457761068527
sub-825991117035,42.220396988364136,44.77369600570888,46.3955078125,45.584601909104435,45.50775118755814,2.5532990173447416,4.175110824135864,3.364204920740299,3.287354199194006
sub-826102254940,23.0,19.725393592904133,23.273147583007812,21.499270587955973,21.33115770773982,-3.2746064070958667,0.2731475830078125,-1.500729412044027,-1.6688422922601802
sub-826451552289,21.0,23.796076372517415,18.96356201171875,21.379819192118084,21.608811368617907,2.7960763725174154,-2.03643798828125,0.37981919211808446,0.6088113686179071
sub-826455898290,30.0,31.158689950676475,21.336193084716797,26.247441517696636,26.71288761222766,1.1586899506764752,-8.663806915283203,-3.752558482303364,-3.287112387772339
sub-826772137795,26.0,29.59715253265754,32.07303237915039,30.835092455903965,30.717771104642267,3.597152532657539,6.073032379150391,4.835092455903965,4.717771104642267
sub-826893413413,20.0,25.355611101377473,19.782217025756836,22.568914063567156,22.833013359416256,5.355611101377473,-0.217782974243164,2.5689140635671563,2.833013359416256
sub-827202849142,26.0,12.41933319709527,17.998939514160156,15.209136355627713,14.944742688239685,-13.58066680290473,-8.001060485839844,-10.790863644372287,-11.055257311760315
sub-827210987847,10.25,1.0021627900177457,11.33179759979248,6.166980194905113,5.677503003336509,-9.247837209982254,1.0817975997924805,-4.083019805094887,-4.572496996663491
sub-827347252526,19.0,25.982736866777184,47.297847747802734,36.64029230728996,35.630260413215154,6.982736866777184,28.297847747802734,17.64029230728996,16.630260413215154
sub-827668818840,12.91,23.339991672475108,17.847131729125977,20.593561700800542,20.853844828739007,10.429991672475108,4.937131729125976,7.683561700800542,7.943844828739007
sub-828187678695,8.1,13.34327571271001,13.970911979675291,13.657093846192652,13.627352849251494,5.243275712710011,5.870911979675293,5.557093846192652,5.5273528492514945
sub-828311225647,12.01,20.181965956167534,13.978914260864258,17.080440108515894,17.374376184561758,8.171965956167538,1.968914260864258,5.0704401085158946,5.364376184561758
sub-828779825670,21.0,25.14763973158518,29.84305000305176,27.495344867318472,27.272849466923,4.14763973158518,8.843050003051758,6.495344867318472,6.272849466922999
sub-828825650995,18.0,9.01545308664786,24.09343719482422,16.55444514073604,15.839963994819598,-8.98454691335214,6.093437194824219,-1.4455548592639609,-2.1600360051804017
sub-828848864811,20.0,27.94077228469511,22.107128143310547,25.02395021400283,25.30038164681917,7.940772284695111,2.107128143310547,5.023950214002831,5.300381646819169
sub-829229264200,9.69,13.13330983815343,13.023545265197754,13.078427551675592,13.083628825088784,3.4433098381534304,3.3335452651977544,3.3884275516755924,3.3936288250887845
sub-829279911985,19.0,5.109498772596169,18.993318557739254,12.051408665167711,11.393513856510417,-13.890501227403831,-0.0066814422607421,-6.9485913348322885,-7.606486143489583
sub-829286451165,46.36550308008214,48.31172013834377,57.96892166137695,53.14032089986036,52.6827074443069,1.946217058261631,11.603418581294813,6.774817819778221,6.317204364224757
sub-829944719647,27.0,19.320833974154606,21.816585540771484,20.568709757463047,20.45044677041876,-7.679166025845394,-5.183414459228516,-6.431290242536953,-6.549553229581239
sub-830297451917,23.0,21.78352060615396,21.634212493896484,21.70886655002522,21.715941622553153,-1.21647939384604,-1.3657875061035156,-1.2911334499747795,-1.284058377446847
sub-831004498487,10.5,13.253405061710374,14.053876876831056,13.653640969270715,13.615710035291876,2.7534050617103745,3.5538768768310547,3.1536409692707146,3.115710035291876
sub-831104295303,21.0,20.26020734875941,21.98936653137207,21.12478694006574,21.042849485734887,-0.7397926512405917,0.9893665313720704,0.12478694006573932,0.04284948573488734
sub-831420461855,18.0,26.008125776258986,43.005489349365234,34.506807562812114,33.7013752373671,8.008125776258986,25.00548934936523,16.506807562812114,15.701375237367102
sub-831498430235,21.0,31.184265141276345,34.30421829223633,32.744241716756335,32.596400487682835,10.184265141276343,13.304218292236328,11.744241716756335,11.596400487682835
sub-831623495535,18.0,22.49733124249812,26.90398597717285,24.700658609835486,24.49184609870005,4.49733124249812,8.903985977172852,6.700658609835486,6.4918460987000515
sub-831631755294,14.9432,17.09395642185757,18.97101402282715,18.03248522234236,17.94353949484523,2.1507564218575705,4.027814022827149,3.08928522234236,3.00033949484523
sub-831859007293,9.25,8.497623425659963,9.48548698425293,8.991555204956446,8.944744578132012,-0.7523765743400368,0.2354869842529297,-0.25844479504355355,-0.3052554218679884
sub-832192965978,19.0,26.676602242095143,21.462493896484375,24.06954806928976,24.31662235183157,7.676602242095143,2.462493896484375,5.069548069289759,5.316622351831569
sub-832211824826,36.0,35.24084252920656,25.43111801147461,30.335980270340585,30.800821137943906,-0.7591574707934399,-10.56888198852539,-5.664019729659415,-5.199178862056094
sub-833405084335,24.0,19.506624364328648,19.087617874145508,19.297121119237076,19.316976043814833,-4.493375635671352,-4.912382125854492,-4.702878880762924,-4.683023956185167
sub-833762581917,22.5,21.08816987981548,18.2549991607666,19.67158452029104,19.80583635710159,-1.4118301201845185,-4.245000839233398,-2.8284154797089585,-2.6941636428984097
sub-833785451044,25.582477754962355,29.059763151709756,29.777124404907227,29.418443778308493,29.38445109821655,3.4772853967474013,4.194646649944872,3.8359660233461383,3.801973343254197
sub-833933618360,68.0,49.55249786547558,67.60443115234375,58.57846450890966,57.72306063739247,-18.44750213452442,-0.39556884765625,-9.421535491090339,-10.276939362607528
sub-834050217069,19.0,9.321401538781643,19.421079635620117,14.37124058720088,13.892660060238837,-9.678598461218357,0.4210796356201172,-4.62875941279912,-5.107339939761163
sub-834265926310,21.0,25.377540041771265,21.912750244140625,23.645145142955947,23.809326705107104,4.377540041771265,0.912750244140625,2.645145142955947,2.809326705107104
sub-834759665803,21.0,21.49666267225258,22.77216529846191,22.134413985357245,22.07397337396946,0.4966626722525795,1.772165298461914,1.134413985357245,1.0739733739694586
sub-834921406993,21.0,26.5092076491385,26.87806701660156,26.69363733287003,26.67615866585087,5.509207649138499,5.8780670166015625,5.693637332870029,5.6761586658508705
sub-834928817578,63.41683778234086,48.51161415481954,31.090896606445312,39.801255380632426,40.626748639369815,-14.905223627521323,-32.32594117589555,-23.615582401708437,-22.79008914297105
sub-835150699145,25.0,29.18280631076025,36.10611724853515,32.6444617796477,32.31639570019913,4.182806310760249,11.106117248535156,7.644461779647699,7.316395700199131
sub-835540494601,23.0,24.83424943161002,23.787954330444336,24.311101881027177,24.360681328616742,1.8342494316100184,0.7879543304443359,1.3111018810271773,1.3606813286167423
sub-835915863975,13.0,16.25642480442179,21.527570724487305,18.891997764454548,18.642220715331717,3.2564248044217905,8.527570724487305,5.891997764454548,5.642220715331717
sub-836204819379,9.268493151,13.26606153179658,17.406593322753906,15.336327427275243,15.140125343662326,3.997568380796581,8.138100171753907,6.067834276275244,5.871632192662327
sub-836224924436,60.84052019164955,51.76117277665751,39.64800262451172,45.70458770058461,46.27857900001123,-9.079347414992045,-21.19251756713783,-15.135932491064942,-14.561941191638326
sub-836293495017,13.0,23.039747872985178,19.208044052124023,21.1238959625546,21.305464010186164,10.039747872985178,6.208044052124023,8.123895962554599,8.305464010186164
sub-836905304579,71.0,54.68920823350756,48.71323013305664,51.7012191832821,51.9843952133501,-16.310791766492443,-22.28676986694336,-19.2987808167179,-19.015604786649902
sub-837107069292,18.2177,19.99259017967271,17.22762107849121,18.61010562908196,18.74112568306679,1.7748901796727097,-0.9900789215087896,0.39240562908196,0.5234256830667903
sub-837165336315,21.0,28.24800502263075,22.515653610229492,25.38182931643012,25.653460920266816,7.24800502263075,1.5156536102294922,4.381829316430121,4.6534609202668165
sub-837432293199,32.361396303901444,35.834230130351756,26.93379783630371,31.384013983327733,31.805767383449357,3.472833826450312,-5.427598467597733,-0.9773823205737102,-0.5556289204520866
sub-837824233766,11.1697,-1.676714663849186,11.638419151306152,4.980852243728483,4.349905029695799,-12.846414663849188,0.4687191513061517,-6.188847756271517,-6.819794970304201
sub-838089558550,35.0,25.78426783923261,20.223560333251953,23.003914086242283,23.26741221984389,-9.215732160767391,-14.776439666748049,-11.996085913757717,-11.73258778015611
sub-838826556270,21.0,12.354982643398747,22.445659637451172,17.40032114042496,16.92216713720687,-8.645017356601251,1.445659637451172,-3.5996788595750395,-4.07783286279313
sub-839032642270,67.81930184804928,64.78761288104431,63.2734260559082,64.03051946847626,64.10227030268547,-3.0316889670049676,-4.545875792141075,-3.7887823795730213,-3.7170315453638096
sub-839253254886,19.0,22.315251628490618,19.438241958618164,20.87674679355439,21.01307597065098,3.315251628490614,0.438241958618164,1.8767467935543891,2.0130759706509807
sub-839341084854,22.5,29.275597244364786,40.278018951416016,34.7768080978904,34.255450414216554,6.775597244364782,17.778018951416016,12.276808097890402,11.755450414216554
sub-839452249071,60.5968514715948,43.99152241543014,49.79105758666992,46.89129000105003,46.61647484637142,-16.605329056164663,-10.80579388492488,-13.705561470544772,-13.980376625223386
sub-839924034192,22.1793,28.205873142397245,22.2047119140625,25.205292528229872,25.48966187896588,6.026573142397243,0.0254119140624986,3.025992528229871,3.310361878965878
sub-840506833125,29.004791238877484,27.91673391005862,24.27606773376465,26.096400821911637,26.268916413046075,-1.0880573288188629,-4.728723505112836,-2.9083904169658474,-2.7358748258314094
sub-840847898906,25.0,25.094239204917024,18.868005752563477,21.98112247874025,22.27615703905449,0.0942392049170237,-6.131994247436523,-3.01887752125975,-2.723842960945511
sub-840924117029,21.0,22.211785655541085,20.726287841796875,21.46903674866898,21.53942813339294,1.2117856555410853,-0.273712158203125,0.46903674866898015,0.5394281333929385
sub-841148850958,47.0,37.269412915083535,34.77812194824219,36.02376743166286,36.14181904997136,-9.730587084916465,-12.221878051757812,-10.976232568337139,-10.85818095002864
sub-841518676943,25.0,28.00120054018908,23.439226150512695,25.720213345350885,25.936385790300605,3.0012005401890782,-1.560773849487305,0.720213345350885,0.936385790300605
sub-842111262914,48.05201916495551,46.60223579609776,27.31846618652344,36.9603509913106,37.87412631494726,-1.4497833688577515,-20.733552978432073,-11.091668173644912,-10.177892850008249
sub-842259835992,27.5,36.75309205909168,47.93231201171875,42.34270203540521,41.81296663941991,9.253092059091678,20.43231201171875,14.84270203540521,14.312966639419912
sub-842405684907,11.0,-1.336808849077137,16.338300704956055,7.500745927939459,6.663198120635683,-12.336808849077135,5.338300704956055,-3.499254072060541,-4.336801879364317
sub-842437178908,10.0,12.997558314306024,10.201757431030272,11.599657872668148,11.732138912872578,2.9975583143060227,0.2017574310302734,1.599657872668148,1.7321389128725784
sub-842438804330,27.5975,24.680474759089392,24.299406051635746,24.489940405362567,24.507997620758275,-2.9170252409106077,-3.298093948364258,-3.107559594637433,-3.0895023792417255
sub-842826176759,23.0,17.261029721960806,18.112560272216797,17.686794997088803,17.646444608139937,-5.738970278039194,-4.887439727783203,-5.313205002911197,-5.353555391860063
sub-843302791192,80.1697467488022,44.19432875558918,58.96141052246094,51.57786963902506,50.87812082466499,-35.975417993213014,-21.20833622634126,-28.591877109777137,-29.291625924137207
sub-843782950137,14.76,18.874147144592015,21.090307235717773,19.982227190154894,19.877212846720006,4.114147144592016,6.330307235717774,5.222227190154895,5.117212846720006
sub-844284773354,19.0,22.738092845180155,16.298904418945312,19.518498632062734,19.823624217322724,3.738092845180155,-2.7010955810546875,0.5184986320627338,0.823624217322724
sub-844369335575,10.59726027,4.9304551703635155,14.039990425109863,9.48522279773669,9.053560903090709,-5.666805099636484,3.4427301551098637,-1.1120374722633102,-1.5436993669092907
sub-844469283877,14.1,19.691116365571663,17.571683883666992,18.631400124619326,18.73183096056527,5.591116365571667,3.4716838836669925,4.531400124619326,4.631830960565269
sub-844502343291,23.0,26.19469374369004,25.72934913635254,25.96202144002129,25.98407212968319,3.1946937436900384,2.729349136352539,2.9620214400212888,2.9840721296831916
sub-844668091281,23.0,28.285318366972582,21.64556121826172,24.96543979261715,25.28006947137144,5.285318366972586,-1.3544387817382812,1.9654397926171505,2.2800694713714407
sub-844809889086,20.34,12.278749075734629,18.194721221923828,15.23673514882923,14.956402544159157,-8.061250924265373,-2.1452787780761717,-5.1032648511707706,-5.383597455840842
sub-845938829891,21.0,21.493670168699428,17.31603240966797,19.404851289183696,19.60281166584161,0.4936701686994276,-3.6839675903320312,-1.5951487108163036,-1.3971883341583897
sub-846136040386,24.0,24.869545125928664,38.02259826660156,31.446071696265115,30.82280479182848,0.8695451259286635,14.022598266601562,7.446071696265115,6.8228047918284815
sub-846161019971,22.0,39.55971051412371,36.655975341796875,38.10784292796029,38.24543851225573,17.559710514123708,14.655975341796877,16.10784292796029,16.24543851225573
sub-846237231836,10.0,12.457562571966758,13.995007514953612,13.226285043460184,13.153432106571028,2.4575625719667578,3.9950075149536137,3.2262850434601837,3.153432106571028
sub-846809877368,55.16769336071184,51.68669066671903,50.63105773925781,51.15887420298842,51.20889613020816,-3.4810026939928065,-4.536635621454025,-4.008819157723416,-3.958797230503677
sub-846911830744,12.25,12.430542372294983,11.908947944641112,12.169745158468046,12.194461286413272,0.1805423722949832,-0.3410520553588867,-0.0802548415319535,-0.055538713586727795
sub-847264219865,27.5,31.292593961992008,25.875429153442383,28.584011557717197,28.84070781712842,3.792593961992008,-1.6245708465576172,1.0840115577171971,1.3407078171284184
sub-847649503818,21.0,18.460487521964,24.074508666992188,21.267498094478093,21.00147365565913,-2.539512478036002,3.0745086669921875,0.2674980944780927,0.0014736556591294914
sub-847858782530,66.85831622176592,51.40235510042462,56.987247467041016,54.194801283732815,53.93015713307635,-15.455961121341296,-9.871068754724902,-12.663514938033103,-12.928159088689569
sub-848303531880,74.02600958247777,48.49911259149552,43.478477478027344,45.98879503476143,46.226701448733166,-25.52689699098225,-30.547532104450426,-28.03721454771634,-27.799308133744603
sub-848304365784,28.0,27.47723830680889,21.51917266845703,24.49820548763296,24.78053272277221,-0.5227616931911108,-6.480827331542969,-3.5017945123670415,-3.219467277227789
sub-848559622345,21.0,29.432885463008017,28.84393882751465,29.138412145261334,29.166319806125806,8.432885463008017,7.843938827514648,8.138412145261334,8.166319806125806
sub-848863381663,13.78,9.747314028092203,21.034650802612305,15.390982415352255,14.856123825825637,-4.032685971907794,7.254650802612305,1.6109824153522556,1.076123825825638
sub-848884705355,19.0,18.518657613641935,22.837474822998047,20.67806621831999,20.473415951639375,-0.4813423863580652,3.837474822998047,1.6780662183199908,1.4734159516393746
sub-849064822186,27.0,25.642005715562856,21.298940658569336,23.470473187066098,23.67627245548605,-1.3579942844371438,-5.701059341430664,-3.529526812933902,-3.3237275445139502
sub-849137971945,21.0,31.438852014988456,24.93377113342285,28.186311574205654,28.494559520960003,10.438852014988456,3.933771133422851,7.186311574205654,7.494559520960003
sub-849159958030,19.0,21.232517272477807,22.657875061035156,21.94519616675648,21.877654560477886,2.232517272477807,3.657875061035156,2.9451961667564817,2.877654560477886
sub-849439788219,19.0,20.43585594584502,21.417924880981445,20.926890413413233,20.880354368998333,1.4358559458450202,2.4179248809814453,1.9268904134132327,1.8803543689983329
sub-849953102115,9.7,7.213256705915608,13.549094200134276,10.381175453024941,10.080947226178958,-2.486743294084391,3.849094200134278,0.6811754530249416,0.38094722617895904
sub-850074786993,8.024657534,1.545117439613545,9.023933410644531,5.284525425129038,4.9301363392443545,-6.479540094386454,0.999275876644532,-2.740132108870961,-3.094521194755645
sub-850736393225,21.0,10.82944054082368,17.467391967773438,14.148416254298558,13.833872140971572,-10.17055945917632,-3.5326080322265625,-6.851583745701442,-7.166127859028428
sub-850844438672,23.0,20.462257814077553,24.869260787963867,22.66575930102071,22.456930288319207,-2.537742185922447,1.8692607879638672,-0.3342406989792899,-0.5430697116807934
sub-851134973595,33.0,24.800766051484956,23.853124618530273,24.326945335007615,24.371850007414597,-8.199233948515044,-9.146875381469728,-8.673054664992385,-8.628149992585403
sub-851444737023,15.5,13.364205749181655,18.771041870117188,16.067623809649422,15.811416982546216,-2.1357942508183427,3.2710418701171875,0.5676238096494224,0.3114169825462163
sub-851549490177,31.0,23.318175653065516,22.43061637878418,22.874396015924848,22.916453651932926,-7.681824346934484,-8.56938362121582,-8.125603984075152,-8.083546348067074
sub-851847771111,33.763175906913084,42.19861300339879,25.52264976501465,33.86063138420672,34.65083392310979,8.435437096485707,-8.240526141898435,0.0974554772936358,0.8876580161967098
sub-851966215203,22.5,23.968100424526675,17.21677017211914,20.592435298322908,20.91235194902323,1.4681004245266749,-5.283229827880859,-1.9075647016770922,-1.587648050976771
sub-852119035315,29.0,27.513929321247417,31.876680374145508,29.695304847696463,29.48857274416994,-1.4860706787525828,2.876680374145508,0.6953048476964625,0.48857274416993945
sub-852627676676,60.9308692676249,48.41089774029684,62.17289352416992,55.29189563223338,54.639773541692975,-12.51997152732806,1.2420242565450224,-5.6389736353915225,-6.291095725931925
sub-852840866495,9.860273973,21.277831528120473,31.222469329833984,26.25015042897723,25.778916598160333,11.417557555120473,21.362195356833983,16.38987645597723,15.918642625160333
sub-853076739302,18.75,14.890604322135973,16.156057357788086,15.523330839962028,15.463366435667037,-3.859395677864029,-2.593942642211914,-3.2266691600379716,-3.2866335643329627
sub-853151028555,26.0,26.81213085999194,24.006977081298828,25.409553970645383,25.54247820454119,0.8121308599919388,-1.993022918701172,-0.5904460293546165,-0.4575217954588098
sub-853205286014,27.0,25.19230413067254,19.33380889892578,22.26305651479916,22.540665534446198,-1.8076958693274603,-7.666191101074219,-4.73694348520084,-4.459334465553802
sub-853317809055,21.0,23.251892214493058,25.493560791015625,24.37272650275434,24.26650342135116,2.251892214493054,4.493560791015625,3.3727265027543396,3.2665034213511603
sub-853829288453,14.86,12.429424252390753,18.46364974975586,15.446537001073306,15.160600876114948,-2.4305757476092467,3.60364974975586,0.5865370010733066,0.3006008761149488
sub-854122998143,23.0,31.448947606581633,23.975324630737305,27.71213611865947,28.066279130723867,8.448947606581633,0.9753246307373048,4.712136118659469,5.066279130723867
sub-854248757945,77.5,48.42495612788709,49.06797409057617,48.746465109231636,48.71599523955072,-29.075043872112907,-28.432025909423828,-28.753534890768364,-28.784004760449278
sub-854351385010,21.0,10.705809352687751,28.01786231994629,19.36183583631702,18.541491727086555,-10.294190647312249,7.017862319946289,-1.6381641636829798,-2.458508272913445
sub-855367719661,13.0,20.686152475814996,20.122711181640625,20.40443182872781,20.431130900608387,7.686152475814996,7.122711181640625,7.404431828727809,7.431130900608387
sub-855608929551,21.0,16.692141556463906,18.878616333007812,17.78537894473586,17.681771261331065,-4.3078584435360945,-2.1213836669921875,-3.214621055264139,-3.3182287386689353
sub-855788658491,27.822039698836413,36.852239292935224,32.89600372314453,34.87412150803988,35.06159058236306,9.03019959409881,5.073964024308118,7.0520818092034645,7.239550883526647
sub-855821008773,21.0,19.784381602530523,21.08012580871582,20.43225370562317,20.370853932377102,-1.215618397469477,0.0801258087158203,-0.5677462943768283,-0.6291460676228979
sub-856532049659,9.79,-4.113003740164682,7.331003189086914,1.6089997244611158,1.066717206717017,-13.903003740164682,-2.458996810913085,-8.181000275538883,-8.723282793282982
sub-856562281896,19.0,17.346296501426046,19.009071350097656,18.17768392576185,18.09889214094788,-1.6537034985739538,0.0090713500976562,-0.8223160742381488,-0.9011078590521215
sub-857145788944,19.33,20.154678002107616,18.340465545654297,19.247571773880956,19.33353953890332,0.8246780021076177,-0.9895344543457014,-0.08242822611904188,0.003539538903321926
sub-857482847130,16.0,26.73548774868194,24.32754898071289,25.531518364697416,25.645620278978,10.73548774868194,8.32754898071289,9.531518364697416,9.645620278978
sub-858287668746,25.0,16.710801316733622,16.72132682800293,16.716064072368276,16.715565313429476,-8.289198683266378,-8.27867317199707,-8.283935927631724,-8.284434686570524
sub-858715801001,19.0,23.2546547075651,20.591323852539062,21.92298928005208,22.049193132477,4.2546547075650984,1.5913238525390625,2.9229892800520787,3.0491931324770007
sub-858765038570,19.0,6.453012365284177,16.152538299560547,11.302775332422362,10.84315630413263,-12.546987634715824,-2.847461700439453,-7.697224667577638,-8.15684369586737
sub-858944435768,30.143737166324435,36.470293457494776,21.52019691467285,28.995245186083814,29.703666287528307,6.326556291170341,-8.623540251651583,-1.148491980240621,-0.44007087879612783
sub-859071508378,39.2526,35.12083634774717,25.693679809570312,30.407258078658742,30.853970686777078,-4.131763652252829,-13.558920190429689,-8.845341921341259,-8.398629313222923
sub-859835440909,27.0,22.730231356386035,19.409500122070312,21.069865739228174,21.22722098251218,-4.269768643613965,-7.590499877929688,-5.930134260771826,-5.772779017487821
sub-860138007442,21.0,19.219848942090472,21.099102020263672,20.159475481177072,20.07042571941004,-1.780151057909528,0.0991020202636718,-0.840524518822928,-0.9295742805899607
sub-860968728819,11.909,15.076887615797297,11.127969741821287,13.102428678809293,13.289550998841339,3.167887615797296,-0.7810302581787116,1.1934286788092923,1.380550998841338
sub-861145867214,18.9,14.8981393727421,22.52739715576172,18.71276826425191,18.351250384660307,-4.001860627257898,3.62739715576172,-0.18723173574808882,-0.5487496153396911
sub-861531345127,19.0,18.53515308723249,21.511388778686523,20.023270932959505,19.88223985930329,-0.4648469127675092,2.511388778686523,1.0232709329595053,0.8822398593032901
sub-861783882992,10.119097,5.9359481987814675,11.23772144317627,8.586834820978869,8.33560647401502,-4.1831488012185325,1.1186244431762695,-1.5322621790211315,-1.7834905259849805
sub-862294090540,13.65205479,8.797486196535868,17.19298553466797,12.995235865601918,12.597409077576815,-4.854568593464132,3.5409307446679694,-0.6568189243980811,-1.0546457124231843
sub-862348505049,58.568104038329906,51.61117827459326,49.111690521240234,50.361434397916746,50.47987442686275,-6.956925763736649,-9.456413517089672,-8.20666964041316,-8.088229611467156
sub-862351405786,21.0,24.138577673396966,18.38750457763672,21.263041125516843,21.535559869815014,3.1385776733969664,-2.6124954223632812,0.26304112551684256,0.5355598698150139
sub-862537982546,49.919233401779614,37.70142468061074,34.309898376464844,36.00566152853779,36.166371447238255,-12.217808721168872,-15.60933502531477,-13.913571873241821,-13.752861954541359
sub-862728958301,23.0,12.83051450721656,17.9894962310791,15.41000536914783,15.165543301315534,-10.16948549278344,-5.010503768920898,-7.5899946308521695,-7.834456698684466
sub-862933690787,21.0,16.498715317026765,18.68815040588379,17.593432861455277,17.489684901517585,-4.501284682973235,-2.311849594116211,-3.406567138544723,-3.5103150984824154
sub-863158771926,9.032876712,9.014754040817431,12.60714340209961,10.81094872145852,10.64072076200371,-0.0181226711825672,3.574266690099609,1.7780720094585192,1.6078440500037097
sub-863700256831,19.0,22.397516001459493,21.288801193237305,21.8431585973484,21.895695847752023,3.3975160014594934,2.2888011932373047,2.843158597348399,2.895695847752023
sub-864075417113,24.0,30.143700590874236,34.27753829956055,32.21061944521739,32.01473456551831,6.143700590874236,10.277538299560549,8.21061944521739,8.01473456551831
sub-864390147957,27.5,31.446575142545555,19.17133331298828,25.308954227766918,25.89062541045689,3.946575142545555,-8.328666687011719,-2.191045772233082,-1.6093745895431084
sub-864417281787,27.0,30.086549830061823,30.34527587890625,30.21591285448404,30.20365293415712,3.0865498300618235,3.34527587890625,3.2159128544840385,3.2036529341571196
sub-864521527320,27.5,35.042754725529505,33.141963958740234,34.09235934213487,34.18242968280239,7.542754725529505,5.641963958740234,6.59235934213487,6.682429682802393
sub-865049849440,18.0,27.059965282332357,17.120405197143555,22.090185239737956,22.56117845929706,9.059965282332357,-0.8795948028564453,4.090185239737956,4.561178459297061
sub-865130064686,23.0,22.924441656927545,20.549068450927734,21.736755053927638,21.849313825579458,-0.0755583430724549,-2.4509315490722656,-1.263244946072362,-1.1506861744205423
sub-865463279252,10.60821918,8.173045259731396,14.123661994934082,11.148353627332739,10.866379363838744,-2.435173920268605,3.5154428149340813,0.5401344473327381,0.2581601838387435
sub-865831043042,12.36164384,6.675028117520956,9.364314079284668,8.019671098402812,7.892237344535411,-5.6866157224790435,-2.9973297607153313,-4.341972741597187,-4.469406495464589
sub-865879829269,11.01917808,15.47910640733479,20.5155029296875,17.997304668511145,17.758651388817817,4.45992832733479,9.4963248496875,6.978126588511145,6.739473308817818
sub-866125125908,67.16221765913758,56.7093503176273,63.249942779541016,59.97964654858416,59.669715859996515,-10.452867341510284,-3.9122748795965663,-7.182571110553425,-7.492501799141067
sub-866415490846,16.0,34.78729836353412,39.62997055053711,37.208634457035615,36.97916094461884,18.78729836353412,23.62997055053711,21.208634457035615,20.97916094461884
sub-866498030343,23.948,26.857815883490936,22.21105194091797,24.534433912204452,24.75462417123864,2.9098158834909356,-1.7369480590820316,0.586433912204452,0.8066241712386386
sub-866659229411,71.0,52.94107415054767,43.10090255737305,48.02098835396036,48.48727197818127,-18.05892584945233,-27.899097442626953,-22.979011646039638,-22.51272802181873
sub-866713785429,62.5,42.3650788986307,41.798526763916016,42.08180283127336,42.10864931257538,-20.1349211013693,-20.701473236083984,-20.418197168726643,-20.39135068742462
sub-866905041948,22.0,28.095219092531163,27.780672073364254,27.93794558294771,27.952850620191853,6.095219092531163,5.780672073364258,5.937945582947709,5.952850620191853
sub-866922267325,19.0,20.152054002419376,22.08230209350586,21.117178047962618,21.025711850748984,1.1520540024193764,3.0823020935058594,2.117178047962618,2.0257118507489835
sub-867260065005,42.507871321013006,51.9235476436896,43.49870300292969,47.711125323309645,48.1103426596533,9.415676322676596,0.9908316819166814,5.203254002296639,5.602471338640292
sub-867582298309,12.5777,-8.413529328849691,11.59585189819336,1.5911612846718342,0.6430023314849702,-20.99122932884969,-0.9818481018066408,-10.986538715328166,-11.93469766851503
sub-867701378046,20.0,38.22111689894876,41.229766845703125,39.725441872325945,39.58287482581653,18.22111689894876,21.229766845703125,19.725441872325945,19.582874825816532
sub-868182247503,27.0,16.631770890173414,18.58800888061523,17.609889885394324,17.517192138064942,-10.368229109826586,-8.411991119384766,-9.390110114605676,-9.482807861935058
sub-868370615460,13.6,28.490770442918667,31.73600959777832,30.113390020348493,29.95961202366791,14.890770442918669,18.13600959777832,16.513390020348496,16.359612023667907
sub-868388089302,19.0,23.586879444576628,21.28268241882324,22.434780931699933,22.54396696874349,4.586879444576628,2.282682418823242,3.434780931699933,3.54396696874349
sub-868866368860,72.5,53.35403479227817,58.69231414794922,56.023174470113695,55.77021625475163,-19.14596520772183,-13.80768585205078,-16.476825529886305,-16.72978374524837
sub-869287444915,22.5,24.00893363506575,25.64379119873047,24.826362416898107,24.748893512758336,1.5089336350657483,3.1437911987304688,2.3263624168981067,2.248893512758336
sub-869522707783,7.989049,16.570511924113713,15.48660659790039,16.028559261007054,16.079920896221793,8.581462924113714,7.497557597900391,8.039510261007054,8.090871896221794
sub-869561056537,25.0,25.706062452580063,23.86584091186523,24.785951682222645,24.87315190645137,0.7060624525800634,-1.1341590881347656,-0.21404831777735467,-0.1268480935486309
sub-869792866260,63.86858316221765,43.66171171457231,44.52667236328125,44.09419203892678,44.05320525508165,-20.206871447645337,-19.341910798936397,-19.77439112329087,-19.815377907135996
sub-869807719337,23.0,31.73479978501768,24.831342697143555,28.28307124108062,28.610196531540012,8.734799785017678,1.831342697143555,5.28307124108062,5.610196531540012
sub-870097433973,19.0,25.91584487590553,31.413808822631836,28.664826849268685,28.404301864450975,6.915844875905531,12.413808822631836,9.664826849268685,9.404301864450975
sub-870309621562,11.16986301,15.16271330804021,15.114108085632324,15.138410696836267,15.140713890337093,3.99285029804021,3.944245075632324,3.968547686836267,3.9708508803370925
sub-870383451100,19.0,32.64337028879107,29.427968978881836,31.035669633836452,31.188033742725477,13.643370288791068,10.427968978881836,12.035669633836452,12.188033742725477
sub-870394430007,27.0,29.550790430534914,23.19156265258789,26.371176541561404,26.67251313386272,2.5507904305349136,-3.80843734741211,-0.6288234584385961,-0.3274868661372814
sub-870400442875,17.9,8.816221391408803,16.543039321899414,12.679630356654108,12.313489519148455,-9.083778608591196,-1.3569606781005843,-5.22036964334589,-5.586510480851544
sub-870653878584,34.43,30.99735396407329,28.27923583984375,29.63829490195852,29.767094888628,-3.432646035926709,-6.15076416015625,-4.791705098041479,-4.662905111371998
sub-871014392779,23.0,30.139378431891945,23.379249572753903,26.759314002322924,27.07964758134564,7.139378431891945,0.3792495727539062,3.759314002322924,4.07964758134564
sub-871062020088,21.0,24.520947125965115,21.97303009033203,23.246988608148573,23.36772349354562,3.5209471259651153,0.9730300903320312,2.2469886081485733,2.3677234935456184
sub-871227205934,45.6974674880219,35.635008282944796,19.1086368560791,27.37182256951195,28.154936592593106,-10.062459205077104,-26.5888306319428,-18.32564491850995,-17.542530895428794
sub-871327886768,19.8,21.14937635229476,16.335792541503906,18.742584446899333,18.97067958564097,1.3493763522947615,-3.4642074584960945,-1.0574155531006681,-0.8293204143590316
sub-871665254271,19.0,18.02143349773429,21.53993797302246,19.780685735378377,19.613958864506237,-0.9785665022657106,2.539937973022461,0.7806857353783769,0.6139588645062375
sub-872219746706,26.0,24.946732954357287,40.38687896728515,32.66680596082122,31.935163511984065,-1.053267045642713,14.386878967285156,6.666805960821222,5.935163511984065
sub-872310189561,25.0,19.826728860303863,20.681201934814453,20.253965397559156,20.213475574977373,-5.173271139696137,-4.318798065185547,-4.746034602440844,-4.786524425022627
sub-872499226250,35.071868583162214,45.55605346156087,37.487548828125,41.52180114484294,41.90413305307219,10.484184878398658,2.415680244962786,6.4499325616807255,6.832264469909973
sub-872529642832,21.0,32.2654010305839,29.60509872436523,30.93524987747457,31.061310219931123,11.265401030583902,8.605098724365234,9.935249877474568,10.061310219931123
sub-872890949648,23.0,17.507524002716853,19.888019561767575,18.697771782242214,18.584970284198636,-5.492475997283147,-3.111980438232422,-4.302228217757786,-4.415029715801364
sub-873064193457,22.0,27.70095280015938,26.81893539428711,27.259944097223247,27.30173912780191,5.700952800159381,4.818935394287109,5.259944097223247,5.301739127801909
sub-873856873596,71.0,51.39864860748895,60.07029342651367,55.73447101700131,55.3235588763049,-19.60135139251105,-10.929706573486328,-15.265528982998688,-15.6764411236951
sub-874881043824,21.0,22.991751611041852,26.07697868347168,24.534365147256764,24.388169438446674,1.9917516110418525,5.07697868347168,3.5343651472567643,3.388169438446674
sub-875390673251,27.5,28.493991970793793,26.6529483795166,27.573470175155197,27.66070935284239,0.9939919707937932,-0.8470516204833984,0.07347017515519738,0.16070935284238885
sub-875887270246,14.66,9.664642401155549,14.583536148071287,12.124089274613418,11.891003948635937,-4.995357598844453,-0.076463851928711,-2.5359107253865822,-2.768996051364063
sub-875946477747,18.0,22.70468736951284,14.85556697845459,18.780127173983715,19.152063401744982,4.70468736951284,-3.14443302154541,0.7801271739837148,1.1520634017449822
sub-876065686543,14.25,17.636317416057725,23.548843383789062,20.592580399923392,20.312411094903723,3.386317416057725,9.298843383789062,6.342580399923392,6.062411094903723
sub-876168816548,14.0,22.500004570782128,19.58421516418457,21.042109867483347,21.180276650358998,8.500004570782128,5.58421516418457,7.042109867483347,7.180276650358998
sub-876267012411,19.0,30.582050099058243,23.98472785949707,27.283388979277657,27.596007849272727,11.582050099058243,4.98472785949707,8.283388979277657,8.596007849272727
sub-876413804784,9.136986301,4.632775291145329,13.618555068969728,9.125665180057528,8.699867527894511,-4.5042110098546715,4.481568767969726,-0.011321120942472618,-0.43711877310548886
sub-876583468696,24.0,25.58790733066381,29.718486785888672,27.65319705827624,27.45746657326614,1.5879073306638103,5.718486785888672,3.653197058276241,3.4574665732661387
sub-877523533189,22.0,22.434691973036426,24.680233001708984,23.557462487372703,23.45105590703294,0.4346919730364256,2.6802330017089844,1.5574624873727032,1.4510559070329414
sub-877751571376,61.33607118412046,49.362460368596444,71.52520751953125,60.44383394406385,59.393636194321594,-11.97361081552402,10.189136335410788,-0.8922372400566161,-1.942434989798869
sub-877769535521,19.06,19.74171055587469,21.040996551513672,20.39135355369418,20.329785950201753,0.6817105558746874,1.9809965515136732,1.331353553694182,1.2697859502017543
sub-878102231037,13.82,4.762495288317762,20.8074951171875,12.784995202752631,12.02469131983877,-9.057504711682238,6.9874951171875,-1.0350047972473693,-1.7953086801612308
sub-878124223907,24.0,29.741748413289777,16.979015350341797,23.360381881815787,23.965153188007566,5.741748413289777,-7.020984649658203,-0.6396181181842131,-0.03484681199243411
sub-878299241368,21.0,21.952544437651124,20.52044677734375,21.23649560749744,21.304356587457338,0.9525444376511238,-0.47955322265625,0.2364956074974387,0.3043565874573382
sub-878901535563,21.0,19.817018694981844,23.26200485229492,21.53951177363838,21.376268621259104,-1.1829813050181563,2.262004852294922,0.539511773638381,0.3762686212591042
sub-878981166880,25.0,23.01075099220793,22.30568504333496,22.658218017771446,22.69162807600491,-1.9892490077920684,-2.694314956665039,-2.3417819822285537,-2.3083719239950895
sub-880687234086,32.64339493497605,30.929905618220783,26.678789138793945,28.804347378507366,29.005789597298275,-1.7134893167552685,-5.964605796182106,-3.8390475564686852,-3.637605337677776
sub-880811779741,19.0,12.116334857228882,18.55967903137207,15.338006944300476,15.03268443593018,-6.883665142771118,-0.4403209686279297,-3.661993055699524,-3.9673155640698194
sub-880908935164,52.53114305270363,41.20370634633521,37.98432922363281,39.59401778498401,39.7465702906282,-11.327436706368417,-14.546813829070814,-12.937125267719615,-12.784572762075427
sub-881158372238,19.0,27.252049478576893,23.476852416992188,25.36445094778454,25.543341381894944,8.252049478576893,4.4768524169921875,6.36445094778454,6.543341381894944
sub-881514656591,25.0,26.94524414705388,21.175029754638672,24.060136950846278,24.33356271928443,1.9452441470538808,-3.824970245361328,-0.9398630491537219,-0.6664372807155701
sub-881702885069,25.0,19.294558956187473,18.154035568237305,18.72429726221239,18.778341785095606,-5.705441043812527,-6.845964431762695,-6.275702737787611,-6.221658214904394
sub-881950556152,14.0,0.8353419497348433,15.316854476928713,8.076098213331779,7.389881303246163,-13.164658050265157,1.316854476928711,-5.923901786668221,-6.610118696753837
sub-881977543881,21.0,19.36594466644844,20.786846160888672,20.076395413668557,20.009064972099015,-1.6340553335515615,-0.2131538391113281,-0.923604586331443,-0.990935027900985
sub-882803056246,27.5,32.36119494168048,24.550146102905273,28.455670522292877,28.825802702105367,4.8611949416804805,-2.9498538970947266,0.955670522292877,1.325802702105367
sub-882865046935,21.0,25.497944622110086,35.774749755859375,30.63634718898473,30.14937336969681,4.4979446221100865,14.774749755859377,9.636347188984729,9.14937336969681
sub-883718570961,19.0,18.90347781755111,18.981325149536133,18.94240148354362,18.938712631601337,-0.0965221824488899,-0.0186748504638671,-0.057598516456380366,-0.06128736839866278
sub-885298009427,67.5,47.44469754553576,37.23292922973633,42.338813387636044,42.82270539042368,-20.05530245446424,-30.267070770263672,-25.161186612363956,-24.67729460957632
sub-886003620269,19.0,18.986894226825942,18.01897430419922,18.50293426551258,18.5487998487704,-0.0131057731740575,-0.9810256958007812,-0.4970657344874212,-0.45120015122959956
sub-886027172791,22.5,19.286438487923807,24.38051414489746,21.833476316410632,21.592089869345344,-3.2135615120761933,1.880514144897461,-0.666523683589368,-0.9079101306546562
sub-886413354960,21.0,21.356726169159295,19.53057861328125,20.443652391220272,20.530185709532283,0.3567261691592946,-1.46942138671875,-0.5563476087797277,-0.46981429046771694
sub-886636260175,21.0,30.73209510884519,28.37302589416504,29.552560501505113,29.66434669677553,9.73209510884519,7.373025894165039,8.552560501505113,8.664346696775532
sub-887283177563,8.556164384,19.80759452938091,14.929730415344238,17.368662472362573,17.599803579609908,11.251430145380914,6.373566031344238,8.812498088362572,9.043639195609908
sub-887424714190,76.0,47.113108529015435,69.0709457397461,58.092027134380764,57.051539189864215,-28.886891470984565,-6.929054260253906,-17.907972865619236,-18.948460810135785
sub-887530654767,25.0,28.86639766232384,32.081966400146484,30.474182031235163,30.32180998865377,3.866397662323841,7.081966400146484,5.474182031235163,5.321809988653769
sub-887796798530,29.738535249828885,32.05707854418167,20.690750122070312,26.37391433312599,26.912515998814772,2.3185432943527857,-9.047785127758573,-3.3646209167028935,-2.826019251014113
sub-887907228454,21.0,21.745749148777406,19.636775970458984,20.691262559618195,20.791197773924125,0.7457491487774064,-1.3632240295410156,-0.3087374403818046,-0.20880222607587484
sub-888082536248,14.3,13.278288487209164,16.44181251525879,14.860050501233976,14.710144634741557,-1.0217115127908372,2.1418125152587884,0.5600505012339756,0.41014463474155605
sub-888374824441,72.5,54.05535636820745,53.043609619140625,53.54948299367403,53.59742534269525,-18.44464363179255,-19.456390380859375,-18.950517006325967,-18.902574657304747
sub-888390950359,35.02258726899384,33.434136612920156,23.854747772216797,28.644442192568476,29.09836843807854,-1.5884506560736824,-11.167839496777042,-6.378145076425362,-5.924218830915297
sub-889247652259,49.0,28.070997631562825,33.927677154541016,30.99933739305192,30.721814412073734,-20.929002368437175,-15.072322845458984,-18.00066260694808,-18.278185587926266
sub-889475973950,21.0,16.424929156849323,21.85844612121582,19.141687639032572,18.88421652093053,-4.575070843150677,0.8584461212158203,-1.8583123609674281,-2.1157834790694707
sub-890264397859,60.073921971252574,57.38798693559654,63.07867431640625,60.23333062600139,59.96367330233514,-2.685935035656037,3.004752345153676,0.15940865474881605,-0.11024866891743557
sub-890363771287,74.01232032854209,61.45148003362368,65.48416900634766,63.46782451998567,63.276732646053134,-12.560840294918409,-8.528151322194432,-10.54449580855642,-10.735587682488955
sub-890378597643,19.0,18.411232062128494,20.951196670532227,19.68121436633036,19.560856312430076,-0.5887679378715021,1.9511966705322263,0.6812143663303587,0.5608563124300758
sub-890440701443,9.575342466,15.209278735542856,17.602386474609375,16.405832605076114,16.29243346979101,5.633936269542856,8.027044008609375,6.8304901390761135,6.71709100379101
sub-890707760272,19.0,17.76821348074112,20.408578872680664,19.088396176710894,18.963280559308956,-1.231786519258879,1.408578872680664,0.08839617671089428,-0.03671944069104427
sub-890940320423,31.0,20.152614245051954,19.924732208251953,20.03867322665195,20.049471581234272,-10.847385754948046,-11.075267791748049,-10.961326773348048,-10.950528418765728
sub-891012875278,21.0,25.38514690129751,21.336963653564453,23.36105527743098,23.552881358753858,4.38514690129751,0.3369636535644531,2.3610552774309816,2.552881358753858
sub-891338570370,10.63013699,18.531049137613252,12.999048233032228,15.76504868532274,16.027186535923903,7.900912147613251,2.368911243032226,5.134911695322739,5.3970495459239025
sub-891609925981,13.0,21.889467791105595,17.88258171081543,19.886024750960512,20.075893936235083,8.889467791105595,4.88258171081543,6.886024750960512,7.075893936235083
sub-891619944015,19.0,20.39545042038348,20.183059692382812,20.289255056383148,20.299319344131113,1.3954504203834794,1.1830596923828125,1.2892550563831477,1.2993193441311135
sub-891643843487,21.0,10.2406691864274,18.459672927856445,14.350171057141923,13.960707640193277,-10.7593308135726,-2.5403270721435547,-6.649828942858077,-7.039292359806723
sub-891720291413,14.09,14.869606396165167,11.281455039978027,13.075530718071597,13.245557856600017,0.7796063961651676,-2.8085449600219725,-1.0144692819284025,-0.8444421433999825
sub-892536614491,21.0,23.706845753815777,22.16790199279785,22.937373873306814,23.010297832768796,2.7068457538157773,1.1679019927978516,1.9373738733068144,2.0102978327687957
sub-892593645708,6.0,22.01092255097036,16.673431396484375,19.34217697372737,19.59509783960811,16.01092255097036,10.673431396484377,13.34217697372737,13.595097839608108
sub-892946894485,18.0,19.76193556439254,17.83420181274414,18.798068688568343,18.889415741995244,1.761935564392541,-0.1657981872558593,0.7980686885683426,0.8894157419952435
sub-892980852230,21.0,26.13718299415824,21.71107482910156,23.9241289116299,24.133863237586972,5.137182994158238,0.7110748291015625,2.9241289116299,3.133863237586972
sub-893262325357,11.25,15.884459672779576,24.75482940673828,20.31964453975893,19.89931567571771,4.6344596727795775,13.50482940673828,9.06964453975893,8.649315675717709
sub-893805064891,28.0,23.01779572433492,18.35574531555176,20.68677051994334,20.907685139198136,-4.9822042756650795,-9.644254684448242,-7.313229480056659,-7.092314860801864
sub-893818760027,8.2656,9.590042516122091,19.491003036499023,14.540522776310556,14.07135862495452,1.3244425161220938,11.225403036499024,6.274922776310557,5.805758624954521
sub-894332605596,21.0,22.691966086436683,24.926435470581055,23.809200778508867,23.703318836026057,1.6919660864366826,3.9264354705810542,2.809200778508867,2.7033188360260567
sub-894511350563,46.0,40.94752596621673,34.72985076904297,37.83868836762985,38.13331738885318,-5.05247403378327,-11.270149230957031,-8.16131163237015,-7.866682611146821
sub-894512709599,12.36,20.731611580025938,17.895631790161133,19.313621685093537,19.448006631749614,8.371611580025935,5.535631790161133,6.9536216850935375,7.088006631749614
sub-894680676162,55.59753593429159,58.63545175487901,61.469757080078125,60.05260441747856,59.9182988165377,3.037915820587415,5.872221145786533,4.45506848318697,4.3207628822461075
sub-895133658171,21.0,17.93164297379645,23.798131942749023,20.864887458272737,20.586899649625924,-3.06835702620355,2.798131942749023,-0.1351125417272634,-0.41310035037407644
sub-895397981435,18.5517,25.291471404915704,21.97935485839844,23.635413131657074,23.792360161749855,6.739771404915704,3.427654858398437,5.083713131657074,5.2406601617498545
sub-895750786932,28.0,31.668381676667025,26.902767181396484,29.285574429031755,29.511396507178826,3.6683816766670247,-1.0972328186035156,1.2855744290317546,1.5113965071788265
sub-896035160007,53.74948665297741,54.019756188494235,35.84571075439453,44.93273347144438,45.79392371508256,0.2702695355168245,-17.90377589858288,-8.81675318153303,-7.955562937894847
sub-896261416622,23.0,20.537886414663134,21.54610061645508,21.041993515559106,20.99421855883695,-2.4621135853368656,-1.453899383544922,-1.9580064844408938,-2.0057814411630517
sub-896362723142,21.0,32.70402228769729,23.91314125061035,28.30858176915382,28.725144003994423,11.704022287697292,2.9131412506103516,7.308581769153822,7.725144003994423
sub-898016119281,19.0,15.955630205881526,21.79118537902832,18.873407792454923,18.596885804020964,-3.0443697941184737,2.7911853790283203,-0.12659220754507672,-0.4031141959790361
sub-898717996826,11.83,6.129100886641211,16.5002498626709,11.314675374656055,10.823231004394012,-5.700899113358789,4.670249862670898,-0.5153246253439452,-1.006768995605988
sub-899087531809,10.43561644,17.414286633763766,10.472137451171877,13.94321204246782,14.272170785726574,6.978670193763765,0.0365210111718745,3.50759560246782,3.836554345726574
sub-899095634562,21.0,16.284977189430844,17.586383819580078,16.935680504505463,16.874012413218107,-4.715022810569156,-3.413616180419922,-4.064319495494537,-4.125987586781893
sub-899919102280,31.80835044490076,39.26036128102241,26.318281173706055,32.78932122736423,33.40259102253556,7.4520108361216515,-5.490069271194706,0.9809707824634728,1.5942405776347996
sub-900004567178,54.0,36.975597256090865,40.43194961547851,38.70377343578468,38.5399916877268,-17.024402743909135,-13.568050384521484,-15.296226564215317,-15.460008312273203
sub-900102424486,21.0,11.209850510244037,17.939271926879883,14.57456121856196,14.255682733837642,-9.790149489755963,-3.060728073120117,-6.425438781438039,-6.7443172661623585
sub-900153837660,12.6,-1.2899290756836876,15.70823574066162,7.209153332488966,6.403683039555501,-13.889929075683687,3.1082357406616214,-5.390846667511034,-6.1963169604444985
sub-900348386642,33.0,28.314273288462708,21.98162841796875,25.14795085321573,25.448027795285117,-4.685726711537292,-11.01837158203125,-7.852049146784271,-7.5519722047148825
sub-900503064848,23.0,10.379922731638054,23.05312156677246,16.716522149205257,16.115993486939086,-12.620077268361946,0.0531215667724609,-6.283477850794743,-6.884006513060914
sub-900669455649,23.0,15.30763992664145,21.29732894897461,18.30248443780803,18.018658705823135,-7.69236007335855,-1.7026710510253906,-4.69751556219197,-4.981341294176865
sub-901004563315,23.0,34.71547627259471,25.44230079650879,30.078888534551748,30.5183046390458,11.715476272594708,2.442300796508789,7.078888534551748,7.518304639045802
sub-901032588667,70.10540725530457,57.82961815419592,65.57283782958984,61.70122799189288,61.3343099458818,-12.27578910110865,-4.532569425714726,-8.404179263411692,-8.771097309422771
sub-901046779045,26.0,20.013402990997506,29.074796676635746,24.544099833816624,24.11471916212564,-5.9865970090024945,3.074796676635742,-1.4559001661833761,-1.8852808378743617
sub-901077160766,66.01505817932923,50.82710920992597,40.02077865600586,45.42394393296591,45.936009695996525,-15.18794896940326,-25.99427952332337,-20.59111424636332,-20.079048483332706
sub-901120068549,21.0,21.7275070546166,23.32479476928711,22.526150911951852,22.450462282188862,0.727507054616602,2.32479476928711,1.5261509119518522,1.4504622821888624
sub-901679307794,22.5,26.14136822766237,21.579261779785156,23.860315003723763,24.07649370634652,3.641368227662369,-0.9207382202148438,1.3603150037237626,1.5764937063465183
sub-901853622053,24.0,31.976128794587623,29.51227569580078,30.744202245194202,30.86095370034638,7.976128794587623,5.512275695800781,6.744202245194202,6.8609537003463785
sub-902497495837,19.0,33.125497356227335,29.765850067138672,31.445673711683003,31.604873020275022,14.125497356227337,10.765850067138672,12.445673711683003,12.604873020275022
sub-902598751321,21.0,28.93139275820387,35.885677337646484,32.40853504792518,32.07900126013887,7.93139275820387,14.885677337646484,11.408535047925177,11.079001260138867
sub-902688287778,10.0,12.897882696997256,14.81960678100586,13.858744739001558,13.767682458007831,2.8978826969972573,4.819606781005859,3.8587447390015583,3.7676824580078314
sub-903069823853,19.0,28.47062122073389,25.77695083618164,27.123786028457765,27.25142754135951,9.470621220733886,6.776950836181641,8.123786028457765,8.251427541359512
sub-903102643483,19.0,15.000306738356478,21.591291427612305,18.29579908298439,17.98348052237896,-3.9996932616435217,2.5912914276123047,-0.7042009170156085,-1.0165194776210384
sub-903137810093,18.0,14.141125376748448,21.2109375,17.676031438374224,17.341023294646604,-3.858874623251552,3.2109375,-0.3239685616257759,-0.6589767053533961
sub-903309024146,60.97467488021904,55.34040964045446,41.86720275878906,48.60380619962176,49.24224381985785,-5.634265239764581,-19.10747212142998,-12.370868680597283,-11.732431060361193
sub-904150571086,21.0,23.66435759213617,32.385108947753906,28.024733269945038,27.611494180613768,2.66435759213617,11.385108947753906,7.024733269945038,6.611494180613768
sub-904230068278,9.0,14.135785450465493,18.69747734069824,16.416631395581867,16.200472337071925,5.135785450465491,9.697477340698242,7.416631395581867,7.2004723370719255
sub-904298927510,29.0,21.68392121107165,18.516386032104492,20.10015362158807,20.250249559358153,-7.316078788928351,-10.483613967895508,-8.89984637841193,-8.749750440641847
sub-904786156336,19.0,15.147138054615516,27.586376190185547,21.366757122400532,20.777314856533565,-3.8528619453844826,8.586376190185547,2.366757122400532,1.7773148565335646
sub-904963069377,19.0,20.994646000424584,23.6990966796875,22.34687134005604,22.21871899511847,1.9946460004245845,4.6990966796875,3.3468713400560404,3.2187189951184685
sub-905468027051,19.0,19.3835313336467,23.53453254699707,21.459031940321886,21.262333755582002,0.383531333646701,4.53453254699707,2.4590319403218857,2.2623337555820022
sub-905521354661,16.66,32.91583322961128,40.975799560546875,36.94581639507908,36.56388908046863,16.25583322961128,24.315799560546875,20.285816395079078,19.903889080468627
sub-905655778274,19.0,25.558444542429736,17.359237670898438,21.45884110666409,21.847366434662074,6.558444542429736,-1.6407623291015625,2.4588411066640887,2.8473664346620744
sub-905823095507,19.7,23.910389403750003,21.640668869018555,22.77552913638428,22.883081480048418,4.210389403750003,1.9406688690185552,3.0755291363842794,3.1830814800484184
sub-906109401964,12.35342466,9.698954746791614,11.61523151397705,10.657093130384332,10.566288974424966,-2.654469913208386,-0.7381931460229492,-1.6963315296156676,-1.7871356855750342
sub-906156735518,25.661875427789184,30.81810722616564,21.588687896728516,26.203397561447076,26.640740249390603,5.1562317983764565,-4.073187531060668,0.5415221336578924,0.9788648216014195
sub-906563060004,25.0,22.519387086891683,20.172496795654297,21.34594194127299,21.457151029476908,-2.4806129131083168,-4.827503204345703,-3.65405805872701,-3.5428489705230923
sub-906893775405,23.0,25.922704282796627,22.865602493286133,24.39415338804138,24.53901636004625,2.9227042827966265,-0.1343975067138672,1.3941533880413814,1.5390163600462508
sub-907154865800,21.0,29.176206914417712,29.669384002685547,29.42279545855163,29.399425906717823,8.176206914417712,8.669384002685547,8.42279545855163,8.399425906717823
sub-907173410181,19.0,16.544708785240804,21.607147216796875,19.075928001018838,18.836040706685626,-2.455291214759196,2.607147216796875,0.07592800101883768,-0.16395929331437387
sub-907846695925,32.0,28.88378752752719,32.91312789916992,30.898457713348556,30.707524515292093,-3.11621247247281,0.913127899169922,-1.1015422866514442,-1.2924754847079072
sub-907977518564,27.0,21.429683427943367,24.858062744140625,23.143873086041996,22.981416860800017,-5.570316572056633,-2.141937255859375,-3.856126913958004,-4.018583139199983
sub-908407882813,19.0,13.035248900025238,16.282323837280273,14.658786368652756,14.504921382100044,-5.964751099974762,-2.7176761627197266,-4.3412136313472445,-4.495078617899956
sub-908535648673,52.533880903490754,38.33320093964563,57.06727600097656,47.70023847031109,46.81251081908974,-14.200679963845126,4.533395097485808,-4.833642433179662,-5.721370084401016
sub-908737113272,19.0,20.527148561319,20.432607650756836,20.479878106037916,20.48435799523463,1.5271485613190023,1.432607650756836,1.4798781060379156,1.4843579952346317
sub-909164871422,23.0,24.26334516265207,25.22531509399414,24.744330128323107,24.698746489691352,1.2633451626520689,2.2253150939941406,1.7443301283231065,1.6987464896913522
sub-910257374237,52.5,42.30374125103866,35.4159049987793,38.85982312490898,39.186208210812495,-10.19625874896134,-17.084095001220703,-13.640176875091022,-13.313791789187505
sub-910309160908,27.5,37.481144440515976,28.12616539001465,32.80365491526531,33.24694734110107,9.981144440515976,0.6261653900146484,5.303654915265312,5.74694734110107
sub-910315280332,21.0,23.80715038791096,31.81875228881836,27.81295133836466,27.433315807134548,2.8071503879109585,10.81875228881836,6.812951338364659,6.433315807134548
sub-911498902603,21.0,18.129688533810633,22.10977554321289,20.119732038511764,19.9311327465293,-2.870311466189367,1.1097755432128906,-0.8802679614882365,-1.0688672534706996
sub-911595640218,21.0,24.43048697856476,23.51795196533203,23.974219471948395,24.017460601350425,3.4304869785647583,2.5179519653320312,2.9742194719483948,3.0174606013504253
sub-911803480648,19.0,20.991519328243093,21.939355850219727,21.46543758923141,21.42052367239049,1.9915193282430936,2.9393558502197266,2.46543758923141,2.420523672390491
sub-912008466536,17.2,15.74842090940275,15.166584968566896,15.457502938984824,15.485073654457215,-1.4515790905972494,-2.0334150314331048,-1.7424970610151753,-1.714926345542784
sub-912062086904,58.658453114305274,51.79433619991396,39.12335205078125,45.4588441253476,46.059267843121134,-6.864116914391317,-19.535101063524024,-13.19960898895767,-12.59918527118414
sub-912195063185,11.45,20.517567978074833,14.223583221435549,17.370575599755192,17.66882060446147,9.067567978074834,2.7735832214355476,5.9205755997551925,6.21882060446147
sub-912438054748,21.0,20.985252228798103,22.38579559326172,21.68552391102991,21.61915815412445,-0.0147477712018968,1.3857955932617188,0.685523911029911,0.6191581541244489
sub-912891258738,25.0,25.124009652913273,31.71767234802246,28.420841000467867,28.108395540624635,0.1240096529132728,6.717672348022461,3.420841000467867,3.1083955406246346
sub-913496053208,12.15,8.557837041547465,20.65539169311523,14.606614367331348,14.033363019656043,-3.592162958452535,8.505391693115234,2.4566143673313476,1.8833630196560431
sub-913530350055,23.0,16.639432102766534,19.600296020507812,18.119864061637173,17.979561390559063,-6.360567897233466,-3.3997039794921875,-4.880135938362827,-5.020438609440937
sub-913628264858,73.53867214236823,59.89299656514445,67.9599609375,63.92647875132222,63.544219829474564,-13.645675577223775,-5.5787112048682275,-9.612193391046006,-9.994452312893664
sub-914048964145,25.0,33.688039834800556,24.746387481689453,29.217213658245004,29.64092030057877,8.688039834800556,-0.2536125183105469,4.217213658245004,4.64092030057877
sub-914173373482,23.0,24.633871495406513,22.656625747680664,23.645248621543587,23.738941836595295,1.6338714954065132,-0.3433742523193359,0.6452486215435869,0.7389418365952949
sub-914185919173,21.0,18.26763049920223,19.48674201965332,18.877186259427774,18.81941778123582,-2.732369500797766,-1.5132579803466797,-2.1228137405722265,-2.1805822187641795
sub-914210574111,22.5,23.155440871926864,41.126461029052734,32.140950950489795,31.2893812059516,0.6554408719268636,18.626461029052734,9.640950950489795,8.7893812059516
sub-914484668303,27.5,43.019544447265886,32.861000061035156,37.94027225415052,38.421642202669126,15.519544447265886,5.361000061035156,10.440272254150521,10.921642202669126
sub-914841201324,25.0,31.121796782933245,32.637733459472656,31.87976512120295,31.80793136902362,6.121796782933245,7.637733459472656,6.879765121202951,6.8079313690236205
sub-915025691063,68.4845995893224,54.43356952965546,56.9221076965332,55.67783861309433,55.55991743819646,-14.051030059666942,-11.562491892789197,-12.80676097622807,-12.924682151125943
sub-915468023299,11.2,12.93781438130362,18.93559455871582,15.936704470009719,15.652495332808906,1.7378143813036218,7.735594558715821,4.73670447000972,4.4524953328089065
sub-915647446189,19.0,33.41491397024808,28.95539665222168,31.18515531123488,31.396472753988377,14.41491397024808,9.95539665222168,12.18515531123488,12.396472753988377
sub-915876060239,23.0,27.190623988984537,22.27091407775879,24.730769033371665,24.963893033883306,4.190623988984534,-0.7290859222412109,1.730769033371665,1.9638930338833056
sub-916402602255,23.0,20.898305650614144,17.362567901611328,19.130436776112738,19.29798025808243,-2.1016943493858555,-5.637432098388672,-3.869563223887262,-3.702019741917571
sub-916525803970,29.0,24.70990883765763,29.648344039916992,27.17912643878731,26.945115126861932,-4.290091162342371,0.6483440399169922,-1.8208735612126894,-2.054884873138068
sub-916542852934,27.5,28.752506881877537,24.41031265258789,26.581409767232714,26.787167770854182,1.252506881877537,-3.08968734741211,-0.9185902327672864,-0.7128322291458176
sub-917008309577,33.0,27.353461711837213,21.688451766967773,24.520956739402493,24.789397319257162,-5.6465382881627875,-11.311548233032228,-8.479043260597507,-8.210602680742838
sub-917433394750,21.0,28.9163206227308,27.84374237060547,28.380031496668135,28.43085639031211,7.916320622730801,6.843742370605469,7.380031496668135,7.430856390312108
sub-917435174544,22.0,30.303243681325064,18.31077766418457,24.307010672754817,24.875282319734744,8.303243681325064,-3.6892223358154297,2.307010672754817,2.875282319734744
sub-917600588024,69.0,45.353461981225806,51.04709243774414,48.20027720948497,47.93048042605475,-23.64653801877419,-17.95290756225586,-20.799722790515027,-21.06951957394525
sub-917758363758,14.0,9.4995234739046,17.55299186706543,13.526257670485016,13.144638265340056,-4.500476526095401,3.5529918670654297,-0.47374232951498385,-0.8553617346599438
sub-917842166945,30.0,26.28550262693387,19.849468231201172,23.06748542906752,23.372461558318587,-3.7144973730661306,-10.150531768798828,-6.932514570932479,-6.627538441681413
sub-917938246101,43.0,49.605204957743794,51.71402740478515,50.65961618126447,50.55968810946876,6.605204957743794,8.714027404785156,7.659616181264468,7.559688109468759
sub-918148858049,12.16438356,2.963617774494171,10.839219093322754,6.9014184339084625,6.528227388296049,-9.200765785505828,-1.3251644666772453,-5.262965126091537,-5.63615617170395
sub-918704529377,65.3305954825462,46.77294125438799,47.460487365722656,47.11671431005532,47.08413444195277,-18.557654228158217,-17.870108116823545,-18.21388117249088,-18.24646104059343
sub-918881052509,8.67,20.747417842241234,19.618906021118164,20.1831619316797,20.23663727781029,12.077417842241234,10.948906021118164,11.513161931679699,11.566637277810289
sub-918944432928,27.5,22.26695148236284,27.36324691772461,24.815099200043726,24.573607567179387,-5.233048517637162,-0.1367530822753906,-2.6849007999562744,-2.926392432820613
sub-919028468459,13.25,23.793752085848276,15.796895027160645,19.79532355650446,20.17426039275718,10.543752085848276,2.5468950271606445,6.54532355650446,6.92426039275718
sub-919231839233,21.0,24.190997741903573,24.95811653137207,24.57455713663782,24.53820665982201,3.1909977419035727,3.9581165313720703,3.5745571366378215,3.538206659822009
sub-919267100021,73.01574264202601,55.7423060366335,41.453125,48.59771551831675,49.27481866208019,-17.27343660539251,-31.562617642026012,-24.418027123709265,-23.74092397994582
sub-920272941764,29.0,34.53324712880725,58.0704231262207,46.301835127513975,45.1865090761256,5.533247128807247,29.070423126220703,17.301835127513975,16.186509076125603
sub-920482922866,19.0,21.131435448707418,22.687387466430664,21.909411457569043,21.835681549602693,2.1314354487074176,3.687387466430664,2.9094114575690426,2.8356815496026933
sub-920531713757,21.0,13.90121312505537,21.08136749267578,17.491290308865576,17.151053518348437,-7.098786874944629,0.0813674926757812,-3.508709691134424,-3.848946481651563
sub-920810018627,22.5,32.50327967673966,28.83891868591309,30.671099181326376,30.84473756832783,10.00327967673966,6.338918685913086,8.171099181326376,8.34473756832783
sub-920988541453,27.5,27.60830874790828,24.641393661499023,26.124851204703653,26.265440614771073,0.1083087479082784,-2.858606338500977,-1.3751487952963473,-1.234559385228927
sub-921444161224,21.0,19.645359959511527,31.697723388671875,25.6715416740917,25.10043174506622,-1.3546400404884729,10.697723388671877,4.671541674091699,4.100431745066221
sub-921858841687,21.0,26.372146544069153,19.722082138061523,23.04711434106534,23.36223243663661,5.372146544069153,-1.2779178619384766,2.0471143410653383,2.36223243663661
sub-922289872992,19.0,16.941563750345594,16.018896102905273,16.480229926625434,16.52395119820349,-2.058436249654406,-2.9811038970947266,-2.5197700733745663,-2.4760488017965088
sub-922622292927,21.0,30.572032651564857,29.361173629760746,29.9666031406628,30.023980568257564,9.572032651564855,8.361173629760742,8.966603140662802,9.023980568257564
sub-922751720998,18.0,14.884438712394097,20.94142723083496,17.91293297161453,17.625918204493793,-3.115561287605903,2.941427230834961,-0.08706702838546931,-0.374081795506207
sub-922949023576,16.0,19.088802759016612,17.948476791381836,18.518639775199226,18.572674943178487,3.0888027590166125,1.948476791381836,2.518639775199226,2.5726749431784874
sub-923062764742,27.5,32.293654772164984,35.70485305786133,33.999253915013156,33.837611825286395,4.7936547721649845,8.204853057861328,6.499253915013156,6.337611825286395
sub-923406567679,13.0,16.600625602516516,15.598321914672852,16.099473758594684,16.146968641352817,3.600625602516516,2.5983219146728516,3.0994737585946837,3.1469686413528173
sub-923642697698,19.0,29.711076595957312,23.276695251464844,26.493885923711076,26.798783721937525,10.711076595957312,4.276695251464844,7.493885923711076,7.798783721937525
sub-924333698510,11.178,10.463637705056168,21.931116104125977,16.197376904591074,15.653982174330249,-0.7143622949438324,10.753116104125976,5.019376904591073,4.475982174330248
sub-924511741709,64.0,50.086160975786726,48.70556640625,49.39586369101836,49.461284159896145,-13.913839024213274,-15.29443359375,-14.604136308981637,-14.538715840103855
sub-924651987648,11.76438356,12.763543425054312,14.067946434020996,13.415744929537654,13.3539348526801,0.9991598650543114,2.3035628740209955,1.6513613695376534,1.589551292680099
sub-924687982745,29.57426420260096,43.57302046300866,32.744232177734375,38.15862632037152,38.67175625919098,13.9987562604077,3.1699679751334138,8.584362117770556,9.097492056590017
sub-924828864147,12.5,5.931288678543417,17.759279251098633,11.845283964821025,11.284806105344739,-6.568711321456583,5.259279251098633,-0.6547160351789749,-1.2151938946552612
sub-924907998371,67.33196440793976,44.98206637728752,58.88263702392578,51.93235170060665,51.27366314030257,-22.34989803065224,-8.449327384013984,-15.399612707333112,-16.058301267637198
sub-924996943078,18.0,31.56313634296877,23.02882194519043,27.295979144079602,27.700383783770747,13.563136342968772,5.02882194519043,9.295979144079602,9.700383783770747
sub-925037100804,21.0,33.25699724730061,27.83207321166992,30.544535229485263,30.801599165464957,12.25699724730061,6.832073211669922,9.544535229485263,9.801599165464957
sub-925264389205,70.0,42.787960999617425,54.846378326416016,48.81716966301672,48.245772865687705,-27.212039000382575,-15.153621673583984,-21.18283033698328,-21.754227134312295
sub-925503805331,25.0,15.431959549819457,16.530929565429688,15.981444557624572,15.92936907124339,-9.568040450180543,-8.469070434570312,-9.018555442375428,-9.07063092875661
sub-926186325110,21.0,36.46559778938611,30.112628936767575,33.289113363076844,33.59015337168972,15.465597789386116,9.112628936767578,12.289113363076844,12.590153371689723
sub-926492892497,67.4551676933607,49.40662290778198,39.45702362060547,44.431823264193724,44.90329219857577,-18.048544785578727,-27.99814407275524,-23.023344429166983,-22.551875494784937
sub-926570528626,21.0,18.262998712930298,18.184032440185547,18.223515576557922,18.227257450314696,-2.737001287069706,-2.815967559814453,-2.776484423442078,-2.7727425496853044
sub-926583949527,21.0,27.425546335866084,23.172992706298828,25.299269521082458,25.50077984026874,6.425546335866084,2.172992706298828,4.299269521082458,4.500779840268741
sub-926868125478,16.0,21.813680421646367,18.134429931640625,19.974055176643496,20.148399113296634,5.813680421646367,2.134429931640625,3.974055176643496,4.148399113296634
sub-927248566385,19.0,-3.057237375310752,15.667694091796877,6.305228358243062,5.417933982825127,-22.057237375310752,-3.332305908203125,-12.694771641756937,-13.582066017174874
sub-927624489801,7.0,8.745175334654657,16.124107360839844,12.43464134774725,12.084985334590332,1.7451753346546577,9.124107360839844,5.434641347747251,5.084985334590332
sub-928156652019,8.2,11.662147530853517,16.50218391418457,14.082165722519044,13.852817109559277,3.4621475308535175,8.302183914184571,5.882165722519044,5.652817109559278
sub-928379379406,19.0,24.903458232161015,19.083009719848633,21.993233976004824,22.269040124425523,5.9034582321610145,0.0830097198486328,2.9932339760048237,3.2690401244255227
sub-928386832910,8.969863014,9.119501717881782,10.967429161071776,10.04346543947678,9.95590006550448,0.1496387038817825,1.9975661470717776,1.0736024254767802,0.9860370515044803
sub-928674316476,21.0,17.415053914448762,22.89198112487793,20.153517519663346,19.89398937575939,-3.5849460855512376,1.8919811248779297,-0.846482480336654,-1.1060106242406107
sub-929232257334,29.77138945927447,34.344741188123066,29.144922256469727,31.744831722296396,31.99122889065732,4.573351728848596,-0.6264672028047436,1.9734422630219264,2.2198394313828516
sub-929322786948,37.94934976043805,48.36700947409823,37.74361801147461,43.055313742786424,43.558710805104475,10.417659713660186,-0.2057317489634371,5.105963982348378,5.609361044666429
sub-929374751111,22.0,25.65532850540005,17.06013298034668,21.357730742873365,21.76502027866654,3.655328505400046,-4.93986701965332,-0.6422692571266353,-0.23497972133345968
sub-929447174283,27.5,33.015816888893525,28.497404098510746,30.756610493702134,30.970718740867987,5.515816888893525,0.9974040985107422,3.2566104937021336,3.470718740867987
sub-929587773359,23.0,35.29456715797548,35.805747985839844,35.55015757190766,35.52593489989509,12.29456715797548,12.805747985839844,12.550157571907661,12.525934899895091
sub-929666036859,19.0,24.805356307484782,22.568456649780273,23.68690647863253,23.792903581379846,5.805356307484782,3.5684566497802734,4.68690647863253,4.792903581379846
sub-930307385185,19.0,23.64954986088585,23.88569068908691,23.767620274986378,23.75643057162018,4.649549860885848,4.885690689086914,4.767620274986378,4.756430571620179
sub-930665355870,58.76796714579056,50.728650590438974,47.126197814941406,48.92742420269019,49.0981290242818,-8.039316555351583,-11.64176933084915,-9.840542943100367,-9.669838121508754
sub-930818807780,21.0,24.67338758958281,29.79433822631836,27.233862907950584,26.991202970596476,3.673387589582809,8.79433822631836,6.233862907950584,5.9912029705964756
sub-930887135237,12.0,13.4890030820456,15.765563011169434,14.627283046607516,14.519406613309924,1.489003082045599,3.7655630111694336,2.6272830466075163,2.5194066133099238
sub-931316549796,11.82191781,9.446174632705471,20.690946578979492,15.068560605842482,14.535718981385124,-2.375743177294529,8.869028768979492,3.2466427958424813,2.713801171385123
sub-931419407006,22.5,40.10681545524513,24.20166778564453,32.154241620444836,32.90791850797943,17.606815455245133,1.7016677856445312,9.654241620444836,10.407918507979431
sub-931522580771,21.0,18.949161380813152,18.73456764221191,18.841864511512533,18.852033190505843,-2.050838619186848,-2.265432357788086,-2.158135488487467,-2.1479668094941573
sub-931524427617,27.5,32.14433549134663,25.771472930908203,28.957904211127417,29.25988689742571,4.644335491346631,-1.7285270690917969,1.457904211127417,1.7598868974257087
sub-931789686026,21.0,18.625755809765053,14.644902229309082,16.635329019537068,16.82396463604149,-2.374244190234947,-6.355097770690918,-4.3646709804629324,-4.176035363958508
sub-932328801110,27.0,19.628985834306697,22.1014347076416,20.86521027097415,20.748051498848756,-7.371014165693303,-4.898565292358398,-6.134789729025851,-6.251948501151244
sub-932928363014,12.0,7.109637915740606,18.51357078552246,12.811604350631534,12.271220771082756,-4.890362084259394,6.513570785522461,0.8116043506315336,0.27122077108275633
sub-932962485355,20.0,24.921370702201635,20.940452575683594,22.930911638942614,23.11955031400872,4.921370702201635,0.9404525756835938,2.9309116389426144,3.1195503140087197
sub-933451667612,31.0,27.980171464049576,25.788543701171875,26.884357582610726,26.988209443987472,-3.019828535950424,-5.211456298828125,-4.1156424173892745,-4.011790556012528
sub-933669624404,24.8952772073922,38.578482575894014,27.33864402770996,32.95856330180199,33.49117115363462,13.683205368501811,2.4433668203177596,8.063286094409786,8.595893946242416
sub-933794001889,21.0,18.883966894291955,23.234315872192383,21.05914138324217,20.852996960979432,-2.116033105708045,2.234315872192383,0.059141383242170775,-0.14700303902056788
sub-934122562621,23.0,28.749347256324977,31.625080108642575,30.187213682483776,30.050945008307416,5.749347256324974,8.625080108642578,7.187213682483776,7.050945008307416
sub-934881118276,21.0,26.130872537998332,19.45343589782715,22.79215421791274,23.108569366531103,5.130872537998332,-1.5465641021728516,1.7921542179127385,2.1085693665311034
sub-934982332122,21.0,29.08675197166449,21.08155632019043,25.08415414592746,25.46348611241023,8.08675197166449,0.0815563201904296,4.08415414592746,4.46348611241023
sub-935002971646,9.619178082,17.712265692627913,13.842975616455078,15.777620654541495,15.960969753975018,8.093087610627913,4.223797534455079,6.158442572541496,6.3417916719750185
sub-935090080624,30.705,23.094376726902237,18.561485290527344,20.827931008714792,21.042725336957897,-7.610623273097762,-12.143514709472656,-9.877068991285206,-9.662274663042101
sub-935183687348,19.0,20.772563268829092,24.34133529663086,22.556949282729974,22.387840447646667,1.7725632688290922,5.341335296630859,3.556949282729974,3.387840447646667
sub-935317604703,21.0,20.51043203990001,24.402021408081055,22.456226723990532,22.271820956530778,-0.4895679600999898,3.4020214080810547,1.4562267239905324,1.271820956530778
sub-936672607215,19.0,30.12230198914506,24.036861419677734,27.079581704411396,27.367944692479654,11.12230198914506,5.036861419677734,8.079581704411396,8.367944692479654
sub-936703241140,66.52703627652294,55.978417454923466,40.65892791748047,48.318672686201964,49.04459774097317,-10.548618821599469,-25.868108359042463,-18.20836359032097,-17.48243853554977
sub-936900293798,21.0,18.73062485364572,18.902366638183594,18.816495745914658,18.808357637654428,-2.269375146354278,-2.0976333618164062,-2.183504254085342,-2.191642362345572
sub-937301500163,21.0,15.777201290789606,18.516263961791992,17.1467326262908,17.01694016717463,-5.2227987092103945,-2.483736038208008,-3.853267373709201,-3.9830598328253686
sub-937364217957,10.82465753,8.325232877859058,17.414793014526367,12.870012946192713,12.439297586915952,-2.4994246521409416,6.5901354845263675,2.045355416192713,1.6146400569159525
sub-937536731279,22.0,15.95154238550965,17.962326049804688,16.95693421765717,16.861651784253056,-6.048457614490349,-4.0376739501953125,-5.043065782342829,-5.1383482157469444
sub-937872457728,21.0,35.093568400752794,48.37591552734375,41.73474196404827,41.10534837088746,14.093568400752794,27.37591552734375,20.73474196404827,20.105348370887462
sub-938380050399,23.0,38.29065740369179,27.222726821899418,32.756692112795605,33.28115398172107,15.290657403691796,4.222726821899414,9.756692112795605,10.281153981721069
sub-938749379533,19.0,17.896458761622362,22.509641647338867,20.203050204480615,19.984451208032443,-1.1035412383776375,3.509641647338867,1.2030502044806148,0.9844512080324428
sub-938896811577,10.26849315,15.586668111373143,14.336318016052246,14.961493063712695,15.020741804293152,5.318174961373144,4.067824866052247,4.692999913712695,4.752248654293153
sub-938981109987,23.0,21.846172677334728,22.515539169311523,22.180855923323126,22.149137509588606,-1.153827322665272,-0.4844608306884765,-0.8191440766768743,-0.8508624904113944
sub-939037999646,23.0,16.130025100112,22.593862533569336,19.361943816840668,19.055650220605223,-6.869974899888,-0.406137466430664,-3.638056183159332,-3.944349779394777
sub-939381022830,19.0,15.904570244603867,22.17940139770508,19.041985821154476,18.744648423758704,-3.0954297553961325,3.179401397705078,0.041985821154476355,-0.2553515762412957
sub-939635291034,21.0,32.537914341382375,27.748952865600582,30.14343360349148,30.370361995139724,11.537914341382375,6.748952865600586,9.14343360349148,9.370361995139724
sub-939702092734,19.0,18.877141687660455,19.09259605407715,18.9848688708688,18.97465941040607,-0.1228583123395452,0.0925960540771484,-0.015131129131198406,-0.02534058959393093
sub-939910199671,34.0,28.036868022222368,22.625797271728516,25.33133264697544,25.587740135052798,-5.963131977777632,-11.374202728271484,-8.66866735302456,-8.412259864947202
sub-940212166039,21.0,23.678026909247805,37.62714767456055,30.652587291904176,29.991598149229393,2.678026909247805,16.627147674560547,9.652587291904176,8.991598149229393
sub-940263536733,24.26,29.48505578794661,33.75448989868164,31.619772843314124,31.417462630359427,5.225055787946609,9.49448989868164,7.359772843314122,7.157462630359426
sub-940869963183,19.0,21.587227886545268,28.071823120117188,24.829525503331226,24.522248283774115,2.587227886545268,9.071823120117188,5.829525503331226,5.522248283774115
sub-940873808553,24.14236824093087,38.189388615332504,26.210466384887695,32.1999275001101,32.767557364994424,14.047020374401631,2.068098143956824,8.057559259179229,8.625189124063553
sub-940884975885,19.0,21.943983412305418,17.142362594604492,19.543173003454953,19.770701267145512,2.9439834123054176,-1.857637405395508,0.5431730034549531,0.7707012671455118
sub-942090196392,21.0,30.02483858309082,30.314836502075195,30.169837542583007,30.15609578214721,9.02483858309082,9.314836502075195,9.169837542583007,9.156095782147212
sub-942097864031,22.647501711156742,27.86312867333695,23.72674560546875,25.794937139402847,25.990942632781582,5.215626962180206,1.0792438943120075,3.147435428246105,3.3434409216248397
sub-942337019356,23.0,20.179124931100795,17.903932571411133,19.041528751255964,19.14934038129011,-2.8208750688992055,-5.096067428588867,-3.9584712487440363,-3.8506596187098907
sub-942553576158,27.0,30.442191467830053,37.29594802856445,33.869069748197255,33.544299553042954,3.442191467830053,10.295948028564451,6.869069748197255,6.544299553042954
sub-943000203930,22.0,25.8062119832033,34.52944564819336,30.16782881569833,29.754472100348085,3.806211983203301,12.52944564819336,8.167828815698329,7.754472100348085
sub-943181440809,16.6,21.370595333145573,24.160911560058594,22.765753446602083,22.63353230079301,4.770595333145572,7.560911560058592,6.165753446602082,6.033532300793009
sub-943359697274,9.471232877,16.866189170477433,16.47418212890625,16.67018564969184,16.688761185934595,7.394956293477433,7.00294925190625,7.198952772691841,7.217528308934595
sub-943639486886,72.30663928815879,44.668759018980474,32.91271209716797,38.79073555807422,39.34780431579955,-27.63788026917832,-39.39392719099082,-33.515903730084574,-32.95883497235924
sub-944068231803,18.0,14.591004475833229,21.989913940429688,18.29045920813146,17.939856549654703,-3.408995524166773,3.989913940429687,0.290459208131459,-0.06014345034529711
sub-944780637236,22.5,41.47460231107901,25.21837043762207,33.34648637435054,34.11679963996359,18.97460231107901,2.7183704376220703,10.84648637435054,11.616799639963588
sub-944831654822,25.0,27.783473082882985,26.862499237060547,27.322986159971766,27.366627169539182,2.783473082882985,1.8624992370605469,2.322986159971766,2.366627169539182
sub-945354197992,13.0,17.89633727197097,18.92445945739746,18.410398364684216,18.36168005380688,4.896337271970971,5.924459457397461,5.410398364684216,5.361680053806879
sub-945685896914,18.3,30.048541709434616,20.08490943908691,25.066725574260765,25.538859471666036,11.748541709434615,1.7849094390869134,6.766725574260764,7.238859471666036
sub-946000351967,19.0,18.451549595128505,22.414031982421875,20.43279078877519,20.245025704501632,-0.5484504048714953,3.414031982421875,1.4327907887751898,1.2450257045016322
sub-946082716347,15.0,13.998068442342388,23.29599952697754,18.647033984659963,18.206444817809746,-1.001931557657613,8.295999526977539,3.647033984659963,3.2064448178097464
sub-947029891941,25.0,22.84812287756424,21.115528106689453,21.981825492126845,22.06392574428404,-2.15187712243576,-3.884471893310547,-3.018174507873155,-2.9360742557159583
sub-947048943658,22.5,35.98773032983989,22.653749465942383,29.320739897891137,29.952580192914347,13.487730329839891,0.1537494659423828,6.820739897891137,7.452580192914347
sub-947217988145,10.6927,15.66532053014203,11.605083465576172,13.6352019978591,13.82759925798158,4.972620530142029,0.9123834655761716,2.9425019978591003,3.13489925798158
sub-947434480702,19.0,25.743815603322425,16.412885665893555,21.07835063460799,21.52050347588503,6.743815603322425,-2.5871143341064453,2.0783506346079896,2.520503475885029
sub-947530831842,25.0,23.651669351005225,27.62788200378418,25.639775677394702,25.451359974593665,-1.348330648994775,2.6278820037841797,0.6397756773947023,0.4513599745936645
sub-947688278769,9.117808219,9.44459045791062,12.09198760986328,10.76828903388695,10.642840211467952,0.3267822389106207,2.9741793908632808,1.650480814886949,1.5250319924679516
sub-947714204613,52.12867898699521,44.0844097526352,40.81649398803711,42.45045187033615,42.60530441451561,-8.044269234360009,-11.312184998958102,-9.678227116659059,-9.523374572479604
sub-948024242025,21.0,31.3701829664153,32.69087219238281,32.030527579399056,31.967945768409017,10.3701829664153,11.690872192382812,11.030527579399056,10.967945768409017
sub-948053748378,25.0,24.711389730779445,27.06631088256836,25.888850306673902,25.777260670353712,-0.2886102692205554,2.0663108825683594,0.888850306673902,0.7772606703537122
sub-948173892357,22.5,25.304627712703283,26.915393829345703,26.11001077102449,26.033683457468168,2.804627712703283,4.415393829345703,3.6100107710244913,3.533683457468168
sub-948196399366,10.92,12.24758629781022,15.036858558654783,13.6422224282325,13.510050751508125,1.3275862978102193,4.116858558654785,2.7222224282325005,2.590050751508125
sub-948402139122,21.0,21.092026078384208,20.5891056060791,20.840565842231655,20.864397091341576,0.0920260783842081,-0.4108943939208984,-0.15943415776834513,-0.13560290865842362
sub-949217685462,22.5,35.59692927907393,36.76471328735352,36.18082128321373,36.125484996185406,13.096929279073931,14.264713287353516,13.680821283213731,13.625484996185406
sub-949281546209,10.64,10.928323195220266,10.54944133758545,10.738882266402857,10.75683585634351,0.2883231952202649,-0.0905586624145513,0.0988822664028568,0.1168358563435099
sub-949327608209,21.0,14.538871027395324,17.306304931640625,15.922587979517974,15.791451129063212,-6.461128972604676,-3.693695068359375,-5.077412020482026,-5.208548870936788
sub-949681988886,13.5,26.113597007397843,20.216684341430664,23.165140674414253,23.444570131874997,12.613597007397845,6.716684341430664,9.665140674414253,9.944570131874997
sub-949804034624,23.0,24.40704067340571,26.754535675048828,25.58078817422727,25.46955043138487,1.4070406734057102,3.754535675048828,2.580788174227269,2.469550431384871
sub-950287307481,8.0,14.498074840352372,15.881457328796388,15.18976608457438,15.12421350814951,6.498074840352373,7.881457328796387,7.18976608457438,7.124213508149509
sub-950542329934,21.0,31.006452637338167,25.269107818603516,28.137780227970843,28.409648447966138,10.006452637338167,4.269107818603516,7.137780227970843,7.409648447966138
sub-951010277782,26.0,12.594899875371972,24.532575607299805,18.56373774133589,17.99806237151629,-13.405100124628028,-1.467424392700195,-7.436262258664112,-8.00193762848371
sub-951202505969,23.53730321697468,25.33609747633512,19.495134353637695,22.415615914986407,22.69239416300814,1.798794259360438,-4.042168863336986,-1.121687301988274,-0.8449090539665427
sub-951213761774,22.0,28.31105911120507,21.98468017578125,25.14786964349316,25.447649669712455,6.3110591112050685,-0.01531982421875,3.1478696434931592,3.4476496697124546
sub-951339198782,12.5257,15.895828829990972,17.948631286621094,16.922230058306035,16.824956534137918,3.3701288299909713,5.422931286621093,4.396530058306034,4.299256534137918
sub-951545085553,28.5613,16.36788463615105,25.08952522277832,20.728704929464683,20.31542370328103,-12.193415363848947,-3.471774777221679,-7.832595070535316,-8.245876296718968
sub-952300611928,22.52,35.44522411292955,30.56548500061035,33.00535455676995,33.236584512162494,12.925224112929552,8.045485000610352,10.485354556769952,10.716584512162495
sub-952405077290,19.0,19.98221153466579,22.395313262939453,21.188762398802623,21.074415833926288,0.9822115346657938,3.395313262939453,2.1887623988026235,2.074415833926288
sub-952477762961,21.0,34.30281591638732,26.839637756347656,30.571226836367487,30.924874913305846,13.302815916387315,5.839637756347656,9.571226836367487,9.924874913305846
sub-952655976849,11.85,17.33583077070589,18.973012924194336,18.154421847450113,18.076842790945864,5.48583077070589,7.123012924194336,6.304421847450113,6.226842790945865
sub-952776637852,19.0,28.61721327557519,21.43941879272461,25.0283160341499,25.368440999826102,9.617213275575187,2.43941879272461,6.028316034149899,6.3684409998261025
sub-953022551113,25.0,24.49739849314902,20.087478637695312,22.292438565422167,22.501405796659373,-0.5026015068509793,-4.9125213623046875,-2.7075614345778334,-2.4985942033406268
sub-953314118927,21.0,26.484019932030645,23.275659561157227,24.879839746593937,25.031870215511297,5.484019932030645,2.2756595611572266,3.8798397465939374,4.031870215511297
sub-953400604911,9.208219178,4.243619566627629,12.307901382446287,8.275760474536959,7.8936286675645135,-4.964599611372371,3.099682204446289,-0.9324587034630412,-1.3145905104354867
sub-953496715521,9.41,17.963565289535815,23.483966827392575,20.723766058464193,20.462177852216655,8.553565289535815,14.073966827392578,11.313766058464193,11.052177852216655
sub-953700135343,20.0,24.946524620289097,21.75181579589844,23.349170208093767,23.50055378864034,4.946524620289097,1.7518157958984375,3.349170208093767,3.500553788640339
sub-953824010639,7.1293630000000014,4.501754646013161,12.917351722717283,8.709553184365223,8.310774050510448,-2.62760835398684,5.787988722717284,1.5801901843652217,1.1814110505104463
sub-954220905647,29.81793292265571,33.14883139086337,32.97947311401367,33.06415225243852,33.0721774164688,3.330898468207661,3.161540191357961,3.2462193297828073,3.2542444938130863
sub-954430934773,19.0,5.931917173618029,20.71114921569824,13.321533194658134,12.6212086307488,-13.068082826381971,1.7111492156982422,-5.678466805341866,-6.3787913692512
sub-954625005461,12.74246575,10.671524940927242,16.49505615234375,13.583290546635496,13.307338322295589,-2.0709408090727575,3.752590402343751,0.8408247966354967,0.5648725722955898
sub-954752152568,19.0,18.609880590122728,24.229738235473633,21.41980941279818,21.15350840720419,-0.390119409877272,5.229738235473633,2.4198094127981804,2.153508407204189
sub-954946498969,75.6331279945243,51.715846511254526,60.350242614746094,56.03304456300031,55.62389747954014,-23.917281483269775,-15.282885379778207,-19.60008343152399,-20.00923051498416
sub-955099440993,19.0,14.213260380555544,21.265602111816406,17.739431246185976,17.40525094957635,-4.786739619444457,2.2656021118164062,-1.2605687538140238,-1.5947490504236512
sub-955777977378,64.57768651608487,55.70397574668465,69.93513488769531,62.81955531718998,62.145201582775655,-8.873710769400219,5.357448371610445,-1.758131198894887,-2.432484933309212
sub-955861473301,69.0,47.09321061309973,52.2429084777832,49.668059545441466,49.424037399968626,-21.90678938690027,-16.757091522216797,-19.331940454558534,-19.575962600031374
sub-956075512385,21.0,16.683884801475166,17.634700775146484,17.159292788310825,17.11423768800362,-4.316115198524834,-3.3652992248535156,-3.8407072116891747,-3.8857623119963804
sub-957634463134,26.0,30.270559075777193,32.58448028564453,31.427519680710862,31.317872856193397,4.270559075777193,6.584480285644531,5.427519680710862,5.317872856193397
sub-958050974251,21.0,17.030879281655537,18.279634475708008,17.655256878681772,17.5960837136476,-3.9691207183444632,-2.720365524291992,-3.3447431213182277,-3.4039162863523984
sub-958265595037,11.21643836,10.926346659196817,16.65287208557129,13.789609372384053,13.51825383709489,-0.2900917008031829,5.436433725571289,2.573171012384053,2.301815477094891
sub-958464456805,55.65503080082137,51.103251438693334,72.01729583740234,61.56027363804784,60.56924656834599,-4.551779362128038,16.362265036580972,5.905242837226467,4.914215767524617
sub-958916458255,11.4962,-1.028475756417663,11.833541870117188,5.402533056849762,4.793057080043234,-12.524675756417665,0.3373418701171875,-6.093666943150238,-6.703142919956766
sub-959069242210,22.0,30.41239356946047,26.97224235534668,28.692317962403575,28.855332007514086,8.41239356946047,4.97224235534668,6.692317962403575,6.855332007514086
sub-959189618055,19.83,18.180958562898773,20.376569747924805,19.27876415541179,19.174723536705095,-1.649041437101225,0.5465697479248064,-0.5512358445882093,-0.6552764632949035
sub-959696927213,58.36824093086928,45.15407799745199,41.5582389831543,43.356158490303145,43.52654991405278,-13.214162933417285,-16.81000194771498,-15.012082440566132,-14.841691016816497
sub-960401383220,23.0,15.830281410638891,21.654985427856445,18.742633419247667,18.466625620659464,-7.169718589361107,-1.345014572143555,-4.257366580752333,-4.533374379340536
sub-960513601275,11.09041096,3.9202657588337857,11.89936065673828,7.909813207786033,7.531718044325858,-7.170145201166214,0.8089496967382814,-3.1805977522139672,-3.5586929156741416
sub-960700816342,28.0,32.115092342567294,20.382244110107425,26.248668226337358,26.80463769744496,4.115092342567294,-7.617755889892578,-1.751331773662642,-1.19536230255504
sub-960931863944,47.72347707049966,45.83058777106218,34.48197555541992,40.156281663241046,40.69404383371558,-1.8928892994374849,-13.24150151507974,-7.567195407258616,-7.0294332367840795
sub-961483413696,8.153319999999999,5.355626494380548,7.458304405212402,6.406965449796475,6.307328541278335,-2.797693505619451,-0.6950155947875967,-1.7463545502035238,-1.845991458721664
sub-961825214664,25.0,25.612298535483212,24.503236770629883,25.057767653056548,25.11032134425024,0.6122985354832124,-0.4967632293701172,0.05776765305654763,0.11032134425024154
sub-962058833465,12.0,20.528004029780593,21.496780395507812,21.0123922126442,20.966486046212694,8.528004029780593,9.496780395507812,9.012392212644201,8.966486046212694
sub-962095900736,31.0,33.81562644040704,21.665773391723633,27.740699916065335,28.316429460987212,2.815626440407037,-9.334226608276367,-3.259300083934665,-2.6835705390127877
sub-962108996665,8.333333332999999,14.464539204683376,9.985698699951172,12.225118952317274,12.43735203820193,6.1312058716833775,1.652365366951173,3.8917856193172753,4.104018705201931
sub-962854214097,27.0,18.493891058802852,21.248952865600582,19.871421962201715,19.740871372502923,-8.506108941197148,-5.751047134399414,-7.128578037798285,-7.259128627497077
sub-963133661163,17.0,23.66014734558881,21.54895782470703,22.60455258514792,22.704592822443864,6.660147345588811,4.548957824707031,5.604552585147921,5.704592822443864
sub-963376929670,13.46,16.275942068425945,24.17271614074707,20.22432910458651,19.85013477278749,2.8159420684259437,10.71271614074707,6.764329104586508,6.390134772787491
sub-963802934589,19.0,21.668697664390095,20.794086456298828,21.23139206034446,21.272836142902523,2.668697664390095,1.794086456298828,2.2313920603444615,2.2728361429025234
sub-963831379087,19.0,11.80894241311331,18.618755340576172,15.213848876844741,14.891160982429742,-7.191057586886689,-0.3812446594238281,-3.7861511231552587,-4.108839017570258
sub-964214262654,21.0,19.530323760743652,19.90767288208008,19.718998321411867,19.701117361285583,-1.4696762392563478,-1.092327117919922,-1.281001678588133,-1.2988826387144172
sub-964531986227,57.86447638603696,47.83446452957594,39.35311508178711,43.593789805681524,43.99568466303768,-10.030011856461025,-18.511361304249853,-14.270686580355438,-13.868791722999283
sub-964642400113,20.0,22.928615729953172,21.37901306152344,22.15381439573831,22.22724343521146,2.9286157299531723,1.3790130615234375,2.1538143957383085,2.2272434352114594
sub-965710943519,27.5,32.080884420190486,35.34809875488281,33.71449158753665,33.55967228111891,4.580884420190486,7.8480987548828125,6.214491587536649,6.059672281118907
sub-966603052384,64.66255989048598,42.78448739381715,41.28400802612305,42.0342477099701,42.10534900642741,-21.87807249666883,-23.378551864362933,-22.628312180515877,-22.55721088405857
sub-966847586845,19.0,27.054294834044736,23.650514602661133,25.352404718352936,25.51369529822879,8.054294834044736,4.650514602661133,6.352404718352936,6.5136952982287895
sub-967034372580,9.887671233,12.699545991662806,13.624374389648438,13.161960190655622,13.1181365303554,2.811874758662805,3.7367031566484368,3.274288957655621,3.2304652973553996
sub-967482205242,14.0,14.625601895372483,20.62104225158691,17.6233220734797,17.339223810392998,0.6256018953724833,6.621042251586914,3.6233220734796987,3.3392238103929976
sub-967739637280,15.0,14.585732000604374,18.864133834838867,16.72493291772162,16.522197762724524,-0.4142679993956264,3.864133834838867,1.7249329177216204,1.5221977627245238
sub-967803211352,68.60232717316906,43.74411261190453,37.669525146484375,40.70681887919445,40.99466758510398,-24.858214561264532,-30.932802026684683,-27.895508293974608,-27.607659588065076
sub-968205067686,10.0,17.85325389564529,20.206863403320312,19.030058649482804,18.918531166364446,7.853253895645292,10.206863403320312,9.030058649482804,8.918531166364446
sub-968573886024,19.0,14.466892101750446,17.744823455810547,16.105857778780496,15.95053063867466,-4.533107898249554,-1.2551765441894531,-2.8941422212195036,-3.0494693613253396
sub-968674783031,27.5,22.92882146608915,34.21811294555664,28.573467205822894,28.0385159911933,-4.571178533910846,6.718112945556641,1.0734672058228938,0.5385159911933002
sub-969623446939,19.0,23.971865655695076,16.94288444519043,20.457375050442753,20.790448391936938,4.971865655695076,-2.0571155548095703,1.457375050442753,1.7904483919369376
sub-969765470206,18.0,10.105903682202154,12.413476943969728,11.25969031308594,11.150344290665092,-7.894096317797846,-5.586523056030273,-6.74030968691406,-6.8496557093349075
sub-969931025667,15.0,16.710988722170594,33.02134323120117,24.866165976685885,24.093288070971933,1.710988722170594,18.021343231201172,9.866165976685885,9.093288070971933
sub-970497665874,21.0,21.868462461017355,20.095386505126953,20.981924483072156,21.065942965362137,0.868462461017355,-0.9046134948730468,-0.01807551692784415,0.06594296536213662
sub-970724365551,19.0,13.49957144140376,18.435470581054688,15.967521011229223,15.733629872458662,-5.500428558596241,-0.5645294189453125,-3.0324789887707766,-3.2663701275413377
sub-970917164596,25.0,17.982879071427767,18.50947380065918,18.246176436043474,18.221223365203535,-7.017120928572233,-6.49052619934082,-6.7538235639565265,-6.778776634796465
sub-971324477087,21.0,29.45266766552528,25.792327880859375,27.62249777319233,27.795945612441173,8.45266766552528,4.792327880859375,6.622497773192329,6.795945612441173
sub-971873286741,31.0,34.19669954487674,25.245641708374023,29.721170626625383,30.145322954569593,3.1966995448767435,-5.754358291625977,-1.2788293733746166,-0.8546770454304067
sub-972488849948,27.0,35.23990939564122,39.40403747558594,37.32197343561358,37.12465322483763,8.23990939564122,12.404037475585938,10.321973435613579,10.12465322483763
sub-972559314245,27.0,36.121874912981546,29.07769012451172,32.599782518746636,32.93357629274218,9.121874912981546,2.0776901245117188,5.599782518746636,5.933576292742181
sub-972635191339,13.78,15.528090683417991,14.164542198181152,14.846316440799573,14.910929168685149,1.7480906834179937,0.384542198181153,1.0663164407995733,1.1309291686851495
sub-972640558751,19.0,25.264172907587657,25.35708236694336,25.310627637265508,25.306225055560244,6.264172907587657,6.357082366943359,6.310627637265508,6.306225055560244
sub-972664409918,27.0,22.273113729902818,15.605774879455566,18.939444304679192,19.255380962252506,-4.726886270097186,-11.394225120544434,-8.060555695320808,-7.744619037747494
sub-973056160459,10.556,14.13292387486343,15.7232084274292,14.928066151146314,14.852709371267878,3.5769238748634304,5.1672084274292,4.372066151146315,4.2967093712678786
sub-973270677867,19.0,19.181911227262376,21.771947860717773,20.476929543990074,20.354198791088347,0.1819112272623755,2.7719478607177734,1.4769295439900745,1.354198791088347
sub-973295701579,19.0,12.906320047976358,20.66383934020996,16.78507969409316,16.417484050430264,-6.093679952023642,1.663839340209961,-2.2149203059068405,-2.5825159495697356
sub-973488879665,19.0,18.101732881221757,22.85073471069336,20.476233795957558,20.251198920954593,-0.898267118778243,3.8507347106933594,1.4762337959575582,1.251198920954593
sub-973607125517,8.063013698999999,2.136593831425106,10.307496070861816,6.222044951143461,5.834860858540644,-5.926419867574893,2.2444823718618174,-1.8409687478565377,-2.228152840459355
sub-973735615773,19.0,12.931632460226954,20.095033645629883,16.513333052928417,16.173890124027167,-6.068367539773046,1.0950336456298828,-2.4866669470715834,-2.8261098759728327
sub-973781454136,19.0,26.80605561645815,29.751615524291992,28.278835570375072,28.139258090838304,7.806055616458149,10.751615524291992,9.278835570375072,9.139258090838304
sub-974114228993,19.0,15.812309828192554,19.67280006408691,17.742554946139734,17.559622833481164,-3.1876901718074464,0.6728000640869141,-1.2574450538602662,-1.4403771665188358
sub-974405616418,41.94934976043805,49.62294812852657,44.2850341796875,46.95399115410704,47.20693205440297,7.673598368088527,2.3356844192494535,5.00464139366899,5.257582293964923
sub-974416298113,33.0,26.582710271352,25.94167137145996,26.26219082140598,26.292566911769647,-6.417289728648001,-7.058328628540039,-6.73780917859402,-6.707433088230353
sub-974659202683,14.0,10.86859369745807,18.634586334228516,14.751590015843293,14.38359285664152,-3.1314063025419294,4.634586334228516,0.7515900158432931,0.38359285664152054
sub-974877812246,21.0,21.594624782160473,24.61797332763672,23.106299054898596,22.96303550469328,0.5946247821604729,3.6179733276367183,2.106299054898596,1.9630355046932806
sub-975176498961,21.0,17.298140442481724,18.076677322387695,17.68740888243471,17.650517351172795,-3.701859557518276,-2.9233226776123047,-3.3125911175652902,-3.3494826488272054
sub-975454592840,20.0,41.32921271380432,45.99624252319336,43.662727618498835,43.44157704675694,21.329212713804324,25.99624252319336,23.662727618498835,23.44157704675694
sub-975567474439,10.99,6.254860294051699,11.772605895996094,9.013733095023897,8.75227074221409,-4.735139705948301,0.7826058959960935,-1.9762669049761037,-2.23772925778591
sub-975770121455,8.2,5.6249521306670545,10.869452476501465,8.24720230358426,7.998687874203809,-2.575047869332945,2.6694524765014656,0.04720230358426036,-0.20131212579619007
sub-975829508513,21.0,23.866616267082048,29.079038619995117,26.472827443538584,26.2258330529761,2.8666162670820476,8.079038619995117,5.472827443538584,5.2258330529761
sub-976127076696,70.71047227926078,45.59028615448419,27.76056671142578,36.675426432954986,37.520300541300614,-25.120186124776595,-42.949905567835,-34.0350458463058,-33.19017173796017
sub-976139172060,21.0,29.379471718574507,25.058507919311523,27.218989818943015,27.42374180333374,8.379471718574507,4.058507919311523,6.218989818943015,6.423741803333741
sub-976182490642,33.53,26.957712795293183,24.45270347595215,25.705208135622666,25.82390980795323,-6.572287204706818,-9.077296524047853,-7.824791864377335,-7.706090192046773
sub-976250033322,21.0,24.80405037562404,22.300556182861328,23.552303279242686,23.670933156208154,3.804050375624041,1.300556182861328,2.552303279242686,2.6709331562081537
sub-976906636902,22.5,37.13758053649336,34.37290573120117,35.755243133847266,35.88624924240924,14.63758053649336,11.872905731201172,13.255243133847266,13.386249242409242
sub-976941323987,21.0,17.203003550702647,20.833053588867188,19.018028569784917,18.84601603200837,-3.796996449297353,-0.1669464111328125,-1.9819714302150828,-2.1539839679916284
sub-977410937885,19.0,27.966465581348153,20.006359100341797,23.986412340844975,24.363607724482648,8.966465581348153,1.0063591003417969,4.986412340844975,5.363607724482648
sub-977560143527,11.75890411,13.806419928990756,12.949748039245604,13.378083984118181,13.41867799914487,2.0475158189907567,1.190843929245606,1.6191798741181813,1.659773889144871
sub-978611220179,21.0,23.279924201591403,28.13020896911621,25.705066585353805,25.47523234532148,2.2799242015914025,7.130208969116211,4.705066585353805,4.47523234532148
sub-978703528815,33.0,20.832072338952035,24.35753631591797,22.594804327435,22.427747675559115,-12.167927661047964,-8.642463684082031,-10.405195672565,-10.572252324440885
sub-978719853586,36.70636550308008,44.706837197908925,33.77263259887695,39.23973489839294,39.75786006522905,8.000471694828846,-2.9337329042031257,2.53336939531286,3.0514945621489744
sub-978760006475,13.77,7.149334682587607,6.471270561218262,6.810302621902935,6.842433179075898,-6.620665317412392,-7.298729438781738,-6.959697378097065,-6.927566820924102
sub-979328387432,12.4,7.625771137854237,14.807609558105469,11.216690347979853,10.876373757414854,-4.774228862145764,2.4076095581054684,-1.1833096520201476,-1.5236262425851468
sub-979395608934,23.0,23.919994204426427,17.266489028930664,20.593241616678547,20.90852275559229,0.9199942044264268,-5.733510971069336,-2.4067583833214528,-2.0914772444077094
sub-979591660457,19.0,16.808016732405576,16.781354904174805,16.79468581829019,16.79594920824006,-2.1919832675944235,-2.2186450958251953,-2.2053141817098094,-2.20405079175994
sub-980881834392,8.060273973,9.28844892123326,11.274869918823242,10.281659420028252,10.187531429147763,1.2281749482332618,3.214595945823243,2.2213854470282524,2.1272574561477633
sub-980931195450,19.0,23.097059823808372,19.25077438354492,21.173917103676644,21.35617611185473,4.097059823808372,0.2507743835449219,2.1739171036766436,2.3561761118547295
sub-981286493399,23.0,16.856087138378495,20.920324325561523,18.88820573197001,18.69561892315383,-6.143912861621505,-2.079675674438477,-4.111794268029989,-4.30438107684617
sub-981966417728,29.85,35.33909514772013,28.32440948486328,31.831752316291706,32.16414825295566,5.489095147720128,-1.5255905151367202,1.9817523162917041,2.314148252955661
sub-983172589376,11.72876712,13.127428882611625,9.895285606384276,11.511357244497951,11.66451468352939,1.3986617626116242,-1.8334815136157232,-0.2174098755020495,-0.06425243647061052
sub-983287078347,15.74,13.011967781163534,19.15937042236328,16.085669101763408,15.79436999626081,-2.728032218836466,3.419370422363281,0.3456691017634075,0.05436999626081018
sub-983539557734,19.0,24.418834068076233,31.992210388183594,28.205522228129915,27.846652331940508,5.418834068076233,12.992210388183594,9.205522228129915,8.846652331940508
sub-984146928463,60.895277207392205,50.48267800916089,43.65727615356445,47.06997708136267,47.393403668374546,-10.412599198231312,-17.23800105382775,-13.825300126029532,-13.501873539017659
sub-984212089358,21.0,20.89616185140129,19.75686836242676,20.326515106914023,20.38050135014771,-0.1038381485987116,-1.2431316375732422,-0.6734848930859769,-0.6194986498522894
sub-984786358175,57.702943189596176,52.64483530076649,48.10145950317383,50.37314740197016,50.58843853922721,-5.058107888829689,-9.601483686422348,-7.3297957876260185,-7.114504650368964
sub-985491199225,18.0,30.673971065100925,18.834564208984375,24.754267637042652,25.315286465344904,12.673971065100924,0.834564208984375,6.754267637042652,7.315286465344904
sub-985675086687,9.270362765,14.478293639992106,21.754358291625977,18.11632596580904,17.771544397347085,5.2079308749921065,12.483995526625977,8.84596320080904,8.501181632347086
sub-986168019499,23.0,17.58646736309548,25.191526412963867,21.388996888029673,21.028625682852073,-5.41353263690452,2.191526412963867,-1.6110031119703265,-1.9713743171479265
sub-986189704225,72.3504449007529,48.77722854664635,52.08412551879883,50.430677032722585,50.273977335923604,-23.573216354106556,-20.266319381954077,-21.91976786803032,-22.0764675648293
sub-986532015071,21.0,19.53825507938974,24.378265380859375,21.95826023012456,21.728912853072593,-1.4617449206102613,3.378265380859375,0.9582602301245586,0.7289128530725932
sub-986553319740,29.0,26.3757287222939,18.643470764160156,22.509599743227028,22.875998360363994,-2.6242712777061,-10.356529235839844,-6.490400256772972,-6.124001639636006
sub-986598837703,21.0,29.81602729851341,24.260278701782227,27.03815300014782,27.301416152260018,8.816027298513411,3.2602787017822266,6.038153000147819,6.301416152260018
sub-986662453858,22.5,25.744007138467055,22.973033905029297,24.358520521748176,24.48982508586804,3.244007138467058,0.4730339050292969,1.8585205217481757,1.9898250858680413
sub-987076720776,12.77,6.296508820614179,20.020660400390625,13.158584610502402,12.508255794853081,-6.473491179385821,7.250660400390625,0.38858461050240223,-0.2617442051469183
sub-987183158187,21.0,23.11189604475679,23.15050506591797,23.13120055533738,23.129371039038382,2.11189604475679,2.1505050659179688,2.1312005553373794,2.129371039038382
sub-987405498938,14.0,21.20781007935034,25.66131019592285,23.434560137636595,23.223527824311486,7.207810079350342,11.661310195922852,9.434560137636595,9.223527824311486
sub-987675138457,18.0,14.333656539193008,15.548452377319336,14.941054458256172,14.883490481782133,-3.666343460806992,-2.451547622680664,-3.058945541743828,-3.1165095182178675
sub-987725617016,24.0,36.48146895713113,27.938962936401367,32.21021594676625,32.61500875241587,12.481468957131128,3.938962936401367,8.210215946766247,8.615008752415868
sub-987863853354,72.5,53.895562501495256,34.984989166259766,44.44027583387751,45.33636698303645,-18.604437498504744,-37.515010833740234,-28.059724166122493,-27.16363301696355
sub-987949390718,25.0,27.010028446673044,25.484634399414062,26.247331423043555,26.31961331955177,2.0100284466730436,0.4846343994140625,1.2473314230435548,1.3196133195517703
sub-988151025685,29.09240246406571,36.73343289083195,22.07943344116211,29.40643316599703,30.1008234932412,7.641030426766246,-7.012969022903601,0.3140307019313191,1.0084210291754907
sub-988202444857,24.0,33.76344704812728,21.743261337280273,27.753354192703778,28.3229393573517,9.763447048127285,-2.2567386627197266,3.753354192703778,4.3229393573517
sub-988766407304,22.0,16.99410562278676,20.66341781616211,18.828761719474436,18.654888716171136,-5.005894377213242,-1.3365821838378906,-3.1712382805255643,-3.3451112838288637
sub-988922689261,39.0,28.457055586243403,22.368728637695312,25.412892111969356,25.701391873191,-10.542944413756596,-16.631271362304688,-13.587107888030644,-13.298608126809
sub-989118728356,25.0,23.462245412689903,19.371959686279297,21.4171025494846,21.610923687109143,-1.5377545873100935,-5.628040313720703,-3.5828974505154,-3.3890763128908574
sub-989364744933,63.54004106776181,57.45462485549139,43.520355224609375,50.48749004005038,51.14777545101474,-6.085416212270417,-20.01968584315244,-13.05255102771143,-12.392265616747075
sub-989482280855,19.0,25.978831438679833,30.23540496826172,28.107118203470776,27.905417398424557,6.978831438679833,11.23540496826172,9.107118203470776,8.905417398424557
sub-989610403127,58.71594798083505,54.89877385500321,56.25750732421875,55.57814058961098,55.513756024730476,-3.8171741258318335,-2.458440656616297,-3.137807391224065,-3.2021919561045706
sub-989703928298,10.8,14.959935765093558,14.002609252929688,14.481272509011623,14.526636115878413,4.159935765093557,3.202609252929687,3.681272509011622,3.726636115878412
sub-989894994426,25.0,23.14674382536949,20.274866104125977,21.710804964747734,21.846890960759183,-1.8532561746305092,-4.725133895874023,-3.2891950352522663,-3.1531090392408174
sub-990401935145,51.65776865160849,46.05808142400837,58.38549041748047,52.22178592074442,51.637642759387695,-5.599687227600128,6.727721765871976,0.5640172691359311,-0.02012589222079697
sub-990930608075,54.19301848049281,42.27609139847782,41.16285705566406,41.71947422707094,41.772225638879085,-11.916927082014992,-13.030161424828748,-12.47354425342187,-12.420792841613725
sub-990935060181,27.5,40.27142502116326,28.704364776611328,34.48789489888729,35.03600838667977,12.77142502116326,1.204364776611328,6.987894898887291,7.536008386679768
sub-991826633582,24.0,25.849381257588345,26.127317428588867,25.988349343088608,25.97517913727572,1.8493812575883448,2.127317428588867,1.9883493430886077,1.9751791372757204
sub-992514956211,15.0,24.169225342732226,19.235443115234375,21.7023342289833,21.93612505634551,9.169225342732226,4.235443115234375,6.7023342289833,6.93612505634551
sub-992555534948,20.213552361396307,18.935661741891185,16.879167556762695,17.907414649326938,18.00486310871113,-1.277890619505122,-3.3343848046336113,-2.3061377120693685,-2.2086892526851756
sub-992659217265,26.0,31.904582218801337,27.80769157409668,29.85613689644901,30.050271012888064,5.9045822188013375,1.8076915740966797,3.8561368964490086,4.050271012888064
sub-992939872393,24.0,25.79630568399418,59.5848274230957,42.69056655354494,41.089473094513856,1.796305683994181,35.5848274230957,18.69056655354494,17.089473094513856
sub-993601032415,68.85147159479808,47.39365903586635,54.70527267456055,51.04946585521345,50.702999772374184,-21.457812558931735,-14.146198920237538,-17.802005739584637,-18.1484718224239
sub-993886391753,60.016427104722794,45.67730701775989,44.70061111450195,45.18895906613092,45.235240505557115,-14.339120086962907,-15.31581599022084,-14.827468038591874,-14.781186599165679
sub-994089426413,27.9,31.603682261739586,22.939210891723633,27.27144657673161,27.68201879837576,3.703682261739583,-4.960789108276366,-0.6285534232683894,-0.2179812016242373
sub-994359308124,21.0,26.75396335284779,20.3377685546875,23.545865953767645,23.849901969386387,5.753963352847794,-0.6622314453125,2.5458659537676454,2.849901969386387
sub-994631602724,10.84,6.023924039146788,12.820639610290527,9.422281824718658,9.100214557974056,-4.816075960853212,1.9806396102905277,-1.4177181752813421,-1.7397854420259442
sub-994666209803,37.5,36.36632575462906,35.389495849609375,35.87791080211922,35.92419859131549,-1.1336742453709403,-2.110504150390625,-1.6220891978807828,-1.5758014086845122
sub-994785703004,66.27515400410678,46.04188386872987,38.28083038330078,42.161357126015325,42.52912023997041,-20.233270135376912,-27.994323620806,-24.113796878091456,-23.74603376413637
sub-995055914773,23.0,35.68194246608228,28.97549819946289,32.32872033277259,32.64651002868032,12.681942466082283,5.975498199462891,9.32872033277259,9.646510028680318
sub-995156278869,29.0,24.427264674316923,24.385892868041992,24.406578771179458,24.408539204042626,-4.572735325683077,-4.614107131958008,-4.593421228820542,-4.591460795957374
sub-995547093580,10.2,28.933663433269697,22.398170471191406,25.665916952230553,25.97560599734252,18.733663433269697,12.198170471191409,15.465916952230554,15.77560599734252
sub-996103732554,19.0,18.62768648411928,23.44165802001953,21.034672252069406,20.80655874069397,-0.3723135158807196,4.441658020019531,2.034672252069406,1.8065587406939692
sub-996579398931,27.0,4.7698114261169025,17.0651798248291,10.917495625473002,10.334870730795407,-22.230188573883098,-9.934820175170898,-16.082504374526998,-16.66512926920459
sub-996590600673,8.43,4.563720977196077,9.506096839904783,7.03490890855043,6.800710865589037,-3.866279022803923,1.0760968399047854,-1.3950910914495696,-1.6292891344109623
sub-996716777224,23.0,21.4888263537386,23.533214569091797,22.5110204614152,22.414145652135385,-1.5111736462613976,0.5332145690917969,-0.48897953858480037,-0.5858543478646148
sub-996843901663,25.0,22.71842840759229,17.059797286987305,19.8891128472898,20.157251161958527,-2.281571592407708,-7.940202713012695,-5.110887152710202,-4.842748838041473
sub-997004175200,21.0,27.650598341289637,30.219247817993164,28.9349230796414,28.813205772579273,6.650598341289637,9.219247817993164,7.9349230796414005,7.813205772579273
sub-997144206185,41.0,31.923650376613537,29.491823196411133,30.707736786512335,30.822970670426535,-9.076349623386466,-11.508176803588867,-10.292263213487665,-10.177029329573465
sub-997249731765,22.0,16.531011628248656,20.920408248901367,18.72570993857501,18.517715215613002,-5.468988371751344,-1.0795917510986328,-3.2742900614249884,-3.482284784386998
sub-997337611588,23.0,30.357089986156016,24.572912216186523,27.465001101171268,27.739088534320317,7.357089986156016,1.5729122161865234,4.465001101171268,4.739088534320317
sub-997577988986,22.0,27.211362384864984,18.5643310546875,22.887846719776242,23.297592532561012,5.211362384864984,-3.4356689453125,0.8878467197762419,1.297592532561012
sub-997706219656,23.0,25.30665717917792,18.869171142578125,22.08791416087802,22.39295907717799,2.3066571791779182,-4.130828857421875,-0.9120858391219784,-0.6070409228220086
sub-997863968388,23.0,24.957837032647415,25.200849533081055,25.079343282864237,25.067827960355856,1.957837032647415,2.2008495330810547,2.0793432828642366,2.0678279603558565
sub-998196661811,20.0,35.79928881190655,31.101673126220703,33.450480969063626,33.67308087460165,15.79928881190655,11.101673126220703,13.450480969063626,13.673080874601652
sub-998375364631,11.6,11.204233894246023,17.225168228149414,14.214701061197719,13.929394747600918,-0.3957661057539763,5.625168228149414,2.614701061197719,2.3293947476009187
sub-998567081914,60.0,45.05319752148595,51.07218170166016,48.062689611573056,47.77747570741648,-14.946802478514044,-8.927818298339844,-11.937310388426944,-12.222524292583522
sub-999027816075,22.0,20.92427758029613,18.518768310546875,19.721522945421505,19.83550973617764,-1.0757224197038688,-3.481231689453125,-2.278477054578495,-2.1644902638223584
sub-999184404925,21.0,24.025696179974155,21.40523338317871,22.715464781576433,22.8396373001607,3.025696179974154,0.4052333831787109,1.7154647815764328,1.8396373001606996
sub-999832619027,19.0,22.31836566717406,21.026952743530273,21.67265920535217,21.733853737652808,3.31836566717406,2.0269527435302734,2.6726592053521685,2.733853737652808
