subject,true_age,predicted_age,error,abs_error
sub-100053248969,19.0,17.292522430419922,-1.7074775695800781,1.7074775695800781
sub-100263562592,21.0,21.16423988342285,0.16423988342285156,0.16423988342285156
sub-100479214233,21.0,18.873292922973633,-2.126707077026367,2.126707077026367
sub-100544064116,15.0,21.266643524169922,6.266643524169922,6.266643524169922
sub-101404752059,31.0,26.644149780273438,-4.3558502197265625,4.3558502197265625
sub-101942030871,19.0,24.729875564575195,5.729875564575195,5.729875564575195
sub-102730278561,19.0,37.20344161987305,18.203441619873047,18.203441619873047
sub-103116472269,23.0,18.678314208984375,-4.321685791015625,4.321685791015625
sub-103326586557,26.8528,22.539466857910156,-4.313333142089842,4.313333142089842
sub-104230378530,21.0,21.969762802124023,0.9697628021240234,0.9697628021240234
sub-104333986026,8.380561,12.474424362182617,4.093863362182617,4.093863362182617
sub-104625609853,21.38261464750171,26.576377868652344,5.193763221150633,5.193763221150633
sub-104654659650,19.0,19.919864654541016,0.9198646545410156,0.9198646545410156
sub-104756934188,30.0,24.10377311706543,-5.89622688293457,5.89622688293457
sub-104774505992,23.0,19.673921585083008,-3.326078414916992,3.326078414916992
sub-104893688989,27.0,25.4888858795166,-1.5111141204833984,1.5111141204833984
sub-105288153937,15.92,17.8588809967041,1.9388809967041016,1.9388809967041016
sub-105626036276,18.0,32.66275405883789,14.66275405883789,14.66275405883789
sub-105699817140,21.0,20.455610275268555,-0.5443897247314453,0.5443897247314453
sub-105890017872,10.96712329,24.897743225097656,13.930619935097656,13.930619935097656
sub-106084308551,27.5,24.29667854309082,-3.2033214569091797,3.2033214569091797
sub-106297012000,22.0,20.329612731933594,-1.6703872680664062,1.6703872680664062
sub-106847803341,10.0,10.270771026611328,0.2707710266113281,0.2707710266113281
sub-107012705146,20.0,29.75141143798828,9.751411437988281,9.751411437988281
sub-107385462103,19.0,20.155689239501953,1.1556892395019531,1.1556892395019531
sub-107912335979,31.0,21.149019241333008,-9.850980758666992,9.850980758666992
sub-108019181067,19.0,22.3724422454834,3.3724422454833984,3.3724422454833984
sub-108681547305,21.0,25.359920501708984,4.359920501708984,4.359920501708984
sub-108737376161,22.0,19.23516845703125,-2.76483154296875,2.76483154296875
sub-108893451515,23.0,31.446828842163086,8.446828842163086,8.446828842163086
sub-109712998508,67.5,62.0331916809082,-5.466808319091797,5.466808319091797
sub-109861838866,21.0,21.871932983398438,0.8719329833984375,0.8719329833984375
sub-110463604078,35.51540041067762,34.01385498046875,-1.5015454302088713,1.5015454302088713
sub-110513034050,19.0,20.867450714111328,1.8674507141113281,1.8674507141113281
sub-110519368768,11.3369863,15.122564315795898,3.785578015795899,3.785578015795899
sub-110648343433,22.0,19.85275650024414,-2.1472434997558594,2.1472434997558594
sub-111020130501,21.0,17.494047164916992,-3.505952835083008,3.505952835083008
sub-111417977585,19.0,19.833391189575195,0.8333911895751953,0.8333911895751953
sub-111786255278,19.0,21.854196548461914,2.854196548461914,2.854196548461914
sub-112139632444,13.0,17.209367752075195,4.209367752075195,4.209367752075195
sub-112365363383,22.0,24.880342483520508,2.880342483520508,2.880342483520508
sub-112581979205,19.0,27.73478889465332,8.73478889465332,8.73478889465332
sub-113308512211,61.0,44.967350006103516,-16.032649993896484,16.032649993896484
sub-113484693835,22.5,20.901525497436523,-1.5984745025634766,1.5984745025634766
sub-113812293828,23.0,20.912521362304688,-2.0874786376953125,2.0874786376953125
sub-114165623285,24.0,17.12137222290039,-6.878627777099609,6.878627777099609
sub-114383938758,22.5,16.496707916259766,-6.003292083740234,6.003292083740234
sub-115044780386,33.68651608487337,37.327632904052734,3.6411168191793664,3.6411168191793664
sub-115179082434,21.0,21.639892578125,0.639892578125,0.639892578125
sub-115321957741,24.0,20.03264617919922,-3.9673538208007812,3.9673538208007812
sub-116096622843,15.0,23.854305267333984,8.854305267333984,8.854305267333984
sub-116218240872,11.52876712,14.191351890563965,2.6625847705639654,2.6625847705639654
sub-116602902372,20.0,33.24479675292969,13.244796752929688,13.244796752929688
sub-116651167956,71.2060232717317,53.96847152709961,-17.237551744632086,17.237551744632086
sub-117262576182,9.7,7.215566635131836,-2.4844333648681634,2.4844333648681634
sub-117310191719,21.0,20.56905174255371,-0.43094825744628906,0.43094825744628906
sub-117722182135,9.55890411,19.175403594970703,9.616499484970703,9.616499484970703
sub-117730404599,32.5,24.54485321044922,-7.955146789550781,7.955146789550781
sub-118300283712,27.5,36.759403228759766,9.259403228759766,9.259403228759766
sub-119019619320,34.666666666666664,25.693675994873047,-8.972990671793617,8.972990671793617
sub-119139956064,24.312114989733058,25.387643814086914,1.0755288243538565,1.0755288243538565
sub-119167600899,13.0,18.964292526245117,5.964292526245117,5.964292526245117
sub-119194819365,19.2,27.120325088500977,7.920325088500977,7.920325088500977
sub-119568669419,19.0,23.17301368713379,4.173013687133789,4.173013687133789
sub-119909871257,15.0,15.384138107299805,0.3841381072998047,0.3841381072998047
sub-120159232504,19.0,20.93811798095703,1.9381179809570312,1.9381179809570312
sub-120208266498,60.539356605065024,46.46794509887695,-14.07141150618807,14.07141150618807
sub-120256972451,20.0,23.49802017211914,3.4980201721191406,3.4980201721191406
sub-120396235891,8.1013,15.8274564743042,7.726156474304199,7.726156474304199
sub-120533702955,27.5,26.799938201904297,-0.7000617980957031,0.7000617980957031
sub-121114024899,21.0,24.612775802612305,3.6127758026123047,3.6127758026123047
sub-121236619259,32.5,40.29568862915039,7.795688629150391,7.795688629150391
sub-121315843872,34.36550308008213,24.94314956665039,-9.422353513431737,9.422353513431737
sub-121725487399,33.51676933607118,33.405696868896484,-0.11107246717469366,0.11107246717469366
sub-121738146757,25.0,17.911468505859375,-7.088531494140625,7.088531494140625
sub-121916223122,72.5,53.45359420776367,-19.046405792236328,19.046405792236328
sub-122612583665,10.8,14.468167304992676,3.668167304992675,3.668167304992675
sub-123233851263,25.0,20.636686325073242,-4.363313674926758,4.363313674926758
sub-123234343655,44.48186173853525,22.881980895996094,-21.599880842539157,21.599880842539157
sub-123319906652,11.50718686,14.467398643493652,2.960211783493653,2.960211783493653
sub-123362026561,25.12,24.977706909179688,-0.1422930908203135,0.1422930908203135
sub-124641364359,21.0,23.38127899169922,2.3812789916992188,2.3812789916992188
sub-124676200421,19.0,21.50654411315918,2.5065441131591797,2.5065441131591797
sub-124729451238,67.5,54.20195770263672,-13.298042297363281,13.298042297363281
sub-124881102242,45.388090349075966,58.975555419921875,13.587465070845909,13.587465070845909
sub-125025808425,23.0,22.920679092407227,-0.07932090759277344,0.07932090759277344
sub-125239324117,8.906849315,13.490049362182617,4.583200047182617,4.583200047182617
sub-125295604279,23.0,26.813087463378906,3.8130874633789062,3.8130874633789062
sub-125353958428,27.5,21.50960350036621,-5.990396499633789,5.990396499633789
sub-125580637682,24.0,23.119199752807617,-0.8808002471923828,0.8808002471923828
sub-125891952943,19.0,18.964174270629883,-0.03582572937011719,0.03582572937011719
sub-126224773957,23.0,20.443809509277344,-2.5561904907226562,2.5561904907226562
sub-126388114927,19.0,18.8769588470459,-0.12304115295410156,0.12304115295410156
sub-126474072032,45.229295003422315,36.395938873291016,-8.8333561301313,8.8333561301313
sub-126731927083,21.0,20.47357940673828,-0.5264205932617188,0.5264205932617188
sub-127024850810,19.0,22.271087646484375,3.271087646484375,3.271087646484375
sub-127230151008,27.5,26.467647552490234,-1.0323524475097656,1.0323524475097656
sub-127322656952,21.0,16.88973617553711,-4.110263824462891,4.110263824462891
sub-127621480063,19.0,19.910289764404297,0.9102897644042969,0.9102897644042969
sub-127728266565,21.0,17.575626373291016,-3.4243736267089844,3.4243736267089844
sub-127989683000,11.8,10.900158882141113,-0.8998411178588874,0.8998411178588874
sub-128924235805,72.5,46.47712326049805,-26.022876739501953,26.022876739501953
sub-129453382420,19.0,20.022151947021484,1.0221519470214844,1.0221519470214844
sub-129609320842,34.47775496235455,49.87413024902344,15.396375286668885,15.396375286668885
sub-130270412535,21.0,21.301546096801758,0.3015460968017578,0.3015460968017578
sub-130281900088,25.0,23.89756965637207,-1.1024303436279297,1.1024303436279297
sub-130488967679,22.0,13.824114799499512,-8.175885200500488,8.175885200500488
sub-130624212805,9.564383562,17.937225341796875,8.372841779796875,8.372841779796875
sub-130699587566,20.0,20.383975982666016,0.3839759826660156,0.3839759826660156
sub-130730148206,17.79,18.253244400024414,0.4632444000244149,0.4632444000244149
sub-130750381188,27.01437371663245,22.178022384643555,-4.836351331988894,4.836351331988894
sub-131091186433,12.8739726,17.93814468383789,5.0641720838378905,5.0641720838378905
sub-131485716864,10.49,11.766541481018066,1.2765414810180662,1.2765414810180662
sub-132314739842,19.0,23.79176139831543,4.79176139831543,4.79176139831543
sub-132529129288,11.0,17.32002830505371,6.320028305053711,6.320028305053711
sub-132624812140,27.5,23.957761764526367,-3.542238235473633,3.542238235473633
sub-133104642441,25.0,28.15399742126465,3.1539974212646484,3.1539974212646484
sub-133292484570,29.0,21.248106002807617,-7.751893997192383,7.751893997192383
sub-133341745639,69.28952772073922,45.5750732421875,-23.714454478551716,23.714454478551716
sub-133559617458,42.0,29.714357376098633,-12.285642623901367,12.285642623901367
sub-133871479599,12.0411,13.596695899963379,1.5555958999633788,1.5555958999633788
sub-134269526020,25.0,22.430423736572266,-2.5695762634277344,2.5695762634277344
sub-134360128280,22.5,22.755260467529297,0.2552604675292969,0.2552604675292969
sub-134583532509,23.0,20.51387596130371,-2.486124038696289,2.486124038696289
sub-134690078113,20.0,18.844240188598633,-1.1557598114013672,1.1557598114013672
sub-134999314713,23.0,21.546953201293945,-1.4530467987060547,1.4530467987060547
sub-135700393345,19.0,22.642799377441406,3.6427993774414062,3.6427993774414062
sub-137109291560,11.0,25.900569915771484,14.900569915771484,14.900569915771484
sub-137114651299,28.0,24.604951858520508,-3.395048141479492,3.395048141479492
sub-137249105377,19.0,19.476192474365234,0.4761924743652344,0.4761924743652344
sub-137613044284,27.5,27.419870376586914,-0.08012962341308594,0.08012962341308594
sub-137935620257,19.0,22.534805297851562,3.5348052978515625,3.5348052978515625
sub-138111937707,10.35342466,11.847136497497559,1.4937118374975586,1.4937118374975586
sub-139265000445,21.0,22.6663875579834,1.6663875579833984,1.6663875579833984
sub-139365339602,60.10951403148528,64.27278137207031,4.16326734058503,4.16326734058503
sub-139426192767,15.0,19.76069450378418,4.76069450378418,4.76069450378418
sub-140076989326,21.0,21.334762573242188,0.3347625732421875,0.3347625732421875
sub-140330630373,22.5,27.11931610107422,4.619316101074219,4.619316101074219
sub-140606705309,10.08,16.970998764038086,6.890998764038086,6.890998764038086
sub-140809415420,19.0,29.491819381713867,10.491819381713867,10.491819381713867
sub-140896025599,19.0,22.09408187866211,3.0940818786621094,3.0940818786621094
sub-141217766873,21.0,20.17906951904297,-0.8209304809570312,0.8209304809570312
sub-141883005255,42.0,33.20938491821289,-8.79061508178711,8.79061508178711
sub-142069343741,19.0,19.92251205444336,0.9225120544433594,0.9225120544433594
sub-142102321393,72.0,50.21680450439453,-21.78319549560547,21.78319549560547
sub-142262191767,19.0,33.369140625,14.369140625,14.369140625
sub-142380817861,21.0,21.5504207611084,0.5504207611083984,0.5504207611083984
sub-142608681206,31.0,51.812747955322266,20.812747955322266,20.812747955322266
sub-142756155441,16.2,16.463279724121094,0.26327972412109446,0.26327972412109446
sub-142798556047,23.0,27.283838272094727,4.283838272094727,4.283838272094727
sub-143185051068,25.0,20.77346420288086,-4.226535797119141,4.226535797119141
sub-143433115346,21.0,18.58232879638672,-2.4176712036132812,2.4176712036132812
sub-143597719481,53.56605065023956,33.82912063598633,-19.736930014253232,19.736930014253232
sub-143693932248,14.2,35.47297668457031,21.272976684570313,21.272976684570313
sub-144197550366,21.0,26.253206253051758,5.253206253051758,5.253206253051758
sub-144446563322,24.0,21.887937545776367,-2.112062454223633,2.112062454223633
sub-144517208850,19.0,15.259384155273438,-3.7406158447265625,3.7406158447265625
sub-144550081547,19.0,21.697795867919922,2.697795867919922,2.697795867919922
sub-144658033075,29.0,18.913959503173828,-10.086040496826172,10.086040496826172
sub-144863316344,21.0,24.905202865600586,3.905202865600586,3.905202865600586
sub-144960174539,23.0,19.93653106689453,-3.0634689331054688,3.0634689331054688
sub-145200850196,23.0,29.017404556274414,6.017404556274414,6.017404556274414
sub-145580633313,31.0,21.756587982177734,-9.243412017822266,9.243412017822266
sub-146014608627,19.0,14.92793083190918,-4.07206916809082,4.07206916809082
sub-146447578450,23.0,27.589563369750977,4.589563369750977,4.589563369750977
sub-146639891883,22.5,27.321815490722656,4.821815490722656,4.821815490722656
sub-146945452536,21.0,22.87165069580078,1.8716506958007812,1.8716506958007812
sub-147386486868,11.0739726,17.32128143310547,6.247308833105469,6.247308833105469
sub-148237622396,19.0,17.84919548034668,-1.1508045196533203,1.1508045196533203
sub-148388865585,10.0,16.855405807495117,6.855405807495117,6.855405807495117
sub-149020310221,24.342231348391515,22.917034149169922,-1.4251971992215928,1.4251971992215928
sub-149065190596,21.0,26.15420913696289,5.154209136962891,5.154209136962891
sub-149522007327,23.0,18.721282958984375,-4.278717041015625,4.278717041015625
sub-149787481275,17.2,18.80805206298828,1.608052062988282,1.608052062988282
sub-149907628658,59.89322381930185,67.17631530761719,7.2830914883153355,7.2830914883153355
sub-150220157566,18.0,20.32206916809082,2.3220691680908203,2.3220691680908203
sub-150529102662,29.0,26.21415901184082,-2.7858409881591797,2.7858409881591797
sub-150819102994,60.5968514715948,50.180076599121094,-10.41677487247371,10.41677487247371
sub-153637972221,21.0,24.4534912109375,3.4534912109375,3.4534912109375
sub-153810221421,24.83,20.66604995727539,-4.163950042724608,4.163950042724608
sub-153874780317,21.0,20.27924156188965,-0.7207584381103516,0.7207584381103516
sub-154103308424,13.01369863,19.779422760009766,6.765724130009765,6.765724130009765
sub-154228017477,20.0,26.571435928344727,6.571435928344727,6.571435928344727
sub-154460108156,67.5,48.3400764465332,-19.159923553466797,19.159923553466797
sub-154711749424,20.0,17.803146362304688,-2.1968536376953125,2.1968536376953125
sub-154886350989,64.0,33.763492584228516,-30.236507415771484,30.236507415771484
sub-154926948330,21.0,21.556249618530273,0.5562496185302734,0.5562496185302734
sub-155222075279,67.0,28.550336837768555,-38.449663162231445,38.449663162231445
sub-155379893261,22.5,31.952957153320312,9.452957153320312,9.452957153320312
sub-155433706397,50.023271731690606,51.552406311035156,1.52913457934455,1.52913457934455
sub-155704740362,23.0,23.726346969604492,0.7263469696044922,0.7263469696044922
sub-156242290939,9.819178082,12.184829711914062,2.365651629914062,2.365651629914062
sub-156459137356,21.0,19.976428985595703,-1.0235710144042969,1.0235710144042969
sub-156820928962,19.0,18.39069175720215,-0.6093082427978516,0.6093082427978516
sub-157152153605,19.0,24.901477813720703,5.901477813720703,5.901477813720703
sub-157363866990,19.0,22.10354995727539,3.1035499572753906,3.1035499572753906
sub-157424007228,19.0,20.660696029663086,1.660696029663086,1.660696029663086
sub-157479410408,19.0,20.189037322998047,1.1890373229980469,1.1890373229980469
sub-157494563025,21.0,28.300060272216797,7.300060272216797,7.300060272216797
sub-157627390163,24.0,21.30099868774414,-2.6990013122558594,2.6990013122558594
sub-157747575462,21.0,32.42794418334961,11.42794418334961,11.42794418334961
sub-157912888148,21.0,32.7434196472168,11.743419647216797,11.743419647216797
sub-158500314736,32.0,21.3149471282959,-10.685052871704102,10.685052871704102
sub-158561810586,21.0,23.826122283935547,2.826122283935547,2.826122283935547
sub-158783204186,7.126626,15.148945808410645,8.022319808410645,8.022319808410645
sub-159585669819,28.347707049965766,27.894838333129883,-0.4528687168358836,0.4528687168358836
sub-160079241762,24.0,30.91828727722168,6.91828727722168,6.91828727722168
sub-160619551339,21.0,20.85759925842285,-0.14240074157714844,0.14240074157714844
sub-161153388655,22.0,24.066011428833008,2.066011428833008,2.066011428833008
sub-161374462751,21.0,24.888633728027344,3.8886337280273438,3.8886337280273438
sub-161819845928,25.0,21.061491012573242,-3.938508987426758,3.938508987426758
sub-162530081874,43.0,25.804073333740234,-17.195926666259766,17.195926666259766
sub-162643690447,15.0,17.06854248046875,2.06854248046875,2.06854248046875
sub-162911360437,21.0,19.403221130371094,-1.5967788696289062,1.5967788696289062
sub-162962669437,33.59342915811088,25.385923385620117,-8.207505772490762,8.207505772490762
sub-163171707993,21.0,22.26958465576172,1.2695846557617188,1.2695846557617188
sub-163329912000,25.0,27.07941246032715,2.0794124603271484,2.0794124603271484
sub-163558591208,62.08898015058179,48.92549514770508,-13.163485002876712,13.163485002876712
sub-163903932976,19.0,22.77812957763672,3.7781295776367188,3.7781295776367188
sub-164064925038,16.0,15.24935531616211,-0.7506446838378906,0.7506446838378906
sub-164822438556,21.0,20.92653465270996,-0.07346534729003906,0.07346534729003906
sub-165604485425,14.0,17.1204833984375,3.1204833984375,3.1204833984375
sub-165972132497,21.0,20.776845932006836,-0.22315406799316406,0.22315406799316406
sub-166141323302,22.5,25.873275756835938,3.3732757568359375,3.3732757568359375
sub-166243374724,10.83,13.699321746826172,2.869321746826172,2.869321746826172
sub-166414771116,28.3669,19.17167091369629,-9.195229086303712,9.195229086303712
sub-166839342556,22.0,20.388216018676758,-1.6117839813232422,1.6117839813232422
sub-167010474107,28.0,56.42848205566406,28.428482055664062,28.428482055664062
sub-167716104239,20.0,33.51240158081055,13.512401580810547,13.512401580810547
sub-168699804203,25.0,40.231449127197266,15.231449127197266,15.231449127197266
sub-168789437246,19.0,21.587976455688477,2.5879764556884766,2.5879764556884766
sub-169297286201,30.0,22.966917037963867,-7.033082962036133,7.033082962036133
sub-169353478984,19.0,18.747783660888672,-0.2522163391113281,0.2522163391113281
sub-169447897045,10.0,16.995981216430664,6.995981216430664,6.995981216430664
sub-169489783028,41.82067077344285,40.95539855957031,-0.8652722138725366,0.8652722138725366
sub-170052380551,19.0,26.60640525817871,7.606405258178711,7.606405258178711
sub-170536232281,55.54004106776181,54.29653549194336,-1.2435055758184532,1.2435055758184532
sub-171162169563,52.5,48.162620544433594,-4.337379455566406,4.337379455566406
sub-171290254658,23.0,28.348323822021484,5.348323822021484,5.348323822021484
sub-171351329809,10.9,17.807788848876953,6.907788848876953,6.907788848876953
sub-171356174380,12.0,16.567934036254883,4.567934036254883,4.567934036254883
sub-171539146010,23.0,20.502296447753906,-2.4977035522460938,2.4977035522460938
sub-172045848348,18.0,16.3901424407959,-1.6098575592041016,1.6098575592041016
sub-172054310094,19.0,17.27899932861328,-1.7210006713867188,1.7210006713867188
sub-172140404865,19.0,19.162046432495117,0.1620464324951172,0.1620464324951172
sub-172216873628,24.0,21.18526840209961,-2.8147315979003906,2.8147315979003906
sub-172409403491,21.0,21.71626853942871,0.7162685394287109,0.7162685394287109
sub-172456558358,10.3477,17.37572479248047,7.028024792480469,7.028024792480469
sub-172761051392,21.0,17.950260162353516,-3.0497398376464844,3.0497398376464844
sub-173601103742,21.0,23.954782485961914,2.954782485961914,2.954782485961914
sub-173733544878,15.0,18.60500144958496,3.605001449584961,3.605001449584961
sub-174036160594,31.0,19.513774871826172,-11.486225128173828,11.486225128173828
sub-174763886500,61.78507871321013,65.46173858642578,3.676659873215648,3.676659873215648
sub-175461878916,16.3943,16.081157684326172,-0.31314231567382933,0.31314231567382933
sub-175500819727,20.0,22.322355270385742,2.322355270385742,2.322355270385742
sub-175836676634,13.0,15.866745948791504,2.866745948791504,2.866745948791504
sub-175857403422,23.0,34.294925689697266,11.294925689697266,11.294925689697266
sub-176038899289,22.0,17.61924934387207,-4.38075065612793,4.38075065612793
sub-176123703987,23.0,27.960588455200195,4.960588455200195,4.960588455200195
sub-176402200469,23.0,23.21774673461914,0.21774673461914062,0.21774673461914062
sub-177231880980,33.0,30.57323455810547,-2.4267654418945312,2.4267654418945312
sub-177803877315,26.0,36.72428894042969,10.724288940429688,10.724288940429688
sub-178028010876,23.0,45.87865447998047,22.87865447998047,22.87865447998047
sub-178209467155,12.9391,16.484201431274414,3.5451014312744142,3.5451014312744142
sub-178636788500,21.0,22.499710083007812,1.4997100830078125,1.4997100830078125
sub-178786468108,9.75,13.975059509277344,4.225059509277344,4.225059509277344
sub-178794433937,21.0,19.74631690979004,-1.253683090209961,1.253683090209961
sub-179250768268,69.0,59.66755294799805,-9.332447052001953,9.332447052001953
sub-179730432713,24.0,18.839303970336914,-5.160696029663086,5.160696029663086
sub-180525608294,51.0,34.462310791015625,-16.537689208984375,16.537689208984375
sub-181062043787,21.0,40.14066696166992,19.140666961669922,19.140666961669922
sub-181291024762,14.0,23.316326141357422,9.316326141357422,9.316326141357422
sub-181539725053,19.0,37.2723503112793,18.272350311279297,18.272350311279297
sub-181778515289,23.0,24.893136978149414,1.893136978149414,1.893136978149414
sub-182055715585,64.64613278576317,62.43214797973633,-2.2139848060268434,2.2139848060268434
sub-182445285893,19.0,21.213096618652344,2.2130966186523438,2.2130966186523438
sub-182645665011,11.444,20.511213302612305,9.067213302612304,9.067213302612304
sub-182985606883,59.0,23.900117874145508,-35.09988212585449,35.09988212585449
sub-183303321841,11.17,18.59775161743164,7.427751617431641,7.427751617431641
sub-183469359841,23.0,19.919485092163086,-3.080514907836914,3.080514907836914
sub-183469803882,29.0,23.883224487304688,-5.1167755126953125,5.1167755126953125
sub-183653154751,18.0,20.450424194335938,2.4504241943359375,2.4504241943359375
sub-183797804453,9.1,15.04724407196045,5.94724407196045,5.94724407196045
sub-184465736712,19.0,19.007312774658203,0.007312774658203125,0.007312774658203125
sub-184653081457,27.5,28.871601104736328,1.3716011047363281,1.3716011047363281
sub-184796333025,15.0,18.33863067626953,3.3386306762695312,3.3386306762695312
sub-185058251219,27.5,23.207347869873047,-4.292652130126953,4.292652130126953
sub-185101775136,28.0,26.79528045654297,-1.2047195434570312,1.2047195434570312
sub-185811521075,21.0,24.192996978759766,3.1929969787597656,3.1929969787597656
sub-186154851157,30.006844626967823,19.455623626708984,-10.551221000258838,10.551221000258838
sub-186670859341,27.0,25.899738311767578,-1.1002616882324219,1.1002616882324219
sub-186971960974,27.5,24.832218170166016,-2.6677818298339844,2.6677818298339844
sub-187090693848,22.0,27.331016540527344,5.331016540527344,5.331016540527344
sub-187117061343,24.0,29.150007247924805,5.150007247924805,5.150007247924805
sub-187117610937,14.37,11.767681121826172,-2.6023188781738273,2.6023188781738273
sub-187923963114,30.67214236824093,29.5167293548584,-1.1554130133825318,1.1554130133825318
sub-187995579553,21.0,21.301647186279297,0.3016471862792969,0.3016471862792969
sub-188659362086,23.0,17.576602935791016,-5.423397064208984,5.423397064208984
sub-188694833436,35.0,25.395925521850586,-9.604074478149414,9.604074478149414
sub-189320820344,31.0,23.020225524902344,-7.979774475097656,7.979774475097656
sub-189547516532,23.0,15.781515121459961,-7.218484878540039,7.218484878540039
sub-190572977508,21.0,30.027170181274414,9.027170181274414,9.027170181274414
sub-190741588707,19.0,16.987184524536133,-2.012815475463867,2.012815475463867
sub-190752474867,76.78028747433265,61.2658576965332,-15.51442977779945,15.51442977779945
sub-190824700808,42.0,32.82635498046875,-9.17364501953125,9.17364501953125
sub-190926752717,25.0,32.31632995605469,7.3163299560546875,7.3163299560546875
sub-190960900665,60.0,36.38211441040039,-23.61788558959961,23.61788558959961
sub-191130301619,27.0,27.631174087524414,0.6311740875244141,0.6311740875244141
sub-191462151641,19.0,21.442829132080078,2.442829132080078,2.442829132080078
sub-191710084170,17.1,12.783102989196777,-4.316897010803224,4.316897010803224
sub-191721733310,21.0,19.992910385131836,-1.007089614868164,1.007089614868164
sub-191917648773,11.8,14.813539505004883,3.013539505004882,3.013539505004882
sub-192108161449,25.0,17.978242874145508,-7.021757125854492,7.021757125854492
sub-192165999733,21.0,22.267581939697266,1.2675819396972656,1.2675819396972656
sub-192342344812,20.0,18.03059959411621,-1.969400405883789,1.969400405883789
sub-192529878872,19.0,24.424129486083984,5.424129486083984,5.424129486083984
sub-192969634654,32.5,30.33533477783203,-2.1646652221679688,2.1646652221679688
sub-193705299750,21.0,15.49212646484375,-5.50787353515625,5.50787353515625
sub-194435801089,19.0,19.99015998840332,0.9901599884033203,0.9901599884033203
sub-194461506428,27.5,17.93729591369629,-9.562704086303711,9.562704086303711
sub-194684487354,27.5,25.406766891479492,-2.093233108520508,2.093233108520508
sub-194725619450,12.76,12.211618423461914,-0.5483815765380857,0.5483815765380857
sub-195203771483,30.17659137577002,22.56184959411621,-7.614741781653809,7.614741781653809
sub-195281345026,23.0,22.748632431030273,-0.25136756896972656,0.25136756896972656
sub-195594361453,26.0,23.209121704101562,-2.7908782958984375,2.7908782958984375
sub-195649292771,19.0,25.405914306640625,6.405914306640625,6.405914306640625
sub-195818230472,25.0,23.25440216064453,-1.7455978393554688,1.7455978393554688
sub-195935417501,21.0,23.483182907104492,2.483182907104492,2.483182907104492
sub-196146731599,46.0,27.599266052246094,-18.400733947753906,18.400733947753906
sub-196179687529,27.5,29.061561584472656,1.5615615844726562,1.5615615844726562
sub-196183703425,13.0,14.80134391784668,1.8013439178466797,1.8013439178466797
sub-196364717054,27.0,26.92257308959961,-0.07742691040039062,0.07742691040039062
sub-196554400534,25.0,19.637287139892578,-5.362712860107422,5.362712860107422
sub-197022623926,19.7591,20.668001174926758,0.9089011749267577,0.9089011749267577
sub-197059739649,48.54757015742642,28.261138916015625,-20.286431241410796,20.286431241410796
sub-197226188680,60.46269678302532,44.49549865722656,-15.96719812579876,15.96719812579876
sub-197974406551,23.9,22.029052734375,-1.8709472656249986,1.8709472656249986
sub-198357080175,25.0,21.31273651123047,-3.6872634887695312,3.6872634887695312
sub-198802102032,19.0,19.350914001464844,0.35091400146484375,0.35091400146484375
sub-198882545020,21.0,20.399797439575195,-0.6002025604248047,0.6002025604248047
sub-199079306360,10.53,13.89184284210205,3.3618428421020514,3.3618428421020514
sub-199368890202,27.0,21.48149871826172,-5.518501281738281,5.518501281738281
sub-199603028032,30.66,21.70807647705078,-8.951923522949219,8.951923522949219
sub-199857158538,21.0,19.485733032226562,-1.5142669677734375,1.5142669677734375
sub-199914722921,23.0,29.04863739013672,6.048637390136719,6.048637390136719
sub-199939483372,56.87337440109514,29.398771286010742,-27.4746031150844,27.4746031150844
sub-200054890273,9.8,14.583585739135742,4.7835857391357415,4.7835857391357415
sub-200367335302,23.0,23.459230422973633,0.4592304229736328,0.4592304229736328
sub-200503449675,27.0,24.37077522277832,-2.6292247772216797,2.6292247772216797
sub-200688160174,23.0,24.233224868774414,1.233224868774414,1.233224868774414
sub-200829694210,21.0,21.502500534057617,0.5025005340576172,0.5025005340576172
sub-200978776791,18.0,23.564929962158203,5.564929962158203,5.564929962158203
sub-201390671874,13.30684932,10.629030227661133,-2.6778190923388667,2.6778190923388667
sub-202036712129,21.0,22.927579879760742,1.9275798797607422,1.9275798797607422
sub-202057545121,22.5,24.044902801513672,1.5449028015136719,1.5449028015136719
sub-202617672982,11.28493151,18.650827407836914,7.365895897836914,7.365895897836914
sub-202694887076,23.0,25.194801330566406,2.1948013305664062,2.1948013305664062
sub-203218358650,25.0,40.124114990234375,15.124114990234375,15.124114990234375
sub-203693889668,23.0,37.479496002197266,14.479496002197266,14.479496002197266
sub-203856470224,65.85352498288843,37.78138732910156,-28.072137653786868,28.072137653786868
sub-204753452338,19.0,24.095069885253906,5.095069885253906,5.095069885253906
sub-204882758146,72.3258042436687,39.60786819458008,-32.71793604908862,32.71793604908862
sub-205057332807,23.0,28.78453826904297,5.784538269042969,5.784538269042969
sub-205303482394,23.34839151266256,14.65976619720459,-8.68862531545797,8.68862531545797
sub-205485410446,27.0,17.25787353515625,-9.74212646484375,9.74212646484375
sub-205762939076,20.0,28.899322509765625,8.899322509765625,8.899322509765625
sub-206044002155,19.0,24.53876495361328,5.538764953613281,5.538764953613281
sub-206099391777,29.0,23.991592407226562,-5.0084075927734375,5.0084075927734375
sub-206369659892,26.03,26.009336471557617,-0.02066352844238395,0.02066352844238395
sub-206815249910,45.7741273100616,29.19898796081543,-16.57513934924617,16.57513934924617
sub-206949772311,10.78082192,15.122096061706543,4.341274141706544,4.341274141706544
sub-207042049080,21.0,20.994539260864258,-0.0054607391357421875,0.0054607391357421875
sub-207254625725,21.0,20.459747314453125,-0.540252685546875,0.540252685546875
sub-207275791415,78.20396988364135,61.793853759765625,-16.410116123875724,16.410116123875724
sub-207858828670,19.0,16.365509033203125,-2.634490966796875,2.634490966796875
sub-208102410175,27.5,23.732288360595703,-3.767711639404297,3.767711639404297
sub-209038064880,21.0,20.257776260375977,-0.7422237396240234,0.7422237396240234
sub-209223851167,18.5818,22.455081939697266,3.8732819396972644,3.8732819396972644
sub-209325230764,16.0,19.013612747192383,3.013612747192383,3.013612747192383
sub-209401728890,19.0,19.390308380126953,0.3903083801269531,0.3903083801269531
sub-209571211775,15.25,15.905158996582031,0.6551589965820312,0.6551589965820312
sub-209581014407,10.0,11.158843040466309,1.1588430404663086,1.1588430404663086
sub-209902813254,21.22,21.72227668762207,0.5022766876220714,0.5022766876220714
sub-210027157954,11.0,28.35381507873535,17.35381507873535,17.35381507873535
sub-210286147525,21.0,18.721965789794922,-2.278034210205078,2.278034210205078
sub-210405402058,27.5,21.720157623291016,-5.779842376708984,5.779842376708984
sub-211479171648,30.0,21.300535202026367,-8.699464797973633,8.699464797973633
sub-211632456861,21.0,19.881895065307617,-1.1181049346923828,1.1181049346923828
sub-211700292441,8.0,18.893585205078125,10.893585205078125,10.893585205078125
sub-211816595199,45.61533196440794,36.588199615478516,-9.027132348929428,9.027132348929428
sub-211954748415,12.0,14.11219596862793,2.1121959686279297,2.1121959686279297
sub-212082942916,19.0,22.411487579345703,3.411487579345703,3.411487579345703
sub-212174852658,19.0,18.03554916381836,-0.9644508361816406,0.9644508361816406
sub-212519080242,27.5,25.923398971557617,-1.5766010284423828,1.5766010284423828
sub-212864828873,22.5,22.87793731689453,0.37793731689453125,0.37793731689453125
sub-213073713974,11.8816,15.761829376220703,3.8802293762207025,3.8802293762207025
sub-213494831059,11.1999,12.011378288269043,0.8114782882690434,0.8114782882690434
sub-213536717598,30.0,21.363937377929688,-8.636062622070312,8.636062622070312
sub-213706959470,19.0,17.840713500976562,-1.1592864990234375,1.1592864990234375
sub-214324126120,21.0,20.402759552001953,-0.5972404479980469,0.5972404479980469
sub-214490071049,6.685832,7.474029541015625,0.7881975410156246,0.7881975410156246
sub-214736954511,27.0,29.54022979736328,2.5402297973632812,2.5402297973632812
sub-215260895776,21.0,18.6867618560791,-2.3132381439208984,2.3132381439208984
sub-215309667822,23.0,24.38072395324707,1.3807239532470703,1.3807239532470703
sub-215419545430,13.66,19.28238296508789,5.6223829650878905,5.6223829650878905
sub-215886595624,27.5,20.376792907714844,-7.123207092285156,7.123207092285156
sub-216116849338,23.0,35.323184967041016,12.323184967041016,12.323184967041016
sub-216155634163,48.0,46.71659851074219,-1.2834014892578125,1.2834014892578125
sub-216284306640,21.0,22.57206153869629,1.572061538696289,1.572061538696289
sub-216437025414,14.4,17.644115447998047,3.2441154479980465,3.2441154479980465
sub-216691637184,29.0,19.880477905273438,-9.119522094726562,9.119522094726562
sub-217201093508,25.0,20.490177154541016,-4.509822845458984,4.509822845458984
sub-217737190292,16.1,20.103652954101562,4.003652954101561,4.003652954101561
sub-218043359082,13.28,17.990737915039062,4.710737915039063,4.710737915039063
sub-218188880547,22.5,29.24480438232422,6.744804382324219,6.744804382324219
sub-218293958057,25.0,22.03519630432129,-2.964803695678711,2.964803695678711
sub-218365089631,21.0,21.95930290222168,0.9593029022216797,0.9593029022216797
sub-218946650908,20.0,24.841529846191406,4.841529846191406,4.841529846191406
sub-219362965054,21.0,20.0340518951416,-0.9659481048583984,0.9659481048583984
sub-219534619012,19.0,17.193344116210938,-1.8066558837890625,1.8066558837890625
sub-220335571493,25.0,56.0098762512207,31.009876251220703,31.009876251220703
sub-220370805249,21.0,28.12063217163086,7.120632171630859,7.120632171630859
sub-220390354293,21.0,14.347848892211914,-6.652151107788086,6.652151107788086
sub-221187714859,21.0,22.225257873535156,1.2252578735351562,1.2252578735351562
sub-221201405517,41.20465434633813,23.024517059326172,-18.18013728701196,18.18013728701196
sub-221264002579,24.0,15.109451293945312,-8.890548706054688,8.890548706054688
sub-221319995904,19.0,17.089733123779297,-1.9102668762207031,1.9102668762207031
sub-221347736884,21.0,17.635820388793945,-3.3641796112060547,3.3641796112060547
sub-221448045666,20.0,15.890640258789062,-4.1093597412109375,4.1093597412109375
sub-221620880012,20.908966461327857,25.638639450073242,4.729672988745385,4.729672988745385
sub-222431356338,21.0,22.240978240966797,1.2409782409667969,1.2409782409667969
sub-222441587470,8.46,9.33011531829834,0.870115318298339,0.870115318298339
sub-222716353013,25.0,41.046302795410156,16.046302795410156,16.046302795410156
sub-222856043629,9.5,12.943195343017578,3.443195343017578,3.443195343017578
sub-222857937247,11.0,17.52052879333496,6.520528793334961,6.520528793334961
sub-223064692200,21.0,30.37751579284668,9.37751579284668,9.37751579284668
sub-223185119590,27.5,37.63393783569336,10.13393783569336,10.13393783569336
sub-223760514375,21.0,18.155763626098633,-2.844236373901367,2.844236373901367
sub-224217740103,62.5,25.88261604309082,-36.61738395690918,36.61738395690918
sub-224367464213,23.0,14.901500701904297,-8.098499298095703,8.098499298095703
sub-224456072364,19.0,19.79854965209961,0.7985496520996094,0.7985496520996094
sub-225032756965,19.0,21.469045639038086,2.469045639038086,2.469045639038086
sub-225227561439,11.07,14.251018524169922,3.1810185241699216,3.1810185241699216
sub-225288020622,19.0,20.730466842651367,1.7304668426513672,1.7304668426513672
sub-225338597322,27.0,26.370271682739258,-0.6297283172607422,0.6297283172607422
sub-225495052599,25.0,24.347808837890625,-0.652191162109375,0.652191162109375
sub-225761821123,67.5,51.79032897949219,-15.709671020507812,15.709671020507812
sub-225907205512,14.41,15.47662353515625,1.0666235351562499,1.0666235351562499
sub-225946046364,19.0,19.772584915161133,0.7725849151611328,0.7725849151611328
sub-226154264891,19.0,21.64746856689453,2.6474685668945312,2.6474685668945312
sub-226452786587,26.0,27.144392013549805,1.1443920135498047,1.1443920135498047
sub-226781082361,25.0,23.615488052368164,-1.384511947631836,1.384511947631836
sub-226872124353,18.0,18.75602149963379,0.7560214996337891,0.7560214996337891
sub-228370965361,24.0,20.62064552307129,-3.379354476928711,3.379354476928711
sub-228560693895,22.5,22.494770050048828,-0.005229949951171875,0.005229949951171875
sub-228707233803,24.3750855578371,17.450942993164062,-6.924142564673037,6.924142564673037
sub-229077327791,15.0,37.15177536010742,22.151775360107422,22.151775360107422
sub-229294744251,27.0,15.685030937194824,-11.314969062805176,11.314969062805176
sub-229531083910,21.0,20.5412540435791,-0.45874595642089844,0.45874595642089844
sub-229569889740,9.82,11.723679542541504,1.9036795425415036,1.9036795425415036
sub-230496424118,78.5845311430527,67.2847671508789,-11.299763992173794,11.299763992173794
sub-230539378159,11.14794521,17.321348190307617,6.173402980307618,6.173402980307618
sub-231330798218,10.29589041,12.858421325683594,2.5625309156835936,2.5625309156835936
sub-231581179705,21.0,22.396595001220703,1.3965950012207031,1.3965950012207031
sub-231906033276,9.64109589,13.785200119018555,4.144104229018554,4.144104229018554
sub-231974987170,30.89390828199863,28.569515228271484,-2.324393053727146,2.324393053727146
sub-232331035108,72.5,64.45697021484375,-8.04302978515625,8.04302978515625
sub-232603114020,21.0,18.8123779296875,-2.1876220703125,2.1876220703125
sub-232874226715,19.0,24.229785919189453,5.229785919189453,5.229785919189453
sub-232903721765,19.0,21.77187156677246,2.771871566772461,2.771871566772461
sub-232954346633,22.5,30.50271987915039,8.00271987915039,8.00271987915039
sub-233320582225,23.0,31.496374130249023,8.496374130249023,8.496374130249023
sub-233439764905,21.0,22.67578125,1.67578125,1.67578125
sub-234024541244,25.0,24.690706253051758,-0.3092937469482422,0.3092937469482422
sub-234330619817,21.0,26.03819465637207,5.03819465637207,5.03819465637207
sub-234533737919,11.0,12.780198097229004,1.780198097229004,1.780198097229004
sub-234544356705,23.0,20.381412506103516,-2.6185874938964844,2.6185874938964844
sub-234754984795,24.0,24.538183212280273,0.5381832122802734,0.5381832122802734
sub-235188204269,19.0,24.734832763671875,5.734832763671875,5.734832763671875
sub-235364138668,25.0,29.072635650634766,4.072635650634766,4.072635650634766
sub-235909880442,21.0,24.271583557128906,3.2715835571289062,3.2715835571289062
sub-236070480159,15.0,19.213268280029297,4.213268280029297,4.213268280029297
sub-236684962470,31.134839151266256,31.122238159179688,-0.012600992086568397,0.012600992086568397
sub-236877858843,21.0,20.26643180847168,-0.7335681915283203,0.7335681915283203
sub-237021285455,27.0,22.076248168945312,-4.9237518310546875,4.9237518310546875
sub-237188599607,16.6,19.42337417602539,2.823374176025389,2.823374176025389
sub-237453925731,23.0,19.518718719482422,-3.481281280517578,3.481281280517578
sub-237774525299,24.0,28.999927520751953,4.999927520751953,4.999927520751953
sub-238305757701,21.0,21.007469177246094,0.00746917724609375,0.00746917724609375
sub-238319148726,30.0,50.92306137084961,20.92306137084961,20.92306137084961
sub-238501970612,21.0,24.25326156616211,3.2532615661621094,3.2532615661621094
sub-238515208525,21.0,25.574337005615234,4.574337005615234,4.574337005615234
sub-238616702365,63.4031485284052,70.08626556396484,6.683117035559647,6.683117035559647
sub-238824792464,21.0,21.17549705505371,0.17549705505371094,0.17549705505371094
sub-238840828064,12.65753425,9.327683448791504,-3.3298508012084955,3.3298508012084955
sub-238860242118,19.0,18.39028549194336,-0.6097145080566406,0.6097145080566406
sub-239134718630,21.0,32.47099304199219,11.470993041992188,11.470993041992188
sub-239489511795,13.5,14.023784637451172,0.5237846374511719,0.5237846374511719
sub-239529578005,43.460643394934976,40.75863265991211,-2.702010735022867,2.702010735022867
sub-239667774037,19.0,28.187236785888672,9.187236785888672,9.187236785888672
sub-240000170343,13.35,14.921640396118164,1.5716403961181644,1.5716403961181644
sub-240663724967,20.698151950718685,26.426128387451172,5.727976436732487,5.727976436732487
sub-240921511661,19.0,20.0960693359375,1.0960693359375,1.0960693359375
sub-241089644624,37.0,29.766942977905273,-7.233057022094727,7.233057022094727
sub-241198125340,21.0,19.608903884887695,-1.3910961151123047,1.3910961151123047
sub-241456506011,14.2,18.494964599609375,4.294964599609376,4.294964599609376
sub-241645046959,19.0,19.379196166992188,0.3791961669921875,0.3791961669921875
sub-241645657962,21.0,23.34646224975586,2.3464622497558594,2.3464622497558594
sub-241739908307,79.0,48.9238166809082,-30.076183319091797,30.076183319091797
sub-241934772035,27.38398357289528,22.218505859375,-5.1654777135202785,5.1654777135202785
sub-242113707606,25.0,22.390512466430664,-2.609487533569336,2.609487533569336
sub-242581855070,53.41273100616017,37.59142303466797,-15.821307971492203,15.821307971492203
sub-242738003665,21.0,16.373964309692383,-4.626035690307617,4.626035690307617
sub-242962705641,21.0,17.62728500366211,-3.3727149963378906,3.3727149963378906
sub-243251639637,21.0,25.144973754882812,4.1449737548828125,4.1449737548828125
sub-244062002869,8.0,11.513164520263672,3.513164520263672,3.513164520263672
sub-244085485212,10.4,18.007312774658203,7.607312774658203,7.607312774658203
sub-244687579716,19.0,27.563064575195312,8.563064575195312,8.563064575195312
sub-244803317233,70.0,51.11818313598633,-18.881816864013672,18.881816864013672
sub-244867958007,38.902121834360024,23.18836212158203,-15.713759712777993,15.713759712777993
sub-244954065411,19.0,24.206327438354492,5.206327438354492,5.206327438354492
sub-245055811403,36.0,20.307022094726562,-15.692977905273438,15.692977905273438
sub-245235309359,21.0,31.639957427978516,10.639957427978516,10.639957427978516
sub-245306557719,30.0,22.873044967651367,-7.126955032348633,7.126955032348633
sub-247003464078,21.0,30.044597625732422,9.044597625732422,9.044597625732422
sub-247404824122,19.0,16.218008041381836,-2.781991958618164,2.781991958618164
sub-247463425270,21.0,41.059940338134766,20.059940338134766,20.059940338134766
sub-247550701786,23.0,20.315584182739258,-2.684415817260742,2.684415817260742
sub-247787484871,23.0,20.431427001953125,-2.568572998046875,2.568572998046875
sub-248018078594,21.0,24.905115127563477,3.9051151275634766,3.9051151275634766
sub-248621586039,67.5,41.32735061645508,-26.172649383544922,26.172649383544922
sub-249349570195,19.0,31.73039436340332,12.73039436340332,12.73039436340332
sub-249453595661,17.1,18.220016479492188,1.120016479492186,1.120016479492186
sub-249490422156,17.13,21.05801773071289,3.9280177307128916,3.9280177307128916
sub-249622142769,27.5,34.43043899536133,6.930438995361328,6.930438995361328
sub-250216400468,19.0,22.459674835205078,3.459674835205078,3.459674835205078
sub-250479162697,59.38124572210815,65.37879180908203,5.997546086973884,5.997546086973884
sub-250511855843,8.9747,13.41917610168457,4.44447610168457,4.44447610168457
sub-250517852869,9.4,12.76564884185791,3.36564884185791,3.36564884185791
sub-250739202322,23.0,19.287372589111328,-3.712627410888672,3.712627410888672
sub-250777583312,22.0,35.30982208251953,13.309822082519531,13.309822082519531
sub-250985467668,19.0,25.476953506469727,6.476953506469727,6.476953506469727
sub-251108118714,40.5284052019165,19.591510772705078,-20.93689442921142,20.93689442921142
sub-251152153076,27.0,15.810070037841797,-11.189929962158203,11.189929962158203
sub-251224069006,21.0,19.33206558227539,-1.6679344177246094,1.6679344177246094
sub-251630004450,29.0,30.311141967773438,1.3111419677734375,1.3111419677734375
sub-251693910372,11.0,14.222740173339844,3.2227401733398438,3.2227401733398438
sub-252483776634,19.0,24.040447235107422,5.040447235107422,5.040447235107422
sub-252614167190,19.0,22.202909469604492,3.202909469604492,3.202909469604492
sub-252670417736,19.0,21.25228500366211,2.2522850036621094,2.2522850036621094
sub-252716718575,21.0,19.986433029174805,-1.0135669708251953,1.0135669708251953
sub-252717977376,68.50924024640658,69.30714416503906,0.7979039186324854,0.7979039186324854
sub-252880188419,17.56,20.448925018310547,2.888925018310548,2.888925018310548
sub-253019663551,19.5,18.71915626525879,-0.7808437347412109,0.7808437347412109
sub-253582671864,23.0,19.123220443725586,-3.876779556274414,3.876779556274414
sub-253628051441,19.0,23.063148498535156,4.063148498535156,4.063148498535156
sub-254063930053,43.16221765913758,25.00156021118164,-18.16065744795594,18.16065744795594
sub-254246195492,19.0,30.499418258666992,11.499418258666992,11.499418258666992
sub-254729298278,42.5,33.15312576293945,-9.346874237060547,9.346874237060547
sub-255136963981,28.0,22.59381103515625,-5.40618896484375,5.40618896484375
sub-255360929670,29.0,28.929882049560547,-0.07011795043945312,0.07011795043945312
sub-255727004569,19.0,18.58698272705078,-0.41301727294921875,0.41301727294921875
sub-255882149200,56.67624914442163,38.58729553222656,-18.08895361219507,18.08895361219507
sub-256138999520,22.5,25.958696365356445,3.4586963653564453,3.4586963653564453
sub-256341839765,56.9637234770705,27.420124053955078,-29.543599423115424,29.543599423115424
sub-256357251266,59.671457905544145,64.13895416259766,4.4674962570535115,4.4674962570535115
sub-256511281689,19.0,20.439769744873047,1.4397697448730469,1.4397697448730469
sub-256844989684,25.0,21.035049438476562,-3.9649505615234375,3.9649505615234375
sub-257021428477,19.0,26.182649612426758,7.182649612426758,7.182649612426758
sub-257828464685,19.0,23.217716217041016,4.217716217041016,4.217716217041016
sub-258048891312,21.0,20.0460262298584,-0.9539737701416016,0.9539737701416016
sub-258374254828,19.0,18.168540954589844,-0.8314590454101562,0.8314590454101562
sub-258404721857,22.0,19.716646194458008,-2.283353805541992,2.283353805541992
sub-259351679051,21.0,23.149568557739258,2.149568557739258,2.149568557739258
sub-259391245786,59.0,36.66558837890625,-22.33441162109375,22.33441162109375
sub-259424184976,11.0,10.110898971557617,-0.8891010284423828,0.8891010284423828
sub-259547897813,19.0,15.120612144470215,-3.879387855529785,3.879387855529785
sub-260062396891,19.0,21.23026466369629,2.230264663696289,2.230264663696289
sub-260346128610,9.0,8.876444816589355,-0.12355518341064453,0.12355518341064453
sub-261295933568,13.0,25.791133880615234,12.791133880615234,12.791133880615234
sub-261666162953,28.0,31.693790435791016,3.6937904357910156,3.6937904357910156
sub-262202743250,13.1,18.492605209350586,5.392605209350586,5.392605209350586
sub-262457593277,21.0,22.50742530822754,1.507425308227539,1.507425308227539
sub-263819529475,33.91649555099247,30.00816535949707,-3.908330191495402,3.908330191495402
sub-264104876540,21.0,21.198619842529297,0.19861984252929688,0.19861984252929688
sub-264717518453,19.0,24.587556838989258,5.587556838989258,5.587556838989258
sub-264782182812,55.0,35.94709777832031,-19.052902221679688,19.052902221679688
sub-265153296950,13.5,15.46159553527832,1.9615955352783203,1.9615955352783203
sub-265273157235,29.0,28.736806869506836,-0.26319313049316406,0.26319313049316406
sub-265534577682,13.8,17.812545776367188,4.012545776367187,4.012545776367187
sub-265685893940,23.0,21.355640411376953,-1.6443595886230469,1.6443595886230469
sub-266307733456,25.0,22.922100067138672,-2.077899932861328,2.077899932861328
sub-266666775428,12.0,17.372032165527344,5.372032165527344,5.372032165527344
sub-268040113669,21.0,18.838769912719727,-2.1612300872802734,2.1612300872802734
sub-268081601695,12.0,17.565711975097656,5.565711975097656,5.565711975097656
sub-268346653282,22.0,21.95512580871582,-0.04487419128417969,0.04487419128417969
sub-268420839498,28.120465434633807,33.64228439331055,5.521818958676739,5.521818958676739
sub-268879454052,61.48665297741273,63.05712127685547,1.5704682994427372,1.5704682994427372
sub-269394554138,29.0,24.35134506225586,-4.648654937744141,4.648654937744141
sub-269603671377,19.0,24.22273826599121,5.222738265991211,5.222738265991211
sub-269937866674,21.0,20.55154037475586,-0.4484596252441406,0.4484596252441406
sub-270347217232,26.0,20.545944213867188,-5.4540557861328125,5.4540557861328125
sub-270971154789,21.0,26.085718154907227,5.085718154907227,5.085718154907227
sub-271317255923,23.69883641341547,20.4532527923584,-3.2455836210570723,3.2455836210570723
sub-271649634632,21.0,24.128128051757812,3.1281280517578125,3.1281280517578125
sub-271688697419,29.0,20.997121810913086,-8.002878189086914,8.002878189086914
sub-271880337764,19.0,24.804140090942383,5.804140090942383,5.804140090942383
sub-272699721591,21.0,18.376140594482422,-2.623859405517578,2.623859405517578
sub-272887401785,21.0,21.979677200317383,0.9796772003173828,0.9796772003173828
sub-273169726487,19.0,32.22911071777344,13.229110717773438,13.229110717773438
sub-273391779679,38.78165639972622,30.00237464904785,-8.779281750678365,8.779281750678365
sub-273534194914,10.79,17.70697784423828,6.916977844238282,6.916977844238282
sub-273748695345,19.0,24.097579956054688,5.0975799560546875,5.0975799560546875
sub-273799460640,8.062971000000001,13.970579147338867,5.907608147338866,5.907608147338866
sub-273878067755,10.0,16.487171173095703,6.487171173095703,6.487171173095703
sub-274268361591,72.5,45.69499206542969,-26.805007934570312,26.805007934570312
sub-274305053661,23.0,18.338865280151367,-4.661134719848633,4.661134719848633
sub-274663764893,19.0,17.824462890625,-1.175537109375,1.175537109375
sub-275393428702,21.0,24.536476135253906,3.5364761352539062,3.5364761352539062
sub-275672449200,21.0,22.81186866760254,1.811868667602539,1.811868667602539
sub-275841492998,30.0,18.6027774810791,-11.397222518920898,11.397222518920898
sub-276219914266,28.0,27.019975662231445,-0.9800243377685547,0.9800243377685547
sub-276300333762,19.0,15.575193405151367,-3.424806594848633,3.424806594848633
sub-276630944980,72.5,46.688289642333984,-25.811710357666016,25.811710357666016
sub-276750471965,13.0,15.85293197631836,2.8529319763183594,2.8529319763183594
sub-277072542882,27.0,23.90850067138672,-3.0914993286132812,3.0914993286132812
sub-277563534370,19.0,27.730205535888672,8.730205535888672,8.730205535888672
sub-278098605573,17.2,23.781314849853516,6.581314849853516,6.581314849853516
sub-278306641376,19.0,21.842010498046875,2.842010498046875,2.842010498046875
sub-278339857109,12.66027397,17.7384033203125,5.0781293503125,5.0781293503125
sub-278388213595,23.0,35.845394134521484,12.845394134521484,12.845394134521484
sub-278820149983,21.0,21.409164428710938,0.4091644287109375,0.4091644287109375
sub-278859613706,8.375086,12.390687942504883,4.015601942504883,4.015601942504883
sub-279716221372,13.0,17.87192153930664,4.871921539306641,4.871921539306641
sub-280353298061,23.0,27.926910400390625,4.926910400390625,4.926910400390625
sub-280491821637,11.04109589,9.166693687438965,-1.8744022025610345,1.8744022025610345
sub-280829663174,27.5,40.79981231689453,13.299812316894531,13.299812316894531
sub-281171079038,19.0,22.17954444885254,3.179544448852539,3.179544448852539
sub-281250458251,10.29,21.495546340942383,11.205546340942384,11.205546340942384
sub-282274124491,13.24931507,16.821706771850586,3.572391701850586,3.572391701850586
sub-283866019979,25.0,23.54222297668457,-1.4577770233154297,1.4577770233154297
sub-284188545251,21.0,25.093523025512695,4.093523025512695,4.093523025512695
sub-284462322919,36.47912388774811,40.10650634765625,3.627382459908141,3.627382459908141
sub-284467484968,25.0,27.07952117919922,2.0795211791992188,2.0795211791992188
sub-284931213796,9.745205479,9.658761978149414,-0.08644350085058505,0.08644350085058505
sub-284979093050,25.0,37.99866485595703,12.998664855957031,12.998664855957031
sub-285593347262,21.0,19.697229385375977,-1.3027706146240234,1.3027706146240234
sub-285839371492,12.0,17.209409713745117,5.209409713745117,5.209409713745117
sub-286013330597,12.16438356,12.007834434509277,-0.15654912549072186,0.15654912549072186
sub-286260365723,6.329911,11.973857879638672,5.643946879638672,5.643946879638672
sub-286377011623,19.0,21.28655433654785,2.2865543365478516,2.2865543365478516
sub-287060632619,23.0,25.99293327331543,2.9929332733154297,2.9929332733154297
sub-287389356878,74.0,51.2683219909668,-22.731678009033203,22.731678009033203
sub-287470725724,14.0,23.13376808166504,9.133768081665039,9.133768081665039
sub-287536234169,21.0,21.46380043029785,0.46380043029785156,0.46380043029785156
sub-287677435094,21.0,21.954322814941406,0.9543228149414062,0.9543228149414062
sub-287694968928,58.28062970568104,54.5588493347168,-3.7217803709642396,3.7217803709642396
sub-288219585847,21.0,26.27259635925293,5.27259635925293,5.27259635925293
sub-288264084208,7.764544832,18.190820693969727,10.426275861969726,10.426275861969726
sub-288275511552,57.06776180698152,40.36689758300781,-16.70086422397371,16.70086422397371
sub-289431285739,14.0,22.507326126098633,8.507326126098633,8.507326126098633
sub-289461458220,18.0,20.180795669555664,2.180795669555664,2.180795669555664
sub-289686316524,23.0,35.452362060546875,12.452362060546875,12.452362060546875
sub-290730786497,41.122518822724146,21.4715518951416,-19.650966927582544,19.650966927582544
sub-290821153245,19.0,34.24275207519531,15.242752075195312,15.242752075195312
sub-290836566577,23.0,19.266395568847656,-3.7336044311523438,3.7336044311523438
sub-291587861176,16.104,16.18255043029785,0.07855043029785236,0.07855043029785236
sub-291670704840,14.0,15.363243103027344,1.3632431030273438,1.3632431030273438
sub-291992215520,19.0,18.943923950195312,-0.0560760498046875,0.0560760498046875
sub-292093039235,21.0,22.487770080566406,1.4877700805664062,1.4877700805664062
sub-292163783288,41.51950718685831,32.158077239990234,-9.361429946868078,9.361429946868078
sub-292562158968,19.0,18.660842895507812,-0.3391571044921875,0.3391571044921875
sub-292931997189,10.82,19.002256393432617,8.182256393432617,8.182256393432617
sub-292984908300,23.0,22.144685745239258,-0.8553142547607422,0.8553142547607422
sub-293152138205,19.0,22.69603729248047,3.6960372924804688,3.6960372924804688
sub-293359437443,23.0,24.29290008544922,1.2929000854492188,1.2929000854492188
sub-293445012236,25.018480492813143,18.84478759765625,-6.1736928951568935,6.1736928951568935
sub-294096075340,25.0,32.46440887451172,7.464408874511719,7.464408874511719
sub-294920124233,19.0,24.875240325927734,5.875240325927734,5.875240325927734
sub-295055472914,14.0,17.0910701751709,3.0910701751708984,3.0910701751708984
sub-295441371216,22.0,22.550350189208984,0.5503501892089844,0.5503501892089844
sub-295485375852,13.0,16.380903244018555,3.3809032440185547,3.3809032440185547
sub-295664409002,23.0,32.880863189697266,9.880863189697266,9.880863189697266
sub-295818217348,21.0,23.3320369720459,2.3320369720458984,2.3320369720458984
sub-296199045528,22.5,24.184911727905273,1.6849117279052734,1.6849117279052734
sub-296427539569,19.0,19.756046295166016,0.7560462951660156,0.7560462951660156
sub-296480886181,25.0,23.0712947845459,-1.9287052154541016,1.9287052154541016
sub-296656452301,19.0,20.01310157775879,1.013101577758789,1.013101577758789
sub-296950225202,72.5,25.950963973999023,-46.54903602600098,46.54903602600098
sub-297343119496,21.0,19.216445922851562,-1.7835540771484375,1.7835540771484375
sub-298312793047,21.0,26.57825469970703,5.578254699707031,5.578254699707031
sub-298381638165,15.0,19.608797073364258,4.608797073364258,4.608797073364258
sub-298394215355,19.0,26.29088592529297,7.290885925292969,7.290885925292969
sub-299053759850,67.0,34.02753829956055,-32.97246170043945,32.97246170043945
sub-299128749353,13.0,12.190237998962402,-0.8097620010375977,0.8097620010375977
sub-299189190633,21.0,19.151887893676758,-1.8481121063232422,1.8481121063232422
sub-299515347423,19.0,21.439334869384766,2.4393348693847656,2.4393348693847656
sub-299651462165,21.0,14.947371482849121,-6.052628517150879,6.052628517150879
sub-299666419729,30.0,22.02739715576172,-7.972602844238281,7.972602844238281
sub-299690677871,32.0,23.580215454101562,-8.419784545898438,8.419784545898438
sub-299813216713,19.0,14.848015785217285,-4.151984214782715,4.151984214782715
sub-299898598078,24.0,36.2349853515625,12.2349853515625,12.2349853515625
sub-300059242922,21.0,27.01797103881836,6.017971038818359,6.017971038818359
sub-300202586409,21.0,21.672595977783203,0.6725959777832031,0.6725959777832031
sub-300521812714,32.0,22.84734344482422,-9.152656555175781,9.152656555175781
sub-300699768338,23.0,20.532169342041016,-2.4678306579589844,2.4678306579589844
sub-300869797602,23.0,26.757366180419922,3.757366180419922,3.757366180419922
sub-301313422615,23.0,21.887203216552734,-1.1127967834472656,1.1127967834472656
sub-302717422870,57.22108145106093,32.39599609375,-24.825085357310932,24.825085357310932
sub-303198127376,67.53456536618754,33.71249771118164,-33.822067655005895,33.822067655005895
sub-303310574754,72.5,57.44037628173828,-15.059623718261719,15.059623718261719
sub-303698168005,70.24777549623546,63.033226013183594,-7.214549483051869,7.214549483051869
sub-303933482994,21.0,43.1622428894043,22.162242889404297,22.162242889404297
sub-304120926484,12.0,17.196226119995117,5.196226119995117,5.196226119995117
sub-304156026895,21.0,33.146026611328125,12.146026611328125,12.146026611328125
sub-304598813829,25.0,19.626171112060547,-5.373828887939453,5.373828887939453
sub-304646821863,19.0,19.64310646057129,0.6431064605712891,0.6431064605712891
sub-305035849276,25.0,18.958662033081055,-6.041337966918945,6.041337966918945
sub-305193425414,8.583333332999999,11.10427188873291,2.5209385557329114,2.5209385557329114
sub-305446044226,26.92950034223135,26.07321548461914,-0.8562848576122093,0.8562848576122093
sub-305664557456,25.0,21.189939498901367,-3.810060501098633,3.810060501098633
sub-305971565873,19.0,21.143321990966797,2.143321990966797,2.143321990966797
sub-306129715275,12.0,15.332941055297852,3.3329410552978516,3.3329410552978516
sub-306285398472,13.0,26.580018997192383,13.580018997192383,13.580018997192383
sub-306640245722,33.0,26.234607696533203,-6.765392303466797,6.765392303466797
sub-306848656753,8.39,15.260953903198242,6.870953903198242,6.870953903198242
sub-307350205323,32.936344969199176,41.718780517578125,8.782435548378949,8.782435548378949
sub-307727489701,23.0,26.188127517700195,3.1881275177001953,3.1881275177001953
sub-308203540046,23.0,37.28922653198242,14.289226531982422,14.289226531982422
sub-308416050275,21.0,20.553789138793945,-0.4462108612060547,0.4462108612060547
sub-309024406654,12.3477,19.553543090820312,7.205843090820313,7.205843090820313
sub-309443085461,18.0,21.42747688293457,3.4274768829345703,3.4274768829345703
sub-309746819287,30.417522245037645,29.487577438354492,-0.929944806683153,0.929944806683153
sub-309832555943,44.093086926762496,65.8962631225586,21.803176195796098,21.803176195796098
sub-309845444862,57.5,59.95415496826172,2.4541549682617188,2.4541549682617188
sub-310729634371,14.0,13.160917282104492,-0.8390827178955078,0.8390827178955078
sub-310730152538,28.933607118412045,21.589628219604492,-7.343978898807553,7.343978898807553
sub-310760540924,21.0,22.920846939086914,1.920846939086914,1.920846939086914
sub-310792111263,31.2827,23.87457275390625,-7.408127246093748,7.408127246093748
sub-310907729263,70.55989048596851,66.04517364501953,-4.514716840948978,4.514716840948978
sub-310951661896,25.0,18.203750610351562,-6.7962493896484375,6.7962493896484375
sub-311225423865,6.0,15.890783309936523,9.890783309936523,9.890783309936523
sub-312033062176,19.0,23.906723022460938,4.9067230224609375,4.9067230224609375
sub-312401593415,40.81314168377824,44.59870147705078,3.78555979327254,3.78555979327254
sub-312461126831,19.0,20.26845932006836,1.2684593200683594,1.2684593200683594
sub-312712182553,10.72,8.798657417297363,-1.9213425827026374,1.9213425827026374
sub-313276563858,25.0,31.28449821472168,6.28449821472168,6.28449821472168
sub-313720413578,27.4114,27.47995948791504,0.06855948791503863,0.06855948791503863
sub-313783979215,23.0,19.01530647277832,-3.9846935272216797,3.9846935272216797
sub-314160125753,27.0,31.287548065185547,4.287548065185547,4.287548065185547
sub-314392017666,21.0,18.18968391418457,-2.8103160858154297,2.8103160858154297
sub-314576902106,23.0,29.28435707092285,6.284357070922852,6.284357070922852
sub-314632035565,23.0,20.60361671447754,-2.396383285522461,2.396383285522461
sub-314809725029,14.0,21.884170532226562,7.8841705322265625,7.8841705322265625
sub-315096818503,7.0,52.14491271972656,45.14491271972656,45.14491271972656
sub-315163558934,19.0,26.237775802612305,7.237775802612305,7.237775802612305
sub-315326586497,66.37371663244353,25.158161163330078,-41.215555469113454,41.215555469113454
sub-315766466513,19.0,24.471824645996094,5.471824645996094,5.471824645996094
sub-316019186858,23.0,23.626001358032227,0.6260013580322266,0.6260013580322266
sub-316838712821,69.28952772073922,55.16944885253906,-14.120078868200153,14.120078868200153
sub-317505052751,21.0,23.052215576171875,2.052215576171875,2.052215576171875
sub-317592679020,22.5,29.408601760864258,6.908601760864258,6.908601760864258
sub-318449589396,25.927446954141,31.869245529174805,5.941798575033804,5.941798575033804
sub-318523911068,19.0,22.129762649536133,3.129762649536133,3.129762649536133
sub-318586218751,8.912328767,11.827775955200195,2.9154471882001953,2.9154471882001953
sub-318712015856,62.68035592060232,42.93569564819336,-19.744660272408957,19.744660272408957
sub-318994317964,16.0,18.279024124145508,2.279024124145508,2.279024124145508
sub-319179226836,21.0,23.12726593017578,2.1272659301757812,2.1272659301757812
sub-319525352770,61.58795345653662,45.17510986328125,-16.412843593255367,16.412843593255367
sub-319716522814,19.0,22.818124771118164,3.818124771118164,3.818124771118164
sub-319982702208,9.7201,31.0609073638916,21.3408073638916,21.3408073638916
sub-320209332584,20.8,19.925565719604492,-0.8744342803955085,0.8744342803955085
sub-320367804429,10.63013699,24.952367782592773,14.322230792592773,14.322230792592773
sub-320423880026,25.0,22.09592056274414,-2.9040794372558594,2.9040794372558594
sub-320966169093,21.0,16.936580657958984,-4.063419342041016,4.063419342041016
sub-321009379265,22.5,21.441036224365234,-1.0589637756347656,1.0589637756347656
sub-322828430074,24.0,20.265439987182617,-3.734560012817383,3.734560012817383
sub-322877038510,37.21013004791239,38.178749084472656,0.9686190365602627,0.9686190365602627
sub-322973581068,11.67,14.299456596374512,2.629456596374512,2.629456596374512
sub-323003434264,23.0,28.173240661621094,5.173240661621094,5.173240661621094
sub-323188212103,18.7379,19.673492431640625,0.9355924316406252,0.9355924316406252
sub-323546159905,19.0,19.48534393310547,0.48534393310546875,0.48534393310546875
sub-323928652465,19.0,27.893896102905273,8.893896102905273,8.893896102905273
sub-324113689628,21.0,21.268274307250977,0.26827430725097656,0.26827430725097656
sub-324287385116,60.86789869952089,50.01344680786133,-10.854451891659565,10.854451891659565
sub-324608238151,8.7,13.678773880004883,4.9787738800048835,4.9787738800048835
sub-324666272814,23.0,28.785551071166992,5.785551071166992,5.785551071166992
sub-324821590774,9.0,16.439685821533203,7.439685821533203,7.439685821533203
sub-325005086709,19.0,26.97125244140625,7.97125244140625,7.97125244140625
sub-325116559617,21.0,28.655244827270508,7.655244827270508,7.655244827270508
sub-325497793662,19.0,17.989471435546875,-1.010528564453125,1.010528564453125
sub-326017893990,72.14510609171799,52.9941291809082,-19.15097691080979,19.15097691080979
sub-326198300394,22.5,22.00240135192871,-0.49759864807128906,0.49759864807128906
sub-326361078662,56.2,57.663978576660156,1.4639785766601534,1.4639785766601534
sub-326546999502,7.7502,11.877914428710938,4.127714428710937,4.127714428710937
sub-326649012046,19.0,19.884614944458008,0.8846149444580078,0.8846149444580078
sub-326678679771,28.996577686516083,36.74333953857422,7.746761852058135,7.746761852058135
sub-326733202937,19.0,29.24705696105957,10.24705696105957,10.24705696105957
sub-327435196846,13.0,25.821208953857422,12.821208953857422,12.821208953857422
sub-327818254945,74.6365503080082,65.27411651611328,-9.362433791894915,9.362433791894915
sub-328411797408,21.0,23.857397079467773,2.8573970794677734,2.8573970794677734
sub-328703488095,27.0,19.621200561523438,-7.3787994384765625,7.3787994384765625
sub-329074353178,19.0,23.27367401123047,4.273674011230469,4.273674011230469
sub-329113742821,21.0,19.59417724609375,-1.40582275390625,1.40582275390625
sub-329178400817,25.0,24.243118286132812,-0.7568817138671875,0.7568817138671875
sub-329448724359,18.0,20.31071662902832,2.3107166290283203,2.3107166290283203
sub-329453058291,21.0,24.94087028503418,3.9408702850341797,3.9408702850341797
sub-329510193737,16.66,16.606992721557617,-0.053007278442382955,0.053007278442382955
sub-329524874913,23.0,25.194793701171875,2.194793701171875,2.194793701171875
sub-329566651189,19.0,20.796937942504883,1.7969379425048828,1.7969379425048828
sub-329567117750,11.0,11.857603073120117,0.8576030731201172,0.8576030731201172
sub-329979629812,19.0,15.958965301513672,-3.041034698486328,3.041034698486328
sub-330153651241,19.0,15.273889541625977,-3.7261104583740234,3.7261104583740234
sub-330412849241,19.0,20.502395629882812,1.5023956298828125,1.5023956298828125
sub-330605044269,21.0,35.7055549621582,14.705554962158203,14.705554962158203
sub-331339723620,19.0,20.516878128051758,1.5168781280517578,1.5168781280517578
sub-331344566757,73.0,42.297508239746094,-30.702491760253906,30.702491760253906
sub-331566282606,24.62149212867899,21.992334365844727,-2.6291577628342644,2.6291577628342644
sub-331581518043,63.83572895277207,63.54893493652344,-0.2867940162486349,0.2867940162486349
sub-331640023396,18.0,16.487159729003906,-1.5128402709960938,1.5128402709960938
sub-333365007279,19.0,13.762824058532715,-5.237175941467285,5.237175941467285
sub-333565589079,7.0,15.071496963500977,8.071496963500977,8.071496963500977
sub-333583533583,24.0,25.914880752563477,1.9148807525634766,1.9148807525634766
sub-333684578808,11.66027397,15.915855407714844,4.255581437714843,4.255581437714843
sub-333770090916,55.63586584531143,30.145708084106445,-25.490157761204983,25.490157761204983
sub-334015511861,8.0,26.466659545898438,18.466659545898438,18.466659545898438
sub-334231800739,21.0,20.329864501953125,-0.670135498046875,0.670135498046875
sub-334236675736,26.0,24.090625762939453,-1.9093742370605469,1.9093742370605469
sub-334239670511,19.0,19.919330596923828,0.9193305969238281,0.9193305969238281
sub-334327381873,63.663244353182755,68.66130065917969,4.998056305996933,4.998056305996933
sub-334710741179,9.021917808,13.743863105773926,4.721945297773926,4.721945297773926
sub-334925895861,33.0,34.46670150756836,1.4667015075683594,1.4667015075683594
sub-334998047154,19.0,55.505435943603516,36.505435943603516,36.505435943603516
sub-335118521931,21.0,21.835712432861328,0.8357124328613281,0.8357124328613281
sub-336517455359,23.0,19.104276657104492,-3.895723342895508,3.895723342895508
sub-336832105241,32.5,22.99897003173828,-9.501029968261719,9.501029968261719
sub-337161398064,23.0,22.9896240234375,-0.0103759765625,0.0103759765625
sub-337609361472,21.0,26.22017478942871,5.220174789428711,5.220174789428711
sub-337864103314,23.0,30.164684295654297,7.164684295654297,7.164684295654297
sub-338078821659,14.0,12.880690574645996,-1.119309425354004,1.119309425354004
sub-338866539867,27.5,20.05811882019043,-7.44188117980957,7.44188117980957
sub-338890021385,25.0,22.394426345825195,-2.6055736541748047,2.6055736541748047
sub-339410322806,23.0,17.642114639282227,-5.357885360717773,5.357885360717773
sub-339463534591,19.0,14.032700538635254,-4.967299461364746,4.967299461364746
sub-339606210085,21.0,22.718196868896484,1.7181968688964844,1.7181968688964844
sub-340211623411,22.0,29.901473999023438,7.9014739990234375,7.9014739990234375
sub-340425446065,53.32785763175906,19.807735443115234,-33.520122188643825,33.520122188643825
sub-340884207361,42.151950718685825,26.281490325927734,-15.87046039275809,15.87046039275809
sub-341026253050,69.54688569472964,69.80577850341797,0.25889280868833,0.25889280868833
sub-341129349615,8.898630137,14.486787796020508,5.588157659020508,5.588157659020508
sub-341274549863,21.0,19.133390426635742,-1.8666095733642578,1.8666095733642578
sub-341486332051,9.0,18.022029876708984,9.022029876708984,9.022029876708984
sub-341598013517,54.74332648870637,55.31982421875,0.5764977300436271,0.5764977300436271
sub-341853067493,9.9,13.347609519958496,3.4476095199584957,3.4476095199584957
sub-342263404069,25.0,36.74660873413086,11.74660873413086,11.74660873413086
sub-342594433655,28.0,27.159698486328125,-0.840301513671875,0.840301513671875
sub-342678331032,10.0,16.40949821472168,6.40949821472168,6.40949821472168
sub-343000404329,27.5,34.3427734375,6.8427734375,6.8427734375
sub-343048366064,19.0,19.799205780029297,0.7992057800292969,0.7992057800292969
sub-343316485262,11.323,22.615476608276367,11.292476608276367,11.292476608276367
sub-343373917254,28.0,27.090272903442383,-0.9097270965576172,0.9097270965576172
sub-343433330208,23.0,20.743947982788086,-2.256052017211914,2.256052017211914
sub-343769189656,21.0,20.130401611328125,-0.869598388671875,0.869598388671875
sub-343940609775,22.0,19.947179794311523,-2.0528202056884766,2.0528202056884766
sub-344002344757,13.0,18.458642959594727,5.458642959594727,5.458642959594727
sub-344117507142,43.82477754962355,27.49835777282715,-16.3264197767964,16.3264197767964
sub-344931898645,9.0,14.624185562133789,5.624185562133789,5.624185562133789
sub-345201265289,32.5,22.385608673095703,-10.114391326904297,10.114391326904297
sub-345317688447,27.0,28.195924758911133,1.1959247589111328,1.1959247589111328
sub-345321776588,23.0,21.788043975830078,-1.2119560241699219,1.2119560241699219
sub-345577831841,23.0,22.405128479003906,-0.5948715209960938,0.5948715209960938
sub-345708177080,33.59342915811088,27.950576782226562,-5.642852375884317,5.642852375884317
sub-345814656280,81.94113620807666,60.31756591796875,-21.623570290107907,21.623570290107907
sub-345990586356,21.0,21.955108642578125,0.955108642578125,0.955108642578125
sub-346184404122,22.5,25.01315689086914,2.5131568908691406,2.5131568908691406
sub-346320393320,27.5,26.811485290527344,-0.6885147094726562,0.6885147094726562
sub-346545954848,11.15890411,18.546123504638672,7.387219394638672,7.387219394638672
sub-346578532827,26.0,22.50895118713379,-3.491048812866211,3.491048812866211
sub-347308296503,22.0,27.437063217163086,5.437063217163086,5.437063217163086
sub-347451361275,30.0,22.558935165405273,-7.441064834594727,7.441064834594727
sub-347536493520,21.0,43.783935546875,22.783935546875,22.783935546875
sub-347793800576,22.0,22.573415756225586,0.5734157562255859,0.5734157562255859
sub-347809484806,22.5,31.018321990966797,8.518321990966797,8.518321990966797
sub-347834054808,27.0,21.731273651123047,-5.268726348876953,5.268726348876953
sub-348206206376,20.0,28.88429832458496,8.884298324584961,8.884298324584961
sub-348472885765,23.0,20.08565902709961,-2.9143409729003906,2.9143409729003906
sub-348573416015,42.5,48.150978088378906,5.650978088378906,5.650978088378906
sub-348791915798,21.0,22.135746002197266,1.1357460021972656,1.1357460021972656
sub-349042220249,11.0,14.518553733825684,3.5185537338256836,3.5185537338256836
sub-349083925568,19.0,24.16465950012207,5.16465950012207,5.16465950012207
sub-349091379990,11.95068493,17.277585983276367,5.326901053276368,5.326901053276368
sub-349234485107,19.0,22.037439346313477,3.0374393463134766,3.0374393463134766
sub-349851138030,33.0,21.23973274230957,-11.76026725769043,11.76026725769043
sub-349981404460,19.0,19.744930267333984,0.7449302673339844,0.7449302673339844
sub-350232178893,21.0,18.164710998535156,-2.8352890014648438,2.8352890014648438
sub-350614246455,21.0,16.094152450561523,-4.905847549438477,4.905847549438477
sub-351385167537,27.83572895277207,21.804841995239258,-6.030886957532811,6.030886957532811
sub-351416711766,21.0,21.286291122436523,0.28629112243652344,0.28629112243652344
sub-351431035741,19.0,22.73977279663086,3.7397727966308594,3.7397727966308594
sub-351489708854,19.0,24.394790649414062,5.3947906494140625,5.3947906494140625
sub-351546374188,19.0,19.153093338012695,0.1530933380126953,0.1530933380126953
sub-351603832845,63.24709103353867,48.332157135009766,-14.914933898528908,14.914933898528908
sub-351668169349,19.0,22.118391036987305,3.1183910369873047,3.1183910369873047
sub-351877235707,24.0,23.937164306640625,-0.062835693359375,0.062835693359375
sub-351910982438,21.0,21.596012115478516,0.5960121154785156,0.5960121154785156
sub-352012295215,21.0,33.7204704284668,12.720470428466797,12.720470428466797
sub-352179726844,19.0,20.18460464477539,1.1846046447753906,1.1846046447753906
sub-352464986144,20.0,18.83123207092285,-1.1687679290771484,1.1687679290771484
sub-352892368365,10.0,15.92452621459961,5.924526214599609,5.924526214599609
sub-353103739610,34.1,31.351747512817383,-2.7482524871826186,2.7482524871826186
sub-353156518163,22.5,30.54706382751465,8.047063827514648,8.047063827514648
sub-353499953161,22.5,26.675918579101562,4.1759185791015625,4.1759185791015625
sub-353593360279,41.62,42.93558883666992,1.3155888366699244,1.3155888366699244
sub-353927466643,21.0979,17.406522750854492,-3.691377249145507,3.691377249145507
sub-354022763474,23.0,26.928131103515625,3.928131103515625,3.928131103515625
sub-354196077108,23.8466803559206,25.873703002929688,2.027022647009087,2.027022647009087
sub-354347287146,15.0,18.453203201293945,3.4532032012939453,3.4532032012939453
sub-354836536215,18.75,17.26999855041504,-1.480001449584961,1.480001449584961
sub-354907815533,8.178082192,11.938051223754883,3.759969031754883,3.759969031754883
sub-355310107861,21.0,21.174671173095703,0.17467117309570312,0.17467117309570312
sub-355720694224,72.13141683778234,49.233062744140625,-22.898354093641714,22.898354093641714
sub-356042483824,19.0,21.373891830444336,2.373891830444336,2.373891830444336
sub-356952233015,19.0,20.265474319458008,1.2654743194580078,1.2654743194580078
sub-357131710050,20.0,24.718233108520508,4.718233108520508,4.718233108520508
sub-357408449075,45.25667351129363,27.204557418823242,-18.052116092470385,18.052116092470385
sub-357813435697,8.0,10.787697792053223,2.7876977920532227,2.7876977920532227
sub-357880664413,21.0,21.715415954589844,0.7154159545898438,0.7154159545898438
sub-358027372224,68.26830937713895,66.75906372070312,-1.509245656435823,1.509245656435823
sub-358063655154,21.0,26.889652252197266,5.889652252197266,5.889652252197266
sub-358153816547,18.2,14.608569145202637,-3.5914308547973626,3.5914308547973626
sub-358180723346,23.0,19.682235717773438,-3.3177642822265625,3.3177642822265625
sub-359665775969,13.0,16.244041442871094,3.2440414428710938,3.2440414428710938
sub-360345095022,23.0,22.222623825073242,-0.7773761749267578,0.7773761749267578
sub-360501602626,23.0,23.187480926513672,0.18748092651367188,0.18748092651367188
sub-360897302316,21.0,21.084243774414062,0.0842437744140625,0.0842437744140625
sub-361024685049,16.9,17.910263061523438,1.010263061523439,1.010263061523439
sub-361390550814,12.08,15.842226028442383,3.7622260284423827,3.7622260284423827
sub-361496299961,13.5,12.850113868713379,-0.6498861312866211,0.6498861312866211
sub-361497480263,25.0,20.18382453918457,-4.81617546081543,4.81617546081543
sub-361621631193,21.0,30.964191436767578,9.964191436767578,9.964191436767578
sub-361639893379,19.0,29.38141632080078,10.381416320800781,10.381416320800781
sub-361759510060,23.0,15.878549575805664,-7.121450424194336,7.121450424194336
sub-362543492336,25.0,30.074716567993164,5.074716567993164,5.074716567993164
sub-363363913061,26.0,30.172466278076172,4.172466278076172,4.172466278076172
sub-363459366347,33.0,26.640859603881836,-6.359140396118164,6.359140396118164
sub-363511136031,41.20191649555099,45.461952209472656,4.260035713921667,4.260035713921667
sub-364387139516,20.0,20.783966064453125,0.783966064453125,0.783966064453125
sub-365096018286,40.555783709787825,31.57036018371582,-8.985423526072005,8.985423526072005
sub-365377487798,23.03901437371664,23.65279197692871,0.6137776032120712,0.6137776032120712
sub-365665621965,21.0,18.827411651611328,-2.172588348388672,2.172588348388672
sub-365929187605,23.0,21.19307518005371,-1.806924819946289,1.806924819946289
sub-365948065175,8.0,9.963443756103516,1.9634437561035156,1.9634437561035156
sub-366125129833,19.0,21.603166580200195,2.6031665802001953,2.6031665802001953
sub-366419892031,27.0,32.96379852294922,5.963798522949219,5.963798522949219
sub-366954527967,10.25,12.998071670532227,2.7480716705322266,2.7480716705322266
sub-366954944274,23.0,21.694799423217773,-1.3052005767822266,1.3052005767822266
sub-367831112850,27.0,25.293031692504883,-1.7069683074951172,1.7069683074951172
sub-368153573682,75.97262149212868,47.33259963989258,-28.640021852236103,28.640021852236103
sub-368447789543,53.53593429158111,42.582942962646484,-10.952991328934623,10.952991328934623
sub-368864599927,46.89664613278576,33.73999786376953,-13.15664826901623,13.15664826901623
sub-368981431172,21.0,22.08887481689453,1.0888748168945312,1.0888748168945312
sub-369377780623,23.0,22.884624481201172,-0.11537551879882812,0.11537551879882812
sub-369521632168,72.5,26.6712646484375,-45.8287353515625,45.8287353515625
sub-369829615819,68.12320328542093,40.73854064941406,-27.384662636006865,27.384662636006865
sub-369885949666,31.0,24.806352615356445,-6.193647384643555,6.193647384643555
sub-370345433121,14.0,14.316299438476562,0.3162994384765625,0.3162994384765625
sub-371096451080,21.0,18.772762298583984,-2.2272377014160156,2.2272377014160156
sub-371655681187,21.0,15.212573051452637,-5.787426948547363,5.787426948547363
sub-371832295715,23.0,27.982749938964844,4.982749938964844,4.982749938964844
sub-372353765912,21.0,18.683349609375,-2.316650390625,2.316650390625
sub-372729344859,46.59000684462697,56.533302307128906,9.943295462501936,9.943295462501936
sub-372796067335,34.0,39.57242202758789,5.572422027587891,5.572422027587891
sub-372903120618,12.0,22.828603744506836,10.828603744506836,10.828603744506836
sub-373122705602,22.0,22.497976303100586,0.49797630310058594,0.49797630310058594
sub-373628596753,21.0,21.674074172973633,0.6740741729736328,0.6740741729736328
sub-373873295969,21.0,22.824094772338867,1.8240947723388672,1.8240947723388672
sub-373939546182,21.0,22.76312828063965,1.7631282806396484,1.7631282806396484
sub-375011751246,21.0,20.4429874420166,-0.5570125579833984,0.5570125579833984
sub-375087699975,70.50239561943873,49.70974349975586,-20.79265211968287,20.79265211968287
sub-375721442544,25.21286789869952,40.18266296386719,14.969795065167666,14.969795065167666
sub-375744717263,19.0,23.294490814208984,4.294490814208984,4.294490814208984
sub-375839754407,9.0,18.774585723876953,9.774585723876953,9.774585723876953
sub-375914855182,29.0,20.54899787902832,-8.45100212097168,8.45100212097168
sub-375939080828,27.0,25.18234634399414,-1.8176536560058594,1.8176536560058594
sub-375954438630,9.3,5.972386837005615,-3.3276131629943855,3.3276131629943855
sub-376021642604,11.0,12.418194770812988,1.4181947708129883,1.4181947708129883
sub-376234889907,19.0,22.5181827545166,3.5181827545166016,3.5181827545166016
sub-376614727318,11.02465753,22.20575714111328,11.18109961111328,11.18109961111328
sub-376647528418,12.0,16.2811222076416,4.281122207641602,4.281122207641602
sub-376916029284,46.00684462696783,38.495689392089844,-7.5111552348779895,7.5111552348779895
sub-377530347743,25.0,18.253355026245117,-6.746644973754883,6.746644973754883
sub-377767908219,55.08829568788501,36.88604736328125,-18.202248324603758,18.202248324603758
sub-377800494410,19.0,20.074729919433594,1.0747299194335938,1.0747299194335938
sub-378122195243,17.5,14.717299461364746,-2.782700538635254,2.782700538635254
sub-378259915805,21.0,21.443683624267578,0.4436836242675781,0.4436836242675781
sub-378447768137,21.0,26.537954330444336,5.537954330444336,5.537954330444336
sub-378455376400,14.0,17.740638732910156,3.7406387329101562,3.7406387329101562
sub-378603840552,20.0,19.453351974487305,-0.5466480255126953,0.5466480255126953
sub-379219398221,21.0,20.729938507080078,-0.2700614929199219,0.2700614929199219
sub-379233294160,56.438056125941145,49.688053131103516,-6.7500029948376294,6.7500029948376294
sub-379901232997,9.156164384,15.39666748046875,6.24050309646875,6.24050309646875
sub-380007171793,27.0,22.558622360229492,-4.441377639770508,4.441377639770508
sub-380107200295,19.0,22.988849639892578,3.988849639892578,3.988849639892578
sub-380291732370,19.0,23.22992515563965,4.229925155639648,4.229925155639648
sub-380421212894,19.0,22.9862060546875,3.9862060546875,3.9862060546875
sub-380484222237,19.0,30.034137725830078,11.034137725830078,11.034137725830078
sub-380938374512,23.0,38.224422454833984,15.224422454833984,15.224422454833984
sub-380942221635,12.0,14.311038970947266,2.3110389709472656,2.3110389709472656
sub-381299063045,21.0,34.231544494628906,13.231544494628906,13.231544494628906
sub-381318055265,22.0,24.6907901763916,2.6907901763916016,2.6907901763916016
sub-382364549184,23.0,28.535118103027344,5.535118103027344,5.535118103027344
sub-382373781002,19.0,19.786579132080078,0.7865791320800781,0.7865791320800781
sub-382503391733,21.0,21.04216194152832,0.04216194152832031,0.04216194152832031
sub-382993467413,21.0,26.302627563476562,5.3026275634765625,5.3026275634765625
sub-383134182753,24.0,30.54730224609375,6.54730224609375,6.54730224609375
sub-383278900382,21.0,25.762910842895508,4.762910842895508,4.762910842895508
sub-383918872195,19.0,19.7036190032959,0.7036190032958984,0.7036190032958984
sub-384366007647,25.0,28.6057071685791,3.6057071685791016,3.6057071685791016
sub-384430999120,19.0,19.27758026123047,0.27758026123046875,0.27758026123046875
sub-385702896791,19.0,14.424702644348145,-4.5752973556518555,4.5752973556518555
sub-385965134643,48.0,31.067893981933594,-16.932106018066406,16.932106018066406
sub-386384203868,21.0,19.733314514160156,-1.2666854858398438,1.2666854858398438
sub-386443623879,19.0,22.796728134155273,3.7967281341552734,3.7967281341552734
sub-386477621787,39.0,32.70690155029297,-6.293098449707031,6.293098449707031
sub-386499017794,9.15,17.149612426757812,7.999612426757812,7.999612426757812
sub-387138524123,78.07255304585901,65.09634399414062,-12.976209051718385,12.976209051718385
sub-387252211403,18.0,17.12237548828125,-0.87762451171875,0.87762451171875
sub-387293597353,21.0,24.429166793823242,3.429166793823242,3.429166793823242
sub-387627806786,19.0,21.197490692138672,2.197490692138672,2.197490692138672
sub-387928413810,19.0,18.862754821777344,-0.13724517822265625,0.13724517822265625
sub-387984296108,21.0,26.041927337646484,5.041927337646484,5.041927337646484
sub-388025307838,13.0,17.37353515625,4.37353515625,4.37353515625
sub-388132398369,19.0,23.348928451538086,4.348928451538086,4.348928451538086
sub-388296216663,12.60547945,14.414544105529785,1.8090646555297845,1.8090646555297845
sub-388946336311,41.889117043121146,38.360687255859375,-3.5284297872617714,3.5284297872617714
sub-389059678082,9.282191781,14.866987228393555,5.584795447393555,5.584795447393555
sub-389128831451,21.0,18.108476638793945,-2.8915233612060547,2.8915233612060547
sub-389237925618,29.2,34.105384826660156,4.905384826660157,4.905384826660157
sub-389561985623,19.0,19.647703170776367,0.6477031707763672,0.6477031707763672
sub-389833780372,26.0,35.32780456542969,9.327804565429688,9.327804565429688
sub-390641627114,24.0,18.569442749023438,-5.4305572509765625,5.4305572509765625
sub-390696380218,27.0,23.332927703857422,-3.667072296142578,3.667072296142578
sub-390946969743,10.10958904,17.308731079101562,7.199142039101563,7.199142039101563
sub-391000843234,28.0,20.701343536376953,-7.298656463623047,7.298656463623047
sub-391658536077,15.0,14.456172943115234,-0.5438270568847656,0.5438270568847656
sub-391717879650,19.0,20.49883270263672,1.4988327026367188,1.4988327026367188
sub-392003255317,22.5,24.958898544311523,2.4588985443115234,2.4588985443115234
sub-392945946755,48.101300479123886,24.33875846862793,-23.762542010495956,23.762542010495956
sub-393287507182,27.0,24.4251766204834,-2.5748233795166016,2.5748233795166016
sub-394058698992,19.0,23.077411651611328,4.077411651611328,4.077411651611328
sub-394973589257,25.0,26.711448669433594,1.7114486694335938,1.7114486694335938
sub-395113287039,50.3956194387406,69.75109100341797,19.355471564677366,19.355471564677366
sub-395205550869,69.27583846680356,32.66636276245117,-36.60947570435239,36.60947570435239
sub-395594591950,23.0,25.724523544311523,2.7245235443115234,2.7245235443115234
sub-395668270984,23.0,20.942943572998047,-2.057056427001953,2.057056427001953
sub-395709751936,23.0,21.126052856445312,-1.8739471435546875,1.8739471435546875
sub-395784692228,13.0,26.718170166015625,13.718170166015625,13.718170166015625
sub-397509469353,21.0,20.428903579711914,-0.5710964202880859,0.5710964202880859
sub-397541416103,9.819178082,31.563560485839844,21.744382403839843,21.744382403839843
sub-397789536679,29.0,25.537567138671875,-3.462432861328125,3.462432861328125
sub-398220399143,27.0,17.997268676757812,-9.002731323242188,9.002731323242188
sub-398724148083,15.6,30.17432975769043,14.57432975769043,14.57432975769043
sub-398759391290,55.58110882956878,60.64215087890625,5.061042049337473,5.061042049337473
sub-398850980214,23.0,22.71919059753418,-0.2808094024658203,0.2808094024658203
sub-399014895585,30.0,19.008331298828125,-10.991668701171875,10.991668701171875
sub-399087126702,19.0,23.344934463500977,4.344934463500977,4.344934463500977
sub-399293606571,37.0,32.21914291381836,-4.780857086181641,4.780857086181641
sub-399522447362,60.016427104722794,53.60771560668945,-6.408711498033341,6.408711498033341
sub-399532554772,20.0,22.65509796142578,2.6550979614257812,2.6550979614257812
sub-399633402331,15.75,20.258708953857422,4.508708953857422,4.508708953857422
sub-399660498118,25.0,21.549062728881836,-3.450937271118164,3.450937271118164
sub-399695603994,19.0,25.232627868652344,6.232627868652344,6.232627868652344
sub-399896091241,27.5,27.109989166259766,-0.3900108337402344,0.3900108337402344
sub-400076789412,15.0,19.266754150390625,4.266754150390625,4.266754150390625
sub-400356548320,24.0,25.714418411254883,1.7144184112548828,1.7144184112548828
sub-401570348713,29.0,21.129117965698242,-7.870882034301758,7.870882034301758
sub-402295700509,17.0,24.830142974853516,7.830142974853516,7.830142974853516
sub-403072282252,19.0,20.237205505371094,1.2372055053710938,1.2372055053710938
sub-403183909828,25.0,24.42237663269043,-0.5776233673095703,0.5776233673095703
sub-403868905316,9.5,16.14554786682129,6.645547866821289,6.645547866821289
sub-403893360607,33.0,22.462993621826172,-10.537006378173828,10.537006378173828
sub-403901799268,35.0,19.83894920349121,-15.161050796508789,15.161050796508789
sub-404282612970,21.0,24.13711166381836,3.1371116638183594,3.1371116638183594
sub-404426387175,27.0,22.80304527282715,-4.196954727172852,4.196954727172852
sub-404462559347,9.435616438,8.195616722106934,-1.2399997158930667,1.2399997158930667
sub-404646362299,11.55,24.903488159179688,13.353488159179687,13.353488159179687
sub-404890471575,51.0,30.070520401000977,-20.929479598999023,20.929479598999023
sub-405164913230,70.9514031485284,61.21621322631836,-9.73518992221004,9.73518992221004
sub-405742266217,36.21629021218344,36.274723052978516,0.05843284079507782,0.05843284079507782
sub-406012214137,18.0,15.081746101379395,-2.9182538986206055,2.9182538986206055
sub-406097282943,19.0,18.17840576171875,-0.82159423828125,0.82159423828125
sub-406442518076,68.0,64.84090423583984,-3.1590957641601562,3.1590957641601562
sub-406506048364,10.24109589,14.456238746643066,4.215142856643066,4.215142856643066
sub-406583604959,65.25941136208077,45.630821228027344,-19.628590134053425,19.628590134053425
sub-407135588455,47.0691307323751,33.60896682739258,-13.460163904982522,13.460163904982522
sub-407652242836,18.2,23.06161880493164,4.861618804931641,4.861618804931641
sub-408202532508,59.0,38.72019958496094,-20.279800415039062,20.279800415039062
sub-408240315301,21.0,19.015832901000977,-1.9841670989990234,1.9841670989990234
sub-408349314195,23.0,23.0116024017334,0.011602401733398438,0.011602401733398438
sub-408824965323,15.28,16.062021255493164,0.7820212554931647,0.7820212554931647
sub-408964579184,27.5,16.354724884033203,-11.145275115966797,11.145275115966797
sub-409603744945,23.0,41.12963104248047,18.12963104248047,18.12963104248047
sub-410173634990,13.33,21.502931594848633,8.172931594848633,8.172931594848633
sub-411028202173,21.0,21.237211227416992,0.2372112274169922,0.2372112274169922
sub-411339149603,17.0,27.67844009399414,10.67844009399414,10.67844009399414
sub-411511299951,19.0,20.709421157836914,1.709421157836914,1.709421157836914
sub-411578175554,39.39767282683093,33.18899154663086,-6.208681280200068,6.208681280200068
sub-411909651851,19.0,20.766746520996094,1.7667465209960938,1.7667465209960938
sub-412405591527,25.0,35.601593017578125,10.601593017578125,10.601593017578125
sub-413362965269,22.5,23.023208618164062,0.5232086181640625,0.5232086181640625
sub-414156611560,22.0,19.64512062072754,-2.354879379272461,2.354879379272461
sub-414506329694,72.26557152635182,49.01863479614258,-23.246936730209242,23.246936730209242
sub-414574519306,58.830937713894606,59.82871627807617,0.9977785641815657,0.9977785641815657
sub-414840159897,19.0,25.943235397338867,6.943235397338867,6.943235397338867
sub-414912404483,8.07,18.788537979125977,10.718537979125976,10.718537979125976
sub-415092780642,21.0,18.864900588989258,-2.135099411010742,2.135099411010742
sub-415792694831,14.0,18.241905212402344,4.241905212402344,4.241905212402344
sub-416196732139,21.0,27.739471435546875,6.739471435546875,6.739471435546875
sub-416363571113,16.0,15.898533821105957,-0.10146617889404297,0.10146617889404297
sub-416382670304,25.0,28.007221221923828,3.007221221923828,3.007221221923828
sub-416547426671,19.0,19.954647064208984,0.9546470642089844,0.9546470642089844
sub-417503911696,27.0,18.683765411376953,-8.316234588623047,8.316234588623047
sub-417519708424,21.0,20.288740158081055,-0.7112598419189453,0.7112598419189453
sub-417535604177,19.0,20.474483489990234,1.4744834899902344,1.4744834899902344
sub-417541833452,10.44383562,15.328683853149414,4.884848233149414,4.884848233149414
sub-418353004170,21.0,43.98778533935547,22.98778533935547,22.98778533935547
sub-418508603690,19.0,22.35741424560547,3.3574142456054688,3.3574142456054688
sub-418986926612,21.0,28.187835693359375,7.187835693359375,7.187835693359375
sub-419207025644,21.0,21.02605438232422,0.02605438232421875,0.02605438232421875
sub-419439734818,19.0,22.605356216430664,3.605356216430664,3.605356216430664
sub-419512319299,21.0,20.814146041870117,-0.1858539581298828,0.1858539581298828
sub-420357341840,36.06023271731691,53.41421127319336,17.353978555876452,17.353978555876452
sub-420700440504,29.0,26.48745346069336,-2.5125465393066406,2.5125465393066406
sub-420871026622,19.0,21.410938262939453,2.410938262939453,2.410938262939453
sub-420880909961,10.95342466,18.596216201782227,7.642791541782227,7.642791541782227
sub-421100177732,72.88432580424367,51.73212432861328,-21.15220147563039,21.15220147563039
sub-421334775387,41.22929500342232,26.80533218383789,-14.423962819584432,14.423962819584432
sub-421366001843,19.0,18.0189151763916,-0.9810848236083984,0.9810848236083984
sub-421534005893,21.0,20.784820556640625,-0.215179443359375,0.215179443359375
sub-421547770064,8.506849315,14.390754699707031,5.883905384707031,5.883905384707031
sub-421557870822,20.0,21.162878036499023,1.1628780364990234,1.1628780364990234
sub-421587906428,19.0,28.374601364135742,9.374601364135742,9.374601364135742
sub-421808511913,23.0,26.071508407592773,3.0715084075927734,3.0715084075927734
sub-422564244037,25.0,23.44980812072754,-1.550191879272461,1.550191879272461
sub-422726021651,21.0,29.72297477722168,8.72297477722168,8.72297477722168
sub-423076478965,33.0,38.117218017578125,5.117218017578125,5.117218017578125
sub-424062327797,21.0,23.423751831054688,2.4237518310546875,2.4237518310546875
sub-424379445589,19.0,23.919147491455078,4.919147491455078,4.919147491455078
sub-424384119731,19.0,24.412811279296875,5.412811279296875,5.412811279296875
sub-425107191963,25.0,31.99321174621582,6.99321174621582,6.99321174621582
sub-425345863440,21.0,19.958545684814453,-1.0414543151855469,1.0414543151855469
sub-425788429649,23.0,26.9876766204834,3.9876766204833984,3.9876766204833984
sub-425902114613,22.5,26.405122756958008,3.905122756958008,3.905122756958008
sub-426134424341,18.0,52.926944732666016,34.926944732666016,34.926944732666016
sub-426162600454,19.0,17.717056274414062,-1.2829437255859375,1.2829437255859375
sub-426538206069,25.0,20.95444107055664,-4.045558929443359,4.045558929443359
sub-427009086482,10.2218,14.757367134094238,4.535567134094238,4.535567134094238
sub-427038737479,48.67898699520876,26.809741973876953,-21.869245021331807,21.869245021331807
sub-427255899112,13.0,18.938657760620117,5.938657760620117,5.938657760620117
sub-427488165084,22.0,17.16037368774414,-4.839626312255859,4.839626312255859
sub-427917643660,15.0253,15.43026351928711,0.4049635192871097,0.4049635192871097
sub-427954163702,23.0,24.151443481445312,1.1514434814453125,1.1514434814453125
sub-428405531533,8.873972603,16.379762649536133,7.5057900465361325,7.5057900465361325
sub-428735293071,25.0,20.9074649810791,-4.092535018920898,4.092535018920898
sub-428749095291,23.0,39.57954406738281,16.579544067382812,16.579544067382812
sub-429128697868,11.8761,11.789844512939453,-0.08625548706054609,0.08625548706054609
sub-429376973784,21.0,18.244449615478516,-2.7555503845214844,2.7555503845214844
sub-429708332868,23.0,25.077272415161133,2.077272415161133,2.077272415161133
sub-429746311818,73.54414784394251,49.50548553466797,-24.038662309274542,24.038662309274542
sub-429751358413,19.0,23.282325744628906,4.282325744628906,4.282325744628906
sub-429797756660,21.0,21.043827056884766,0.043827056884765625,0.043827056884765625
sub-429800757560,18.0,24.55708122253418,6.55708122253418,6.55708122253418
sub-430212986919,24.854209445585212,41.20241165161133,16.348202206026116,16.348202206026116
sub-430905405415,50.0,54.447174072265625,4.447174072265625,4.447174072265625
sub-431091782369,9.789041096,18.298824310302734,8.509783214302734,8.509783214302734
sub-431389684208,32.5,35.298851013183594,2.7988510131835938,2.7988510131835938
sub-431442510774,20.0,21.29193687438965,1.2919368743896484,1.2919368743896484
sub-431876074723,31.0,22.070199966430664,-8.929800033569336,8.929800033569336
sub-431931021444,35.800136892539356,23.86032485961914,-11.939812032920216,11.939812032920216
sub-432795930135,23.0,14.158686637878418,-8.841313362121582,8.841313362121582
sub-433613356059,19.0,19.821523666381836,0.8215236663818359,0.8215236663818359
sub-433634856529,22.5,26.598421096801758,4.098421096801758,4.098421096801758
sub-433878320958,19.0,30.324514389038086,11.324514389038086,11.324514389038086
sub-433901926108,27.5,23.864120483398438,-3.6358795166015625,3.6358795166015625
sub-434327587010,20.0,20.570886611938477,0.5708866119384766,0.5708866119384766
sub-434364030663,21.0,18.48954200744629,-2.510457992553711,2.510457992553711
sub-434727906853,20.0,23.03477668762207,3.0347766876220703,3.0347766876220703
sub-435215843686,22.0,39.58930587768555,17.589305877685547,17.589305877685547
sub-435541553101,23.0,25.67851448059082,2.6785144805908203,2.6785144805908203
sub-436067739350,25.0,20.24582862854004,-4.754171371459961,4.754171371459961
sub-436168467409,21.0,21.82769203186035,0.8276920318603516,0.8276920318603516
sub-436435395823,50.5242984257358,31.566478729248047,-18.957819696487753,18.957819696487753
sub-436570577076,24.0,25.6734619140625,1.6734619140625,1.6734619140625
sub-436602454221,14.0,21.437713623046875,7.437713623046875,7.437713623046875
sub-436915075418,9.083333333,14.435561180114746,5.3522278471147455,5.3522278471147455
sub-437220520402,27.0,34.00078201293945,7.000782012939453,7.000782012939453
sub-437418373981,21.0,20.1652774810791,-0.8347225189208984,0.8347225189208984
sub-437563318459,11.0,14.767105102539062,3.7671051025390625,3.7671051025390625
sub-438120135608,62.06160164271046,57.96194076538086,-4.0996608773295975,4.0996608773295975
sub-438282986473,60.906228610540715,51.174407958984375,-9.73182065155634,9.73182065155634
sub-438699025347,19.0,19.993314743041992,0.9933147430419922,0.9933147430419922
sub-438858327228,59.12936344969199,71.09160614013672,11.962242690444725,11.962242690444725
sub-440221941356,21.0,23.032516479492188,2.0325164794921875,2.0325164794921875
sub-441115735819,22.5,23.966550827026367,1.4665508270263672,1.4665508270263672
sub-441255509461,9.665753425,20.77457046508789,11.10881704008789,11.10881704008789
sub-441895637368,34.0,25.712337493896484,-8.287662506103516,8.287662506103516
sub-441940877850,10.44383562,11.903800010681152,1.4599643906811526,1.4599643906811526
sub-442069078771,52.5,40.12502670288086,-12.37497329711914,12.37497329711914
sub-442131715190,23.0,18.535160064697266,-4.464839935302734,4.464839935302734
sub-442200955077,44.20533880903491,34.01796340942383,-10.187375399611085,10.187375399611085
sub-442462161667,19.0,20.386707305908203,1.3867073059082031,1.3867073059082031
sub-443057998898,19.0,22.946157455444336,3.946157455444336,3.946157455444336
sub-443216080871,21.0,24.644954681396484,3.6449546813964844,3.6449546813964844
sub-443270005074,23.0,24.12912940979004,1.129129409790039,1.129129409790039
sub-443441729661,27.5,26.917369842529297,-0.5826301574707031,0.5826301574707031
sub-443528393725,20.0,20.168184280395508,0.1681842803955078,0.1681842803955078
sub-443552576139,23.0,22.150760650634766,-0.8492393493652344,0.8492393493652344
sub-443563336342,19.0,20.817821502685547,1.8178215026855469,1.8178215026855469
sub-443586727583,18.0,21.308643341064453,3.308643341064453,3.308643341064453
sub-443699143391,19.0,21.71910285949707,2.7191028594970703,2.7191028594970703
sub-443884348394,72.0,62.54410934448242,-9.455890655517578,9.455890655517578
sub-444080364099,19.0,22.424726486206055,3.4247264862060547,3.4247264862060547
sub-444777292394,23.0,23.702159881591797,0.7021598815917969,0.7021598815917969
sub-445165036651,43.0,50.98482131958008,7.984821319580078,7.984821319580078
sub-445357467271,22.5,24.837583541870117,2.337583541870117,2.337583541870117
sub-445528481752,19.0,21.438817977905273,2.4388179779052734,2.4388179779052734
sub-446105610730,23.0,22.622861862182617,-0.3771381378173828,0.3771381378173828
sub-446116942428,13.63,20.681747436523438,7.051747436523437,7.051747436523437
sub-446176984200,11.85205479,19.646472930908203,7.794418140908203,7.794418140908203
sub-446371809226,21.0,25.093313217163086,4.093313217163086,4.093313217163086
sub-447368311317,23.0,23.195693969726562,0.1956939697265625,0.1956939697265625
sub-447558225957,9.3149,9.299989700317383,-0.014910299682616923,0.014910299682616923
sub-447559688249,23.0,24.667400360107422,1.6674003601074219,1.6674003601074219
sub-448118881004,30.699520876112253,23.88567352294922,-6.813847353163034,6.813847353163034
sub-448154838901,21.0,22.479188919067383,1.4791889190673828,1.4791889190673828
sub-448606737356,19.0,22.065126419067383,3.065126419067383,3.065126419067383
sub-448749767497,27.0,20.516345977783203,-6.483654022216797,6.483654022216797
sub-448817166729,9.120547945,14.470158576965332,5.349610631965332,5.349610631965332
sub-449504710644,13.85,15.461019515991211,1.6110195159912113,1.6110195159912113
sub-449523109612,29.0,32.189353942871094,3.1893539428710938,3.1893539428710938
sub-449691454748,21.0,23.817127227783203,2.817127227783203,2.817127227783203
sub-450248382846,11.0,20.103792190551758,9.103792190551758,9.103792190551758
sub-450325596992,11.0,11.881958961486816,0.8819589614868164,0.8819589614868164
sub-450416431697,21.0,21.981266021728516,0.9812660217285156,0.9812660217285156
sub-450811446575,21.0,21.19195556640625,0.19195556640625,0.19195556640625
sub-450965099560,21.0,18.276533126831055,-2.7234668731689453,2.7234668731689453
sub-451093590992,20.51,16.356977462768555,-4.153022537231447,4.153022537231447
sub-451533497093,19.0,19.577911376953125,0.577911376953125,0.577911376953125
sub-451568083712,27.0,33.607696533203125,6.607696533203125,6.607696533203125
sub-451569316549,31.95619438740589,36.11853790283203,4.162343515426141,4.162343515426141
sub-451748173269,23.0,24.126962661743164,1.126962661743164,1.126962661743164
sub-451753737202,22.0,41.53594970703125,19.53594970703125,19.53594970703125
sub-452339919944,27.0,38.22509002685547,11.225090026855469,11.225090026855469
sub-452602070698,19.0,21.91096305847168,2.9109630584716797,2.9109630584716797
sub-452912513368,19.0,14.360660552978516,-4.639339447021484,4.639339447021484
sub-453576742612,22.5,19.256561279296875,-3.243438720703125,3.243438720703125
sub-453679403294,19.0,18.152240753173828,-0.8477592468261719,0.8477592468261719
sub-453954863516,19.0,18.7921085357666,-0.20789146423339844,0.20789146423339844
sub-454545291918,11.0,15.69918155670166,4.69918155670166,4.69918155670166
sub-454953257900,24.0,25.613075256347656,1.6130752563476562,1.6130752563476562
sub-455375044946,33.0,21.539283752441406,-11.460716247558594,11.460716247558594
sub-455526833022,21.0,15.400541305541992,-5.599458694458008,5.599458694458008
sub-456043823379,19.0,22.201021194458008,3.201021194458008,3.201021194458008
sub-456312815950,8.3,16.77295684814453,8.47295684814453,8.47295684814453
sub-456944734649,21.0,17.791812896728516,-3.2081871032714844,3.2081871032714844
sub-456991816184,22.5,29.71306800842285,7.213068008422852,7.213068008422852
sub-457656563132,25.0,19.951698303222656,-5.048301696777344,5.048301696777344
sub-457967549631,22.5,26.7202205657959,4.220220565795898,4.220220565795898
sub-458227466938,21.0,24.142179489135742,3.142179489135742,3.142179489135742
sub-458230027649,19.0,18.166793823242188,-0.8332061767578125,0.8332061767578125
sub-458506665556,21.0,25.460323333740234,4.460323333740234,4.460323333740234
sub-458724067747,12.43835616,21.638111114501953,9.199754954501953,9.199754954501953
sub-459709692111,8.94,22.596698760986328,13.656698760986329,13.656698760986329
sub-459781782269,19.0,17.969160079956055,-1.0308399200439453,1.0308399200439453
sub-459946543901,12.6489,12.957133293151855,0.3082332931518561,0.3082332931518561
sub-460516282099,35.446954140999324,32.53752517700195,-2.909428963997371,2.909428963997371
sub-460702666723,19.0,18.638954162597656,-0.36104583740234375,0.36104583740234375
sub-460977191979,23.0,25.9345703125,2.9345703125,2.9345703125
sub-461059456603,63.181382614647504,23.307884216308594,-39.87349839833891,39.87349839833891
sub-461078040898,10.1,13.131011962890625,3.0310119628906254,3.0310119628906254
sub-461138178469,19.0,20.67017936706543,1.6701793670654297,1.6701793670654297
sub-461276348768,8.74,14.94091510772705,6.200915107727051,6.200915107727051
sub-461789283926,12.66,16.792987823486328,4.132987823486328,4.132987823486328
sub-461899341745,23.0,20.507932662963867,-2.492067337036133,2.492067337036133
sub-462044176559,22.5,38.36822509765625,15.86822509765625,15.86822509765625
sub-462074510675,24.0,22.7023868560791,-1.2976131439208984,1.2976131439208984
sub-462484204390,72.5,51.70383071899414,-20.79616928100586,20.79616928100586
sub-462590078135,22.5,38.0977897644043,15.597789764404297,15.597789764404297
sub-462927684123,22.5,17.320919036865234,-5.179080963134766,5.179080963134766
sub-463017442825,24.0,21.787141799926758,-2.212858200073242,2.212858200073242
sub-463459305778,14.0,16.75757598876953,2.7575759887695312,2.7575759887695312
sub-463896670279,19.0,22.998136520385742,3.998136520385742,3.998136520385742
sub-464503842359,67.5,52.57505798339844,-14.924942016601562,14.924942016601562
sub-464682388944,23.0,20.07425308227539,-2.9257469177246094,2.9257469177246094
sub-464956463990,32.5,21.11174774169922,-11.388252258300781,11.388252258300781
sub-465136351800,19.0,17.302867889404297,-1.6971321105957031,1.6971321105957031
sub-465311144460,27.0,21.975826263427734,-5.024173736572266,5.024173736572266
sub-465791099145,25.0,25.251808166503906,0.25180816650390625,0.25180816650390625
sub-466074153509,25.0,21.89185333251953,-3.1081466674804688,3.1081466674804688
sub-466344740883,9.0,17.904708862304688,8.904708862304688,8.904708862304688
sub-466416085736,13.0,18.4040584564209,5.404058456420898,5.404058456420898
sub-467112314797,9.309589041,15.055374145507812,5.745785104507812,5.745785104507812
sub-467327021506,22.0,21.445432662963867,-0.5545673370361328,0.5545673370361328
sub-467335236616,20.0,35.36553955078125,15.36553955078125,15.36553955078125
sub-467642644644,21.0,19.947057723999023,-1.0529422760009766,1.0529422760009766
sub-467659061528,73.18275154004107,66.67816925048828,-6.504582289552786,6.504582289552786
sub-468044019609,21.0,21.029611587524414,0.029611587524414062,0.029611587524414062
sub-468109133630,18.0,24.30990982055664,6.309909820556641,6.309909820556641
sub-468259562618,21.0,16.766889572143555,-4.233110427856445,4.233110427856445
sub-468444508245,10.0,14.948312759399414,4.948312759399414,4.948312759399414
sub-469001676302,27.0,22.66368293762207,-4.33631706237793,4.33631706237793
sub-469128986440,53.41273100616017,32.09050750732422,-21.322223498835953,21.322223498835953
sub-470124848081,33.0,23.30588150024414,-9.69411849975586,9.69411849975586
sub-471019443594,23.71526351813826,23.137977600097656,-0.5772859180406051,0.5772859180406051
sub-471055677982,67.5,61.7187385559082,-5.781261444091797,5.781261444091797
sub-471135465411,21.0,21.847055435180664,0.8470554351806641,0.8470554351806641
sub-471209465684,21.0,19.949329376220703,-1.0506706237792969,1.0506706237792969
sub-471390842283,25.530458590006837,15.3223876953125,-10.208070894694337,10.208070894694337
sub-472325050640,60.0,40.770896911621094,-19.229103088378906,19.229103088378906
sub-472759352092,59.222450376454475,57.826148986816406,-1.3963013896380687,1.3963013896380687
sub-473325785671,23.0,23.920888900756836,0.9208889007568359,0.9208889007568359
sub-473379095025,28.50650239561944,16.85563850402832,-11.650863891591118,11.650863891591118
sub-473649162520,23.0,18.5734806060791,-4.426519393920898,4.426519393920898
sub-473872191496,19.0,26.535076141357422,7.535076141357422,7.535076141357422
sub-473893612384,21.0,15.603459358215332,-5.396540641784668,5.396540641784668
sub-474246759950,22.0,21.083953857421875,-0.916046142578125,0.916046142578125
sub-474704091659,44.9199178644764,22.204084396362305,-22.7158334681141,22.7158334681141
sub-474905652662,23.0,28.554231643676758,5.554231643676758,5.554231643676758
sub-475042891594,13.79726027,18.361968994140625,4.564708724140624,4.564708724140624
sub-475410408128,21.33,18.177968978881836,-3.1520310211181624,3.1520310211181624
sub-475942618761,41.0,29.16067886352539,-11.83932113647461,11.83932113647461
sub-476225261644,19.0,20.300281524658203,1.3002815246582031,1.3002815246582031
sub-476332359213,66.94866529774127,60.92830276489258,-6.020362532848694,6.020362532848694
sub-476860143951,26.0,22.94350242614746,-3.056497573852539,3.056497573852539
sub-477160054985,75.93702943189597,34.28354263305664,-41.653486798839324,41.653486798839324
sub-477274544676,24.0,18.2562198638916,-5.743780136108398,5.743780136108398
sub-477302946114,8.542094,15.722257614135742,7.180163614135742,7.180163614135742
sub-477362713467,10.08767123,13.655915260314941,3.5682440303149416,3.5682440303149416
sub-477401855410,6.0,13.775151252746582,7.775151252746582,7.775151252746582
sub-477544457426,10.41369863,13.858073234558105,3.4443746045581047,3.4443746045581047
sub-477777727414,23.0,35.77356719970703,12.773567199707031,12.773567199707031
sub-477906303107,67.5,39.24421310424805,-28.255786895751953,28.255786895751953
sub-478046709665,53.30595482546201,31.101327896118164,-22.204626929343846,22.204626929343846
sub-478282076570,23.0,28.510475158691406,5.510475158691406,5.510475158691406
sub-478424896940,25.0,21.391647338867188,-3.6083526611328125,3.6083526611328125
sub-478734208494,25.0,24.141586303710938,-0.8584136962890625,0.8584136962890625
sub-479008488319,21.0,16.923904418945312,-4.0760955810546875,4.0760955810546875
sub-479447504648,10.2,14.89814281463623,4.698142814636231,4.698142814636231
sub-479540589250,19.0,29.846017837524414,10.846017837524414,10.846017837524414
sub-479779230782,21.0,22.36136817932129,1.361368179321289,1.361368179321289
sub-479820841591,21.0,22.478679656982422,1.4786796569824219,1.4786796569824219
sub-480081003183,11.66,17.222280502319336,5.562280502319336,5.562280502319336
sub-480092109529,23.0,17.598966598510742,-5.401033401489258,5.401033401489258
sub-480168790227,34.0,36.60040283203125,2.60040283203125,2.60040283203125
sub-480228126690,16.03,14.6673583984375,-1.3626416015625011,1.3626416015625011
sub-480242224316,19.0,26.46927261352539,7.469272613525391,7.469272613525391
sub-480547839037,29.0,19.394086837768555,-9.605913162231445,9.605913162231445
sub-480561361979,21.0,20.77922821044922,-0.22077178955078125,0.22077178955078125
sub-481338540032,27.5,21.679641723632812,-5.8203582763671875,5.8203582763671875
sub-481372512191,19.0,19.559070587158203,0.5590705871582031,0.5590705871582031
sub-481376362072,19.0,20.319931030273438,1.3199310302734375,1.3199310302734375
sub-481487710813,20.0,21.076257705688477,1.0762577056884766,1.0762577056884766
sub-481729032242,18.0,21.124061584472656,3.1240615844726562,3.1240615844726562
sub-482033781584,23.0,22.023481369018555,-0.9765186309814453,0.9765186309814453
sub-482038057597,19.0,25.31135368347168,6.31135368347168,6.31135368347168
sub-482555510183,19.0,21.31264877319336,2.3126487731933594,2.3126487731933594
sub-482977570138,29.0,22.75126838684082,-6.24873161315918,6.24873161315918
sub-483402142821,22.5,20.041595458984375,-2.458404541015625,2.458404541015625
sub-483551880880,27.5,23.620521545410156,-3.8794784545898438,3.8794784545898438
sub-483923683945,25.4072553045859,33.607398986816406,8.200143682230507,8.200143682230507
sub-484148497117,22.5,18.460926055908203,-4.039073944091797,4.039073944091797
sub-484948078712,58.04243668720055,54.747371673583984,-3.295065013616565,3.295065013616565
sub-485023310830,13.38,19.384572982788086,6.004572982788085,6.004572982788085
sub-485776903651,44.02464065708419,43.29157638549805,-0.7330642715861444,0.7330642715861444
sub-485953220500,21.0,15.467662811279297,-5.532337188720703,5.532337188720703
sub-486133856944,23.0,18.95860481262207,-4.04139518737793,4.04139518737793
sub-486143240913,9.897,12.594507217407227,2.6975072174072263,2.6975072174072263
sub-486245124301,27.5,27.091629028320312,-0.4083709716796875,0.4083709716796875
sub-486417717551,11.09,14.009191513061523,2.9191915130615236,2.9191915130615236
sub-486423606320,43.91786447638604,36.00310134887695,-7.91476312750909,7.91476312750909
sub-486471404776,66.90759753593429,67.83212280273438,0.9245252668000887,0.9245252668000887
sub-486615289589,19.0,23.82695770263672,4.826957702636719,4.826957702636719
sub-486972667341,24.0,26.116579055786133,2.116579055786133,2.116579055786133
sub-487060207493,23.0,18.795772552490234,-4.204227447509766,4.204227447509766
sub-487347404192,21.0,17.09890365600586,-3.9010963439941406,3.9010963439941406
sub-487885864728,20.0,21.141422271728516,1.1414222717285156,1.1414222717285156
sub-488302703346,13.0,30.442459106445312,17.442459106445312,17.442459106445312
sub-488756364056,27.5,33.360740661621094,5.860740661621094,5.860740661621094
sub-488848096628,20.0,24.790639877319336,4.790639877319336,4.790639877319336
sub-488893580166,22.0,20.42386817932129,-1.576131820678711,1.576131820678711
sub-489027396007,12.25,18.19998550415039,5.949985504150391,5.949985504150391
sub-489158333694,18.0,35.0660285949707,17.066028594970703,17.066028594970703
sub-489797046592,10.0,18.68683433532715,8.686834335327148,8.686834335327148
sub-490000239058,19.0,21.00455665588379,2.004556655883789,2.004556655883789
sub-490316768116,27.0,26.02347183227539,-0.9765281677246094,0.9765281677246094
sub-491115214422,25.24,31.78152084350586,6.541520843505861,6.541520843505861
sub-491354632411,23.0,27.71954345703125,4.71954345703125,4.71954345703125
sub-491370394347,25.0,20.9024658203125,-4.0975341796875,4.0975341796875
sub-491555377117,28.561259411362077,24.788379669189453,-3.7728797421726235,3.7728797421726235
sub-491975081522,12.04,11.627141952514648,-0.4128580474853507,0.4128580474853507
sub-492227230800,19.0,19.20602798461914,0.20602798461914062,0.20602798461914062
sub-492310557789,25.0,22.02291488647461,-2.9770851135253906,2.9770851135253906
sub-492342176669,23.0,21.34297752380371,-1.657022476196289,1.657022476196289
sub-492464773660,12.92,15.018176078796387,2.098176078796387,2.098176078796387
sub-493277753851,9.394520548,14.714178085327148,5.319657537327149,5.319657537327149
sub-493471626213,20.0,45.4059944152832,25.405994415283203,25.405994415283203
sub-493548099048,21.0,24.475255966186523,3.4752559661865234,3.4752559661865234
sub-493826676373,25.0,9.846251487731934,-15.153748512268066,15.153748512268066
sub-494054491223,21.0,20.979915618896484,-0.020084381103515625,0.020084381103515625
sub-494149399145,10.30410959,9.968594551086426,-0.3355150389135737,0.3355150389135737
sub-494293108467,20.0,25.83449363708496,5.834493637084961,5.834493637084961
sub-494369842715,10.87123288,12.216121673583984,1.3448887935839835,1.3448887935839835
sub-494402729031,62.24503764544832,71.0211181640625,8.77608051861418,8.77608051861418
sub-494429682464,21.0,20.664148330688477,-0.33585166931152344,0.33585166931152344
sub-494516431871,9.7721,14.038252830505371,4.266152830505371,4.266152830505371
sub-494562255867,12.9,14.231111526489258,1.3311115264892575,1.3311115264892575
sub-494597935437,22.0,20.509777069091797,-1.4902229309082031,1.4902229309082031
sub-494788265618,12.00547945,18.254411697387695,6.248932247387696,6.248932247387696
sub-494808050710,21.0,18.86172866821289,-2.1382713317871094,2.1382713317871094
sub-495207539415,21.0,26.673330307006836,5.673330307006836,5.673330307006836
sub-495214442213,19.0,20.884111404418945,1.8841114044189453,1.8841114044189453
sub-495387604500,19.08,18.785438537597656,-0.29456146240234204,0.29456146240234204
sub-496049662826,15.0,29.31863021850586,14.31863021850586,14.31863021850586
sub-496494295468,19.0,22.872541427612305,3.8725414276123047,3.8725414276123047
sub-497005491341,23.0,19.5761661529541,-3.4238338470458984,3.4238338470458984
sub-497215688436,21.0,18.921483993530273,-2.0785160064697266,2.0785160064697266
sub-497483458757,8.42,12.479473114013672,4.059473114013672,4.059473114013672
sub-497501390567,59.0,34.316402435302734,-24.683597564697266,24.683597564697266
sub-497610867892,23.0,18.985210418701172,-4.014789581298828,4.014789581298828
sub-497678537794,19.0,21.12215805053711,2.1221580505371094,2.1221580505371094
sub-498296814482,9.057534247,27.94906997680664,18.89153572980664,18.89153572980664
sub-498374469326,12.97,18.200212478637695,5.230212478637695,5.230212478637695
sub-498933429251,22.5,23.747257232666016,1.2472572326660156,1.2472572326660156
sub-499061605207,20.0,24.381441116333008,4.381441116333008,4.381441116333008
sub-499165373448,33.0,27.431156158447266,-5.568843841552734,5.568843841552734
sub-499339327714,16.0,17.7282772064209,1.7282772064208984,1.7282772064208984
sub-499898787180,23.0,19.9521484375,-3.0478515625,3.0478515625
sub-499917422866,12.36986301,21.180042266845703,8.810179256845704,8.810179256845704
sub-500210727969,19.0,14.709590911865234,-4.290409088134766,4.290409088134766
sub-500943633771,21.0,22.909704208374023,1.9097042083740234,1.9097042083740234
sub-501401162183,62.5,44.6856575012207,-17.814342498779297,17.814342498779297
sub-501412735160,10.79726027,16.010326385498047,5.213066115498046,5.213066115498046
sub-502014416815,21.0,22.512630462646484,1.5126304626464844,1.5126304626464844
sub-502254701139,17.0,21.8669376373291,4.866937637329102,4.866937637329102
sub-502693562289,25.0,31.11387825012207,6.11387825012207,6.11387825012207
sub-502800059899,21.0,18.729034423828125,-2.270965576171875,2.270965576171875
sub-502907007823,14.0,20.870132446289062,6.8701324462890625,6.8701324462890625
sub-503460268168,17.8,18.47707748413086,0.6770774841308587,0.6770774841308587
sub-503660804724,27.0,42.75056838989258,15.750568389892578,15.750568389892578
sub-503738728205,14.03,19.546205520629883,5.5162055206298835,5.5162055206298835
sub-504022302723,18.0,20.782840728759766,2.7828407287597656,2.7828407287597656
sub-504073242885,22.0,30.751266479492188,8.751266479492188,8.751266479492188
sub-504254596687,18.0,17.09685516357422,-0.9031448364257812,0.9031448364257812
sub-504323401470,12.0,13.069520950317383,1.0695209503173828,1.0695209503173828
sub-504662286528,28.0,26.41672134399414,-1.5832786560058594,1.5832786560058594
sub-505113843035,20.0,17.166017532348633,-2.833982467651367,2.833982467651367
sub-505223133481,62.7378507871321,35.05488586425781,-27.68296492287429,27.68296492287429
sub-505298572621,16.0986,22.655902862548828,6.557302862548827,6.557302862548827
sub-505313912099,10.0,11.087156295776367,1.0871562957763672,1.0871562957763672
sub-505669140091,32.5,39.31480407714844,6.8148040771484375,6.8148040771484375
sub-506026946056,22.0,19.046178817749023,-2.9538211822509766,2.9538211822509766
sub-506541958125,32.0,51.468109130859375,19.468109130859375,19.468109130859375
sub-507316241895,20.33,33.65266799926758,13.32266799926758,13.32266799926758
sub-507884784363,23.0,24.58034896850586,1.5803489685058594,1.5803489685058594
sub-507959688959,23.0,24.478551864624023,1.4785518646240234,1.4785518646240234
sub-508155480644,19.0,19.49550437927246,0.49550437927246094,0.49550437927246094
sub-508767756378,12.0,15.262702941894531,3.2627029418945312,3.2627029418945312
sub-509770945531,9.783,14.783414840698242,5.000414840698243,5.000414840698243
sub-509844839359,21.0,19.23563575744629,-1.764364242553711,1.764364242553711
sub-510407668762,15.53,20.84593963623047,5.315939636230469,5.315939636230469
sub-510703389436,21.0,20.817014694213867,-0.1829853057861328,0.1829853057861328
sub-510978667156,10.67671233,18.819786071777344,8.143073741777343,8.143073741777343
sub-510989746907,37.097878165639976,31.823246002197266,-5.2746321634427105,5.2746321634427105
sub-511100454521,19.0,20.989778518676758,1.9897785186767578,1.9897785186767578
sub-511145985367,31.854893908282,37.586368560791016,5.731474652509014,5.731474652509014
sub-511947368541,19.0,24.91506004333496,5.915060043334961,5.915060043334961
sub-511948912967,19.0,18.98672103881836,-0.013278961181640625,0.013278961181640625
sub-511979172515,34.8227,27.0671443939209,-7.755555606079099,7.755555606079099
sub-512419690162,19.0,24.735946655273438,5.7359466552734375,5.7359466552734375
sub-512558933065,27.5,25.065814971923828,-2.434185028076172,2.434185028076172
sub-512591307504,24.876112251882272,18.872421264648438,-6.003690987233835,6.003690987233835
sub-512682505677,21.0,24.509429931640625,3.509429931640625,3.509429931640625
sub-512752293894,9.0,8.756855964660645,-0.24314403533935547,0.24314403533935547
sub-513149413681,41.30047912388775,41.28709030151367,-0.01338882237407546,0.01338882237407546
sub-513432871555,11.0,29.820743560791016,18.820743560791016,18.820743560791016
sub-513571495706,11.3,20.191495895385742,8.891495895385741,8.891495895385741
sub-513842955165,52.6652977412731,35.9416389465332,-16.723658794739897,16.723658794739897
sub-514113966552,29.0,27.757089614868164,-1.242910385131836,1.242910385131836
sub-514216395702,21.0,14.978503227233887,-6.021496772766113,6.021496772766113
sub-514546668706,60.9199178644764,61.895870208740234,0.9759523442638312,0.9759523442638312
sub-514812597461,9.0,15.727925300598145,6.7279253005981445,6.7279253005981445
sub-515049857854,20.0,19.950483322143555,-0.04951667785644531,0.04951667785644531
sub-515081497394,21.0,24.13593864440918,3.1359386444091797,3.1359386444091797
sub-515473988139,72.5,28.24602699279785,-44.25397300720215,44.25397300720215
sub-516034188736,33.24,27.592565536499023,-5.6474344635009786,5.6474344635009786
sub-517171317509,21.0,22.59497833251953,1.5949783325195312,1.5949783325195312
sub-517485012755,20.0,38.555389404296875,18.555389404296875,18.555389404296875
sub-517627279842,8.67,13.222990036010742,4.552990036010742,4.552990036010742
sub-517932747297,71.66324435318275,49.3956184387207,-22.267625914462045,22.267625914462045
sub-518050018372,23.0,21.62385368347168,-1.3761463165283203,1.3761463165283203
sub-518056224773,27.0,26.48126220703125,-0.51873779296875,0.51873779296875
sub-518298583047,67.5,33.49680709838867,-34.00319290161133,34.00319290161133
sub-518733647647,22.5,36.71125793457031,14.211257934570312,14.211257934570312
sub-518817165912,11.04931507,15.647505760192871,4.598190690192871,4.598190690192871
sub-518818481065,23.0,23.186553955078125,0.186553955078125,0.186553955078125
sub-519085723694,83.0,55.57594299316406,-27.424057006835938,27.424057006835938
sub-519122653786,18.0,20.645353317260742,2.645353317260742,2.645353317260742
sub-519236401892,13.0,19.20903968811035,6.209039688110352,6.209039688110352
sub-519256340478,9.25,14.045547485351562,4.7955474853515625,4.7955474853515625
sub-519310637883,23.0,21.891605377197266,-1.1083946228027344,1.1083946228027344
sub-519698613585,23.0,20.60388946533203,-2.3961105346679688,2.3961105346679688
sub-519733259421,23.0,22.135517120361328,-0.8644828796386719,0.8644828796386719
sub-519801603913,19.0,18.051626205444336,-0.9483737945556641,0.9483737945556641
sub-520091474797,34.236824093086916,37.00522994995117,2.7684058568642556,2.7684058568642556
sub-520349870969,52.887063655030786,54.85171890258789,1.9646552475571042,1.9646552475571042
sub-520988708445,21.0,20.328447341918945,-0.6715526580810547,0.6715526580810547
sub-521130407753,19.0,20.279211044311523,1.2792110443115234,1.2792110443115234
sub-521410433804,33.24024640657084,24.236358642578125,-9.003887763992715,9.003887763992715
sub-521784895043,8.898015,6.276060581207275,-2.6219544187927237,2.6219544187927237
sub-522535703135,77.0,28.761852264404297,-48.2381477355957,48.2381477355957
sub-522546505826,54.21492128678987,39.60871124267578,-14.606210044114086,14.606210044114086
sub-522635986366,10.67,18.515644073486328,7.845644073486328,7.845644073486328
sub-522815183788,21.0,18.992534637451172,-2.007465362548828,2.007465362548828
sub-522964764253,27.0,21.763349533081055,-5.236650466918945,5.236650466918945
sub-523056996207,23.0,18.115116119384766,-4.884883880615234,4.884883880615234
sub-523098042038,19.0,21.7396240234375,2.7396240234375,2.7396240234375
sub-523327138347,15.91,17.863513946533203,1.953513946533203,1.953513946533203
sub-523987222100,21.0,22.019672393798828,1.0196723937988281,1.0196723937988281
sub-524224102666,68.15058179329226,41.80449676513672,-26.346085028155542,26.346085028155542
sub-524609168470,21.0,34.2902717590332,13.290271759033203,13.290271759033203
sub-524943052363,16.0,20.306612014770508,4.306612014770508,4.306612014770508
sub-525079718146,44.2,23.89127540588379,-20.308724594116214,20.308724594116214
sub-525096935871,22.0,20.2470703125,-1.7529296875,1.7529296875
sub-525182251128,19.0,36.55934524536133,17.559345245361328,17.559345245361328
sub-525443507902,14.0,20.172027587890625,6.172027587890625,6.172027587890625
sub-525653325297,24.0,26.30537986755371,2.305379867553711,2.305379867553711
sub-525763369127,27.66,22.489871978759766,-5.1701280212402345,5.1701280212402345
sub-525789234356,27.5,21.840051651000977,-5.659948348999023,5.659948348999023
sub-526031133456,10.11232877,18.254173278808594,8.141844508808594,8.141844508808594
sub-526119249037,22.5,19.906986236572266,-2.5930137634277344,2.5930137634277344
sub-526462261938,21.0,18.775665283203125,-2.224334716796875,2.224334716796875
sub-526879269662,21.0,19.068614959716797,-1.9313850402832031,1.9313850402832031
sub-527212529902,19.0,17.826711654663086,-1.173288345336914,1.173288345336914
sub-527520173294,57.73853524982889,22.91986083984375,-34.81867440998514,34.81867440998514
sub-527550273544,20.0,17.29619789123535,-2.7038021087646484,2.7038021087646484
sub-527982967568,62.09445585215607,53.76306915283203,-8.331386699324035,8.331386699324035
sub-528086828510,19.0,35.94695281982422,16.94695281982422,16.94695281982422
sub-528159895368,19.0,18.590539932250977,-0.40946006774902344,0.40946006774902344
sub-528349758820,26.0,23.29226303100586,-2.7077369689941406,2.7077369689941406
sub-528365243313,19.0,21.725582122802734,2.7255821228027344,2.7255821228027344
sub-528421144678,15.91,19.441572189331055,3.5315721893310545,3.5315721893310545
sub-529591604049,18.0,15.724325180053711,-2.275674819946289,2.275674819946289
sub-529610647368,19.0,19.407310485839844,0.40731048583984375,0.40731048583984375
sub-530484284929,27.0,19.40885353088379,-7.591146469116211,7.591146469116211
sub-530551923943,19.0,24.995018005371094,5.995018005371094,5.995018005371094
sub-530581463174,36.46817248459959,31.18377113342285,-5.28440135117674,5.28440135117674
sub-530817417732,19.0,18.69884490966797,-0.30115509033203125,0.30115509033203125
sub-530934590183,31.0,20.511247634887695,-10.488752365112305,10.488752365112305
sub-531119398497,19.0,18.83504867553711,-0.16495132446289062,0.16495132446289062
sub-531172214225,25.0,37.59468078613281,12.594680786132812,12.594680786132812
sub-531902648118,27.5,38.03565979003906,10.535659790039062,10.535659790039062
sub-532024257558,67.1129363449692,50.653656005859375,-16.459280339109824,16.459280339109824
sub-532271128785,59.74264202600958,64.57916259765625,4.836520571646673,4.836520571646673
sub-532899301034,9.3,11.430959701538086,2.1309597015380852,2.1309597015380852
sub-534104063338,23.0,26.467857360839844,3.4678573608398438,3.4678573608398438
sub-535399597427,32.0,38.519046783447266,6.519046783447266,6.519046783447266
sub-535587500460,10.0,14.637701034545898,4.637701034545898,4.637701034545898
sub-535704909571,25.0,22.027620315551758,-2.972379684448242,2.972379684448242
sub-535707981968,24.0,22.17679214477539,-1.8232078552246094,1.8232078552246094
sub-536470263663,21.0,25.068927764892578,4.068927764892578,4.068927764892578
sub-536531144180,21.0,22.49456214904785,1.4945621490478516,1.4945621490478516
sub-536879781890,19.0,26.621736526489258,7.621736526489258,7.621736526489258
sub-537034379289,17.36,17.674293518066406,0.3142935180664068,0.3142935180664068
sub-537117242845,21.0,20.626930236816406,-0.37306976318359375,0.37306976318359375
sub-537131646189,54.277891854893895,33.01652526855469,-21.261366586339207,21.261366586339207
sub-537149039924,13.0,21.489887237548828,8.489887237548828,8.489887237548828
sub-537492154508,29.730321697467488,22.53297996520996,-7.197341732257527,7.197341732257527
sub-537820593556,22.1081,16.5623836517334,-5.545716348266602,5.545716348266602
sub-537896211156,7.326489,12.848466873168945,5.521977873168946,5.521977873168946
sub-538011067524,19.0,16.56175422668457,-2.4382457733154297,2.4382457733154297
sub-538129865393,9.2081,17.664794921875,8.456694921875,8.456694921875
sub-538224989757,23.0,24.6248779296875,1.6248779296875,1.6248779296875
sub-538778430581,21.0,23.64925193786621,2.649251937866211,2.649251937866211
sub-538898447435,9.1752,11.992203712463379,2.8170037124633787,2.8170037124633787
sub-538946903744,27.0,34.412330627441406,7.412330627441406,7.412330627441406
sub-539211759402,24.0,21.56586265563965,-2.4341373443603516,2.4341373443603516
sub-539327928394,19.0,25.261842727661133,6.261842727661133,6.261842727661133
sub-539663876342,10.54246575,14.554051399230957,4.011585649230957,4.011585649230957
sub-539946177552,21.0,23.033241271972656,2.0332412719726562,2.0332412719726562
sub-540417431290,18.0,18.45844078063965,0.45844078063964844,0.45844078063964844
sub-540478978405,23.0,43.23124694824219,20.231246948242188,20.231246948242188
sub-540543807336,19.0,22.978939056396484,3.9789390563964844,3.9789390563964844
sub-540712487602,21.0,31.777240753173828,10.777240753173828,10.777240753173828
sub-541303066659,19.0,22.76283836364746,3.762838363647461,3.762838363647461
sub-541464924960,59.68514715947981,22.172725677490234,-37.51242148198958,37.51242148198958
sub-541568909688,7.0,17.480379104614258,10.480379104614258,10.480379104614258
sub-541782998562,21.0,22.031038284301758,1.0310382843017578,1.0310382843017578
sub-541821932799,19.0,20.455284118652344,1.4552841186523438,1.4552841186523438
sub-542120424077,70.83641341546884,57.935794830322266,-12.900618585146574,12.900618585146574
sub-542231428806,37.828884325804246,21.860816955566406,-15.96806737023784,15.96806737023784
sub-542257236175,21.0,24.008481979370117,3.008481979370117,3.008481979370117
sub-542398394549,24.0,34.375099182128906,10.375099182128906,10.375099182128906
sub-542761478680,11.01643836,17.056955337524414,6.040516977524414,6.040516977524414
sub-543380072448,20.0,20.258474349975586,0.25847434997558594,0.25847434997558594
sub-543866398227,11.84383562,9.085158348083496,-2.758677271916504,2.758677271916504
sub-544128411470,74.98973305954826,23.667692184448242,-51.322040875100015,51.322040875100015
sub-544177506947,11.7892,16.89240264892578,5.103202648925782,5.103202648925782
sub-544551531568,27.3238,20.362598419189453,-6.961201580810545,6.961201580810545
sub-544715833793,22.5,26.815231323242188,4.3152313232421875,4.3152313232421875
sub-545189027962,20.0,18.54537582397461,-1.4546241760253906,1.4546241760253906
sub-545343612156,23.0,21.514049530029297,-1.4859504699707031,1.4859504699707031
sub-545397923902,21.0,23.61879539489746,2.618795394897461,2.618795394897461
sub-545455624714,14.8,19.674779891967773,4.874779891967773,4.874779891967773
sub-545465269376,24.0,27.931325912475586,3.931325912475586,3.931325912475586
sub-545766225869,72.5,55.517696380615234,-16.982303619384766,16.982303619384766
sub-546159793818,19.0,17.978303909301758,-1.0216960906982422,1.0216960906982422
sub-546222000389,24.569472963723477,24.99713134765625,0.4276583839327728,0.4276583839327728
sub-546466749045,20.0,19.703174591064453,-0.2968254089355469,0.2968254089355469
sub-546875623860,21.0,18.192672729492188,-2.8073272705078125,2.8073272705078125
sub-547139274284,19.0,20.811901092529297,1.8119010925292969,1.8119010925292969
sub-547312228567,21.0,23.68486213684082,2.6848621368408203,2.6848621368408203
sub-547450106968,27.5,24.715225219726562,-2.7847747802734375,2.7847747802734375
sub-547460968610,19.0,21.8731632232666,2.8731632232666016,2.8731632232666016
sub-548237648888,8.331506849,10.013766288757324,1.682259439757324,1.682259439757324
sub-548299471837,23.0,23.145246505737305,0.1452465057373047,0.1452465057373047
sub-548382705939,14.25,8.89926815032959,-5.35073184967041,5.35073184967041
sub-548750637639,12.73,20.73286247253418,8.00286247253418,8.00286247253418
sub-548760873320,19.0,18.437891006469727,-0.5621089935302734,0.5621089935302734
sub-549448988509,9.0,15.75724983215332,6.75724983215332,6.75724983215332
sub-550373790770,26.57905544147844,22.148902893066406,-4.430152548412035,4.430152548412035
sub-550394965552,32.0,20.70277214050293,-11.29722785949707,11.29722785949707
sub-551457299823,12.70136986,13.473418235778809,0.7720483757788088,0.7720483757788088
sub-551781438290,21.0,20.569557189941406,-0.43044281005859375,0.43044281005859375
sub-551972724558,21.0,19.049537658691406,-1.9504623413085938,1.9504623413085938
sub-552444560261,69.6892539356605,39.586421966552734,-30.10283196910777,30.10283196910777
sub-552670227215,12.42739726,16.67535972595215,4.247962465952149,4.247962465952149
sub-553719287153,22.5,33.53643798828125,11.03643798828125,11.03643798828125
sub-553980195351,14.0,17.8038387298584,3.8038387298583984,3.8038387298583984
sub-554090328633,22.5,21.62626838684082,-0.8737316131591797,0.8737316131591797
sub-554433867792,11.0,12.122157096862793,1.122157096862793,1.122157096862793
sub-554540369195,57.210130047912386,48.779510498046875,-8.430619549865511,8.430619549865511
sub-554894252350,19.0,21.48900604248047,2.4890060424804688,2.4890060424804688
sub-555146543406,8.82739726,26.323017120361328,17.49561986036133,17.49561986036133
sub-555813233988,25.58521560574949,25.844079971313477,0.25886436556398706,0.25886436556398706
sub-556188520622,21.0,21.98101043701172,0.9810104370117188,0.9810104370117188
sub-556282864284,19.0,19.648204803466797,0.6482048034667969,0.6482048034667969
sub-557315657627,27.5,40.170570373535156,12.670570373535156,12.670570373535156
sub-557485689083,18.0,20.557052612304688,2.5570526123046875,2.5570526123046875
sub-557526146186,19.0,21.8731689453125,2.8731689453125,2.8731689453125
sub-557844531627,23.0,20.60587501525879,-2.394124984741211,2.394124984741211
sub-558059595100,19.0,17.72496223449707,-1.2750377655029297,1.2750377655029297
sub-558379537642,9.7,16.43889617919922,6.7388961791992195,6.7388961791992195
sub-558400453988,8.942465752999999,11.978028297424316,3.0355625444243177,3.0355625444243177
sub-558541399225,21.0,25.053241729736328,4.053241729736328,4.053241729736328
sub-558593437333,18.0,30.829713821411133,12.829713821411133,12.829713821411133
sub-558604874300,32.16974674880219,30.776185989379883,-1.3935607594223072,1.3935607594223072
sub-558698688863,15.7,14.095322608947754,-1.6046773910522454,1.6046773910522454
sub-558802533319,8.471232877,18.215696334838867,9.744463457838867,9.744463457838867
sub-558939022769,24.0,22.798784255981445,-1.2012157440185547,1.2012157440185547
sub-558960275349,22.0,24.301555633544922,2.301555633544922,2.301555633544922
sub-559597730211,23.0,18.342885971069336,-4.657114028930664,4.657114028930664
sub-560549455828,27.5,29.132244110107422,1.6322441101074219,1.6322441101074219
sub-560904425980,24.0,25.219011306762695,1.2190113067626953,1.2190113067626953
sub-561045643649,22.5,32.96316146850586,10.46316146850586,10.46316146850586
sub-561139464018,69.0,48.954708099365234,-20.045291900634766,20.045291900634766
sub-561225919354,22.5,27.901823043823242,5.401823043823242,5.401823043823242
sub-561366951241,21.0,23.768848419189453,2.768848419189453,2.768848419189453
sub-561734337718,31.0,30.495691299438477,-0.5043087005615234,0.5043087005615234
sub-561752414596,46.0,20.3554630279541,-25.6445369720459,25.6445369720459
sub-561933935805,28.61327857631759,21.60260581970215,-7.010672756615442,7.010672756615442
sub-562485434705,9.063,17.238117218017578,8.175117218017578,8.175117218017578
sub-562524748965,24.0,20.252012252807617,-3.747987747192383,3.747987747192383
sub-562839089454,42.5,34.214256286621094,-8.285743713378906,8.285743713378906
sub-562931531957,75.82751540041069,63.17163848876953,-12.655876911641158,12.655876911641158
sub-563023335884,12.0,17.640703201293945,5.640703201293945,5.640703201293945
sub-563291815565,19.0,20.088552474975586,1.088552474975586,1.088552474975586
sub-563294691785,8.783561644,16.372272491455078,7.5887108474550775,7.5887108474550775
sub-563981968175,19.0,45.66722106933594,26.667221069335938,26.667221069335938
sub-564557955687,79.0,47.48487091064453,-31.51512908935547,31.51512908935547
sub-564848221621,23.2909,24.84645652770996,1.5555565277099603,1.5555565277099603
sub-565025526070,21.0,26.120407104492188,5.1204071044921875,5.1204071044921875
sub-565703410370,21.0,19.7458553314209,-1.2541446685791016,1.2541446685791016
sub-565741667065,15.1,16.971282958984375,1.8712829589843754,1.8712829589843754
sub-565839592675,22.0,15.984009742736816,-6.015990257263184,6.015990257263184
sub-565908100162,12.4298,21.422672271728516,8.992872271728515,8.992872271728515
sub-566100490218,20.0,16.18796157836914,-3.8120384216308594,3.8120384216308594
sub-566155888990,24.28473648186174,38.96657180786133,14.68183532599959,14.68183532599959
sub-566211969588,23.0,20.518178939819336,-2.481821060180664,2.481821060180664
sub-566226278120,22.5,21.589292526245117,-0.9107074737548828,0.9107074737548828
sub-566608301162,18.0,30.65117835998535,12.651178359985352,12.651178359985352
sub-566869073328,9.632876712,16.001523971557617,6.368647259557617,6.368647259557617
sub-567011290205,25.0,22.75337028503418,-2.2466297149658203,2.2466297149658203
sub-567035745011,10.50136986,10.284062385559082,-0.21730747444091847,0.21730747444091847
sub-567138629151,24.6,14.550264358520508,-10.049735641479494,10.049735641479494
sub-567753707774,21.0,25.077009201049805,4.077009201049805,4.077009201049805
sub-568161091231,51.65776865160849,36.50470733642578,-15.153061315182711,15.153061315182711
sub-568610648241,14.0,21.73210334777832,7.73210334777832,7.73210334777832
sub-568873041221,23.0,19.374813079833984,-3.6251869201660156,3.6251869201660156
sub-569532759972,64.26830937713895,27.89170265197754,-36.37660672516141,36.37660672516141
sub-570598617499,11.8109589,18.40114402770996,6.590185127709962,6.590185127709962
sub-572336248338,22.5,20.630781173706055,-1.8692188262939453,1.8692188262939453
sub-572513296369,21.0,33.20478439331055,12.204784393310547,12.204784393310547
sub-572517794446,20.0,22.907827377319336,2.907827377319336,2.907827377319336
sub-572747785752,11.76712329,17.788957595825195,6.021834305825195,6.021834305825195
sub-572750930282,21.0,19.47869300842285,-1.5213069915771484,1.5213069915771484
sub-573108584695,19.0,18.685955047607422,-0.3140449523925781,0.3140449523925781
sub-573338784763,12.58,24.590383529663086,12.010383529663086,12.010383529663086
sub-573830855349,21.0,25.85944938659668,4.85944938659668,4.85944938659668
sub-574114738756,18.0,16.11100959777832,-1.8889904022216797,1.8889904022216797
sub-574140052026,36.0,43.03486251831055,7.034862518310547,7.034862518310547
sub-574160796443,21.0,23.97667121887207,2.9766712188720703,2.9766712188720703
sub-574676182729,21.0,20.28885841369629,-0.7111415863037109,0.7111415863037109
sub-575234378047,22.0,19.062591552734375,-2.937408447265625,2.937408447265625
sub-575605093745,23.0,23.19413948059082,0.1941394805908203,0.1941394805908203
sub-576178414159,21.0,26.5943660736084,5.594366073608398,5.594366073608398
sub-576627281914,37.5,27.1854248046875,-10.3145751953125,10.3145751953125
sub-577293045337,20.0,27.825654983520508,7.825654983520508,7.825654983520508
sub-578146676720,23.0,24.022464752197266,1.0224647521972656,1.0224647521972656
sub-578385109718,61.015742642026005,50.77175521850586,-10.243987423520146,10.243987423520146
sub-578842404933,24.0,17.254480361938477,-6.745519638061523,6.745519638061523
sub-578912543438,13.0,14.596920013427734,1.5969200134277344,1.5969200134277344
sub-578915055891,21.0,19.685346603393555,-1.3146533966064453,1.3146533966064453
sub-579120328387,12.51232877,14.362096786499023,1.8497680164990236,1.8497680164990236
sub-579327790838,22.0,21.17183494567871,-0.8281650543212891,0.8281650543212891
sub-579548048094,10.60273973,9.949190139770508,-0.6535495902294919,0.6535495902294919
sub-579899565725,21.0,24.440879821777344,3.4408798217773438,3.4408798217773438
sub-579996063674,11.0,13.332250595092773,2.3322505950927734,2.3322505950927734
sub-580285657273,10.0,17.505102157592773,7.505102157592773,7.505102157592773
sub-580748616468,11.72876712,11.315611839294434,-0.41315528070556695,0.41315528070556695
sub-581074279240,72.5,47.44602584838867,-25.053974151611328,25.053974151611328
sub-581150303156,21.0,25.53679084777832,4.53679084777832,4.53679084777832
sub-581313710290,7.66,22.574386596679688,14.914386596679687,14.914386596679687
sub-582324789442,21.0,21.389719009399414,0.38971900939941406,0.38971900939941406
sub-582536446323,24.0,22.324384689331055,-1.6756153106689453,1.6756153106689453
sub-582956839439,21.0,16.235809326171875,-4.764190673828125,4.764190673828125
sub-584071855973,18.0,29.83750343322754,11.837503433227539,11.837503433227539
sub-584112525911,23.0,17.576021194458008,-5.423978805541992,5.423978805541992
sub-584133814549,21.0,21.199554443359375,0.199554443359375,0.199554443359375
sub-584305222833,22.5,37.18996047973633,14.689960479736328,14.689960479736328
sub-585134564411,31.0,40.05873107910156,9.058731079101562,9.058731079101562
sub-585178633428,23.0,17.896621704101562,-5.1033782958984375,5.1033782958984375
sub-585840627036,19.0,18.910879135131836,-0.08912086486816406,0.08912086486816406
sub-585890839608,26.98425735797399,37.71590805053711,10.731650692563118,10.731650692563118
sub-586524106373,11.44657534,10.403057098388672,-1.043518241611329,1.043518241611329
sub-586887695836,8.821917808,11.38488483428955,2.5629670262895505,2.5629670262895505
sub-587009566043,21.0,17.621383666992188,-3.3786163330078125,3.3786163330078125
sub-587717071548,22.0,30.438884735107422,8.438884735107422,8.438884735107422
sub-587734814736,18.0,19.419721603393555,1.4197216033935547,1.4197216033935547
sub-588017006762,21.0,22.601186752319336,1.601186752319336,1.601186752319336
sub-588680393420,22.5,26.186607360839844,3.6866073608398438,3.6866073608398438
sub-589159090994,25.0,23.400911331176758,-1.5990886688232422,1.5990886688232422
sub-590290455236,11.23013699,13.72535228729248,2.4952152972924804,2.4952152972924804
sub-590542611343,23.0,26.348812103271484,3.3488121032714844,3.3488121032714844
sub-591687985082,19.0,20.190876007080078,1.1908760070800781,1.1908760070800781
sub-592239322410,19.0,18.406112670898438,-0.5938873291015625,0.5938873291015625
sub-592480598244,19.0,22.454137802124023,3.4541378021240234,3.4541378021240234
sub-592747222720,79.41409993155374,64.62235260009766,-14.79174733145608,14.79174733145608
sub-592933699184,23.0,24.20203399658203,1.2020339965820312,1.2020339965820312
sub-593517093579,22.5,19.800901412963867,-2.699098587036133,2.699098587036133
sub-593650733821,27.0,31.517518997192383,4.517518997192383,4.517518997192383
sub-593784360328,27.0,16.66744613647461,-10.33255386352539,10.33255386352539
sub-594451160548,21.0,18.647390365600586,-2.352609634399414,2.352609634399414
sub-594656396715,29.0,24.12995719909668,-4.87004280090332,4.87004280090332
sub-594745664942,16.0,19.205429077148438,3.2054290771484375,3.2054290771484375
sub-595338991165,21.0,19.859539031982422,-1.1404609680175781,1.1404609680175781
sub-595372614006,24.6543,20.277366638183594,-4.3769333618164055,4.3769333618164055
sub-595618580909,18.7,22.387725830078125,3.6877258300781257,3.6877258300781257
sub-596066839689,23.0,31.19715118408203,8.197151184082031,8.197151184082031
sub-596190685497,15.2,15.896209716796875,0.6962097167968757,0.6962097167968757
sub-596439418214,59.14852840520192,68.26795959472656,9.11943118952464,9.11943118952464
sub-596552068250,14.0,16.73406982421875,2.73406982421875,2.73406982421875
sub-596630833773,21.0,24.912031173706055,3.9120311737060547,3.9120311737060547
sub-596648006143,22.0,21.10785484313965,-0.8921451568603516,0.8921451568603516
sub-596962321361,9.375342466,14.170797348022461,4.795454882022462,4.795454882022462
sub-597843888777,9.73,18.93311882019043,9.20311882019043,9.20311882019043
sub-598246474606,19.0,25.23761749267578,6.237617492675781,6.237617492675781
sub-599591857106,21.0,19.47661781311035,-1.5233821868896484,1.5233821868896484
sub-599933244197,67.5,65.75687408447266,-1.7431259155273438,1.7431259155273438
sub-600098084610,21.0,21.290000915527344,0.29000091552734375,0.29000091552734375
sub-600265031153,18.0,16.53509521484375,-1.46490478515625,1.46490478515625
sub-600275574870,8.920547945,13.157901763916016,4.2373538189160165,4.2373538189160165
sub-600444550688,22.5,19.0767822265625,-3.4232177734375,3.4232177734375
sub-600488415104,25.0,21.08094596862793,-3.9190540313720703,3.9190540313720703
sub-600606462331,13.0,19.91461944580078,6.914619445800781,6.914619445800781
sub-600653104909,25.0,21.443246841430664,-3.556753158569336,3.556753158569336
sub-601575314713,18.0,25.948165893554688,7.9481658935546875,7.9481658935546875
sub-602114713255,16.0,18.93663787841797,2.9366378784179688,2.9366378784179688
sub-602900008789,29.27857631759069,22.033987045288086,-7.244589272302605,7.244589272302605
sub-603015713565,10.0,13.569998741149902,3.5699987411499023,3.5699987411499023
sub-603274442678,21.0,24.060787200927734,3.0607872009277344,3.0607872009277344
sub-603550058118,21.0,19.268131256103516,-1.7318687438964844,1.7318687438964844
sub-603637173781,21.0,18.756118774414062,-2.2438812255859375,2.2438812255859375
sub-604403915211,22.5,23.111675262451172,0.6116752624511719,0.6116752624511719
sub-604494512599,10.08767123,12.243132591247559,2.155461361247559,2.155461361247559
sub-604727014440,15.25,23.34710121154785,8.097101211547852,8.097101211547852
sub-605330686646,19.0,18.424724578857422,-0.5752754211425781,0.5752754211425781
sub-605373904061,23.0,27.09367561340332,4.09367561340332,4.09367561340332
sub-605870296030,18.0,14.68305492401123,-3.3169450759887695,3.3169450759887695
sub-606047187144,18.0,25.32218360900879,7.322183609008789,7.322183609008789
sub-606245703129,19.0,17.832338333129883,-1.1676616668701172,1.1676616668701172
sub-606417784213,26.0,42.12929153442383,16.129291534423828,16.129291534423828
sub-606527255214,22.0,19.812002182006836,-2.187997817993164,2.187997817993164
sub-606619069147,14.2,18.699779510498047,4.499779510498048,4.499779510498048
sub-606946325458,27.5,33.1602783203125,5.6602783203125,5.6602783203125
sub-607709228236,19.0,18.433712005615234,-0.5662879943847656,0.5662879943847656
sub-607793324229,21.0,26.229759216308594,5.229759216308594,5.229759216308594
sub-607808523191,23.0,26.249135971069336,3.249135971069336,3.249135971069336
sub-608227590536,18.0,26.320730209350586,8.320730209350586,8.320730209350586
sub-608679778524,19.0,26.449575424194336,7.449575424194336,7.449575424194336
sub-608690804111,23.0,20.924488067626953,-2.075511932373047,2.075511932373047
sub-609017504616,19.0,22.984460830688477,3.9844608306884766,3.9844608306884766
sub-609030289266,54.0,35.30303955078125,-18.69696044921875,18.69696044921875
sub-609062293978,48.25462012320329,50.1506233215332,1.8960031983299146,1.8960031983299146
sub-609656607957,48.07939767282682,36.613990783691406,-11.465406889135416,11.465406889135416
sub-609892457500,13.75,26.16266441345215,12.412664413452148,12.412664413452148
sub-610209673140,21.0,21.831340789794922,0.8313407897949219,0.8313407897949219
sub-610293547167,21.0,21.325918197631836,0.32591819763183594,0.32591819763183594
sub-610598919254,35.58,39.70964813232422,4.1296481323242205,4.1296481323242205
sub-611520063730,19.0,19.251157760620117,0.2511577606201172,0.2511577606201172
sub-611990204992,21.0,27.479780197143555,6.479780197143555,6.479780197143555
sub-612136152096,23.0,28.259580612182617,5.259580612182617,5.259580612182617
sub-612159600570,19.0,22.105470657348633,3.105470657348633,3.105470657348633
sub-612498412297,21.0,20.174427032470703,-0.8255729675292969,0.8255729675292969
sub-612699294349,38.0,34.375492095947266,-3.6245079040527344,3.6245079040527344
sub-612846439329,23.0,17.48794937133789,-5.512050628662109,5.512050628662109
sub-612992669944,19.33,17.53855323791504,-1.7914467620849592,1.7914467620849592
sub-613224225766,9.9548,11.335487365722656,1.3806873657226557,1.3806873657226557
sub-613987073343,27.5,25.0087833404541,-2.4912166595458984,2.4912166595458984
sub-614478580712,72.82683093771391,58.6663703918457,-14.160460545868204,14.160460545868204
sub-614655003675,27.0,23.736989974975586,-3.263010025024414,3.263010025024414
sub-614767601532,22.0,20.532100677490234,-1.4678993225097656,1.4678993225097656
sub-614986450038,27.5,28.374202728271484,0.8742027282714844,0.8742027282714844
sub-615195654528,26.87748117727584,21.89595603942871,-4.981525137847129,4.981525137847129
sub-615353760008,9.933,7.853977680206299,-2.079022319793701,2.079022319793701
sub-615418240534,23.0,32.397705078125,9.397705078125,9.397705078125
sub-615511318906,27.5,24.513383865356445,-2.9866161346435547,2.9866161346435547
sub-615539517070,17.0,21.291156768798828,4.291156768798828,4.291156768798828
sub-616304398458,21.0,18.998851776123047,-2.001148223876953,2.001148223876953
sub-616650002943,49.0,54.767887115478516,5.767887115478516,5.767887115478516
sub-616981188326,15.0,16.509265899658203,1.5092658996582031,1.5092658996582031
sub-617184569359,23.0,27.753538131713867,4.753538131713867,4.753538131713867
sub-617228447780,21.0,18.99993896484375,-2.00006103515625,2.00006103515625
sub-617548875008,32.5,22.71792221069336,-9.78207778930664,9.78207778930664
sub-617551838591,26.0,40.666481018066406,14.666481018066406,14.666481018066406
sub-617764434567,54.19301848049281,47.111507415771484,-7.081511064721326,7.081511064721326
sub-617901292458,20.0,19.548303604125977,-0.45169639587402344,0.45169639587402344
sub-618287927693,13.0,14.9971342086792,1.9971342086791992,1.9971342086791992
sub-619041447551,13.86447639,23.888334274291992,10.023857884291992,10.023857884291992
sub-619456358765,29.0,27.035696029663086,-1.964303970336914,1.964303970336914
sub-619472236320,11.0,8.08853816986084,-2.91146183013916,2.91146183013916
sub-619489060193,19.0,18.295860290527344,-0.7041397094726562,0.7041397094726562
sub-619550922545,38.77344284736482,26.273395538330078,-12.500047309034741,12.500047309034741
sub-619614013878,40.0,32.3445930480957,-7.655406951904297,7.655406951904297
sub-619633240608,21.0,21.878583908081055,0.8785839080810547,0.8785839080810547
sub-620208115958,19.0,26.403554916381836,7.403554916381836,7.403554916381836
sub-620257630539,19.0,25.139545440673828,6.139545440673828,6.139545440673828
sub-620369093938,10.7529,12.014758110046387,1.2618581100463864,1.2618581100463864
sub-620984229042,44.88158795345654,55.2083740234375,10.326786069980962,10.326786069980962
sub-621736610839,10.69589041,12.637283325195312,1.941392915195312,1.941392915195312
sub-621749560707,21.0,24.392480850219727,3.3924808502197266,3.3924808502197266
sub-622250944839,21.0,21.34632682800293,0.3463268280029297,0.3463268280029297
sub-622381959459,19.0,30.18705940246582,11.18705940246582,11.18705940246582
sub-622552266432,21.0,21.699174880981445,0.6991748809814453,0.6991748809814453
sub-622843285408,21.0,17.16976547241211,-3.8302345275878906,3.8302345275878906
sub-622888774016,19.0,20.283641815185547,1.2836418151855469,1.2836418151855469
sub-622939334251,8.983561644,22.838520050048828,13.854958406048828,13.854958406048828
sub-622953019079,41.752224503764545,44.37637710571289,2.624152601948346,2.624152601948346
sub-623405236906,21.0,21.87740135192871,0.8774013519287109,0.8774013519287109
sub-623833254305,67.5,42.56132888793945,-24.938671112060547,24.938671112060547
sub-624448003003,31.0,21.82114028930664,-9.17885971069336,9.17885971069336
sub-625380292482,19.0,20.073699951171875,1.073699951171875,1.073699951171875
sub-625883065867,20.0,26.740354537963867,6.740354537963867,6.740354537963867
sub-625981000050,19.0,21.56076431274414,2.5607643127441406,2.5607643127441406
sub-626188931445,17.0,18.537811279296875,1.537811279296875,1.537811279296875
sub-626212764612,14.0,8.147509574890137,-5.852490425109863,5.852490425109863
sub-626261127584,59.88227241615331,45.46337890625,-14.418893509903313,14.418893509903313
sub-627005612106,19.0,49.35746383666992,30.357463836669922,30.357463836669922
sub-627471727969,66.90759753593429,63.092350006103516,-3.8152475298307706,3.8152475298307706
sub-627612378300,27.0,35.81290054321289,8.81290054321289,8.81290054321289
sub-628738898345,21.0,19.979503631591797,-1.0204963684082031,1.0204963684082031
sub-628789413034,21.0,26.062557220458984,5.062557220458984,5.062557220458984
sub-628893530541,9.189041096,13.022401809692383,3.8333607136923824,3.8333607136923824
sub-628907340229,22.0,21.13833999633789,-0.8616600036621094,0.8616600036621094
sub-629066084898,21.0,25.031524658203125,4.031524658203125,4.031524658203125
sub-630442925754,23.0,25.184219360351562,2.1842193603515625,2.1842193603515625
sub-630551983437,59.83572895277207,66.73587799072266,6.900149037950584,6.900149037950584
sub-631426044350,23.0,23.72675132751465,0.7267513275146484,0.7267513275146484
sub-631760081925,21.0,17.92421531677246,-3.075784683227539,3.075784683227539
sub-632118830745,27.0,29.912803649902344,2.9128036499023438,2.9128036499023438
sub-632446705337,19.0,20.244949340820312,1.2449493408203125,1.2449493408203125
sub-632509073360,11.55,22.983190536499023,11.433190536499023,11.433190536499023
sub-633602514995,23.0,27.194047927856445,4.194047927856445,4.194047927856445
sub-633708423748,21.0,22.845979690551758,1.8459796905517578,1.8459796905517578
sub-634456883025,24.0,17.58283233642578,-6.417167663574219,6.417167663574219
sub-634620596226,21.0,27.00367546081543,6.00367546081543,6.00367546081543
sub-635354190905,21.0,18.875436782836914,-2.124563217163086,2.124563217163086
sub-635915234969,19.0,21.618680953979492,2.618680953979492,2.618680953979492
sub-636129540020,24.0,24.787673950195312,0.7876739501953125,0.7876739501953125
sub-636479953124,19.0,20.539316177368164,1.539316177368164,1.539316177368164
sub-638598699448,19.0,15.876110076904297,-3.123889923095703,3.123889923095703
sub-638986001058,11.0,21.007959365844727,10.007959365844727,10.007959365844727
sub-639397399359,13.0,14.713738441467285,1.7137384414672852,1.7137384414672852
sub-639544814415,21.0,16.617040634155273,-4.382959365844727,4.382959365844727
sub-639549203110,20.9,19.7684326171875,-1.1315673828124986,1.1315673828124986
sub-639706198725,19.0,19.28260040283203,0.28260040283203125,0.28260040283203125
sub-639874239232,22.0,19.92184829711914,-2.0781517028808594,2.0781517028808594
sub-640225753017,11.0,12.203812599182129,1.203812599182129,1.203812599182129
sub-640376430100,21.0,13.860593795776367,-7.139406204223633,7.139406204223633
sub-640474032496,19.0,17.680267333984375,-1.319732666015625,1.319732666015625
sub-640745291862,19.0,36.72041702270508,17.720417022705078,17.720417022705078
sub-640829640252,10.68767123,12.801255226135254,2.1135839961352545,2.1135839961352545
sub-640887142993,19.0,19.611642837524414,0.6116428375244141,0.6116428375244141
sub-641082032277,31.37029431895961,45.72482681274414,14.354532493784532,14.354532493784532
sub-641201171998,9.61369863,12.849617004394531,3.2359183743945312,3.2359183743945312
sub-641352058645,19.0,22.54037094116211,3.5403709411621094,3.5403709411621094
sub-641503012169,12.30410959,12.261053085327148,-0.04305650467285105,0.04305650467285105
sub-641778374478,23.0,30.90328598022461,7.903285980224609,7.903285980224609
sub-641785343493,24.76386036960985,17.908124923706055,-6.855735445903797,6.855735445903797
sub-641924756694,27.5,36.268531799316406,8.768531799316406,8.768531799316406
sub-642488241612,25.0,29.268911361694336,4.268911361694336,4.268911361694336
sub-642532666019,19.0,27.93808364868164,8.93808364868164,8.93808364868164
sub-642736420938,21.0,20.27816390991211,-0.7218360900878906,0.7218360900878906
sub-642915495773,25.0,19.78541374206543,-5.21458625793457,5.21458625793457
sub-643156878338,18.0,17.967554092407227,-0.03244590759277344,0.03244590759277344
sub-643420326642,20.0,24.387863159179688,4.3878631591796875,4.3878631591796875
sub-643481278758,10.37260274,15.482573509216309,5.109970769216309,5.109970769216309
sub-644183180436,27.0,29.34628677368164,2.3462867736816406,2.3462867736816406
sub-644560253408,22.601,21.416759490966797,-1.1842405090332022,1.1842405090332022
sub-644732629191,19.0,22.21273422241211,3.2127342224121094,3.2127342224121094
sub-644777973300,27.5,34.54789733886719,7.0478973388671875,7.0478973388671875
sub-644890417557,21.0,16.25536346435547,-4.744636535644531,4.744636535644531
sub-644906648465,27.0,23.816904067993164,-3.183095932006836,3.183095932006836
sub-645057554740,21.0,35.169979095458984,14.169979095458984,14.169979095458984
sub-645692300786,21.0,20.556554794311523,-0.44344520568847656,0.44344520568847656
sub-645710982073,21.0,21.278474807739258,0.2784748077392578,0.2784748077392578
sub-645780261271,27.0,23.129621505737305,-3.8703784942626953,3.8703784942626953
sub-645850258593,29.0,19.692995071411133,-9.307004928588867,9.307004928588867
sub-646068282127,19.0,31.939346313476562,12.939346313476562,12.939346313476562
sub-646345876621,12.68,15.55041790008545,2.8704179000854495,2.8704179000854495
sub-646517610067,19.0,21.547761917114258,2.547761917114258,2.547761917114258
sub-646744484684,20.16700889801506,33.78596115112305,13.618952253107988,13.618952253107988
sub-646866546911,19.0,18.022653579711914,-0.9773464202880859,0.9773464202880859
sub-647719670521,19.0,21.611169815063477,2.6111698150634766,2.6111698150634766
sub-648086716299,37.6974674880219,32.580806732177734,-5.1166607558441655,5.1166607558441655
sub-648249718476,11.76164384,13.342488288879395,1.580844448879395,1.580844448879395
sub-648278856903,15.0,18.46259307861328,3.4625930786132812,3.4625930786132812
sub-648515033769,14.42,11.354421615600586,-3.065578384399414,3.065578384399414
sub-648576491590,23.0,22.290874481201172,-0.7091255187988281,0.7091255187988281
sub-648813490696,21.0,19.069841384887695,-1.9301586151123047,1.9301586151123047
sub-649823056480,24.342231348391515,30.258155822753906,5.9159244743623915,5.9159244743623915
sub-649973856258,21.0,21.511491775512695,0.5114917755126953,0.5114917755126953
sub-650124359274,19.0,19.66375732421875,0.66375732421875,0.66375732421875
sub-650193008460,23.0,29.50651741027832,6.50651741027832,6.50651741027832
sub-650286627379,12.0,14.500731468200684,2.5007314682006836,2.5007314682006836
sub-650323162497,13.95,18.063398361206055,4.113398361206055,4.113398361206055
sub-651378609045,10.0,11.570503234863281,1.5705032348632812,1.5705032348632812
sub-651379322987,12.33,17.306371688842773,4.976371688842773,4.976371688842773
sub-651479451260,9.684931507,12.434307098388672,2.749375591388672,2.749375591388672
sub-651562292984,21.0,19.89952850341797,-1.1004714965820312,1.1004714965820312
sub-652391251578,19.0,15.109464645385742,-3.890535354614258,3.890535354614258
sub-652746983023,20.0,17.186620712280273,-2.8133792877197266,2.8133792877197266
sub-653961973252,19.0,21.118192672729492,2.118192672729492,2.118192672729492
sub-654087624056,13.9,22.268352508544922,8.368352508544922,8.368352508544922
sub-654400627499,60.0,45.3918571472168,-14.608142852783203,14.608142852783203
sub-654814550678,22.5,24.709108352661133,2.209108352661133,2.209108352661133
sub-655048546266,21.0,18.620065689086914,-2.379934310913086,2.379934310913086
sub-655374246890,28.870636550308017,21.28609275817871,-7.584543792129306,7.584543792129306
sub-656950957845,24.0,21.570022583007812,-2.4299774169921875,2.4299774169921875
sub-656989737791,41.09514031485284,30.725811004638672,-10.36932931021417,10.36932931021417
sub-657153755669,31.0,25.032886505126953,-5.967113494873047,5.967113494873047
sub-657490657270,25.0,21.672788619995117,-3.327211380004883,3.327211380004883
sub-657704975547,18.0,29.42128562927246,11.421285629272461,11.421285629272461
sub-658403838316,17.0,22.91428565979004,5.914285659790039,5.914285659790039
sub-658732984981,27.5,34.89351272583008,7.393512725830078,7.393512725830078
sub-658776671303,17.83,29.135129928588867,11.305129928588869,11.305129928588869
sub-659006086496,18.0,23.437885284423828,5.437885284423828,5.437885284423828
sub-659008210173,22.5,21.279237747192383,-1.2207622528076172,1.2207622528076172
sub-659343191601,19.0,19.525360107421875,0.525360107421875,0.525360107421875
sub-659455743211,22.5,28.58167266845703,6.081672668457031,6.081672668457031
sub-659518732450,22.5,27.192951202392578,4.692951202392578,4.692951202392578
sub-659879157552,19.0,36.27900695800781,17.279006958007812,17.279006958007812
sub-659885055931,22.0,21.12488555908203,-0.8751144409179688,0.8751144409179688
sub-660642229990,19.0,19.96329116821289,0.9632911682128906,0.9632911682128906
sub-660847550385,8.408219178,14.225189208984375,5.8169700309843755,5.8169700309843755
sub-660910676815,20.0,22.4982852935791,2.4982852935791016,2.4982852935791016
sub-661066566833,13.0,16.897966384887695,3.8979663848876953,3.8979663848876953
sub-661217121523,21.0,20.84939193725586,-0.15060806274414062,0.15060806274414062
sub-661697346338,19.0,29.830673217773438,10.830673217773438,10.830673217773438
sub-661825354690,30.069815195071868,20.41183090209961,-9.657984292972259,9.657984292972259
sub-662096726150,13.0,11.56906509399414,-1.4309349060058594,1.4309349060058594
sub-663994701427,24.2611,27.05695343017578,2.7958534301757823,2.7958534301757823
sub-664052311069,21.0,21.243066787719727,0.24306678771972656,0.24306678771972656
sub-664063551695,31.46064339493498,26.010669708251953,-5.449973686683027,5.449973686683027
sub-664400075329,21.0,16.850337982177734,-4.149662017822266,4.149662017822266
sub-664760112772,56.939082819986325,37.507774353027344,-19.43130846695898,19.43130846695898
sub-664974219741,27.0,21.296140670776367,-5.703859329223633,5.703859329223633
sub-665112865981,19.0,23.42734718322754,4.427347183227539,4.427347183227539
sub-665230680224,23.0,21.07080078125,-1.92919921875,1.92919921875
sub-665303060615,19.0,21.29347801208496,2.293478012084961,2.293478012084961
sub-665358094819,19.0,16.850746154785156,-2.1492538452148438,2.1492538452148438
sub-665518598470,9.161,14.30317497253418,5.14217497253418,5.14217497253418
sub-666278270179,21.0,20.99171257019043,-0.008287429809570312,0.008287429809570312
sub-666304483965,23.0,21.08458137512207,-1.9154186248779297,1.9154186248779297
sub-666694788584,41.0,24.285367965698242,-16.714632034301758,16.714632034301758
sub-667083244912,19.0,16.33978843688965,-2.6602115631103516,2.6602115631103516
sub-667267572569,66.33264887063655,40.35002136230469,-25.98262750833186,25.98262750833186
sub-667802455407,58.0,50.21669006347656,-7.7833099365234375,7.7833099365234375
sub-668199381050,18.0,17.314481735229492,-0.6855182647705078,0.6855182647705078
sub-668766205850,65.66735112936345,59.031978607177734,-6.635372522185719,6.635372522185719
sub-668780942457,29.0,23.338159561157227,-5.661840438842773,5.661840438842773
sub-669071917132,21.0,22.52294921875,1.52294921875,1.52294921875
sub-669147517964,22.5,38.258155822753906,15.758155822753906,15.758155822753906
sub-669502250517,21.0,20.01325035095215,-0.9867496490478516,0.9867496490478516
sub-669938223438,12.4,16.19046401977539,3.7904640197753903,3.7904640197753903
sub-670439921796,21.0,19.979917526245117,-1.0200824737548828,1.0200824737548828
sub-670440267086,21.0,30.356325149536133,9.356325149536133,9.356325149536133
sub-670914982191,17.6,18.593189239501953,0.9931892395019517,0.9931892395019517
sub-670965706532,18.0,24.661901473999023,6.661901473999023,6.661901473999023
sub-671107640505,28.158795345653655,25.707487106323242,-2.4513082393304124,2.4513082393304124
sub-671682598086,10.96,19.01376724243164,8.05376724243164,8.05376724243164
sub-671852511180,29.9685,23.804580688476562,-6.163919311523436,6.163919311523436
sub-671881150872,21.0,22.68008041381836,1.6800804138183594,1.6800804138183594
sub-672056914948,83.45790554414785,64.60899353027344,-18.84891201387441,18.84891201387441
sub-672403936752,35.40588637919233,21.741361618041992,-13.66452476115034,13.66452476115034
sub-672500627179,31.895961670088983,35.73216247558594,3.8362008054969543,3.8362008054969543
sub-672514734200,12.3,14.157535552978516,1.857535552978515,1.857535552978515
sub-672611254530,21.0,23.774492263793945,2.7744922637939453,2.7744922637939453
sub-672666802566,19.0,26.578636169433594,7.578636169433594,7.578636169433594
sub-672791368571,11.65753425,16.23012351989746,4.5725892698974615,4.5725892698974615
sub-673092908902,11.0,20.741710662841797,9.741710662841797,9.741710662841797
sub-673884038980,27.326488706365502,27.838937759399414,0.5124490530339116,0.5124490530339116
sub-674146639032,19.0,21.11602020263672,2.1160202026367188,2.1160202026367188
sub-674149431427,25.0,19.966463088989258,-5.033536911010742,5.033536911010742
sub-674240758679,8.083333332999999,13.479872703552246,5.396539370552247,5.396539370552247
sub-674509869536,23.0,28.70800018310547,5.708000183105469,5.708000183105469
sub-674592363321,73.56331279945243,49.536346435546875,-24.026966363905558,24.026966363905558
sub-674684870917,21.0,19.084897994995117,-1.9151020050048828,1.9151020050048828
sub-674820667498,18.0,19.410869598388672,1.4108695983886719,1.4108695983886719
sub-675221521310,18.1383,19.5064697265625,1.368169726562499,1.368169726562499
sub-675459567756,21.0,25.844579696655273,4.844579696655273,4.844579696655273
sub-675837960607,37.5,27.758724212646484,-9.741275787353516,9.741275787353516
sub-675854313594,16.05,15.490202903747559,-0.5597970962524421,0.5597970962524421
sub-676756169324,13.12,17.487442016601562,4.367442016601563,4.367442016601563
sub-676763352592,61.15263518138261,56.35066223144531,-4.801972949937294,4.801972949937294
sub-677544915835,19.0,20.30427360534668,1.3042736053466797,1.3042736053466797
sub-677684213717,21.0,23.905946731567383,2.905946731567383,2.905946731567383
sub-677737173589,9.0,23.805543899536133,14.805543899536133,14.805543899536133
sub-678520978380,49.04312114989733,56.82728958129883,7.784168431401497,7.784168431401497
sub-678825690563,67.5,52.319671630859375,-15.180328369140625,15.180328369140625
sub-678999721414,27.5,29.145366668701172,1.6453666687011719,1.6453666687011719
sub-679338528035,31.849418206707732,32.97211837768555,1.122700170977815,1.122700170977815
sub-679731921792,26.0,31.04610824584961,5.046108245849609,5.046108245849609
sub-679762367696,46.22039698836414,34.4312744140625,-11.789122574301643,11.789122574301643
sub-679864071438,21.0,22.69312286376953,1.6931228637695312,1.6931228637695312
sub-680302874420,13.36,16.721878051757812,3.361878051757813,3.361878051757813
sub-680339578873,50.902121834360024,67.87833404541016,16.976212211050132,16.976212211050132
sub-680398942665,21.0,25.918161392211914,4.918161392211914,4.918161392211914
sub-680734042819,14.91,13.1809663772583,-1.7290336227416994,1.7290336227416994
sub-680757856739,22.5,25.5036563873291,3.0036563873291016,3.0036563873291016
sub-680772685788,13.0,17.233156204223633,4.233156204223633,4.233156204223633
sub-680990983274,28.0,22.71229362487793,-5.28770637512207,5.28770637512207
sub-681456690857,24.0,17.625385284423828,-6.374614715576172,6.374614715576172
sub-682089304633,27.5,29.991806030273438,2.4918060302734375,2.4918060302734375
sub-682175285376,20.0,21.587514877319336,1.587514877319336,1.587514877319336
sub-682251382971,19.0,17.044734954833984,-1.9552650451660156,1.9552650451660156
sub-682373025096,16.5,11.493850708007812,-5.0061492919921875,5.0061492919921875
sub-682540333780,19.0,23.763813018798828,4.763813018798828,4.763813018798828
sub-682565238858,21.0,28.668790817260742,7.668790817260742,7.668790817260742
sub-683077578493,19.0,16.125852584838867,-2.874147415161133,2.874147415161133
sub-683311152225,62.5,50.941246032714844,-11.558753967285156,11.558753967285156
sub-683939707752,63.81656399726214,53.186153411865234,-10.630410585396909,10.630410585396909
sub-683977145503,23.0,15.923020362854004,-7.076979637145996,7.076979637145996
sub-684188028169,11.66849315,13.078113555908203,1.4096204059082034,1.4096204059082034
sub-684466732098,21.0,26.88242530822754,5.882425308227539,5.882425308227539
sub-685152998724,21.0,17.526046752929688,-3.4739532470703125,3.4739532470703125
sub-685299118745,18.0,19.334932327270508,1.3349323272705078,1.3349323272705078
sub-686082388541,30.0,26.800214767456055,-3.1997852325439453,3.1997852325439453
sub-686436805646,33.17,22.496578216552734,-10.673421783447267,10.673421783447267
sub-686706639402,22.0,33.7006721496582,11.700672149658203,11.700672149658203
sub-687363608821,10.80547945,19.27107810974121,8.465598659741211,8.465598659741211
sub-687730767942,23.0,23.340423583984375,0.340423583984375,0.340423583984375
sub-687870123935,21.0,19.68658447265625,-1.31341552734375,1.31341552734375
sub-687905632775,21.0,22.877546310424805,1.8775463104248047,1.8775463104248047
sub-688318858034,19.0,22.98391342163086,3.9839134216308594,3.9839134216308594
sub-688375758179,41.71937029431896,23.565181732177734,-18.15418856214123,18.15418856214123
sub-688740919551,9.808219178,19.95414924621582,10.14593006821582,10.14593006821582
sub-689747547774,62.95961670088982,60.95704650878906,-2.0025701921007553,2.0025701921007553
sub-690309517436,55.0,36.18919372558594,-18.810806274414062,18.810806274414062
sub-690700446552,19.0,17.243934631347656,-1.7560653686523438,1.7560653686523438
sub-690905328014,65.40999315537303,58.53606414794922,-6.873929007423811,6.873929007423811
sub-690939385110,25.0,18.071277618408203,-6.928722381591797,6.928722381591797
sub-691371386930,21.0,28.223207473754883,7.223207473754883,7.223207473754883
sub-691485115052,23.0,16.66559600830078,-6.334403991699219,6.334403991699219
sub-691759233511,19.0,21.44922637939453,2.4492263793945312,2.4492263793945312
sub-691921149119,29.49760438056126,36.415462493896484,6.917858113335225,6.917858113335225
sub-692024859380,27.0,43.657840728759766,16.657840728759766,16.657840728759766
sub-692150651594,22.5,20.375947952270508,-2.124052047729492,2.124052047729492
sub-693063068070,23.0,21.6597843170166,-1.3402156829833984,1.3402156829833984
sub-693325060378,21.0,21.574861526489258,0.5748615264892578,0.5748615264892578
sub-693382231073,29.0,21.038713455200195,-7.961286544799805,7.961286544799805
sub-693399183927,22.5,28.86813735961914,6.368137359619141,6.368137359619141
sub-693783915366,19.0,23.989721298217773,4.989721298217773,4.989721298217773
sub-693974688215,42.98973305954826,31.13947868347168,-11.850254376076578,11.850254376076578
sub-694112100550,22.41478439425052,26.521812438964844,4.107028044714323,4.107028044714323
sub-694127992242,17.6,33.281002044677734,15.681002044677733,15.681002044677733
sub-694932022560,27.5,26.560226440429688,-0.9397735595703125,0.9397735595703125
sub-695085570524,27.92,25.080350875854492,-2.8396491241455095,2.8396491241455095
sub-695242338127,21.0,27.715351104736328,6.715351104736328,6.715351104736328
sub-695273924163,21.0,25.2810001373291,4.281000137329102,4.281000137329102
sub-695333487294,9.229295,11.85244369506836,2.623148695068359,2.623148695068359
sub-695426581946,21.0,24.600919723510742,3.600919723510742,3.600919723510742
sub-696040052001,22.0,21.05607795715332,-0.9439220428466797,0.9439220428466797
sub-696273606035,26.0,22.236616134643555,-3.7633838653564453,3.7633838653564453
sub-696387902428,27.5,34.75564956665039,7.255649566650391,7.255649566650391
sub-696878407859,21.0,23.831695556640625,2.831695556640625,2.831695556640625
sub-697141427612,62.4558521560575,54.22081756591797,-8.235034590139534,8.235034590139534
sub-697168059795,21.0,24.302570343017578,3.302570343017578,3.302570343017578
sub-697452970135,37.002053388090346,62.17383575439453,25.171782366304186,25.171782366304186
sub-697511740663,49.38535249828885,46.07339859008789,-3.3119539082009624,3.3119539082009624
sub-698477815272,21.0,32.45844268798828,11.458442687988281,11.458442687988281
sub-698490319297,29.0,24.179866790771484,-4.820133209228516,4.820133209228516
sub-698835635925,22.0479,20.716726303100586,-1.3311736968994126,1.3311736968994126
sub-698839379175,9.0,12.195181846618652,3.1951818466186523,3.1951818466186523
sub-698919527941,15.3,13.683751106262207,-1.6162488937377937,1.6162488937377937
sub-699269720091,61.0,28.212993621826172,-32.78700637817383,32.78700637817383
sub-699308493154,20.0,22.820043563842773,2.8200435638427734,2.8200435638427734
sub-699419348039,21.0,23.05021858215332,2.0502185821533203,2.0502185821533203
sub-700193003380,29.0,17.174081802368164,-11.825918197631836,11.825918197631836
sub-700247842557,25.0,20.068817138671875,-4.931182861328125,4.931182861328125
sub-700501332403,21.0,20.79633331298828,-0.20366668701171875,0.20366668701171875
sub-700656025905,10.37260274,14.91821575164795,4.54561301164795,4.54561301164795
sub-700850861541,13.8,15.612720489501953,1.8127204895019524,1.8127204895019524
sub-700916661679,23.0,20.32021141052246,-2.679788589477539,2.679788589477539
sub-701764432954,38.93771389459275,25.951318740844727,-12.98639515374802,12.98639515374802
sub-701863915807,77.5,59.03605651855469,-18.463943481445312,18.463943481445312
sub-701904337000,40.36139630390144,37.48091125488281,-2.880485049018624,2.880485049018624
sub-702089918687,22.5,29.754199981689453,7.254199981689453,7.254199981689453
sub-702445157950,19.0,16.511226654052734,-2.4887733459472656,2.4887733459472656
sub-702490913073,19.0,16.80846405029297,-2.1915359497070312,2.1915359497070312
sub-702763965954,27.0,22.624313354492188,-4.3756866455078125,4.3756866455078125
sub-702869357469,63.09650924024641,59.07609558105469,-4.020413659191725,4.020413659191725
sub-702874441281,72.5,62.90472412109375,-9.59527587890625,9.59527587890625
sub-703251898539,21.0,19.548770904541016,-1.4512290954589844,1.4512290954589844
sub-703811884563,19.0,23.29039764404297,4.290397644042969,4.290397644042969
sub-703926084547,42.789869952087614,25.437612533569336,-17.352257418518278,17.352257418518278
sub-704612841491,25.0,16.732288360595703,-8.267711639404297,8.267711639404297
sub-704648129030,9.0,16.953487396240234,7.953487396240234,7.953487396240234
sub-705041557672,58.568104038329906,32.765445709228516,-25.80265832910139,25.80265832910139
sub-705166047617,21.0,18.72477912902832,-2.2752208709716797,2.2752208709716797
sub-705262524970,19.0,23.385740280151367,4.385740280151367,4.385740280151367
sub-705347968085,33.138945927446954,25.62052345275879,-7.518422474688165,7.518422474688165
sub-705884941324,17.0,15.90974235534668,-1.0902576446533203,1.0902576446533203
sub-706711530535,20.0,19.42067527770996,-0.5793247222900391,0.5793247222900391
sub-706713051754,21.0,31.06332015991211,10.06332015991211,10.06332015991211
sub-707270874156,74.0,48.97331619262695,-25.026683807373047,25.026683807373047
sub-707724054383,62.0,29.052242279052734,-32.947757720947266,32.947757720947266
sub-707875583398,23.0,20.64794921875,-2.35205078125,2.35205078125
sub-707906391106,19.0,23.316516876220703,4.316516876220703,4.316516876220703
sub-707928232054,23.0,21.081222534179688,-1.9187774658203125,1.9187774658203125
sub-708325248310,18.0,18.39198112487793,0.3919811248779297,0.3919811248779297
sub-708489424449,23.0,21.012426376342773,-1.9875736236572266,1.9875736236572266
sub-709113271534,21.0,21.862003326416016,0.8620033264160156,0.8620033264160156
sub-709336090516,21.0,19.328298568725586,-1.671701431274414,1.671701431274414
sub-709379526999,53.407255304585895,68.87771606445312,15.47046075986723,15.47046075986723
sub-709709181957,8.87,18.750865936279297,9.880865936279298,9.880865936279298
sub-709739847071,27.3812,20.756298065185547,-6.624901934814453,6.624901934814453
sub-710310558743,21.0,23.13760757446289,2.1376075744628906,2.1376075744628906
sub-710313763466,12.38,16.1446533203125,3.764653320312499,3.764653320312499
sub-710627620309,11.0,14.72767448425293,3.7276744842529297,3.7276744842529297
sub-710653466581,62.5,45.726234436035156,-16.773765563964844,16.773765563964844
sub-710980622258,60.101300479123886,41.19314193725586,-18.908158541868026,18.908158541868026
sub-711287293064,21.0,19.938373565673828,-1.0616264343261719,1.0616264343261719
sub-711316088881,39.46611909650924,27.38702964782715,-12.07908944868209,12.07908944868209
sub-711460991328,25.0,21.491989135742188,-3.5080108642578125,3.5080108642578125
sub-711702933403,6.0,21.30774688720703,15.307746887207031,15.307746887207031
sub-711810000233,52.30116358658453,41.21975326538086,-11.08141032120367,11.08141032120367
sub-711825599373,22.0,19.767684936523438,-2.2323150634765625,2.2323150634765625
sub-711880120870,19.0,21.74985122680664,2.7498512268066406,2.7498512268066406
sub-713067588921,23.0,22.029924392700195,-0.9700756072998047,0.9700756072998047
sub-713238312807,54.425735797399035,26.493215560913086,-27.93252023648595,27.93252023648595
sub-713258499606,86.19849418206707,52.39223861694336,-33.806255565123706,33.806255565123706
sub-714049164247,44.0,31.675403594970703,-12.324596405029297,12.324596405029297
sub-714133828625,29.0,20.90518569946289,-8.09481430053711,8.09481430053711
sub-714328515596,20.65,19.42041015625,-1.2295898437499986,1.2295898437499986
sub-714454703838,9.5202,19.216075897216797,9.695875897216796,9.695875897216796
sub-715170698474,27.0,26.728792190551758,-0.2712078094482422,0.2712078094482422
sub-715188657730,41.90280629705681,40.074371337890625,-1.828434959166188,1.828434959166188
sub-715391018569,59.471594798083494,45.59640884399414,-13.875185954089353,13.875185954089353
sub-715646324429,19.0,18.396169662475586,-0.6038303375244141,0.6038303375244141
sub-715730829823,46.0,25.949817657470703,-20.050182342529297,20.050182342529297
sub-716555194023,24.854209445585212,24.563093185424805,-0.2911162601604076,0.2911162601604076
sub-716652117874,72.5,61.40430450439453,-11.095695495605469,11.095695495605469
sub-716969824239,23.0,20.21851348876953,-2.7814865112304688,2.7814865112304688
sub-717096758205,20.0,20.473621368408203,0.4736213684082031,0.4736213684082031
sub-717241611030,11.2,20.305830001831055,9.105830001831055,9.105830001831055
sub-717383994201,27.0,19.675975799560547,-7.324024200439453,7.324024200439453
sub-717521415493,83.81108829568788,51.15675354003906,-32.65433475564882,32.65433475564882
sub-717749803047,23.0,21.26952362060547,-1.7304763793945312,1.7304763793945312
sub-717875401784,65.11430527036276,39.36960220336914,-25.744703066993623,25.744703066993623
sub-717904447748,7.0,22.793155670166016,15.793155670166016,15.793155670166016
sub-717923170669,58.0,31.97137451171875,-26.02862548828125,26.02862548828125
sub-718994616498,22.0,42.55141067504883,20.551410675048828,20.551410675048828
sub-719305753553,29.0,23.963424682617188,-5.0365753173828125,5.0365753173828125
sub-719423973532,22.0,24.511587142944336,2.511587142944336,2.511587142944336
sub-720232681928,19.0,27.38681983947754,8.386819839477539,8.386819839477539
sub-720493926180,8.594520548,13.102766036987305,4.5082454889873045,4.5082454889873045
sub-720776154383,10.05479452,16.602975845336914,6.548181325336914,6.548181325336914
sub-722431421602,21.0,24.938674926757812,3.9386749267578125,3.9386749267578125
sub-722687973057,19.0,33.627838134765625,14.627838134765625,14.627838134765625
sub-722712736840,23.0,22.237398147583008,-0.7626018524169922,0.7626018524169922
sub-723029434653,27.5,41.757667541503906,14.257667541503906,14.257667541503906
sub-723096670239,19.0,21.755346298217773,2.7553462982177734,2.7553462982177734
sub-723325961518,23.0,22.5340576171875,-0.4659423828125,0.4659423828125
sub-723403836764,21.0,29.087268829345703,8.087268829345703,8.087268829345703
sub-723425355879,22.0,29.775405883789062,7.7754058837890625,7.7754058837890625
sub-723719996349,23.0,17.654972076416016,-5.345027923583984,5.345027923583984
sub-723995805134,8.64109589,17.408668518066406,8.767572628066405,8.767572628066405
sub-724285887201,21.0,27.976551055908203,6.976551055908203,6.976551055908203
sub-724721518392,72.09034907597534,43.19567108154297,-28.89467799443237,28.89467799443237
sub-725415967620,19.0,16.940046310424805,-2.0599536895751953,2.0599536895751953
sub-725586193692,23.0,33.76820755004883,10.768207550048828,10.768207550048828
sub-725785336385,82.18754277891856,63.830535888671875,-18.35700689024668,18.35700689024668
sub-725821040249,40.0,32.235557556152344,-7.764442443847656,7.764442443847656
sub-726037746493,19.0,23.35230827331543,4.35230827331543,4.35230827331543
sub-726357481279,25.0,20.80942726135254,-4.190572738647461,4.190572738647461
sub-726436684201,22.0,43.86429977416992,21.864299774169922,21.864299774169922
sub-726447225950,9.97,13.744858741760254,3.7748587417602533,3.7748587417602533
sub-726583561602,59.78370978781656,55.335880279541016,-4.447829508275547,4.447829508275547
sub-726862226876,55.0,43.33201217651367,-11.667987823486328,11.667987823486328
sub-727848229209,21.0,24.322723388671875,3.322723388671875,3.322723388671875
sub-728001286523,22.5,21.84513282775879,-0.6548671722412109,0.6548671722412109
sub-728218320536,23.0,19.965879440307617,-3.034120559692383,3.034120559692383
sub-728882736260,25.0,17.505168914794922,-7.494831085205078,7.494831085205078
sub-729003209199,8.139726027,18.294361114501953,10.154635087501953,10.154635087501953
sub-729143650901,19.0,18.590530395507812,-0.4094696044921875,0.4094696044921875
sub-730071150053,19.0,31.496355056762695,12.496355056762695,12.496355056762695
sub-730097934670,27.5,27.630346298217773,0.13034629821777344,0.13034629821777344
sub-730918684622,10.12328767,13.901545524597168,3.778257854597168,3.778257854597168
sub-730972405484,19.0,18.982383728027344,-0.01761627197265625,0.01761627197265625
sub-731053537710,28.0,29.404661178588867,1.4046611785888672,1.4046611785888672
sub-731158961758,26.0,22.793685913085938,-3.2063140869140625,3.2063140869140625
sub-731383185695,12.3,21.694116592407227,9.394116592407226,9.394116592407226
sub-731884047204,21.0,23.339555740356445,2.3395557403564453,2.3395557403564453
sub-732461942615,8.1,8.44175910949707,0.34175910949707067,0.34175910949707067
sub-732953690458,21.0,23.75079345703125,2.75079345703125,2.75079345703125
sub-733521303257,19.0,20.809608459472656,1.8096084594726562,1.8096084594726562
sub-733532206179,21.0,17.265403747558594,-3.7345962524414062,3.7345962524414062
sub-733655780174,25.0,39.94852828979492,14.948528289794922,14.948528289794922
sub-733766223690,11.0,13.396599769592285,2.396599769592285,2.396599769592285
sub-733900295883,19.0,26.797393798828125,7.797393798828125,7.797393798828125
sub-734028308401,23.0,19.203937530517578,-3.796062469482422,3.796062469482422
sub-734097348430,23.0,22.925935745239258,-0.07406425476074219,0.07406425476074219
sub-734237194162,24.0,21.488964080810547,-2.511035919189453,2.511035919189453
sub-734267087534,19.0,20.414541244506836,1.414541244506836,1.414541244506836
sub-734932297481,25.0,21.16445541381836,-3.8355445861816406,3.8355445861816406
sub-736060141260,44.8514715947981,52.17934799194336,7.3278763971452605,7.3278763971452605
sub-736336902194,25.0,25.023244857788086,0.023244857788085938,0.023244857788085938
sub-737123719510,19.0,21.3336181640625,2.3336181640625,2.3336181640625
sub-737279775927,20.0,26.745752334594727,6.745752334594727,6.745752334594727
sub-737612352942,16.0,24.409530639648438,8.409530639648438,8.409530639648438
sub-737772953793,63.67693360711843,70.66668701171875,6.989753404600322,6.989753404600322
sub-737776786402,11.0,15.44495964050293,4.44495964050293,4.44495964050293
sub-738958020045,19.0,23.955570220947266,4.955570220947266,4.955570220947266
sub-739307848909,17.0,22.408538818359375,5.408538818359375,5.408538818359375
sub-739389914455,23.0,20.737098693847656,-2.2629013061523438,2.2629013061523438
sub-739807799326,15.35,10.91008472442627,-4.43991527557373,4.43991527557373
sub-740850556012,29.77960301163587,36.38862609863281,6.609023086996942,6.609023086996942
sub-741157514614,19.0,19.35456085205078,0.35456085205078125,0.35456085205078125
sub-741359564210,67.69883641341546,53.056209564208984,-14.64262684920648,14.64262684920648
sub-741541005641,54.60917180013689,52.64841842651367,-1.9607533736232199,1.9607533736232199
sub-741636551928,38.0,24.13941192626953,-13.860588073730469,13.860588073730469
sub-741652187641,21.0,21.408771514892578,0.4087715148925781,0.4087715148925781
sub-741706908470,19.0,23.150217056274414,4.150217056274414,4.150217056274414
sub-742020470746,19.0,19.700271606445312,0.7002716064453125,0.7002716064453125
sub-742191010883,43.0,24.851762771606445,-18.148237228393555,18.148237228393555
sub-742564189204,19.0,21.00659942626953,2.0065994262695312,2.0065994262695312
sub-742853610871,15.0,20.020580291748047,5.020580291748047,5.020580291748047
sub-743352477595,27.5,35.54008102416992,8.040081024169922,8.040081024169922
sub-743455835231,37.0,32.425357818603516,-4.574642181396484,4.574642181396484
sub-744141834517,46.71047227926078,53.94847106933594,7.23799879007516,7.23799879007516
sub-744298999140,47.5,29.506711959838867,-17.993288040161133,17.993288040161133
sub-744423042424,13.8097,17.189559936523438,3.379859936523438,3.379859936523438
sub-744840336405,24.0,26.66012191772461,2.6601219177246094,2.6601219177246094
sub-745672226345,12.8,14.62977123260498,1.8297712326049798,1.8297712326049798
sub-745755840633,18.0,20.37782096862793,2.3778209686279297,2.3778209686279297
sub-745767581086,8.854794521,11.957107543945312,3.102313022945312,3.102313022945312
sub-745910997827,21.0,22.691680908203125,1.691680908203125,1.691680908203125
sub-746032496734,32.5,30.7503662109375,-1.7496337890625,1.7496337890625
sub-746079690441,10.19726027,13.569864273071289,3.37260400307129,3.37260400307129
sub-747049784071,19.0,25.14352798461914,6.143527984619141,6.143527984619141
sub-747532219636,53.53593429158111,33.1175537109375,-20.418380580643607,20.418380580643607
sub-747751581308,23.0,30.086257934570312,7.0862579345703125,7.0862579345703125
sub-748028963399,19.0,20.701601028442383,1.7016010284423828,1.7016010284423828
sub-748953105656,9.734246575,16.500743865966797,6.766497290966797,6.766497290966797
sub-749050549103,18.8008,19.944828033447266,1.1440280334472668,1.1440280334472668
sub-749242679952,60.41067761806981,64.0389633178711,3.628285699801282,3.628285699801282
sub-749312838847,8.17,6.261128902435303,-1.9088710975646972,1.9088710975646972
sub-749715302318,21.0,21.097352981567383,0.09735298156738281,0.09735298156738281
sub-750015954760,27.0,30.928865432739258,3.928865432739258,3.928865432739258
sub-750186825284,19.0,22.568689346313477,3.5686893463134766,3.5686893463134766
sub-750196886752,62.425735797399035,62.207603454589844,-0.21813234280919147,0.21813234280919147
sub-750206436120,25.0,20.93133544921875,-4.06866455078125,4.06866455078125
sub-750507848849,9.750684932,15.90937328338623,6.15868835138623,6.15868835138623
sub-750841455509,33.0,46.981773376464844,13.981773376464844,13.981773376464844
sub-751188829255,21.0,25.38469696044922,4.384696960449219,4.384696960449219
sub-751517719808,24.0,20.89313507080078,-3.1068649291992188,3.1068649291992188
sub-751707093596,52.689938398357285,56.99458694458008,4.3046485462227935,4.3046485462227935
sub-751985660700,19.0,22.456890106201172,3.456890106201172,3.456890106201172
sub-752296417260,19.0,48.75136947631836,29.75136947631836,29.75136947631836
sub-752442155878,19.0,21.05968475341797,2.0596847534179688,2.0596847534179688
sub-752781093429,19.0,16.02300262451172,-2.9769973754882812,2.9769973754882812
sub-752827719198,20.0,18.77373504638672,-1.2262649536132812,1.2262649536132812
sub-752863684946,21.0,22.765905380249023,1.7659053802490234,1.7659053802490234
sub-753786847117,19.0,27.39676856994629,8.396768569946289,8.396768569946289
sub-754051367234,23.0,22.792783737182617,-0.2072162628173828,0.2072162628173828
sub-754065609304,27.0,25.47307586669922,-1.5269241333007812,1.5269241333007812
sub-754201155706,19.0,19.433368682861328,0.4333686828613281,0.4333686828613281
sub-754258049359,21.0,19.24740982055664,-1.7525901794433594,1.7525901794433594
sub-754454498342,22.0,20.068376541137695,-1.9316234588623047,1.9316234588623047
sub-754458206989,19.0,13.924653053283691,-5.075346946716309,5.075346946716309
sub-755143257543,18.2806,16.698265075683594,-1.582334924316406,1.582334924316406
sub-755228432677,10.53,11.664036750793457,1.1340367507934577,1.1340367507934577
sub-755625059611,8.851472,12.088811874389648,3.237339874389649,3.237339874389649
sub-755838130322,19.0,24.673124313354492,5.673124313354492,5.673124313354492
sub-756104556615,25.0,19.062305450439453,-5.937694549560547,5.937694549560547
sub-757057096066,22.5,31.262853622436523,8.762853622436523,8.762853622436523
sub-757266037663,25.0,18.990482330322266,-6.009517669677734,6.009517669677734
sub-757369811232,21.0,38.668968200683594,17.668968200683594,17.668968200683594
sub-757409269329,60.0,38.71180725097656,-21.288192749023438,21.288192749023438
sub-757931942373,23.0,19.000288009643555,-3.9997119903564453,3.9997119903564453
sub-758007443326,21.0,17.952259063720703,-3.047740936279297,3.047740936279297
sub-758975121093,19.0,18.543682098388672,-0.4563179016113281,0.4563179016113281
sub-758981695931,19.0,25.156503677368164,6.156503677368164,6.156503677368164
sub-759162668860,19.75,18.70675277709961,-1.0432472229003906,1.0432472229003906
sub-760088018063,49.0,47.03725051879883,-1.9627494812011719,1.9627494812011719
sub-760422023808,23.0,18.274246215820312,-4.7257537841796875,4.7257537841796875
sub-760566903733,22.0,19.593168258666992,-2.406831741333008,2.406831741333008
sub-760845068933,19.0,19.3085880279541,0.30858802795410156,0.30858802795410156
sub-760927711967,19.0,23.33055877685547,4.330558776855469,4.330558776855469
sub-761008927690,51.75359342915811,27.582616806030273,-24.170976623127835,24.170976623127835
sub-761178177952,19.0,19.299179077148438,0.2991790771484375,0.2991790771484375
sub-761342473396,21.0,19.58024787902832,-1.4197521209716797,1.4197521209716797
sub-761743611697,19.0,21.701242446899414,2.701242446899414,2.701242446899414
sub-761787072334,21.0,20.385257720947266,-0.6147422790527344,0.6147422790527344
sub-761933517719,19.0,22.36341094970703,3.3634109497070312,3.3634109497070312
sub-761933695478,40.03559206023272,28.894351959228516,-11.141240101004207,11.141240101004207
sub-762070675429,62.0,44.50065612792969,-17.499343872070312,17.499343872070312
sub-762537788840,32.0,19.776317596435547,-12.223682403564453,12.223682403564453
sub-762833422997,79.0,58.550846099853516,-20.449153900146484,20.449153900146484
sub-763015005475,19.0,36.0846061706543,17.084606170654297,17.084606170654297
sub-763328690129,27.0,26.416791915893555,-0.5832080841064453,0.5832080841064453
sub-763770809315,19.0,21.871585845947266,2.8715858459472656,2.8715858459472656
sub-764231879634,27.5,33.231101989746094,5.731101989746094,5.731101989746094
sub-764593805284,26.0,27.787050247192383,1.7870502471923828,1.7870502471923828
sub-765217637922,23.0,27.894634246826172,4.894634246826172,4.894634246826172
sub-765748207688,19.0,18.516923904418945,-0.4830760955810547,0.4830760955810547
sub-765759462999,19.0,26.409133911132812,7.4091339111328125,7.4091339111328125
sub-765816134328,9.578082192,28.187564849853516,18.609482657853516,18.609482657853516
sub-766124719459,32.5,47.916465759277344,15.416465759277344,15.416465759277344
sub-766202082508,20.0,20.760894775390625,0.760894775390625,0.760894775390625
sub-766537706017,12.4,16.666637420654297,4.2666374206542965,4.2666374206542965
sub-766685974606,13.92,30.84052276611328,16.92052276611328,16.92052276611328
sub-766767730847,9.97,20.937824249267578,10.967824249267577,10.967824249267577
sub-766890196426,22.0,18.968881607055664,-3.031118392944336,3.031118392944336
sub-766985344911,23.0,22.318592071533203,-0.6814079284667969,0.6814079284667969
sub-767758047479,51.29089664613279,49.71262741088867,-1.5782692352441217,1.5782692352441217
sub-768287290520,70.1409993155373,54.96725845336914,-15.17374086216816,15.17374086216816
sub-768568343560,20.0,19.93962287902832,-0.06037712097167969,0.06037712097167969
sub-768580810599,23.0,22.20554542541504,-0.7944545745849609,0.7944545745849609
sub-768654883244,9.034908,20.163915634155273,11.129007634155274,11.129007634155274
sub-768852153668,32.5,29.093141555786133,-3.406858444213867,3.406858444213867
sub-769197912961,23.0,20.200895309448242,-2.799104690551758,2.799104690551758
sub-769448459080,23.0,21.024343490600586,-1.975656509399414,1.975656509399414
sub-769671625319,15.0,33.55979919433594,18.559799194335938,18.559799194335938
sub-769744298197,19.0,23.62596321105957,4.62596321105957,4.62596321105957
sub-770198451893,25.0,18.779932022094727,-6.220067977905273,6.220067977905273
sub-770298145539,19.0,22.796987533569336,3.796987533569336,3.796987533569336
sub-770697219769,25.0,21.704957962036133,-3.295042037963867,3.295042037963867
sub-770752645310,19.0,30.30976104736328,11.309761047363281,11.309761047363281
sub-771165526785,27.0,16.80360984802246,-10.196390151977539,10.196390151977539
sub-771399282765,19.0,22.907960891723633,3.907960891723633,3.907960891723633
sub-771512436978,16.8,18.5916690826416,1.7916690826416009,1.7916690826416009
sub-772014211701,23.0,20.286531448364258,-2.713468551635742,2.713468551635742
sub-772118614430,59.00342231348392,60.67142868041992,1.6680063669360052,1.6680063669360052
sub-772633785103,19.0,16.24906349182129,-2.750936508178711,2.750936508178711
sub-772653333590,20.0,18.84078598022461,-1.1592140197753906,1.1592140197753906
sub-772805471815,25.0,22.66107940673828,-2.3389205932617188,2.3389205932617188
sub-774322633508,19.0,22.201326370239258,3.201326370239258,3.201326370239258
sub-774375266270,22.5,49.88343811035156,27.383438110351562,27.383438110351562
sub-774740356265,53.670088980150574,60.16477966308594,6.494690682935364,6.494690682935364
sub-775173632081,21.0,19.8187313079834,-1.1812686920166016,1.1812686920166016
sub-775521066439,68.48186173853524,62.174781799316406,-6.307079939218838,6.307079939218838
sub-775584956556,8.854794521,17.072681427001953,8.217886906001953,8.217886906001953
sub-775700335060,12.0,12.579257011413574,0.5792570114135742,0.5792570114135742
sub-775830586801,29.0,21.873994827270508,-7.126005172729492,7.126005172729492
sub-775870565890,13.21643836,16.857709884643555,3.641271524643555,3.641271524643555
sub-775940679010,23.0,29.023618698120117,6.023618698120117,6.023618698120117
sub-776152914559,24.002737850787128,18.219911575317383,-5.782826275469745,5.782826275469745
sub-776201201249,23.0,20.338254928588867,-2.661745071411133,2.661745071411133
sub-776489659954,72.5,45.866275787353516,-26.633724212646484,26.633724212646484
sub-776519740044,19.0,18.90931510925293,-0.09068489074707031,0.09068489074707031
sub-776559088401,25.741273100616016,23.389667510986328,-2.3516055896296884,2.3516055896296884
sub-777229560355,23.0,20.676586151123047,-2.323413848876953,2.323413848876953
sub-777549072852,10.64,12.161150932312012,1.5211509323120112,1.5211509323120112
sub-777893483077,30.0,20.915508270263672,-9.084491729736328,9.084491729736328
sub-777922197558,20.928131416837783,28.61598777770996,7.687856360872178,7.687856360872178
sub-778029593360,21.0,16.560056686401367,-4.439943313598633,4.439943313598633
sub-778048043938,22.0,23.652753829956055,1.6527538299560547,1.6527538299560547
sub-778080071565,22.5,30.805845260620117,8.305845260620117,8.305845260620117
sub-778816944846,23.0,18.40741539001465,-4.592584609985352,4.592584609985352
sub-778826665322,19.0,21.354982376098633,2.354982376098633,2.354982376098633
sub-778852656136,21.0,18.17043685913086,-2.8295631408691406,2.8295631408691406
sub-779173736338,29.0,33.99580001831055,4.995800018310547,4.995800018310547
sub-779514017707,19.0,19.54137420654297,0.5413742065429688,0.5413742065429688
sub-779760142266,20.0,24.73192596435547,4.731925964355469,4.731925964355469
sub-779882127370,19.0,19.392333984375,0.392333984375,0.392333984375
sub-780065374239,20.0,17.42853355407715,-2.5714664459228516,2.5714664459228516
sub-780103882043,59.50992470910335,40.51624298095703,-18.99368172814632,18.99368172814632
sub-780180841050,9.0,12.937414169311523,3.9374141693115234,3.9374141693115234
sub-780786882991,19.0,23.538854598999023,4.538854598999023,4.538854598999023
sub-780945670746,32.75,19.16863250732422,-13.581367492675781,13.581367492675781
sub-781171966594,31.0,30.536544799804688,-0.4634552001953125,0.4634552001953125
sub-781236951487,23.0,23.532434463500977,0.5324344635009766,0.5324344635009766
sub-781892887045,21.0,21.54142189025879,0.5414218902587891,0.5414218902587891
sub-782020601813,21.0,19.363422393798828,-1.6365776062011719,1.6365776062011719
sub-782213755099,19.0,16.3487491607666,-2.6512508392333984,2.6512508392333984
sub-782327830408,19.0,21.68697738647461,2.6869773864746094,2.6869773864746094
sub-782541652483,22.5,27.3756103515625,4.8756103515625,4.8756103515625
sub-782755729398,37.5,29.006093978881836,-8.493906021118164,8.493906021118164
sub-783542275031,21.0,21.93324851989746,0.9332485198974609,0.9332485198974609
sub-783690359289,19.0,17.874284744262695,-1.1257152557373047,1.1257152557373047
sub-783961028096,19.0,37.114253997802734,18.114253997802734,18.114253997802734
sub-784538675800,19.0,19.628528594970703,0.6285285949707031,0.6285285949707031
sub-784744094165,21.0,15.018355369567871,-5.981644630432129,5.981644630432129
sub-784746686469,12.2546,24.558012008666992,12.303412008666992,12.303412008666992
sub-784844785371,19.0,24.385894775390625,5.385894775390625,5.385894775390625
sub-785101208040,60.0,45.020015716552734,-14.979984283447266,14.979984283447266
sub-785605129869,19.0,26.92319679260254,7.923196792602539,7.923196792602539
sub-786210585416,23.0,28.613309860229492,5.613309860229492,5.613309860229492
sub-786291754095,8.3313,8.936590194702148,0.6052901947021478,0.6052901947021478
sub-786490511114,27.0,20.108049392700195,-6.891950607299805,6.891950607299805
sub-786594979854,6.0,17.42702293395996,11.427022933959961,11.427022933959961
sub-787007356879,22.0,21.62417221069336,-0.3758277893066406,0.3758277893066406
sub-787199115410,62.5,40.409210205078125,-22.090789794921875,22.090789794921875
sub-787231969341,59.0,36.94514846801758,-22.054851531982422,22.054851531982422
sub-787417420604,23.0,22.605613708496094,-0.39438629150390625,0.39438629150390625
sub-787578957117,12.0,16.300636291503906,4.300636291503906,4.300636291503906
sub-787836264343,25.0,27.33015251159668,2.3301525115966797,2.3301525115966797
sub-788150792132,22.0,23.46787452697754,1.467874526977539,1.467874526977539
sub-788416388677,31.61670088980151,45.91291046142578,14.29620957162427,14.29620957162427
sub-788492862739,69.0,20.624996185302734,-48.375003814697266,48.375003814697266
sub-788524139489,25.0,24.780378341674805,-0.2196216583251953,0.2196216583251953
sub-788968945004,26.0,28.023757934570312,2.0237579345703125,2.0237579345703125
sub-789224424631,19.0,20.432544708251953,1.4325447082519531,1.4325447082519531
sub-789237283790,12.66027397,16.251293182373047,3.5910192123730464,3.5910192123730464
sub-789284069383,24.17522245037645,29.32278060913086,5.147558158754411,5.147558158754411
sub-789333583005,35.0,28.042278289794922,-6.957721710205078,6.957721710205078
sub-789505181151,21.0,19.473417282104492,-1.5265827178955078,1.5265827178955078
sub-790004250935,18.0,23.996341705322266,5.996341705322266,5.996341705322266
sub-790241781136,72.59411362080766,77.07158660888672,4.477472988079057,4.477472988079057
sub-790515405307,19.0,20.440027236938477,1.4400272369384766,1.4400272369384766
sub-790692389068,21.0,16.691753387451172,-4.308246612548828,4.308246612548828
sub-790734373738,19.0,24.700416564941406,5.700416564941406,5.700416564941406
sub-790852388297,10.9,15.440526008605957,4.540526008605957,4.540526008605957
sub-790913183441,23.0,29.20005989074707,6.20005989074707,6.20005989074707
sub-791237244812,24.0,21.725933074951172,-2.274066925048828,2.274066925048828
sub-791276074550,32.5,18.985679626464844,-13.514320373535156,13.514320373535156
sub-792038430709,21.0,20.464292526245117,-0.5357074737548828,0.5357074737548828
sub-792075286865,19.0,19.44447135925293,0.4444713592529297,0.4444713592529297
sub-792504229121,17.0,17.57676124572754,0.5767612457275391,0.5767612457275391
sub-793040141067,21.0,20.574573516845703,-0.4254264831542969,0.4254264831542969
sub-793173130184,19.0,21.989961624145508,2.989961624145508,2.989961624145508
sub-794588803641,9.301369863,18.006912231445312,8.705542368445313,8.705542368445313
sub-794734640420,23.0,14.456364631652832,-8.543635368347168,8.543635368347168
sub-794804660894,14.0,18.876117706298828,4.876117706298828,4.876117706298828
sub-795002530881,23.0,18.791667938232422,-4.208332061767578,4.208332061767578
sub-795676218612,11.02465753,16.638946533203125,5.614289003203124,5.614289003203124
sub-795710895899,9.0,12.035529136657715,3.035529136657715,3.035529136657715
sub-795773669005,67.5,46.32844161987305,-21.171558380126953,21.171558380126953
sub-795872008215,21.0,24.646894454956055,3.6468944549560547,3.6468944549560547
sub-795999168691,37.0,38.748260498046875,1.748260498046875,1.748260498046875
sub-796075391296,21.0,27.65067481994629,6.650674819946289,6.650674819946289
sub-796107983896,12.0,14.765213012695312,2.7652130126953125,2.7652130126953125
sub-796344361436,21.0,19.580984115600586,-1.419015884399414,1.419015884399414
sub-796461524642,19.0,21.185176849365234,2.1851768493652344,2.1851768493652344
sub-797020001946,23.0,21.08247947692871,-1.917520523071289,1.917520523071289
sub-797027765789,18.0,18.043533325195312,0.0435333251953125,0.0435333251953125
sub-797715138957,21.0,24.118518829345703,3.118518829345703,3.118518829345703
sub-797812763865,23.0,19.847923278808594,-3.1520767211914062,3.1520767211914062
sub-798608728848,19.0,18.457244873046875,-0.542755126953125,0.542755126953125
sub-798649997254,21.0,31.540319442749023,10.540319442749023,10.540319442749023
sub-798827199180,19.0,17.180511474609375,-1.819488525390625,1.819488525390625
sub-798868156113,11.9,14.846297264099121,2.9462972640991207,2.9462972640991207
sub-799096182745,25.938398357289532,18.971847534179688,-6.966550823109845,6.966550823109845
sub-799436047340,21.0,28.839601516723633,7.839601516723633,7.839601516723633
sub-799740592794,22.0,20.103748321533203,-1.8962516784667969,1.8962516784667969
sub-800311395021,19.0,22.02379035949707,3.0237903594970703,3.0237903594970703
sub-800520411823,22.0,20.528715133666992,-1.4712848663330078,1.4712848663330078
sub-800961042105,19.0,18.65654182434082,-0.3434581756591797,0.3434581756591797
sub-800984068342,25.0,26.28938102722168,1.2893810272216797,1.2893810272216797
sub-801338861657,22.0,21.787702560424805,-0.2122974395751953,0.2122974395751953
sub-801361893773,19.0,19.994640350341797,0.9946403503417969,0.9946403503417969
sub-801540568785,27.0,41.23509979248047,14.235099792480469,14.235099792480469
sub-801647502527,19.0,24.029857635498047,5.029857635498047,5.029857635498047
sub-801779602005,23.0,24.15928077697754,1.159280776977539,1.159280776977539
sub-802008837921,25.0,23.584184646606445,-1.4158153533935547,1.4158153533935547
sub-802325946883,21.0,22.98511505126953,1.9851150512695312,1.9851150512695312
sub-802458837032,21.0,18.58072853088379,-2.419271469116211,2.419271469116211
sub-802577239020,10.09041096,15.81089973449707,5.7204887744970705,5.7204887744970705
sub-803058753287,18.0,19.67732048034668,1.6773204803466797,1.6773204803466797
sub-803177652573,8.276523,5.0290045738220215,-3.2475184261779777,3.2475184261779777
sub-803554308913,22.0,21.34351921081543,-0.6564807891845703,0.6564807891845703
sub-803660783259,39.38398357289528,24.372726440429688,-15.011257132465595,15.011257132465595
sub-804584597484,21.0,23.433692932128906,2.4336929321289062,2.4336929321289062
sub-804603292659,41.05954825462013,57.807376861572266,16.747828606952133,16.747828606952133
sub-804610978249,8.9363,24.855209350585938,15.918909350585938,15.918909350585938
sub-805310521997,9.44,14.828861236572266,5.388861236572266,5.388861236572266
sub-805388577387,34.0,21.188961029052734,-12.811038970947266,12.811038970947266
sub-805727987150,45.37987679671458,41.08903121948242,-4.290845577232162,4.290845577232162
sub-805739682206,21.0,26.86408233642578,5.864082336425781,5.864082336425781
sub-805806601715,18.0,24.451162338256836,6.451162338256836,6.451162338256836
sub-806223413897,23.0,24.522891998291016,1.5228919982910156,1.5228919982910156
sub-806263558975,28.0,19.393068313598633,-8.606931686401367,8.606931686401367
sub-806757429701,69.60985626283367,42.33303451538086,-27.276821747452814,27.276821747452814
sub-806984120210,57.5,41.96223449707031,-15.537765502929688,15.537765502929688
sub-806985265271,18.0,18.94805145263672,0.9480514526367188,0.9480514526367188
sub-807155774087,19.0,18.151826858520508,-0.8481731414794922,0.8481731414794922
sub-807440222278,25.0,21.257280349731445,-3.7427196502685547,3.7427196502685547
sub-807604407302,9.0,11.343464851379395,2.3434648513793945,2.3434648513793945
sub-807851354224,19.0,22.448415756225586,3.448415756225586,3.448415756225586
sub-808039124835,19.0,24.292837142944336,5.292837142944336,5.292837142944336
sub-808051274484,32.5,33.95118713378906,1.4511871337890625,1.4511871337890625
sub-808157587639,23.0,39.622982025146484,16.622982025146484,16.622982025146484
sub-809063090399,48.0,28.9742431640625,-19.0257568359375,19.0257568359375
sub-809210264000,21.0,21.82553482055664,0.8255348205566406,0.8255348205566406
sub-809505482452,19.0,20.40777587890625,1.40777587890625,1.40777587890625
sub-809547720905,19.0,17.664766311645508,-1.3352336883544922,1.3352336883544922
sub-809580291106,30.0,27.004058837890625,-2.995941162109375,2.995941162109375
sub-809667175823,43.0,28.898221969604492,-14.101778030395508,14.101778030395508
sub-810607919990,22.0,19.287508010864258,-2.712491989135742,2.712491989135742
sub-810772531079,22.5,21.844867706298828,-0.6551322937011719,0.6551322937011719
sub-810826854275,19.0,38.348968505859375,19.348968505859375,19.348968505859375
sub-811547022329,21.0,21.265369415283203,0.2653694152832031,0.2653694152832031
sub-811800470787,12.0,14.37472152709961,2.3747215270996094,2.3747215270996094
sub-812214146764,19.08,15.966227531433105,-3.113772468566893,3.113772468566893
sub-812672057112,21.0,20.838146209716797,-0.16185379028320312,0.16185379028320312
sub-812837651289,9.1068,10.460103988647461,1.3533039886474612,1.3533039886474612
sub-813575465955,22.0,28.26357650756836,6.263576507568359,6.263576507568359
sub-813637963361,23.0,22.0152645111084,-0.9847354888916016,0.9847354888916016
sub-814384510207,21.0,19.008075714111328,-1.9919242858886719,1.9919242858886719
sub-814384578384,71.0,51.63268280029297,-19.36731719970703,19.36731719970703
sub-814718160007,24.0,21.22992706298828,-2.7700729370117188,2.7700729370117188
sub-815173026303,18.0,29.21015739440918,11.21015739440918,11.21015739440918
sub-815376101199,10.4668,16.019908905029297,5.553108905029298,5.553108905029298
sub-815491283103,13.0,15.203290939331055,2.2032909393310547,2.2032909393310547
sub-815762978204,16.88,20.859724044799805,3.9797240447998057,3.9797240447998057
sub-815780161044,18.0,20.92683219909668,2.9268321990966797,2.9268321990966797
sub-815980899157,10.80547945,11.995823860168457,1.190344410168457,1.190344410168457
sub-816072514616,47.014373716632434,49.73479080200195,2.720417085369519,2.720417085369519
sub-816361417384,21.0,26.106861114501953,5.106861114501953,5.106861114501953
sub-816794694787,19.0,20.590578079223633,1.5905780792236328,1.5905780792236328
sub-817170359143,21.0,43.589630126953125,22.589630126953125,22.589630126953125
sub-817372801543,26.0,23.833328247070312,-2.1666717529296875,2.1666717529296875
sub-817638670886,8.75,11.682439804077148,2.9324398040771484,2.9324398040771484
sub-817752088722,35.80561259411362,27.14927101135254,-8.65634158276108,8.65634158276108
sub-818138400676,62.80355920602327,57.39551544189453,-5.408043764128742,5.408043764128742
sub-818648562062,9.167123288,18.84529685974121,9.67817357174121,9.67817357174121
sub-819058231563,50.65023956194389,24.25600814819336,-26.394231413750532,26.394231413750532
sub-819345651599,10.0,28.97617530822754,18.97617530822754,18.97617530822754
sub-819728345558,12.0,15.734502792358398,3.7345027923583984,3.7345027923583984
sub-819765846714,12.66575342,14.62528133392334,1.9595279139233401,1.9595279139233401
sub-819847023081,27.0,20.862197875976562,-6.1378021240234375,6.1378021240234375
sub-820231231679,40.0,26.947547912597656,-13.052452087402344,13.052452087402344
sub-820918431463,21.0,19.83008575439453,-1.1699142456054688,1.1699142456054688
sub-822012913315,64.10403832991102,59.02457046508789,-5.07946786482313,5.07946786482313
sub-822496166954,49.40451745379877,43.670738220214844,-5.733779233583924,5.733779233583924
sub-822667153127,60.895277207392205,48.21286392211914,-12.682413285273064,12.682413285273064
sub-823056441215,23.0,20.456254959106445,-2.5437450408935547,2.5437450408935547
sub-823314386412,23.0,24.17058753967285,1.1705875396728516,1.1705875396728516
sub-823338568536,19.0,18.806047439575195,-0.1939525604248047,0.1939525604248047
sub-823640829061,30.0,30.202045440673828,0.20204544067382812,0.20204544067382812
sub-823805022711,55.23887748117728,60.36063766479492,5.1217601836176385,5.1217601836176385
sub-824016129369,19.0,20.95964241027832,1.9596424102783203,1.9596424102783203
sub-824231976656,29.114305270362767,36.79176330566406,7.677458035301296,7.677458035301296
sub-824258100265,19.0,16.33853530883789,-2.6614646911621094,2.6614646911621094
sub-824506674083,25.1854893908282,21.096542358398438,-4.088947032429761,4.088947032429761
sub-825201030964,22.0,21.191381454467773,-0.8086185455322266,0.8086185455322266
sub-825486549892,61.0,50.86143112182617,-10.138568878173828,10.138568878173828
sub-825991117035,42.220396988364136,46.3955078125,4.175110824135864,4.175110824135864
sub-826102254940,23.0,23.273147583007812,0.2731475830078125,0.2731475830078125
sub-826451552289,21.0,18.96356201171875,-2.03643798828125,2.03643798828125
sub-826455898290,30.0,21.336193084716797,-8.663806915283203,8.663806915283203
sub-826772137795,26.0,32.07303237915039,6.073032379150391,6.073032379150391
sub-826893413413,20.0,19.782217025756836,-0.21778297424316406,0.21778297424316406
sub-827202849142,26.0,17.998939514160156,-8.001060485839844,8.001060485839844
sub-827210987847,10.25,11.33179759979248,1.0817975997924805,1.0817975997924805
sub-827347252526,19.0,47.297847747802734,28.297847747802734,28.297847747802734
sub-827668818840,12.91,17.847131729125977,4.937131729125976,4.937131729125976
sub-828187678695,8.1,13.970911979675293,5.870911979675293,5.870911979675293
sub-828311225647,12.01,13.978914260864258,1.968914260864258,1.968914260864258
sub-828779825670,21.0,29.843050003051758,8.843050003051758,8.843050003051758
sub-828825650995,18.0,24.09343719482422,6.093437194824219,6.093437194824219
sub-828848864811,20.0,22.107128143310547,2.107128143310547,2.107128143310547
sub-829229264200,9.69,13.023545265197754,3.3335452651977544,3.3335452651977544
sub-829279911985,19.0,18.993318557739258,-0.0066814422607421875,0.0066814422607421875
sub-829286451165,46.36550308008214,57.96892166137695,11.603418581294811,11.603418581294811
sub-829944719647,27.0,21.816585540771484,-5.183414459228516,5.183414459228516
sub-830297451917,23.0,21.634212493896484,-1.3657875061035156,1.3657875061035156
sub-831004498487,10.5,14.053876876831055,3.5538768768310547,3.5538768768310547
sub-831104295303,21.0,21.98936653137207,0.9893665313720703,0.9893665313720703
sub-831420461855,18.0,43.005489349365234,25.005489349365234,25.005489349365234
sub-831498430235,21.0,34.30421829223633,13.304218292236328,13.304218292236328
sub-831623495535,18.0,26.90398597717285,8.903985977172852,8.903985977172852
sub-831631755294,14.9432,18.97101402282715,4.027814022827149,4.027814022827149
sub-831859007293,9.25,9.48548698425293,0.2354869842529297,0.2354869842529297
sub-832192965978,19.0,21.462493896484375,2.462493896484375,2.462493896484375
sub-832211824826,36.0,25.43111801147461,-10.56888198852539,10.56888198852539
sub-833405084335,24.0,19.087617874145508,-4.912382125854492,4.912382125854492
sub-833762581917,22.5,18.2549991607666,-4.245000839233398,4.245000839233398
sub-833785451044,25.582477754962355,29.777124404907227,4.194646649944872,4.194646649944872
sub-833933618360,68.0,67.60443115234375,-0.39556884765625,0.39556884765625
sub-834050217069,19.0,19.421079635620117,0.4210796356201172,0.4210796356201172
sub-834265926310,21.0,21.912750244140625,0.912750244140625,0.912750244140625
sub-834759665803,21.0,22.772165298461914,1.772165298461914,1.772165298461914
sub-834921406993,21.0,26.878067016601562,5.8780670166015625,5.8780670166015625
sub-834928817578,63.41683778234086,31.090896606445312,-32.32594117589555,32.32594117589555
sub-835150699145,25.0,36.106117248535156,11.106117248535156,11.106117248535156
sub-835540494601,23.0,23.787954330444336,0.7879543304443359,0.7879543304443359
sub-835915863975,13.0,21.527570724487305,8.527570724487305,8.527570724487305
sub-836204819379,9.268493151,17.406593322753906,8.138100171753907,8.138100171753907
sub-836224924436,60.84052019164955,39.64800262451172,-21.192517567137834,21.192517567137834
sub-836293495017,13.0,19.208044052124023,6.208044052124023,6.208044052124023
sub-836905304579,71.0,48.71323013305664,-22.28676986694336,22.28676986694336
sub-837107069292,18.2177,17.22762107849121,-0.9900789215087897,0.9900789215087897
sub-837165336315,21.0,22.515653610229492,1.5156536102294922,1.5156536102294922
sub-837432293199,32.361396303901444,26.93379783630371,-5.427598467597733,5.427598467597733
sub-837824233766,11.1697,11.638419151306152,0.4687191513061517,0.4687191513061517
sub-838089558550,35.0,20.223560333251953,-14.776439666748047,14.776439666748047
sub-838826556270,21.0,22.445659637451172,1.4456596374511719,1.4456596374511719
sub-839032642270,67.81930184804928,63.2734260559082,-4.545875792141075,4.545875792141075
sub-839253254886,19.0,19.438241958618164,0.43824195861816406,0.43824195861816406
sub-839341084854,22.5,40.278018951416016,17.778018951416016,17.778018951416016
sub-839452249071,60.5968514715948,49.79105758666992,-10.805793884924881,10.805793884924881
sub-839924034192,22.1793,22.2047119140625,0.025411914062498653,0.025411914062498653
sub-840506833125,29.004791238877484,24.27606773376465,-4.728723505112836,4.728723505112836
sub-840847898906,25.0,18.868005752563477,-6.131994247436523,6.131994247436523
sub-840924117029,21.0,20.726287841796875,-0.273712158203125,0.273712158203125
sub-841148850958,47.0,34.77812194824219,-12.221878051757812,12.221878051757812
sub-841518676943,25.0,23.439226150512695,-1.5607738494873047,1.5607738494873047
sub-842111262914,48.05201916495551,27.318466186523438,-20.733552978432073,20.733552978432073
sub-842259835992,27.5,47.93231201171875,20.43231201171875,20.43231201171875
sub-842405684907,11.0,16.338300704956055,5.338300704956055,5.338300704956055
sub-842437178908,10.0,10.201757431030273,0.20175743103027344,0.20175743103027344
sub-842438804330,27.5975,24.299406051635742,-3.298093948364258,3.298093948364258
sub-842826176759,23.0,18.112560272216797,-4.887439727783203,4.887439727783203
sub-843302791192,80.1697467488022,58.96141052246094,-21.20833622634126,21.20833622634126
sub-843782950137,14.76,21.090307235717773,6.330307235717774,6.330307235717774
sub-844284773354,19.0,16.298904418945312,-2.7010955810546875,2.7010955810546875
sub-844369335575,10.59726027,14.039990425109863,3.4427301551098637,3.4427301551098637
sub-844469283877,14.1,17.571683883666992,3.4716838836669925,3.4716838836669925
sub-844502343291,23.0,25.72934913635254,2.729349136352539,2.729349136352539
sub-844668091281,23.0,21.64556121826172,-1.3544387817382812,1.3544387817382812
sub-844809889086,20.34,18.194721221923828,-2.1452787780761717,2.1452787780761717
sub-845938829891,21.0,17.31603240966797,-3.6839675903320312,3.6839675903320312
sub-846136040386,24.0,38.02259826660156,14.022598266601562,14.022598266601562
sub-846161019971,22.0,36.655975341796875,14.655975341796875,14.655975341796875
sub-846237231836,10.0,13.995007514953613,3.9950075149536133,3.9950075149536133
sub-846809877368,55.16769336071184,50.63105773925781,-4.536635621454025,4.536635621454025
sub-846911830744,12.25,11.908947944641113,-0.3410520553588867,0.3410520553588867
sub-847264219865,27.5,25.875429153442383,-1.6245708465576172,1.6245708465576172
sub-847649503818,21.0,24.074508666992188,3.0745086669921875,3.0745086669921875
sub-847858782530,66.85831622176592,56.987247467041016,-9.871068754724902,9.871068754724902
sub-848303531880,74.02600958247777,43.478477478027344,-30.547532104450426,30.547532104450426
sub-848304365784,28.0,21.51917266845703,-6.480827331542969,6.480827331542969
sub-848559622345,21.0,28.84393882751465,7.843938827514648,7.843938827514648
sub-848863381663,13.78,21.034650802612305,7.254650802612305,7.254650802612305
sub-848884705355,19.0,22.837474822998047,3.837474822998047,3.837474822998047
sub-849064822186,27.0,21.298940658569336,-5.701059341430664,5.701059341430664
sub-849137971945,21.0,24.93377113342285,3.9337711334228516,3.9337711334228516
sub-849159958030,19.0,22.657875061035156,3.6578750610351562,3.6578750610351562
sub-849439788219,19.0,21.417924880981445,2.4179248809814453,2.4179248809814453
sub-849953102115,9.7,13.549094200134277,3.849094200134278,3.849094200134278
sub-850074786993,8.024657534,9.023933410644531,0.999275876644532,0.999275876644532
sub-850736393225,21.0,17.467391967773438,-3.5326080322265625,3.5326080322265625
sub-850844438672,23.0,24.869260787963867,1.8692607879638672,1.8692607879638672
sub-851134973595,33.0,23.853124618530273,-9.146875381469727,9.146875381469727
sub-851444737023,15.5,18.771041870117188,3.2710418701171875,3.2710418701171875
sub-851549490177,31.0,22.43061637878418,-8.56938362121582,8.56938362121582
sub-851847771111,33.763175906913084,25.52264976501465,-8.240526141898435,8.240526141898435
sub-851966215203,22.5,17.21677017211914,-5.283229827880859,5.283229827880859
sub-852119035315,29.0,31.876680374145508,2.876680374145508,2.876680374145508
sub-852627676676,60.9308692676249,62.17289352416992,1.2420242565450224,1.2420242565450224
sub-852840866495,9.860273973,31.222469329833984,21.362195356833986,21.362195356833986
sub-853076739302,18.75,16.156057357788086,-2.593942642211914,2.593942642211914
sub-853151028555,26.0,24.006977081298828,-1.9930229187011719,1.9930229187011719
sub-853205286014,27.0,19.33380889892578,-7.666191101074219,7.666191101074219
sub-853317809055,21.0,25.493560791015625,4.493560791015625,4.493560791015625
sub-853829288453,14.86,18.46364974975586,3.60364974975586,3.60364974975586
sub-854122998143,23.0,23.975324630737305,0.9753246307373047,0.9753246307373047
sub-854248757945,77.5,49.06797409057617,-28.432025909423828,28.432025909423828
sub-854351385010,21.0,28.01786231994629,7.017862319946289,7.017862319946289
sub-855367719661,13.0,20.122711181640625,7.122711181640625,7.122711181640625
sub-855608929551,21.0,18.878616333007812,-2.1213836669921875,2.1213836669921875
sub-855788658491,27.822039698836413,32.89600372314453,5.073964024308118,5.073964024308118
sub-855821008773,21.0,21.08012580871582,0.08012580871582031,0.08012580871582031
sub-856532049659,9.79,7.331003189086914,-2.458996810913085,2.458996810913085
sub-856562281896,19.0,19.009071350097656,0.00907135009765625,0.00907135009765625
sub-857145788944,19.33,18.340465545654297,-0.9895344543457014,0.9895344543457014
sub-857482847130,16.0,24.32754898071289,8.32754898071289,8.32754898071289
sub-858287668746,25.0,16.72132682800293,-8.27867317199707,8.27867317199707
sub-858715801001,19.0,20.591323852539062,1.5913238525390625,1.5913238525390625
sub-858765038570,19.0,16.152538299560547,-2.847461700439453,2.847461700439453
sub-858944435768,30.143737166324435,21.52019691467285,-8.623540251651583,8.623540251651583
sub-859071508378,39.2526,25.693679809570312,-13.558920190429689,13.558920190429689
sub-859835440909,27.0,19.409500122070312,-7.5904998779296875,7.5904998779296875
sub-860138007442,21.0,21.099102020263672,0.09910202026367188,0.09910202026367188
sub-860968728819,11.909,11.127969741821289,-0.7810302581787116,0.7810302581787116
sub-861145867214,18.9,22.52739715576172,3.62739715576172,3.62739715576172
sub-861531345127,19.0,21.511388778686523,2.5113887786865234,2.5113887786865234
sub-861783882992,10.119097,11.23772144317627,1.1186244431762695,1.1186244431762695
sub-862294090540,13.65205479,17.19298553466797,3.5409307446679694,3.5409307446679694
sub-862348505049,58.568104038329906,49.111690521240234,-9.456413517089672,9.456413517089672
sub-862351405786,21.0,18.38750457763672,-2.6124954223632812,2.6124954223632812
sub-862537982546,49.919233401779614,34.309898376464844,-15.60933502531477,15.60933502531477
sub-862728958301,23.0,17.9894962310791,-5.010503768920898,5.010503768920898
sub-862933690787,21.0,18.68815040588379,-2.311849594116211,2.311849594116211
sub-863158771926,9.032876712,12.60714340209961,3.574266690099609,3.574266690099609
sub-863700256831,19.0,21.288801193237305,2.2888011932373047,2.2888011932373047
sub-864075417113,24.0,34.27753829956055,10.277538299560547,10.277538299560547
sub-864390147957,27.5,19.17133331298828,-8.328666687011719,8.328666687011719
sub-864417281787,27.0,30.34527587890625,3.34527587890625,3.34527587890625
sub-864521527320,27.5,33.141963958740234,5.641963958740234,5.641963958740234
sub-865049849440,18.0,17.120405197143555,-0.8795948028564453,0.8795948028564453
sub-865130064686,23.0,20.549068450927734,-2.4509315490722656,2.4509315490722656
sub-865463279252,10.60821918,14.123661994934082,3.5154428149340813,3.5154428149340813
sub-865831043042,12.36164384,9.364314079284668,-2.9973297607153313,2.9973297607153313
sub-865879829269,11.01917808,20.5155029296875,9.4963248496875,9.4963248496875
sub-866125125908,67.16221765913758,63.249942779541016,-3.9122748795965663,3.9122748795965663
sub-866415490846,16.0,39.62997055053711,23.62997055053711,23.62997055053711
sub-866498030343,23.948,22.21105194091797,-1.7369480590820316,1.7369480590820316
sub-866659229411,71.0,43.10090255737305,-27.899097442626953,27.899097442626953
sub-866713785429,62.5,41.798526763916016,-20.701473236083984,20.701473236083984
sub-866905041948,22.0,27.780672073364258,5.780672073364258,5.780672073364258
sub-866922267325,19.0,22.08230209350586,3.0823020935058594,3.0823020935058594
sub-867260065005,42.507871321013006,43.49870300292969,0.9908316819166814,0.9908316819166814
sub-867582298309,12.5777,11.59585189819336,-0.9818481018066407,0.9818481018066407
sub-867701378046,20.0,41.229766845703125,21.229766845703125,21.229766845703125
sub-868182247503,27.0,18.588008880615234,-8.411991119384766,8.411991119384766
sub-868370615460,13.6,31.73600959777832,18.13600959777832,18.13600959777832
sub-868388089302,19.0,21.282682418823242,2.282682418823242,2.282682418823242
sub-868866368860,72.5,58.69231414794922,-13.807685852050781,13.807685852050781
sub-869287444915,22.5,25.64379119873047,3.1437911987304688,3.1437911987304688
sub-869522707783,7.989049,15.48660659790039,7.497557597900391,7.497557597900391
sub-869561056537,25.0,23.865840911865234,-1.1341590881347656,1.1341590881347656
sub-869792866260,63.86858316221765,44.52667236328125,-19.341910798936397,19.341910798936397
sub-869807719337,23.0,24.831342697143555,1.8313426971435547,1.8313426971435547
sub-870097433973,19.0,31.413808822631836,12.413808822631836,12.413808822631836
sub-870309621562,11.16986301,15.114108085632324,3.944245075632324,3.944245075632324
sub-870383451100,19.0,29.427968978881836,10.427968978881836,10.427968978881836
sub-870394430007,27.0,23.19156265258789,-3.8084373474121094,3.8084373474121094
sub-870400442875,17.9,16.543039321899414,-1.3569606781005845,1.3569606781005845
sub-870653878584,34.43,28.27923583984375,-6.15076416015625,6.15076416015625
sub-871014392779,23.0,23.379249572753906,0.37924957275390625,0.37924957275390625
sub-871062020088,21.0,21.97303009033203,0.9730300903320312,0.9730300903320312
sub-871227205934,45.6974674880219,19.1086368560791,-26.5888306319428,26.5888306319428
sub-871327886768,19.8,16.335792541503906,-3.4642074584960945,3.4642074584960945
sub-871665254271,19.0,21.53993797302246,2.539937973022461,2.539937973022461
sub-872219746706,26.0,40.386878967285156,14.386878967285156,14.386878967285156
sub-872310189561,25.0,20.681201934814453,-4.318798065185547,4.318798065185547
sub-872499226250,35.071868583162214,37.487548828125,2.415680244962786,2.415680244962786
sub-872529642832,21.0,29.605098724365234,8.605098724365234,8.605098724365234
sub-872890949648,23.0,19.888019561767578,-3.111980438232422,3.111980438232422
sub-873064193457,22.0,26.81893539428711,4.818935394287109,4.818935394287109
sub-873856873596,71.0,60.07029342651367,-10.929706573486328,10.929706573486328
sub-874881043824,21.0,26.07697868347168,5.07697868347168,5.07697868347168
sub-875390673251,27.5,26.6529483795166,-0.8470516204833984,0.8470516204833984
sub-875887270246,14.66,14.583536148071289,-0.07646385192871108,0.07646385192871108
sub-875946477747,18.0,14.85556697845459,-3.14443302154541,3.14443302154541
sub-876065686543,14.25,23.548843383789062,9.298843383789062,9.298843383789062
sub-876168816548,14.0,19.58421516418457,5.58421516418457,5.58421516418457
sub-876267012411,19.0,23.98472785949707,4.98472785949707,4.98472785949707
sub-876413804784,9.136986301,13.618555068969727,4.481568767969726,4.481568767969726
sub-876583468696,24.0,29.718486785888672,5.718486785888672,5.718486785888672
sub-877523533189,22.0,24.680233001708984,2.6802330017089844,2.6802330017089844
sub-877751571376,61.33607118412046,71.52520751953125,10.189136335410787,10.189136335410787
sub-877769535521,19.06,21.040996551513672,1.9809965515136732,1.9809965515136732
sub-878102231037,13.82,20.8074951171875,6.9874951171875,6.9874951171875
sub-878124223907,24.0,16.979015350341797,-7.020984649658203,7.020984649658203
sub-878299241368,21.0,20.52044677734375,-0.47955322265625,0.47955322265625
sub-878901535563,21.0,23.262004852294922,2.262004852294922,2.262004852294922
sub-878981166880,25.0,22.30568504333496,-2.694314956665039,2.694314956665039
sub-880687234086,32.64339493497605,26.678789138793945,-5.964605796182106,5.964605796182106
sub-880811779741,19.0,18.55967903137207,-0.4403209686279297,0.4403209686279297
sub-880908935164,52.53114305270363,37.98432922363281,-14.546813829070814,14.546813829070814
sub-881158372238,19.0,23.476852416992188,4.4768524169921875,4.4768524169921875
sub-881514656591,25.0,21.175029754638672,-3.824970245361328,3.824970245361328
sub-881702885069,25.0,18.154035568237305,-6.845964431762695,6.845964431762695
sub-881950556152,14.0,15.316854476928711,1.316854476928711,1.316854476928711
sub-881977543881,21.0,20.786846160888672,-0.21315383911132812,0.21315383911132812
sub-882803056246,27.5,24.550146102905273,-2.9498538970947266,2.9498538970947266
sub-882865046935,21.0,35.774749755859375,14.774749755859375,14.774749755859375
sub-883718570961,19.0,18.981325149536133,-0.018674850463867188,0.018674850463867188
sub-885298009427,67.5,37.23292922973633,-30.267070770263672,30.267070770263672
sub-886003620269,19.0,18.01897430419922,-0.9810256958007812,0.9810256958007812
sub-886027172791,22.5,24.38051414489746,1.880514144897461,1.880514144897461
sub-886413354960,21.0,19.53057861328125,-1.46942138671875,1.46942138671875
sub-886636260175,21.0,28.37302589416504,7.373025894165039,7.373025894165039
sub-887283177563,8.556164384,14.929730415344238,6.373566031344238,6.373566031344238
sub-887424714190,76.0,69.0709457397461,-6.929054260253906,6.929054260253906
sub-887530654767,25.0,32.081966400146484,7.081966400146484,7.081966400146484
sub-887796798530,29.738535249828885,20.690750122070312,-9.047785127758573,9.047785127758573
sub-887907228454,21.0,19.636775970458984,-1.3632240295410156,1.3632240295410156
sub-888082536248,14.3,16.44181251525879,2.1418125152587884,2.1418125152587884
sub-888374824441,72.5,53.043609619140625,-19.456390380859375,19.456390380859375
sub-888390950359,35.02258726899384,23.854747772216797,-11.167839496777042,11.167839496777042
sub-889247652259,49.0,33.927677154541016,-15.072322845458984,15.072322845458984
sub-889475973950,21.0,21.85844612121582,0.8584461212158203,0.8584461212158203
sub-890264397859,60.073921971252574,63.07867431640625,3.004752345153676,3.004752345153676
sub-890363771287,74.01232032854209,65.48416900634766,-8.528151322194432,8.528151322194432
sub-890378597643,19.0,20.951196670532227,1.9511966705322266,1.9511966705322266
sub-890440701443,9.575342466,17.602386474609375,8.027044008609375,8.027044008609375
sub-890707760272,19.0,20.408578872680664,1.408578872680664,1.408578872680664
sub-890940320423,31.0,19.924732208251953,-11.075267791748047,11.075267791748047
sub-891012875278,21.0,21.336963653564453,0.3369636535644531,0.3369636535644531
sub-891338570370,10.63013699,12.999048233032227,2.368911243032226,2.368911243032226
sub-891609925981,13.0,17.88258171081543,4.88258171081543,4.88258171081543
sub-891619944015,19.0,20.183059692382812,1.1830596923828125,1.1830596923828125
sub-891643843487,21.0,18.459672927856445,-2.5403270721435547,2.5403270721435547
sub-891720291413,14.09,11.281455039978027,-2.8085449600219725,2.8085449600219725
sub-892536614491,21.0,22.16790199279785,1.1679019927978516,1.1679019927978516
sub-892593645708,6.0,16.673431396484375,10.673431396484375,10.673431396484375
sub-892946894485,18.0,17.83420181274414,-0.16579818725585938,0.16579818725585938
sub-892980852230,21.0,21.711074829101562,0.7110748291015625,0.7110748291015625
sub-893262325357,11.25,24.75482940673828,13.504829406738281,13.504829406738281
sub-893805064891,28.0,18.355745315551758,-9.644254684448242,9.644254684448242
sub-893818760027,8.2656,19.491003036499023,11.225403036499024,11.225403036499024
sub-894332605596,21.0,24.926435470581055,3.9264354705810547,3.9264354705810547
sub-894511350563,46.0,34.72985076904297,-11.270149230957031,11.270149230957031
sub-894512709599,12.36,17.895631790161133,5.535631790161133,5.535631790161133
sub-894680676162,55.59753593429159,61.469757080078125,5.872221145786533,5.872221145786533
sub-895133658171,21.0,23.798131942749023,2.7981319427490234,2.7981319427490234
sub-895397981435,18.5517,21.979354858398438,3.427654858398437,3.427654858398437
sub-895750786932,28.0,26.902767181396484,-1.0972328186035156,1.0972328186035156
sub-896035160007,53.74948665297741,35.84571075439453,-17.90377589858288,17.90377589858288
sub-896261416622,23.0,21.546100616455078,-1.4538993835449219,1.4538993835449219
sub-896362723142,21.0,23.91314125061035,2.9131412506103516,2.9131412506103516
sub-898016119281,19.0,21.79118537902832,2.7911853790283203,2.7911853790283203
sub-898717996826,11.83,16.5002498626709,4.670249862670898,4.670249862670898
sub-899087531809,10.43561644,10.472137451171875,0.03652101117187456,0.03652101117187456
sub-899095634562,21.0,17.586383819580078,-3.413616180419922,3.413616180419922
sub-899919102280,31.80835044490076,26.318281173706055,-5.490069271194706,5.490069271194706
sub-900004567178,54.0,40.431949615478516,-13.568050384521484,13.568050384521484
sub-900102424486,21.0,17.939271926879883,-3.060728073120117,3.060728073120117
sub-900153837660,12.6,15.708235740661621,3.1082357406616214,3.1082357406616214
sub-900348386642,33.0,21.98162841796875,-11.01837158203125,11.01837158203125
sub-900503064848,23.0,23.05312156677246,0.05312156677246094,0.05312156677246094
sub-900669455649,23.0,21.29732894897461,-1.7026710510253906,1.7026710510253906
sub-901004563315,23.0,25.44230079650879,2.442300796508789,2.442300796508789
sub-901032588667,70.10540725530457,65.57283782958984,-4.532569425714726,4.532569425714726
sub-901046779045,26.0,29.074796676635742,3.074796676635742,3.074796676635742
sub-901077160766,66.01505817932923,40.02077865600586,-25.99427952332337,25.99427952332337
sub-901120068549,21.0,23.32479476928711,2.3247947692871094,2.3247947692871094
sub-901679307794,22.5,21.579261779785156,-0.9207382202148438,0.9207382202148438
sub-901853622053,24.0,29.51227569580078,5.512275695800781,5.512275695800781
sub-902497495837,19.0,29.765850067138672,10.765850067138672,10.765850067138672
sub-902598751321,21.0,35.885677337646484,14.885677337646484,14.885677337646484
sub-902688287778,10.0,14.81960678100586,4.819606781005859,4.819606781005859
sub-903069823853,19.0,25.77695083618164,6.776950836181641,6.776950836181641
sub-903102643483,19.0,21.591291427612305,2.5912914276123047,2.5912914276123047
sub-903137810093,18.0,21.2109375,3.2109375,3.2109375
sub-903309024146,60.97467488021904,41.86720275878906,-19.10747212142998,19.10747212142998
sub-904150571086,21.0,32.385108947753906,11.385108947753906,11.385108947753906
sub-904230068278,9.0,18.697477340698242,9.697477340698242,9.697477340698242
sub-904298927510,29.0,18.516386032104492,-10.483613967895508,10.483613967895508
sub-904786156336,19.0,27.586376190185547,8.586376190185547,8.586376190185547
sub-904963069377,19.0,23.6990966796875,4.6990966796875,4.6990966796875
sub-905468027051,19.0,23.53453254699707,4.53453254699707,4.53453254699707
sub-905521354661,16.66,40.975799560546875,24.315799560546875,24.315799560546875
sub-905655778274,19.0,17.359237670898438,-1.6407623291015625,1.6407623291015625
sub-905823095507,19.7,21.640668869018555,1.9406688690185554,1.9406688690185554
sub-906109401964,12.35342466,11.61523151397705,-0.7381931460229492,0.7381931460229492
sub-906156735518,25.661875427789184,21.588687896728516,-4.073187531060668,4.073187531060668
sub-906563060004,25.0,20.172496795654297,-4.827503204345703,4.827503204345703
sub-906893775405,23.0,22.865602493286133,-0.1343975067138672,0.1343975067138672
sub-907154865800,21.0,29.669384002685547,8.669384002685547,8.669384002685547
sub-907173410181,19.0,21.607147216796875,2.607147216796875,2.607147216796875
sub-907846695925,32.0,32.91312789916992,0.9131278991699219,0.9131278991699219
sub-907977518564,27.0,24.858062744140625,-2.141937255859375,2.141937255859375
sub-908407882813,19.0,16.282323837280273,-2.7176761627197266,2.7176761627197266
sub-908535648673,52.533880903490754,57.06727600097656,4.533395097485808,4.533395097485808
sub-908737113272,19.0,20.432607650756836,1.432607650756836,1.432607650756836
sub-909164871422,23.0,25.22531509399414,2.2253150939941406,2.2253150939941406
sub-910257374237,52.5,35.4159049987793,-17.084095001220703,17.084095001220703
sub-910309160908,27.5,28.12616539001465,0.6261653900146484,0.6261653900146484
sub-910315280332,21.0,31.81875228881836,10.81875228881836,10.81875228881836
sub-911498902603,21.0,22.10977554321289,1.1097755432128906,1.1097755432128906
sub-911595640218,21.0,23.51795196533203,2.5179519653320312,2.5179519653320312
sub-911803480648,19.0,21.939355850219727,2.9393558502197266,2.9393558502197266
sub-912008466536,17.2,15.166584968566895,-2.0334150314331048,2.0334150314331048
sub-912062086904,58.658453114305274,39.12335205078125,-19.535101063524024,19.535101063524024
sub-912195063185,11.45,14.223583221435547,2.7735832214355476,2.7735832214355476
sub-912438054748,21.0,22.38579559326172,1.3857955932617188,1.3857955932617188
sub-912891258738,25.0,31.71767234802246,6.717672348022461,6.717672348022461
sub-913496053208,12.15,20.655391693115234,8.505391693115234,8.505391693115234
sub-913530350055,23.0,19.600296020507812,-3.3997039794921875,3.3997039794921875
sub-913628264858,73.53867214236823,67.9599609375,-5.5787112048682275,5.5787112048682275
sub-914048964145,25.0,24.746387481689453,-0.2536125183105469,0.2536125183105469
sub-914173373482,23.0,22.656625747680664,-0.34337425231933594,0.34337425231933594
sub-914185919173,21.0,19.48674201965332,-1.5132579803466797,1.5132579803466797
sub-914210574111,22.5,41.126461029052734,18.626461029052734,18.626461029052734
sub-914484668303,27.5,32.861000061035156,5.361000061035156,5.361000061035156
sub-914841201324,25.0,32.637733459472656,7.637733459472656,7.637733459472656
sub-915025691063,68.4845995893224,56.9221076965332,-11.562491892789197,11.562491892789197
sub-915468023299,11.2,18.93559455871582,7.735594558715821,7.735594558715821
sub-915647446189,19.0,28.95539665222168,9.95539665222168,9.95539665222168
sub-915876060239,23.0,22.27091407775879,-0.7290859222412109,0.7290859222412109
sub-916402602255,23.0,17.362567901611328,-5.637432098388672,5.637432098388672
sub-916525803970,29.0,29.648344039916992,0.6483440399169922,0.6483440399169922
sub-916542852934,27.5,24.41031265258789,-3.0896873474121094,3.0896873474121094
sub-917008309577,33.0,21.688451766967773,-11.311548233032227,11.311548233032227
sub-917433394750,21.0,27.84374237060547,6.843742370605469,6.843742370605469
sub-917435174544,22.0,18.31077766418457,-3.6892223358154297,3.6892223358154297
sub-917600588024,69.0,51.04709243774414,-17.95290756225586,17.95290756225586
sub-917758363758,14.0,17.55299186706543,3.5529918670654297,3.5529918670654297
sub-917842166945,30.0,19.849468231201172,-10.150531768798828,10.150531768798828
sub-917938246101,43.0,51.714027404785156,8.714027404785156,8.714027404785156
sub-918148858049,12.16438356,10.839219093322754,-1.3251644666772453,1.3251644666772453
sub-918704529377,65.3305954825462,47.460487365722656,-17.870108116823545,17.870108116823545
sub-918881052509,8.67,19.618906021118164,10.948906021118164,10.948906021118164
sub-918944432928,27.5,27.36324691772461,-0.13675308227539062,0.13675308227539062
sub-919028468459,13.25,15.796895027160645,2.5468950271606445,2.5468950271606445
sub-919231839233,21.0,24.95811653137207,3.9581165313720703,3.9581165313720703
sub-919267100021,73.01574264202601,41.453125,-31.562617642026012,31.562617642026012
sub-920272941764,29.0,58.0704231262207,29.070423126220703,29.070423126220703
sub-920482922866,19.0,22.687387466430664,3.687387466430664,3.687387466430664
sub-920531713757,21.0,21.08136749267578,0.08136749267578125,0.08136749267578125
sub-920810018627,22.5,28.838918685913086,6.338918685913086,6.338918685913086
sub-920988541453,27.5,24.641393661499023,-2.8586063385009766,2.8586063385009766
sub-921444161224,21.0,31.697723388671875,10.697723388671875,10.697723388671875
sub-921858841687,21.0,19.722082138061523,-1.2779178619384766,1.2779178619384766
sub-922289872992,19.0,16.018896102905273,-2.9811038970947266,2.9811038970947266
sub-922622292927,21.0,29.361173629760742,8.361173629760742,8.361173629760742
sub-922751720998,18.0,20.94142723083496,2.941427230834961,2.941427230834961
sub-922949023576,16.0,17.948476791381836,1.948476791381836,1.948476791381836
sub-923062764742,27.5,35.70485305786133,8.204853057861328,8.204853057861328
sub-923406567679,13.0,15.598321914672852,2.5983219146728516,2.5983219146728516
sub-923642697698,19.0,23.276695251464844,4.276695251464844,4.276695251464844
sub-924333698510,11.178,21.931116104125977,10.753116104125976,10.753116104125976
sub-924511741709,64.0,48.70556640625,-15.29443359375,15.29443359375
sub-924651987648,11.76438356,14.067946434020996,2.3035628740209955,2.3035628740209955
sub-924687982745,29.57426420260096,32.744232177734375,3.1699679751334138,3.1699679751334138
sub-924828864147,12.5,17.759279251098633,5.259279251098633,5.259279251098633
sub-924907998371,67.33196440793976,58.88263702392578,-8.449327384013984,8.449327384013984
sub-924996943078,18.0,23.02882194519043,5.02882194519043,5.02882194519043
sub-925037100804,21.0,27.832073211669922,6.832073211669922,6.832073211669922
sub-925264389205,70.0,54.846378326416016,-15.153621673583984,15.153621673583984
sub-925503805331,25.0,16.530929565429688,-8.469070434570312,8.469070434570312
sub-926186325110,21.0,30.112628936767578,9.112628936767578,9.112628936767578
sub-926492892497,67.4551676933607,39.45702362060547,-27.998144072755238,27.998144072755238
sub-926570528626,21.0,18.184032440185547,-2.815967559814453,2.815967559814453
sub-926583949527,21.0,23.172992706298828,2.172992706298828,2.172992706298828
sub-926868125478,16.0,18.134429931640625,2.134429931640625,2.134429931640625
sub-927248566385,19.0,15.667694091796875,-3.332305908203125,3.332305908203125
sub-927624489801,7.0,16.124107360839844,9.124107360839844,9.124107360839844
sub-928156652019,8.2,16.50218391418457,8.302183914184571,8.302183914184571
sub-928379379406,19.0,19.083009719848633,0.08300971984863281,0.08300971984863281
sub-928386832910,8.969863014,10.967429161071777,1.9975661470717778,1.9975661470717778
sub-928674316476,21.0,22.89198112487793,1.8919811248779297,1.8919811248779297
sub-929232257334,29.77138945927447,29.144922256469727,-0.6264672028047436,0.6264672028047436
sub-929322786948,37.94934976043805,37.74361801147461,-0.20573174896343716,0.20573174896343716
sub-929374751111,22.0,17.06013298034668,-4.93986701965332,4.93986701965332
sub-929447174283,27.5,28.497404098510742,0.9974040985107422,0.9974040985107422
sub-929587773359,23.0,35.805747985839844,12.805747985839844,12.805747985839844
sub-929666036859,19.0,22.568456649780273,3.5684566497802734,3.5684566497802734
sub-930307385185,19.0,23.885690689086914,4.885690689086914,4.885690689086914
sub-930665355870,58.76796714579056,47.126197814941406,-11.64176933084915,11.64176933084915
sub-930818807780,21.0,29.79433822631836,8.79433822631836,8.79433822631836
sub-930887135237,12.0,15.765563011169434,3.7655630111694336,3.7655630111694336
sub-931316549796,11.82191781,20.690946578979492,8.869028768979492,8.869028768979492
sub-931419407006,22.5,24.20166778564453,1.7016677856445312,1.7016677856445312
sub-931522580771,21.0,18.734567642211914,-2.265432357788086,2.265432357788086
sub-931524427617,27.5,25.771472930908203,-1.7285270690917969,1.7285270690917969
sub-931789686026,21.0,14.644902229309082,-6.355097770690918,6.355097770690918
sub-932328801110,27.0,22.1014347076416,-4.898565292358398,4.898565292358398
sub-932928363014,12.0,18.51357078552246,6.513570785522461,6.513570785522461
sub-932962485355,20.0,20.940452575683594,0.9404525756835938,0.9404525756835938
sub-933451667612,31.0,25.788543701171875,-5.211456298828125,5.211456298828125
sub-933669624404,24.8952772073922,27.33864402770996,2.4433668203177596,2.4433668203177596
sub-933794001889,21.0,23.234315872192383,2.234315872192383,2.234315872192383
sub-934122562621,23.0,31.625080108642578,8.625080108642578,8.625080108642578
sub-934881118276,21.0,19.45343589782715,-1.5465641021728516,1.5465641021728516
sub-934982332122,21.0,21.08155632019043,0.08155632019042969,0.08155632019042969
sub-935002971646,9.619178082,13.842975616455078,4.223797534455079,4.223797534455079
sub-935090080624,30.705,18.561485290527344,-12.143514709472655,12.143514709472655
sub-935183687348,19.0,24.34133529663086,5.341335296630859,5.341335296630859
sub-935317604703,21.0,24.402021408081055,3.4020214080810547,3.4020214080810547
sub-936672607215,19.0,24.036861419677734,5.036861419677734,5.036861419677734
sub-936703241140,66.52703627652294,40.65892791748047,-25.868108359042466,25.868108359042466
sub-936900293798,21.0,18.902366638183594,-2.0976333618164062,2.0976333618164062
sub-937301500163,21.0,18.516263961791992,-2.483736038208008,2.483736038208008
sub-937364217957,10.82465753,17.414793014526367,6.5901354845263675,6.5901354845263675
sub-937536731279,22.0,17.962326049804688,-4.0376739501953125,4.0376739501953125
sub-937872457728,21.0,48.37591552734375,27.37591552734375,27.37591552734375
sub-938380050399,23.0,27.222726821899414,4.222726821899414,4.222726821899414
sub-938749379533,19.0,22.509641647338867,3.509641647338867,3.509641647338867
sub-938896811577,10.26849315,14.336318016052246,4.067824866052247,4.067824866052247
sub-938981109987,23.0,22.515539169311523,-0.48446083068847656,0.48446083068847656
sub-939037999646,23.0,22.593862533569336,-0.40613746643066406,0.40613746643066406
sub-939381022830,19.0,22.179401397705078,3.179401397705078,3.179401397705078
sub-939635291034,21.0,27.748952865600586,6.748952865600586,6.748952865600586
sub-939702092734,19.0,19.09259605407715,0.09259605407714844,0.09259605407714844
sub-939910199671,34.0,22.625797271728516,-11.374202728271484,11.374202728271484
sub-940212166039,21.0,37.62714767456055,16.627147674560547,16.627147674560547
sub-940263536733,24.26,33.75448989868164,9.494489898681639,9.494489898681639
sub-940869963183,19.0,28.071823120117188,9.071823120117188,9.071823120117188
sub-940873808553,24.14236824093087,26.210466384887695,2.0680981439568242,2.0680981439568242
sub-940884975885,19.0,17.142362594604492,-1.8576374053955078,1.8576374053955078
sub-942090196392,21.0,30.314836502075195,9.314836502075195,9.314836502075195
sub-942097864031,22.647501711156742,23.72674560546875,1.0792438943120075,1.0792438943120075
sub-942337019356,23.0,17.903932571411133,-5.096067428588867,5.096067428588867
sub-942553576158,27.0,37.29594802856445,10.295948028564453,10.295948028564453
sub-943000203930,22.0,34.52944564819336,12.52944564819336,12.52944564819336
sub-943181440809,16.6,24.160911560058594,7.560911560058592,7.560911560058592
sub-943359697274,9.471232877,16.47418212890625,7.00294925190625,7.00294925190625
sub-943639486886,72.30663928815879,32.91271209716797,-39.39392719099082,39.39392719099082
sub-944068231803,18.0,21.989913940429688,3.9899139404296875,3.9899139404296875
sub-944780637236,22.5,25.21837043762207,2.7183704376220703,2.7183704376220703
sub-944831654822,25.0,26.862499237060547,1.8624992370605469,1.8624992370605469
sub-945354197992,13.0,18.92445945739746,5.924459457397461,5.924459457397461
sub-945685896914,18.3,20.084909439086914,1.7849094390869134,1.7849094390869134
sub-946000351967,19.0,22.414031982421875,3.414031982421875,3.414031982421875
sub-946082716347,15.0,23.29599952697754,8.295999526977539,8.295999526977539
sub-947029891941,25.0,21.115528106689453,-3.884471893310547,3.884471893310547
sub-947048943658,22.5,22.653749465942383,0.1537494659423828,0.1537494659423828
sub-947217988145,10.6927,11.605083465576172,0.9123834655761716,0.9123834655761716
sub-947434480702,19.0,16.412885665893555,-2.5871143341064453,2.5871143341064453
sub-947530831842,25.0,27.62788200378418,2.6278820037841797,2.6278820037841797
sub-947688278769,9.117808219,12.091987609863281,2.9741793908632808,2.9741793908632808
sub-947714204613,52.12867898699521,40.81649398803711,-11.312184998958102,11.312184998958102
sub-948024242025,21.0,32.69087219238281,11.690872192382812,11.690872192382812
sub-948053748378,25.0,27.06631088256836,2.0663108825683594,2.0663108825683594
sub-948173892357,22.5,26.915393829345703,4.415393829345703,4.415393829345703
sub-948196399366,10.92,15.036858558654785,4.116858558654785,4.116858558654785
sub-948402139122,21.0,20.5891056060791,-0.41089439392089844,0.41089439392089844
sub-949217685462,22.5,36.764713287353516,14.264713287353516,14.264713287353516
sub-949281546209,10.64,10.54944133758545,-0.09055866241455135,0.09055866241455135
sub-949327608209,21.0,17.306304931640625,-3.693695068359375,3.693695068359375
sub-949681988886,13.5,20.216684341430664,6.716684341430664,6.716684341430664
sub-949804034624,23.0,26.754535675048828,3.754535675048828,3.754535675048828
sub-950287307481,8.0,15.881457328796387,7.881457328796387,7.881457328796387
sub-950542329934,21.0,25.269107818603516,4.269107818603516,4.269107818603516
sub-951010277782,26.0,24.532575607299805,-1.4674243927001953,1.4674243927001953
sub-951202505969,23.53730321697468,19.495134353637695,-4.042168863336986,4.042168863336986
sub-951213761774,22.0,21.98468017578125,-0.01531982421875,0.01531982421875
sub-951339198782,12.5257,17.948631286621094,5.422931286621093,5.422931286621093
sub-951545085553,28.5613,25.08952522277832,-3.471774777221679,3.471774777221679
sub-952300611928,22.52,30.56548500061035,8.045485000610352,8.045485000610352
sub-952405077290,19.0,22.395313262939453,3.395313262939453,3.395313262939453
sub-952477762961,21.0,26.839637756347656,5.839637756347656,5.839637756347656
sub-952655976849,11.85,18.973012924194336,7.123012924194336,7.123012924194336
sub-952776637852,19.0,21.43941879272461,2.4394187927246094,2.4394187927246094
sub-953022551113,25.0,20.087478637695312,-4.9125213623046875,4.9125213623046875
sub-953314118927,21.0,23.275659561157227,2.2756595611572266,2.2756595611572266
sub-953400604911,9.208219178,12.307901382446289,3.099682204446289,3.099682204446289
sub-953496715521,9.41,23.483966827392578,14.073966827392578,14.073966827392578
sub-953700135343,20.0,21.751815795898438,1.7518157958984375,1.7518157958984375
sub-953824010639,7.1293630000000014,12.917351722717285,5.787988722717284,5.787988722717284
sub-954220905647,29.81793292265571,32.97947311401367,3.161540191357961,3.161540191357961
sub-954430934773,19.0,20.711149215698242,1.7111492156982422,1.7111492156982422
sub-954625005461,12.74246575,16.49505615234375,3.752590402343751,3.752590402343751
sub-954752152568,19.0,24.229738235473633,5.229738235473633,5.229738235473633
sub-954946498969,75.6331279945243,60.350242614746094,-15.282885379778207,15.282885379778207
sub-955099440993,19.0,21.265602111816406,2.2656021118164062,2.2656021118164062
sub-955777977378,64.57768651608487,69.93513488769531,5.357448371610445,5.357448371610445
sub-955861473301,69.0,52.2429084777832,-16.757091522216797,16.757091522216797
sub-956075512385,21.0,17.634700775146484,-3.3652992248535156,3.3652992248535156
sub-957634463134,26.0,32.58448028564453,6.584480285644531,6.584480285644531
sub-958050974251,21.0,18.279634475708008,-2.720365524291992,2.720365524291992
sub-958265595037,11.21643836,16.65287208557129,5.436433725571289,5.436433725571289
sub-958464456805,55.65503080082137,72.01729583740234,16.362265036580972,16.362265036580972
sub-958916458255,11.4962,11.833541870117188,0.3373418701171875,0.3373418701171875
sub-959069242210,22.0,26.97224235534668,4.97224235534668,4.97224235534668
sub-959189618055,19.83,20.376569747924805,0.5465697479248064,0.5465697479248064
sub-959696927213,58.36824093086928,41.5582389831543,-16.81000194771498,16.81000194771498
sub-960401383220,23.0,21.654985427856445,-1.3450145721435547,1.3450145721435547
sub-960513601275,11.09041096,11.899360656738281,0.8089496967382814,0.8089496967382814
sub-960700816342,28.0,20.382244110107422,-7.617755889892578,7.617755889892578
sub-960931863944,47.72347707049966,34.48197555541992,-13.24150151507974,13.24150151507974
sub-961483413696,8.153319999999999,7.458304405212402,-0.6950155947875967,0.6950155947875967
sub-961825214664,25.0,24.503236770629883,-0.4967632293701172,0.4967632293701172
sub-962058833465,12.0,21.496780395507812,9.496780395507812,9.496780395507812
sub-962095900736,31.0,21.665773391723633,-9.334226608276367,9.334226608276367
sub-962108996665,8.333333332999999,9.985698699951172,1.652365366951173,1.652365366951173
sub-962854214097,27.0,21.248952865600586,-5.751047134399414,5.751047134399414
sub-963133661163,17.0,21.54895782470703,4.548957824707031,4.548957824707031
sub-963376929670,13.46,24.17271614074707,10.71271614074707,10.71271614074707
sub-963802934589,19.0,20.794086456298828,1.7940864562988281,1.7940864562988281
sub-963831379087,19.0,18.618755340576172,-0.3812446594238281,0.3812446594238281
sub-964214262654,21.0,19.907672882080078,-1.0923271179199219,1.0923271179199219
sub-964531986227,57.86447638603696,39.35311508178711,-18.511361304249853,18.511361304249853
sub-964642400113,20.0,21.379013061523438,1.3790130615234375,1.3790130615234375
sub-965710943519,27.5,35.34809875488281,7.8480987548828125,7.8480987548828125
sub-966603052384,64.66255989048598,41.28400802612305,-23.378551864362933,23.378551864362933
sub-966847586845,19.0,23.650514602661133,4.650514602661133,4.650514602661133
sub-967034372580,9.887671233,13.624374389648438,3.7367031566484368,3.7367031566484368
sub-967482205242,14.0,20.621042251586914,6.621042251586914,6.621042251586914
sub-967739637280,15.0,18.864133834838867,3.864133834838867,3.864133834838867
sub-967803211352,68.60232717316906,37.669525146484375,-30.932802026684683,30.932802026684683
sub-968205067686,10.0,20.206863403320312,10.206863403320312,10.206863403320312
sub-968573886024,19.0,17.744823455810547,-1.2551765441894531,1.2551765441894531
sub-968674783031,27.5,34.21811294555664,6.718112945556641,6.718112945556641
sub-969623446939,19.0,16.94288444519043,-2.0571155548095703,2.0571155548095703
sub-969765470206,18.0,12.413476943969727,-5.586523056030273,5.586523056030273
sub-969931025667,15.0,33.02134323120117,18.021343231201172,18.021343231201172
sub-970497665874,21.0,20.095386505126953,-0.9046134948730469,0.9046134948730469
sub-970724365551,19.0,18.435470581054688,-0.5645294189453125,0.5645294189453125
sub-970917164596,25.0,18.50947380065918,-6.49052619934082,6.49052619934082
sub-971324477087,21.0,25.792327880859375,4.792327880859375,4.792327880859375
sub-971873286741,31.0,25.245641708374023,-5.754358291625977,5.754358291625977
sub-972488849948,27.0,39.40403747558594,12.404037475585938,12.404037475585938
sub-972559314245,27.0,29.07769012451172,2.0776901245117188,2.0776901245117188
sub-972635191339,13.78,14.164542198181152,0.384542198181153,0.384542198181153
sub-972640558751,19.0,25.35708236694336,6.357082366943359,6.357082366943359
sub-972664409918,27.0,15.605774879455566,-11.394225120544434,11.394225120544434
sub-973056160459,10.556,15.7232084274292,5.1672084274292,5.1672084274292
sub-973270677867,19.0,21.771947860717773,2.7719478607177734,2.7719478607177734
sub-973295701579,19.0,20.66383934020996,1.663839340209961,1.663839340209961
sub-973488879665,19.0,22.85073471069336,3.8507347106933594,3.8507347106933594
sub-973607125517,8.063013698999999,10.307496070861816,2.2444823718618174,2.2444823718618174
sub-973735615773,19.0,20.095033645629883,1.0950336456298828,1.0950336456298828
sub-973781454136,19.0,29.751615524291992,10.751615524291992,10.751615524291992
sub-974114228993,19.0,19.672800064086914,0.6728000640869141,0.6728000640869141
sub-974405616418,41.94934976043805,44.2850341796875,2.3356844192494535,2.3356844192494535
sub-974416298113,33.0,25.94167137145996,-7.058328628540039,7.058328628540039
sub-974659202683,14.0,18.634586334228516,4.634586334228516,4.634586334228516
sub-974877812246,21.0,24.61797332763672,3.6179733276367188,3.6179733276367188
sub-975176498961,21.0,18.076677322387695,-2.9233226776123047,2.9233226776123047
sub-975454592840,20.0,45.99624252319336,25.99624252319336,25.99624252319336
sub-975567474439,10.99,11.772605895996094,0.7826058959960935,0.7826058959960935
sub-975770121455,8.2,10.869452476501465,2.6694524765014656,2.6694524765014656
sub-975829508513,21.0,29.079038619995117,8.079038619995117,8.079038619995117
sub-976127076696,70.71047227926078,27.76056671142578,-42.949905567835,42.949905567835
sub-976139172060,21.0,25.058507919311523,4.058507919311523,4.058507919311523
sub-976182490642,33.53,24.45270347595215,-9.077296524047853,9.077296524047853
sub-976250033322,21.0,22.300556182861328,1.3005561828613281,1.3005561828613281
sub-976906636902,22.5,34.37290573120117,11.872905731201172,11.872905731201172
sub-976941323987,21.0,20.833053588867188,-0.1669464111328125,0.1669464111328125
sub-977410937885,19.0,20.006359100341797,1.0063591003417969,1.0063591003417969
sub-977560143527,11.75890411,12.949748039245605,1.190843929245606,1.190843929245606
sub-978611220179,21.0,28.13020896911621,7.130208969116211,7.130208969116211
sub-978703528815,33.0,24.35753631591797,-8.642463684082031,8.642463684082031
sub-978719853586,36.70636550308008,33.77263259887695,-2.9337329042031257,2.9337329042031257
sub-978760006475,13.77,6.471270561218262,-7.298729438781738,7.298729438781738
sub-979328387432,12.4,14.807609558105469,2.4076095581054684,2.4076095581054684
sub-979395608934,23.0,17.266489028930664,-5.733510971069336,5.733510971069336
sub-979591660457,19.0,16.781354904174805,-2.2186450958251953,2.2186450958251953
sub-980881834392,8.060273973,11.274869918823242,3.214595945823243,3.214595945823243
sub-980931195450,19.0,19.250774383544922,0.2507743835449219,0.2507743835449219
sub-981286493399,23.0,20.920324325561523,-2.0796756744384766,2.0796756744384766
sub-981966417728,29.85,28.32440948486328,-1.5255905151367202,1.5255905151367202
sub-983172589376,11.72876712,9.895285606384277,-1.8334815136157232,1.8334815136157232
sub-983287078347,15.74,19.15937042236328,3.419370422363281,3.419370422363281
sub-983539557734,19.0,31.992210388183594,12.992210388183594,12.992210388183594
sub-984146928463,60.895277207392205,43.65727615356445,-17.23800105382775,17.23800105382775
sub-984212089358,21.0,19.756868362426758,-1.2431316375732422,1.2431316375732422
sub-984786358175,57.702943189596176,48.10145950317383,-9.601483686422348,9.601483686422348
sub-985491199225,18.0,18.834564208984375,0.834564208984375,0.834564208984375
sub-985675086687,9.270362765,21.754358291625977,12.483995526625977,12.483995526625977
sub-986168019499,23.0,25.191526412963867,2.191526412963867,2.191526412963867
sub-986189704225,72.3504449007529,52.08412551879883,-20.266319381954077,20.266319381954077
sub-986532015071,21.0,24.378265380859375,3.378265380859375,3.378265380859375
sub-986553319740,29.0,18.643470764160156,-10.356529235839844,10.356529235839844
sub-986598837703,21.0,24.260278701782227,3.2602787017822266,3.2602787017822266
sub-986662453858,22.5,22.973033905029297,0.4730339050292969,0.4730339050292969
sub-987076720776,12.77,20.020660400390625,7.250660400390625,7.250660400390625
sub-987183158187,21.0,23.15050506591797,2.1505050659179688,2.1505050659179688
sub-987405498938,14.0,25.66131019592285,11.661310195922852,11.661310195922852
sub-987675138457,18.0,15.548452377319336,-2.451547622680664,2.451547622680664
sub-987725617016,24.0,27.938962936401367,3.938962936401367,3.938962936401367
sub-987863853354,72.5,34.984989166259766,-37.515010833740234,37.515010833740234
sub-987949390718,25.0,25.484634399414062,0.4846343994140625,0.4846343994140625
sub-988151025685,29.09240246406571,22.07943344116211,-7.012969022903601,7.012969022903601
sub-988202444857,24.0,21.743261337280273,-2.2567386627197266,2.2567386627197266
sub-988766407304,22.0,20.66341781616211,-1.3365821838378906,1.3365821838378906
sub-988922689261,39.0,22.368728637695312,-16.631271362304688,16.631271362304688
sub-989118728356,25.0,19.371959686279297,-5.628040313720703,5.628040313720703
sub-989364744933,63.54004106776181,43.520355224609375,-20.019685843152438,20.019685843152438
sub-989482280855,19.0,30.23540496826172,11.235404968261719,11.235404968261719
sub-989610403127,58.71594798083505,56.25750732421875,-2.458440656616297,2.458440656616297
sub-989703928298,10.8,14.002609252929688,3.202609252929687,3.202609252929687
sub-989894994426,25.0,20.274866104125977,-4.725133895874023,4.725133895874023
sub-990401935145,51.65776865160849,58.38549041748047,6.727721765871976,6.727721765871976
sub-990930608075,54.19301848049281,41.16285705566406,-13.030161424828748,13.030161424828748
sub-990935060181,27.5,28.704364776611328,1.2043647766113281,1.2043647766113281
sub-991826633582,24.0,26.127317428588867,2.127317428588867,2.127317428588867
sub-992514956211,15.0,19.235443115234375,4.235443115234375,4.235443115234375
sub-992555534948,20.213552361396307,16.879167556762695,-3.3343848046336113,3.3343848046336113
sub-992659217265,26.0,27.80769157409668,1.8076915740966797,1.8076915740966797
sub-992939872393,24.0,59.5848274230957,35.5848274230957,35.5848274230957
sub-993601032415,68.85147159479808,54.70527267456055,-14.146198920237538,14.146198920237538
sub-993886391753,60.016427104722794,44.70061111450195,-15.315815990220841,15.315815990220841
sub-994089426413,27.9,22.939210891723633,-4.960789108276366,4.960789108276366
sub-994359308124,21.0,20.3377685546875,-0.6622314453125,0.6622314453125
sub-994631602724,10.84,12.820639610290527,1.9806396102905275,1.9806396102905275
sub-994666209803,37.5,35.389495849609375,-2.110504150390625,2.110504150390625
sub-994785703004,66.27515400410678,38.28083038330078,-27.994323620806,27.994323620806
sub-995055914773,23.0,28.97549819946289,5.975498199462891,5.975498199462891
sub-995156278869,29.0,24.385892868041992,-4.614107131958008,4.614107131958008
sub-995547093580,10.2,22.398170471191406,12.198170471191407,12.198170471191407
sub-996103732554,19.0,23.44165802001953,4.441658020019531,4.441658020019531
sub-996579398931,27.0,17.0651798248291,-9.934820175170898,9.934820175170898
sub-996590600673,8.43,9.506096839904785,1.0760968399047854,1.0760968399047854
sub-996716777224,23.0,23.533214569091797,0.5332145690917969,0.5332145690917969
sub-996843901663,25.0,17.059797286987305,-7.940202713012695,7.940202713012695
sub-997004175200,21.0,30.219247817993164,9.219247817993164,9.219247817993164
sub-997144206185,41.0,29.491823196411133,-11.508176803588867,11.508176803588867
sub-997249731765,22.0,20.920408248901367,-1.0795917510986328,1.0795917510986328
sub-997337611588,23.0,24.572912216186523,1.5729122161865234,1.5729122161865234
sub-997577988986,22.0,18.5643310546875,-3.4356689453125,3.4356689453125
sub-997706219656,23.0,18.869171142578125,-4.130828857421875,4.130828857421875
sub-997863968388,23.0,25.200849533081055,2.2008495330810547,2.2008495330810547
sub-998196661811,20.0,31.101673126220703,11.101673126220703,11.101673126220703
sub-998375364631,11.6,17.225168228149414,5.625168228149414,5.625168228149414
sub-998567081914,60.0,51.072181701660156,-8.927818298339844,8.927818298339844
sub-999027816075,22.0,18.518768310546875,-3.481231689453125,3.481231689453125
sub-999184404925,21.0,21.40523338317871,0.40523338317871094,0.40523338317871094
sub-999832619027,19.0,21.026952743530273,2.0269527435302734,2.0269527435302734
