subject,true_age,predicted_age,error,abs_error
sub-100053248969,19.0,18.396582255796353,-0.6034177442036466,0.6034177442036466
sub-100263562592,21.0,17.650446592006404,-3.3495534079935965,3.3495534079935965
sub-100479214233,21.0,15.103753060996482,-5.896246939003518,5.896246939003518
sub-100544064116,15.0,24.316650252100974,9.316650252100974,9.316650252100974
sub-101404752059,31.0,38.303992500775706,7.303992500775706,7.303992500775706
sub-101942030871,19.0,26.91475358286687,7.914753582866869,7.914753582866869
sub-102730278561,19.0,36.67482600060622,17.674826000606217,17.674826000606217
sub-103116472269,23.0,11.467952844249574,-11.532047155750426,11.532047155750426
sub-103326586557,26.8528,28.59565784270229,1.7428578427022927,1.7428578427022927
sub-104230378530,21.0,19.022460147448616,-1.9775398525513843,1.9775398525513843
sub-104333986026,8.380561,19.04893571789531,10.668374717895311,10.668374717895311
sub-104625609853,21.38261464750171,29.321357782760547,7.938743135258836,7.938743135258836
sub-104654659650,19.0,14.828940554839512,-4.171059445160488,4.171059445160488
sub-104756934188,30.0,18.12569373483468,-11.87430626516532,11.87430626516532
sub-104774505992,23.0,21.200911417998533,-1.7990885820014668,1.7990885820014668
sub-104893688989,27.0,24.153898830969055,-2.846101169030945,2.846101169030945
sub-105288153937,15.92,17.735333183310647,1.8153331833106474,1.8153331833106474
sub-105626036276,18.0,20.69329309393246,2.6932930939324606,2.6932930939324606
sub-105699817140,21.0,23.37714515358691,2.377145153586909,2.377145153586909
sub-105890017872,10.96712329,22.460192486654226,11.493069196654226,11.493069196654226
sub-106084308551,27.5,31.827213426627406,4.327213426627406,4.327213426627406
sub-106297012000,22.0,25.389189017320234,3.389189017320234,3.389189017320234
sub-106847803341,10.0,10.794049978249923,0.7940499782499231,0.7940499782499231
sub-107012705146,20.0,24.384870996702585,4.384870996702585,4.384870996702585
sub-107385462103,19.0,8.721530831610004,-10.278469168389996,10.278469168389996
sub-107912335979,31.0,40.64220953008525,9.642209530085253,9.642209530085253
sub-108019181067,19.0,12.513636240852556,-6.486363759147444,6.486363759147444
sub-108681547305,21.0,18.718356143729697,-2.2816438562703034,2.2816438562703034
sub-108737376161,22.0,23.0235655426712,1.0235655426712,1.0235655426712
sub-108893451515,23.0,26.046920744563586,3.046920744563586,3.046920744563586
sub-109712998508,67.5,48.46532497041208,-19.034675029587923,19.034675029587923
sub-109861838866,21.0,27.457708315514548,6.457708315514548,6.457708315514548
sub-110463604078,35.51540041067762,39.014702098942486,3.4993016882648647,3.4993016882648647
sub-110513034050,19.0,19.478214396311706,0.4782143963117065,0.4782143963117065
sub-110519368768,11.3369863,2.146873622311034,-9.190112677688965,9.190112677688965
sub-110648343433,22.0,18.34299383228731,-3.657006167712691,3.657006167712691
sub-111020130501,21.0,20.68119225971927,-0.3188077402807288,0.3188077402807288
sub-111417977585,19.0,24.32391689732934,5.32391689732934,5.32391689732934
sub-111786255278,19.0,19.899597120541745,0.8995971205417455,0.8995971205417455
sub-112139632444,13.0,18.45546349485265,5.455463494852651,5.455463494852651
sub-112365363383,22.0,23.59180906698464,1.5918090669846414,1.5918090669846414
sub-112581979205,19.0,27.394112139921383,8.394112139921383,8.394112139921383
sub-113308512211,61.0,47.78862788346976,-13.211372116530242,13.211372116530242
sub-113484693835,22.5,33.59138820178462,11.091388201784618,11.091388201784618
sub-113812293828,23.0,20.19863753425316,-2.8013624657468412,2.8013624657468412
sub-114165623285,24.0,20.08221073584307,-3.91778926415693,3.91778926415693
sub-114383938758,22.5,15.175371837117925,-7.324628162882075,7.324628162882075
sub-115044780386,33.68651608487337,41.025498563165115,7.338982478291747,7.338982478291747
sub-115179082434,21.0,22.24036279430076,1.2403627943007614,1.2403627943007614
sub-115321957741,24.0,19.492986280481304,-4.507013719518696,4.507013719518696
sub-116096622843,15.0,16.79917404793102,1.7991740479310216,1.7991740479310216
sub-116218240872,11.52876712,13.104145719088002,1.575378599088003,1.575378599088003
sub-116602902372,20.0,40.605831810460224,20.605831810460224,20.605831810460224
sub-116651167956,71.2060232717317,52.9644473701869,-18.241575901544792,18.241575901544792
sub-117262576182,9.7,-1.6149094928984837,-11.314909492898483,11.314909492898483
sub-117310191719,21.0,19.825549923139608,-1.174450076860392,1.174450076860392
sub-117722182135,9.55890411,16.195727500098524,6.636823390098524,6.636823390098524
sub-117730404599,32.5,21.901058290937428,-10.598941709062572,10.598941709062572
sub-118300283712,27.5,38.622676455130474,11.122676455130474,11.122676455130474
sub-119019619320,34.666666666666664,34.607919565377536,-0.05874710128912852,0.05874710128912852
sub-119139956064,24.312114989733058,35.68849891659772,11.376383926864666,11.376383926864666
sub-119167600899,13.0,19.824082171918818,6.824082171918818,6.824082171918818
sub-119194819365,19.2,17.748348401706952,-1.4516515982930471,1.4516515982930471
sub-119568669419,19.0,22.494129178795596,3.494129178795596,3.494129178795596
sub-119909871257,15.0,13.829402897035209,-1.1705971029647912,1.1705971029647912
sub-120159232504,19.0,20.736979242312497,1.736979242312497,1.736979242312497
sub-120208266498,60.539356605065024,50.84238255871077,-9.696974046354256,9.696974046354256
sub-120256972451,20.0,23.142829148537356,3.1428291485373556,3.1428291485373556
sub-120396235891,8.1013,11.255851763167247,3.1545517631672464,3.1545517631672464
sub-120533702955,27.5,39.42350327703325,11.923503277033248,11.923503277033248
sub-121114024899,21.0,27.513378670323483,6.513378670323483,6.513378670323483
sub-121236619259,32.5,42.82953246609175,10.329532466091749,10.329532466091749
sub-121315843872,34.36550308008213,45.934782998202614,11.569279918120486,11.569279918120486
sub-121725487399,33.51676933607118,42.10229661712985,8.585527281058674,8.585527281058674
sub-121738146757,25.0,23.81666128272298,-1.183338717277021,1.183338717277021
sub-121916223122,72.5,49.618824779554956,-22.881175220445044,22.881175220445044
sub-122612583665,10.8,6.707123519034305,-4.092876480965696,4.092876480965696
sub-123233851263,25.0,21.180937225715358,-3.8190627742846424,3.8190627742846424
sub-123234343655,44.48186173853525,43.08502434832293,-1.396837390212319,1.396837390212319
sub-123319906652,11.50718686,4.4047845654980655,-7.102402294501934,7.102402294501934
sub-123362026561,25.12,23.932749655027617,-1.1872503449723837,1.1872503449723837
sub-124641364359,21.0,22.398007438071964,1.3980074380719643,1.3980074380719643
sub-124676200421,19.0,15.27915472189034,-3.7208452781096604,3.7208452781096604
sub-124729451238,67.5,51.439813155120774,-16.060186844879226,16.060186844879226
sub-124881102242,45.388090349075966,46.24052087732365,0.8524305282476803,0.8524305282476803
sub-125025808425,23.0,27.44362288986052,4.443622889860521,4.443622889860521
sub-125239324117,8.906849315,1.7795854027152807,-7.12726391228472,7.12726391228472
sub-125295604279,23.0,39.14815192508082,16.148151925080818,16.148151925080818
sub-125353958428,27.5,31.355370346022067,3.8553703460220667,3.8553703460220667
sub-125580637682,24.0,22.661669072793618,-1.338330927206382,1.338330927206382
sub-125891952943,19.0,17.501859148859555,-1.4981408511404446,1.4981408511404446
sub-126224773957,23.0,32.68811149685483,9.68811149685483,9.68811149685483
sub-126388114927,19.0,19.856584665840447,0.8565846658404475,0.8565846658404475
sub-126474072032,45.229295003422315,43.88712023008825,-1.3421747733340652,1.3421747733340652
sub-126731927083,21.0,25.13227619277088,4.132276192770881,4.132276192770881
sub-127024850810,19.0,22.644831856817518,3.644831856817518,3.644831856817518
sub-127230151008,27.5,28.62572798960526,1.1257279896052594,1.1257279896052594
sub-127322656952,21.0,25.192646654785754,4.192646654785754,4.192646654785754
sub-127621480063,19.0,17.44520671450826,-1.5547932854917406,1.5547932854917406
sub-127728266565,21.0,19.23605408521662,-1.7639459147833811,1.7639459147833811
sub-127989683000,11.8,-7.842579125448665,-19.642579125448666,19.642579125448666
sub-128924235805,72.5,43.54313579093135,-28.956864209068648,28.956864209068648
sub-129453382420,19.0,18.659569020378605,-0.3404309796213951,0.3404309796213951
sub-129609320842,34.47775496235455,34.55256348018003,0.07480851782547404,0.07480851782547404
sub-130270412535,21.0,12.272863185412582,-8.727136814587418,8.727136814587418
sub-130281900088,25.0,27.07382921249545,2.0738292124954505,2.0738292124954505
sub-130488967679,22.0,16.069563790740407,-5.930436209259593,5.930436209259593
sub-130624212805,9.564383562,3.8026282262701656,-5.761755335729834,5.761755335729834
sub-130699587566,20.0,27.16228226755906,7.1622822675590605,7.1622822675590605
sub-130730148206,17.79,17.04067093455553,-0.7493290654444706,0.7493290654444706
sub-130750381188,27.01437371663245,37.88066580550901,10.866292088876563,10.866292088876563
sub-131091186433,12.8739726,13.553304772301242,0.6793321723012422,0.6793321723012422
sub-131485716864,10.49,14.984263208032221,4.494263208032221,4.494263208032221
sub-132314739842,19.0,27.749516093054964,8.749516093054964,8.749516093054964
sub-132529129288,11.0,8.897459347317383,-2.1025406526826167,2.1025406526826167
sub-132624812140,27.5,28.494045510210366,0.9940455102103662,0.9940455102103662
sub-133104642441,25.0,38.67942617685654,13.679426176856538,13.679426176856538
sub-133292484570,29.0,19.435779222160594,-9.564220777839406,9.564220777839406
sub-133341745639,69.28952772073922,57.86871000394554,-11.420817716793678,11.420817716793678
sub-133559617458,42.0,34.684896077165234,-7.315103922834766,7.315103922834766
sub-133871479599,12.0411,10.974098146640792,-1.0670018533592085,1.0670018533592085
sub-134269526020,25.0,21.498999851856222,-3.5010001481437776,3.5010001481437776
sub-134360128280,22.5,28.331907515938383,5.831907515938383,5.831907515938383
sub-134583532509,23.0,26.663698490704583,3.663698490704583,3.663698490704583
sub-134690078113,20.0,23.02777150591997,3.0277715059199686,3.0277715059199686
sub-134999314713,23.0,15.847474781909913,-7.152525218090087,7.152525218090087
sub-135700393345,19.0,14.74920053199238,-4.250799468007621,4.250799468007621
sub-137109291560,11.0,24.6286247206061,13.628624720606101,13.628624720606101
sub-137114651299,28.0,29.74355924508113,1.74355924508113,1.74355924508113
sub-137249105377,19.0,26.052673116364268,7.052673116364268,7.052673116364268
sub-137613044284,27.5,23.895033850391485,-3.604966149608515,3.604966149608515
sub-137935620257,19.0,29.144401265458104,10.144401265458104,10.144401265458104
sub-138111937707,10.35342466,-8.101272584591143,-18.454697244591145,18.454697244591145
sub-139265000445,21.0,32.08578388231888,11.085783882318879,11.085783882318879
sub-139365339602,60.10951403148528,48.66826500862212,-11.441249022863161,11.441249022863161
sub-139426192767,15.0,13.39860328983654,-1.6013967101634599,1.6013967101634599
sub-140076989326,21.0,22.442788124188368,1.4427881241883682,1.4427881241883682
sub-140330630373,22.5,36.9069518872393,14.406951887239302,14.406951887239302
sub-140606705309,10.08,12.208606492807693,2.128606492807693,2.128606492807693
sub-140809415420,19.0,30.22066455711056,11.22066455711056,11.22066455711056
sub-140896025599,19.0,28.31891469508524,9.31891469508524,9.31891469508524
sub-141217766873,21.0,25.371666468877986,4.3716664688779865,4.3716664688779865
sub-141883005255,42.0,33.57248948175119,-8.427510518248809,8.427510518248809
sub-142069343741,19.0,22.556074745939757,3.556074745939757,3.556074745939757
sub-142102321393,72.0,56.64859973995542,-15.351400260044578,15.351400260044578
sub-142262191767,19.0,28.75084713972295,9.75084713972295,9.75084713972295
sub-142380817861,21.0,13.574629779282702,-7.425370220717298,7.425370220717298
sub-142608681206,31.0,39.417476426480754,8.417476426480754,8.417476426480754
sub-142756155441,16.2,10.657910629015952,-5.542089370984048,5.542089370984048
sub-142798556047,23.0,30.658512018250782,7.658512018250782,7.658512018250782
sub-143185051068,25.0,20.918685618876324,-4.081314381123676,4.081314381123676
sub-143433115346,21.0,15.543370519920938,-5.456629480079062,5.456629480079062
sub-143597719481,53.56605065023956,45.446780639082,-8.11927001115756,8.11927001115756
sub-143693932248,14.2,15.97695711957417,1.7769571195741705,1.7769571195741705
sub-144197550366,21.0,20.10444942138506,-0.8955505786149409,0.8955505786149409
sub-144446563322,24.0,20.738497055939046,-3.261502944060954,3.261502944060954
sub-144517208850,19.0,13.524641304442053,-5.475358695557947,5.475358695557947
sub-144550081547,19.0,20.377856483331456,1.3778564833314562,1.3778564833314562
sub-144658033075,29.0,21.319566207144202,-7.680433792855798,7.680433792855798
sub-144863316344,21.0,24.51389898630974,3.5138989863097407,3.5138989863097407
sub-144960174539,23.0,10.786981379231122,-12.213018620768878,12.213018620768878
sub-145200850196,23.0,45.00581796809317,22.00581796809317,22.00581796809317
sub-145580633313,31.0,25.952525148957886,-5.047474851042114,5.047474851042114
sub-146014608627,19.0,13.447623926936053,-5.552376073063947,5.552376073063947
sub-146447578450,23.0,22.3339365434526,-0.6660634565473984,0.6660634565473984
sub-146639891883,22.5,32.35746531938992,9.857465319389917,9.857465319389917
sub-146945452536,21.0,25.733374196336637,4.733374196336637,4.733374196336637
sub-147386486868,11.0739726,9.527204377072842,-1.5467682229271578,1.5467682229271578
sub-148237622396,19.0,12.607197340745081,-6.392802659254919,6.392802659254919
sub-148388865585,10.0,7.016185716318191,-2.9838142836818093,2.9838142836818093
sub-149020310221,24.342231348391515,37.93267482042834,13.590443472036824,13.590443472036824
sub-149065190596,21.0,35.903499315050986,14.903499315050986,14.903499315050986
sub-149522007327,23.0,32.14266112926572,9.142661129265719,9.142661129265719
sub-149787481275,17.2,18.021896707460748,0.8218967074607484,0.8218967074607484
sub-149907628658,59.89322381930185,46.04075049813478,-13.852473321167075,13.852473321167075
sub-150220157566,18.0,20.688883150089207,2.6888831500892074,2.6888831500892074
sub-150529102662,29.0,36.94686839797889,7.946868397978889,7.946868397978889
sub-150819102994,60.5968514715948,47.520909006611916,-13.075942464982887,13.075942464982887
sub-153637972221,21.0,22.249405739570058,1.249405739570058,1.249405739570058
sub-153810221421,24.83,30.22918833481019,5.399188334810191,5.399188334810191
sub-153874780317,21.0,17.198835984914215,-3.801164015085785,3.801164015085785
sub-154103308424,13.01369863,27.13261869613941,14.11892006613941,14.11892006613941
sub-154228017477,20.0,20.61784429638122,0.6178442963812216,0.6178442963812216
sub-154460108156,67.5,43.90686715818638,-23.59313284181362,23.59313284181362
sub-154711749424,20.0,14.853168409762567,-5.146831590237433,5.146831590237433
sub-154886350989,64.0,47.16481833721697,-16.83518166278303,16.83518166278303
sub-154926948330,21.0,26.172754412557026,5.172754412557026,5.172754412557026
sub-155222075279,67.0,43.99646332386702,-23.00353667613298,23.00353667613298
sub-155379893261,22.5,27.187715951676047,4.687715951676047,4.687715951676047
sub-155433706397,50.023271731690606,44.61831749245408,-5.404954239236524,5.404954239236524
sub-155704740362,23.0,23.976293477192232,0.9762934771922325,0.9762934771922325
sub-156242290939,9.819178082,13.326429282678404,3.507251200678404,3.507251200678404
sub-156459137356,21.0,25.637490842616366,4.637490842616366,4.637490842616366
sub-156820928962,19.0,26.095751096035404,7.0957510960354035,7.0957510960354035
sub-157152153605,19.0,20.534032878692564,1.5340328786925639,1.5340328786925639
sub-157363866990,19.0,12.148901519715523,-6.851098480284477,6.851098480284477
sub-157424007228,19.0,22.280570377798067,3.2805703777980675,3.2805703777980675
sub-157479410408,19.0,16.110644333028915,-2.8893556669710847,2.8893556669710847
sub-157494563025,21.0,22.842800559760928,1.8428005597609278,1.8428005597609278
sub-157627390163,24.0,27.047186173277062,3.047186173277062,3.047186173277062
sub-157747575462,21.0,26.582222991525384,5.582222991525384,5.582222991525384
sub-157912888148,21.0,28.7241883121755,7.7241883121754995,7.7241883121754995
sub-158500314736,32.0,17.373256537912596,-14.626743462087404,14.626743462087404
sub-158561810586,21.0,29.15560171526264,8.155601715262641,8.155601715262641
sub-158783204186,7.126626,17.88263362901728,10.756007629017281,10.756007629017281
sub-159585669819,28.347707049965766,36.51492939882543,8.167222348859664,8.167222348859664
sub-160079241762,24.0,31.27185362740539,7.271853627405392,7.271853627405392
sub-160619551339,21.0,16.086548594586713,-4.913451405413287,4.913451405413287
sub-161153388655,22.0,21.099415360851406,-0.9005846391485939,0.9005846391485939
sub-161374462751,21.0,18.173304054934828,-2.826695945065172,2.826695945065172
sub-161819845928,25.0,23.059658635947365,-1.9403413640526352,1.9403413640526352
sub-162530081874,43.0,34.473729635418614,-8.526270364581386,8.526270364581386
sub-162643690447,15.0,14.136710977303643,-0.8632890226963568,0.8632890226963568
sub-162911360437,21.0,15.729859601180248,-5.270140398819752,5.270140398819752
sub-162962669437,33.59342915811088,24.18196212905091,-9.41146702905997,9.41146702905997
sub-163171707993,21.0,19.174385387773974,-1.8256146122260262,1.8256146122260262
sub-163329912000,25.0,22.452791006615858,-2.5472089933841424,2.5472089933841424
sub-163558591208,62.08898015058179,49.33167305315591,-12.75730709742588,12.75730709742588
sub-163903932976,19.0,25.505209741796968,6.505209741796968,6.505209741796968
sub-164064925038,16.0,28.40461208743796,12.404612087437961,12.404612087437961
sub-164822438556,21.0,20.249999486044437,-0.7500005139555626,0.7500005139555626
sub-165604485425,14.0,2.6474823427416894,-11.35251765725831,11.35251765725831
sub-165972132497,21.0,18.830705984241884,-2.1692940157581155,2.1692940157581155
sub-166141323302,22.5,28.307018497072537,5.807018497072537,5.807018497072537
sub-166243374724,10.83,17.4050349252384,6.5750349252384,6.5750349252384
sub-166414771116,28.3669,17.568851834590735,-10.798048165409266,10.798048165409266
sub-166839342556,22.0,19.23272787068789,-2.7672721293121114,2.7672721293121114
sub-167010474107,28.0,50.81696755087638,22.816967550876377,22.816967550876377
sub-167716104239,20.0,25.441978372005284,5.441978372005284,5.441978372005284
sub-168699804203,25.0,34.011808273193516,9.011808273193516,9.011808273193516
sub-168789437246,19.0,16.948998525911303,-2.0510014740886966,2.0510014740886966
sub-169297286201,30.0,21.289508137833316,-8.710491862166684,8.710491862166684
sub-169353478984,19.0,17.986132673518174,-1.0138673264818259,1.0138673264818259
sub-169447897045,10.0,10.866193436457404,0.8661934364574044,0.8661934364574044
sub-169489783028,41.82067077344285,53.28255923780145,11.461888464358601,11.461888464358601
sub-170052380551,19.0,24.35223209273119,5.352232092731189,5.352232092731189
sub-170536232281,55.54004106776181,41.07586232201114,-14.464178745750672,14.464178745750672
sub-171162169563,52.5,47.53310054625167,-4.966899453748333,4.966899453748333
sub-171290254658,23.0,23.859953477307258,0.8599534773072577,0.8599534773072577
sub-171351329809,10.9,13.27063921315321,2.3706392131532095,2.3706392131532095
sub-171356174380,12.0,10.239848821205307,-1.7601511787946933,1.7601511787946933
sub-171539146010,23.0,15.648653564797343,-7.351346435202657,7.351346435202657
sub-172045848348,18.0,12.128957086893823,-5.8710429131061765,5.8710429131061765
sub-172054310094,19.0,24.0545378371189,5.0545378371189,5.0545378371189
sub-172140404865,19.0,11.304322733405328,-7.6956772665946716,7.6956772665946716
sub-172216873628,24.0,21.69990617395067,-2.3000938260493307,2.3000938260493307
sub-172409403491,21.0,23.797592651702967,2.797592651702967,2.797592651702967
sub-172456558358,10.3477,19.745231271884602,9.397531271884603,9.397531271884603
sub-172761051392,21.0,15.61718168875976,-5.382818311240239,5.382818311240239
sub-173601103742,21.0,14.936431062989758,-6.063568937010242,6.063568937010242
sub-173733544878,15.0,12.83844728382148,-2.1615527161785195,2.1615527161785195
sub-174036160594,31.0,27.585361846494017,-3.414638153505983,3.414638153505983
sub-174763886500,61.78507871321013,53.62683113714514,-8.158247576064994,8.158247576064994
sub-175461878916,16.3943,13.156310244113513,-3.2379897558864883,3.2379897558864883
sub-175500819727,20.0,24.918555799861544,4.918555799861544,4.918555799861544
sub-175836676634,13.0,14.013049357035701,1.013049357035701,1.013049357035701
sub-175857403422,23.0,31.11917118435364,8.11917118435364,8.11917118435364
sub-176038899289,22.0,22.725516318181896,0.7255163181818958,0.7255163181818958
sub-176123703987,23.0,25.51037204930502,2.510372049305019,2.510372049305019
sub-176402200469,23.0,23.325298833295967,0.3252988332959674,0.3252988332959674
sub-177231880980,33.0,35.250997161932105,2.250997161932105,2.250997161932105
sub-177803877315,26.0,34.72515585726045,8.725155857260447,8.725155857260447
sub-178028010876,23.0,32.37795660269643,9.377956602696429,9.377956602696429
sub-178209467155,12.9391,6.180467968176437,-6.758632031823563,6.758632031823563
sub-178636788500,21.0,21.917212594397117,0.9172125943971174,0.9172125943971174
sub-178786468108,9.75,12.32189433603024,2.5718943360302404,2.5718943360302404
sub-178794433937,21.0,18.192420257547877,-2.8075797424521234,2.8075797424521234
sub-179250768268,69.0,45.7428316395372,-23.2571683604628,23.2571683604628
sub-179730432713,24.0,13.109726738425113,-10.890273261574887,10.890273261574887
sub-180525608294,51.0,38.3543238347106,-12.645676165289402,12.645676165289402
sub-181062043787,21.0,27.350564244746046,6.350564244746046,6.350564244746046
sub-181291024762,14.0,13.929511520095716,-0.07048847990428442,0.07048847990428442
sub-181539725053,19.0,19.004683513996618,0.004683513996617705,0.004683513996617705
sub-181778515289,23.0,26.423598314957143,3.423598314957143,3.423598314957143
sub-182055715585,64.64613278576317,42.141102812893756,-22.505029972869416,22.505029972869416
sub-182445285893,19.0,15.891918799806021,-3.108081200193979,3.108081200193979
sub-182645665011,11.444,8.483373269675788,-2.960626730324213,2.960626730324213
sub-182985606883,59.0,45.059641897662445,-13.940358102337555,13.940358102337555
sub-183303321841,11.17,4.19807853228637,-6.97192146771363,6.97192146771363
sub-183469359841,23.0,21.9606618133,-1.0393381867000002,1.0393381867000002
sub-183469803882,29.0,39.182867455419114,10.182867455419114,10.182867455419114
sub-183653154751,18.0,25.979266019678885,7.979266019678885,7.979266019678885
sub-183797804453,9.1,9.132633681419641,0.03263368141964129,0.03263368141964129
sub-184465736712,19.0,23.830475686430994,4.830475686430994,4.830475686430994
sub-184653081457,27.5,34.931127138609526,7.431127138609526,7.431127138609526
sub-184796333025,15.0,13.124616542790555,-1.8753834572094448,1.8753834572094448
sub-185058251219,27.5,25.614774793569904,-1.8852252064300963,1.8852252064300963
sub-185101775136,28.0,33.78821450821103,5.788214508211027,5.788214508211027
sub-185811521075,21.0,28.37510269844541,7.37510269844541,7.37510269844541
sub-186154851157,30.006844626967823,31.55690273056414,1.5500581035963172,1.5500581035963172
sub-186670859341,27.0,35.86616580201597,8.86616580201597,8.86616580201597
sub-186971960974,27.5,36.33594913708837,8.83594913708837,8.83594913708837
sub-187090693848,22.0,27.092032675381787,5.0920326753817875,5.0920326753817875
sub-187117061343,24.0,28.655129334332457,4.655129334332457,4.655129334332457
sub-187117610937,14.37,4.054360291896032,-10.315639708103967,10.315639708103967
sub-187923963114,30.67214236824093,42.401594083988265,11.729451715747334,11.729451715747334
sub-187995579553,21.0,21.17235298526334,0.1723529852633412,0.1723529852633412
sub-188659362086,23.0,21.233265365978,-1.7667346340220007,1.7667346340220007
sub-188694833436,35.0,35.9157890616078,0.9157890616078035,0.9157890616078035
sub-189320820344,31.0,26.860917636006867,-4.139082363993133,4.139082363993133
sub-189547516532,23.0,9.580188815912447,-13.419811184087553,13.419811184087553
sub-190572977508,21.0,29.410807550180397,8.410807550180397,8.410807550180397
sub-190741588707,19.0,19.27970420461384,0.2797042046138394,0.2797042046138394
sub-190752474867,76.78028747433265,48.06277544717612,-28.71751202715653,28.71751202715653
sub-190824700808,42.0,35.774278235289344,-6.225721764710656,6.225721764710656
sub-190926752717,25.0,29.789810961758075,4.789810961758075,4.789810961758075
sub-190960900665,60.0,34.89163969243647,-25.10836030756353,25.10836030756353
sub-191130301619,27.0,21.097015771345966,-5.902984228654034,5.902984228654034
sub-191462151641,19.0,13.695301084216577,-5.304698915783423,5.304698915783423
sub-191710084170,17.1,11.434010856704596,-5.6659891432954055,5.6659891432954055
sub-191721733310,21.0,9.595149634359487,-11.404850365640513,11.404850365640513
sub-191917648773,11.8,20.606747780670286,8.806747780670285,8.806747780670285
sub-192108161449,25.0,23.167297093219325,-1.8327029067806748,1.8327029067806748
sub-192165999733,21.0,16.158344580685064,-4.841655419314936,4.841655419314936
sub-192342344812,20.0,23.07832992739069,3.0783299273906906,3.0783299273906906
sub-192529878872,19.0,17.982578853022332,-1.017421146977668,1.017421146977668
sub-192969634654,32.5,30.916843743659808,-1.5831562563401924,1.5831562563401924
sub-193705299750,21.0,14.464335803695121,-6.535664196304879,6.535664196304879
sub-194435801089,19.0,17.18235809220236,-1.8176419077976398,1.8176419077976398
sub-194461506428,27.5,10.95320744203946,-16.54679255796054,16.54679255796054
sub-194684487354,27.5,34.939663782823914,7.439663782823914,7.439663782823914
sub-194725619450,12.76,25.37908594148994,12.61908594148994,12.61908594148994
sub-195203771483,30.17659137577002,33.48807712172218,3.311485745952158,3.311485745952158
sub-195281345026,23.0,27.320422903585253,4.3204229035852535,4.3204229035852535
sub-195594361453,26.0,21.63182758414113,-4.368172415858869,4.368172415858869
sub-195649292771,19.0,31.38419079501987,12.384190795019869,12.384190795019869
sub-195818230472,25.0,19.210497100686858,-5.789502899313142,5.789502899313142
sub-195935417501,21.0,26.853481187241236,5.853481187241236,5.853481187241236
sub-196146731599,46.0,28.673974970763496,-17.326025029236504,17.326025029236504
sub-196179687529,27.5,32.26392898822714,4.763928988227143,4.763928988227143
sub-196183703425,13.0,19.15027056460241,6.150270564602408,6.150270564602408
sub-196364717054,27.0,29.83090108582642,2.8309010858264188,2.8309010858264188
sub-196554400534,25.0,17.835334043132413,-7.164665956867587,7.164665956867587
sub-197022623926,19.7591,23.10080300906225,3.3417030090622504,3.3417030090622504
sub-197059739649,48.54757015742642,43.62133315163901,-4.926237005787414,4.926237005787414
sub-197226188680,60.46269678302532,38.2950385032253,-22.167658279800023,22.167658279800023
sub-197974406551,23.9,20.766242157416972,-3.1337578425830266,3.1337578425830266
sub-198357080175,25.0,20.61299926140879,-4.387000738591212,4.387000738591212
sub-198802102032,19.0,15.011633952600583,-3.988366047399417,3.988366047399417
sub-198882545020,21.0,22.216468055082586,1.2164680550825864,1.2164680550825864
sub-199079306360,10.53,-4.7186132903874665,-15.248613290387466,15.248613290387466
sub-199368890202,27.0,27.11905943823748,0.11905943823747833,0.11905943823747833
sub-199603028032,30.66,32.15030069317673,1.4903006931767315,1.4903006931767315
sub-199857158538,21.0,13.872651158753495,-7.127348841246505,7.127348841246505
sub-199914722921,23.0,19.67106849546245,-3.3289315045375503,3.3289315045375503
sub-199939483372,56.87337440109514,51.053598875608905,-5.819775525486236,5.819775525486236
sub-200054890273,9.8,12.363667817074976,2.5636678170749754,2.5636678170749754
sub-200367335302,23.0,28.39949447642725,5.39949447642725,5.39949447642725
sub-200503449675,27.0,32.15785495665453,5.157854956654532,5.157854956654532
sub-200688160174,23.0,28.898662914199562,5.898662914199562,5.898662914199562
sub-200829694210,21.0,25.02161174816184,4.021611748161838,4.021611748161838
sub-200978776791,18.0,27.53172998882315,9.531729988823152,9.531729988823152
sub-201390671874,13.30684932,8.449217401158748,-4.857631918841252,4.857631918841252
sub-202036712129,21.0,15.910732780524981,-5.089267219475019,5.089267219475019
sub-202057545121,22.5,20.76222678077037,-1.7377732192296307,1.7377732192296307
sub-202617672982,11.28493151,9.527528506057102,-1.7574030039428976,1.7574030039428976
sub-202694887076,23.0,27.471395628641265,4.471395628641265,4.471395628641265
sub-203218358650,25.0,42.075954311975806,17.075954311975806,17.075954311975806
sub-203693889668,23.0,26.802908022159166,3.8029080221591656,3.8029080221591656
sub-203856470224,65.85352498288843,58.22571688636293,-7.627808096525499,7.627808096525499
sub-204753452338,19.0,29.567782435345052,10.567782435345052,10.567782435345052
sub-204882758146,72.3258042436687,58.75402921627021,-13.571775027398488,13.571775027398488
sub-205057332807,23.0,29.494670943708307,6.494670943708307,6.494670943708307
sub-205303482394,23.34839151266256,30.649982518215197,7.301591005552638,7.301591005552638
sub-205485410446,27.0,30.18951363461554,3.1895136346155404,3.1895136346155404
sub-205762939076,20.0,34.050818960368595,14.050818960368595,14.050818960368595
sub-206044002155,19.0,31.42922334495075,12.42922334495075,12.42922334495075
sub-206099391777,29.0,27.257821706325963,-1.742178293674037,1.742178293674037
sub-206369659892,26.03,23.599079946214754,-2.430920053785247,2.430920053785247
sub-206815249910,45.7741273100616,37.79732796943037,-7.976799340631231,7.976799340631231
sub-206949772311,10.78082192,10.124101611893291,-0.6567203081067081,0.6567203081067081
sub-207042049080,21.0,20.264483359659934,-0.7355166403400659,0.7355166403400659
sub-207254625725,21.0,19.871766349591102,-1.1282336504088981,1.1282336504088981
sub-207275791415,78.20396988364135,57.739628400850165,-20.464341482791184,20.464341482791184
sub-207858828670,19.0,10.57721904100482,-8.42278095899518,8.42278095899518
sub-208102410175,27.5,28.925717440400152,1.4257174404001525,1.4257174404001525
sub-209038064880,21.0,26.340985823403898,5.340985823403898,5.340985823403898
sub-209223851167,18.5818,11.740005735819079,-6.841794264180923,6.841794264180923
sub-209325230764,16.0,22.33734405769684,6.337344057696839,6.337344057696839
sub-209401728890,19.0,9.7637697332151,-9.2362302667849,9.2362302667849
sub-209571211775,15.25,20.484317004897957,5.234317004897957,5.234317004897957
sub-209581014407,10.0,3.5271177969780254,-6.472882203021975,6.472882203021975
sub-209902813254,21.22,20.953865433239127,-0.2661345667608721,0.2661345667608721
sub-210027157954,11.0,15.821833077760871,4.821833077760871,4.821833077760871
sub-210286147525,21.0,27.141814158614697,6.141814158614697,6.141814158614697
sub-210405402058,27.5,27.815829566978827,0.31582956697882736,0.31582956697882736
sub-211479171648,30.0,24.71372448993112,-5.286275510068879,5.286275510068879
sub-211632456861,21.0,17.194898252045597,-3.805101747954403,3.805101747954403
sub-211700292441,8.0,14.773629744695999,6.773629744695999,6.773629744695999
sub-211816595199,45.61533196440794,44.06455748361236,-1.5507744807955817,1.5507744807955817
sub-211954748415,12.0,-0.1289568375818959,-12.128956837581896,12.128956837581896
sub-212082942916,19.0,22.20304316200844,3.2030431620084414,3.2030431620084414
sub-212174852658,19.0,15.194392880828872,-3.8056071191711283,3.8056071191711283
sub-212519080242,27.5,27.830753491060115,0.33075349106011487,0.33075349106011487
sub-212864828873,22.5,35.608441749358704,13.108441749358704,13.108441749358704
sub-213073713974,11.8816,7.18744908657229,-4.694150913427711,4.694150913427711
sub-213494831059,11.1999,-0.6160835469549077,-11.815983546954907,11.815983546954907
sub-213536717598,30.0,28.78414753228384,-1.2158524677161608,1.2158524677161608
sub-213706959470,19.0,12.636196156678793,-6.363803843321207,6.363803843321207
sub-214324126120,21.0,23.445469830303498,2.445469830303498,2.445469830303498
sub-214490071049,6.685832,4.3357981085653705,-2.35003389143463,2.35003389143463
sub-214736954511,27.0,31.15645163228446,4.156451632284458,4.156451632284458
sub-215260895776,21.0,7.8900214326812765,-13.109978567318723,13.109978567318723
sub-215309667822,23.0,27.04718521374417,4.0471852137441715,4.0471852137441715
sub-215419545430,13.66,18.26724987410245,4.60724987410245,4.60724987410245
sub-215886595624,27.5,19.40426890147304,-8.095731098526961,8.095731098526961
sub-216116849338,23.0,37.199698710064,14.199698710063998,14.199698710063998
sub-216155634163,48.0,38.05616451778156,-9.94383548221844,9.94383548221844
sub-216284306640,21.0,23.053665876953325,2.0536658769533247,2.0536658769533247
sub-216437025414,14.4,17.849652779815653,3.4496527798156524,3.4496527798156524
sub-216691637184,29.0,28.81637779913772,-0.1836222008622812,0.1836222008622812
sub-217201093508,25.0,21.700003155976766,-3.2999968440232337,3.2999968440232337
sub-217737190292,16.1,21.20123022107956,5.1012302210795575,5.1012302210795575
sub-218043359082,13.28,6.081719290027067,-7.1982807099729325,7.1982807099729325
sub-218188880547,22.5,33.35784435814205,10.857844358142053,10.857844358142053
sub-218293958057,25.0,21.236112316058332,-3.763887683941668,3.763887683941668
sub-218365089631,21.0,19.45038602405257,-1.5496139759474303,1.5496139759474303
sub-218946650908,20.0,13.799398292559975,-6.2006017074400255,6.2006017074400255
sub-219362965054,21.0,19.733468005447605,-1.2665319945523947,1.2665319945523947
sub-219534619012,19.0,9.811865245355328,-9.188134754644672,9.188134754644672
sub-220335571493,25.0,47.66787323701386,22.667873237013858,22.667873237013858
sub-220370805249,21.0,24.900490245770456,3.900490245770456,3.900490245770456
sub-220390354293,21.0,8.047784804610963,-12.952215195389037,12.952215195389037
sub-221187714859,21.0,18.47376954507673,-2.526230454923269,2.526230454923269
sub-221201405517,41.20465434633813,31.26035288177046,-9.944301464567673,9.944301464567673
sub-221264002579,24.0,13.044661126333708,-10.955338873666292,10.955338873666292
sub-221319995904,19.0,14.374873802696229,-4.625126197303771,4.625126197303771
sub-221347736884,21.0,18.960199085423948,-2.039800914576052,2.039800914576052
sub-221448045666,20.0,24.188350752806933,4.188350752806933,4.188350752806933
sub-221620880012,20.908966461327857,44.110951822901384,23.201985361573527,23.201985361573527
sub-222431356338,21.0,23.321985890645784,2.3219858906457844,2.3219858906457844
sub-222441587470,8.46,4.625498638379199,-3.834501361620802,3.834501361620802
sub-222716353013,25.0,50.33637676537942,25.33637676537942,25.33637676537942
sub-222856043629,9.5,10.111038132768137,0.6110381327681367,0.6110381327681367
sub-222857937247,11.0,10.941131445772786,-0.05886855422721382,0.05886855422721382
sub-223064692200,21.0,27.007267477759463,6.007267477759463,6.007267477759463
sub-223185119590,27.5,28.041382861562663,0.5413828615626635,0.5413828615626635
sub-223760514375,21.0,16.180838729099722,-4.819161270900278,4.819161270900278
sub-224217740103,62.5,43.87876398441799,-18.621236015582006,18.621236015582006
sub-224367464213,23.0,11.02050000522636,-11.97949999477364,11.97949999477364
sub-224456072364,19.0,16.878437929816172,-2.1215620701838276,2.1215620701838276
sub-225032756965,19.0,22.37664173661053,3.37664173661053,3.37664173661053
sub-225227561439,11.07,13.681615450860175,2.6116154508601745,2.6116154508601745
sub-225288020622,19.0,24.97702019646224,5.977020196462242,5.977020196462242
sub-225338597322,27.0,24.64804695001096,-2.3519530499890386,2.3519530499890386
sub-225495052599,25.0,30.02163474999098,5.02163474999098,5.02163474999098
sub-225761821123,67.5,49.37592750773484,-18.124072492265157,18.124072492265157
sub-225907205512,14.41,17.33413826062433,2.9241382606243285,2.9241382606243285
sub-225946046364,19.0,24.0555676113749,5.055567611374901,5.055567611374901
sub-226154264891,19.0,29.44556697407985,10.44556697407985,10.44556697407985
sub-226452786587,26.0,21.790490370176748,-4.209509629823252,4.209509629823252
sub-226781082361,25.0,31.851422170472823,6.851422170472823,6.851422170472823
sub-226872124353,18.0,9.21947067161409,-8.78052932838591,8.78052932838591
sub-228370965361,24.0,28.82239084539718,4.82239084539718,4.82239084539718
sub-228560693895,22.5,23.54857118314643,1.0485711831464286,1.0485711831464286
sub-228707233803,24.3750855578371,14.05437219584013,-10.320713361996969,10.320713361996969
sub-229077327791,15.0,30.276060357653883,15.276060357653883,15.276060357653883
sub-229294744251,27.0,17.11693443709957,-9.88306556290043,9.88306556290043
sub-229531083910,21.0,28.07361932158359,7.073619321583589,7.073619321583589
sub-229569889740,9.82,14.01716517720837,4.197165177208369,4.197165177208369
sub-230496424118,78.5845311430527,55.25549059776325,-23.329040545289452,23.329040545289452
sub-230539378159,11.14794521,12.954231898430393,1.8062866884303936,1.8062866884303936
sub-231330798218,10.29589041,6.557181145686947,-3.7387092643130533,3.7387092643130533
sub-231581179705,21.0,28.373721179606584,7.373721179606584,7.373721179606584
sub-231906033276,9.64109589,7.16586252267053,-2.475233367329471,2.475233367329471
sub-231974987170,30.89390828199863,39.50317340472314,8.609265122724512,8.609265122724512
sub-232331035108,72.5,41.00845032079161,-31.49154967920839,31.49154967920839
sub-232603114020,21.0,6.458792830825022,-14.541207169174978,14.541207169174978
sub-232874226715,19.0,23.67851529841378,4.678515298413782,4.678515298413782
sub-232903721765,19.0,16.460040188385538,-2.5399598116144624,2.5399598116144624
sub-232954346633,22.5,29.502454885075284,7.002454885075284,7.002454885075284
sub-233320582225,23.0,26.919146870322532,3.919146870322532,3.919146870322532
sub-233439764905,21.0,29.638867688247085,8.638867688247085,8.638867688247085
sub-234024541244,25.0,31.88941706139514,6.8894170613951395,6.8894170613951395
sub-234330619817,21.0,27.92824499320392,6.9282449932039185,6.9282449932039185
sub-234533737919,11.0,23.9078238097261,12.9078238097261,12.9078238097261
sub-234544356705,23.0,15.13144177797129,-7.86855822202871,7.86855822202871
sub-234754984795,24.0,16.45361888831095,-7.546381111689051,7.546381111689051
sub-235188204269,19.0,28.611431373261304,9.611431373261304,9.611431373261304
sub-235364138668,25.0,25.623729468211742,0.6237294682117422,0.6237294682117422
sub-235909880442,21.0,16.29785719526238,-4.702142804737619,4.702142804737619
sub-236070480159,15.0,19.632219513132803,4.632219513132803,4.632219513132803
sub-236684962470,31.134839151266256,44.265187059489776,13.13034790822352,13.13034790822352
sub-236877858843,21.0,11.91666960602781,-9.08333039397219,9.08333039397219
sub-237021285455,27.0,29.868722203138024,2.8687222031380237,2.8687222031380237
sub-237188599607,16.6,13.621470715335288,-2.978529284664713,2.978529284664713
sub-237453925731,23.0,12.077303839127673,-10.922696160872327,10.922696160872327
sub-237774525299,24.0,32.91925853245547,8.919258532455473,8.919258532455473
sub-238305757701,21.0,17.07597888487419,-3.924021115125811,3.924021115125811
sub-238319148726,30.0,41.23154675559884,11.231546755598842,11.231546755598842
sub-238501970612,21.0,19.656371809880234,-1.343628190119766,1.343628190119766
sub-238515208525,21.0,18.13525982164789,-2.864740178352111,2.864740178352111
sub-238616702365,63.4031485284052,56.79998447667134,-6.603164051733856,6.603164051733856
sub-238824792464,21.0,21.205911541369844,0.20591154136984358,0.20591154136984358
sub-238840828064,12.65753425,-9.274376799551092,-21.93191104955109,21.93191104955109
sub-238860242118,19.0,20.696178726867835,1.696178726867835,1.696178726867835
sub-239134718630,21.0,33.14874273488047,12.148742734880472,12.148742734880472
sub-239489511795,13.5,6.846983160380191,-6.653016839619809,6.653016839619809
sub-239529578005,43.460643394934976,51.07121043031612,7.610567035381145,7.610567035381145
sub-239667774037,19.0,18.44629038117316,-0.55370961882684,0.55370961882684
sub-240000170343,13.35,14.558773370076562,1.2087733700765622,1.2087733700765622
sub-240663724967,20.698151950718685,34.63349988321952,13.935347932500836,13.935347932500836
sub-240921511661,19.0,17.52455567884317,-1.4754443211568287,1.4754443211568287
sub-241089644624,37.0,28.823863601717118,-8.176136398282882,8.176136398282882
sub-241198125340,21.0,15.742191500176748,-5.257808499823252,5.257808499823252
sub-241456506011,14.2,15.38562404890989,1.1856240489098901,1.1856240489098901
sub-241645046959,19.0,16.86997232542431,-2.1300276745756896,2.1300276745756896
sub-241645657962,21.0,12.399469867470863,-8.600530132529137,8.600530132529137
sub-241739908307,79.0,44.295260137947466,-34.704739862052534,34.704739862052534
sub-241934772035,27.38398357289528,37.44830093160159,10.064317358706308,10.064317358706308
sub-242113707606,25.0,12.573675270233966,-12.426324729766034,12.426324729766034
sub-242581855070,53.41273100616017,40.11966443365547,-13.2930665725047,13.2930665725047
sub-242738003665,21.0,20.76324979202187,-0.23675020797812962,0.23675020797812962
sub-242962705641,21.0,22.755624290764125,1.7556242907641249,1.7556242907641249
sub-243251639637,21.0,27.859491493435836,6.859491493435836,6.859491493435836
sub-244062002869,8.0,2.1718578763542133,-5.828142123645787,5.828142123645787
sub-244085485212,10.4,20.96275172125089,10.562751721250889,10.562751721250889
sub-244687579716,19.0,21.854900369727492,2.854900369727492,2.854900369727492
sub-244803317233,70.0,51.773420553632384,-18.226579446367616,18.226579446367616
sub-244867958007,38.902121834360024,32.86675549225198,-6.035366342108041,6.035366342108041
sub-244954065411,19.0,17.84968443763355,-1.1503155623664512,1.1503155623664512
sub-245055811403,36.0,16.88249227940191,-19.11750772059809,19.11750772059809
sub-245235309359,21.0,31.201219030193336,10.201219030193336,10.201219030193336
sub-245306557719,30.0,34.781242775388876,4.7812427753888755,4.7812427753888755
sub-247003464078,21.0,27.98975459923449,6.989754599234491,6.989754599234491
sub-247404824122,19.0,16.217356722260664,-2.7826432777393357,2.7826432777393357
sub-247463425270,21.0,33.786521813848154,12.786521813848154,12.786521813848154
sub-247550701786,23.0,22.082834361703455,-0.9171656382965452,0.9171656382965452
sub-247787484871,23.0,26.808692592095532,3.8086925920955323,3.8086925920955323
sub-248018078594,21.0,22.313115699580816,1.3131156995808162,1.3131156995808162
sub-248621586039,67.5,38.55420790072223,-28.945792099277767,28.945792099277767
sub-249349570195,19.0,20.538140988632566,1.5381409886325663,1.5381409886325663
sub-249453595661,17.1,12.700560588929513,-4.399439411070489,4.399439411070489
sub-249490422156,17.13,12.227492404451262,-4.902507595548737,4.902507595548737
sub-249622142769,27.5,33.4180216559307,5.918021655930701,5.918021655930701
sub-250216400468,19.0,17.124423995554178,-1.875576004445822,1.875576004445822
sub-250479162697,59.38124572210815,59.924036463637094,0.5427907415289468,0.5427907415289468
sub-250511855843,8.9747,11.564372907166078,2.5896729071660776,2.5896729071660776
sub-250517852869,9.4,11.029494887993089,1.6294948879930882,1.6294948879930882
sub-250739202322,23.0,21.92567117679255,-1.0743288232074484,1.0743288232074484
sub-250777583312,22.0,34.386981136044085,12.386981136044085,12.386981136044085
sub-250985467668,19.0,23.23176649387904,4.231766493879039,4.231766493879039
sub-251108118714,40.5284052019165,35.934208680548586,-4.594196521367913,4.594196521367913
sub-251152153076,27.0,14.064989004135448,-12.935010995864552,12.935010995864552
sub-251224069006,21.0,24.722067539419733,3.722067539419733,3.722067539419733
sub-251630004450,29.0,35.184840759525386,6.184840759525386,6.184840759525386
sub-251693910372,11.0,2.698350896309055,-8.301649103690945,8.301649103690945
sub-252483776634,19.0,16.497077134086606,-2.502922865913394,2.502922865913394
sub-252614167190,19.0,18.02359525644938,-0.9764047435506207,0.9764047435506207
sub-252670417736,19.0,20.677812986961506,1.6778129869615057,1.6778129869615057
sub-252716718575,21.0,21.311659345624353,0.3116593456243528,0.3116593456243528
sub-252717977376,68.50924024640658,52.972550788034034,-15.536689458372543,15.536689458372543
sub-252880188419,17.56,23.43572882639239,5.87572882639239,5.87572882639239
sub-253019663551,19.5,11.303309062541345,-8.196690937458655,8.196690937458655
sub-253582671864,23.0,17.575744578807,-5.424255421192999,5.424255421192999
sub-253628051441,19.0,27.46144040284853,8.461440402848531,8.461440402848531
sub-254063930053,43.16221765913758,37.929917257408746,-5.2323004017288355,5.2323004017288355
sub-254246195492,19.0,24.88377385104767,5.883773851047671,5.883773851047671
sub-254729298278,42.5,40.10954745020865,-2.3904525497913482,2.3904525497913482
sub-255136963981,28.0,23.82733144631752,-4.172668553682481,4.172668553682481
sub-255360929670,29.0,35.26673605497966,6.26673605497966,6.26673605497966
sub-255727004569,19.0,16.005993413667518,-2.994006586332482,2.994006586332482
sub-255882149200,56.67624914442163,42.35732542903821,-14.31892371538342,14.31892371538342
sub-256138999520,22.5,17.883708126300746,-4.616291873699254,4.616291873699254
sub-256341839765,56.9637234770705,46.294501779110774,-10.669221697959728,10.669221697959728
sub-256357251266,59.671457905544145,53.54660596539354,-6.124851940150606,6.124851940150606
sub-256511281689,19.0,23.53699710868741,4.536997108687409,4.536997108687409
sub-256844989684,25.0,22.323416268774775,-2.676583731225225,2.676583731225225
sub-257021428477,19.0,25.047414336659564,6.047414336659564,6.047414336659564
sub-257828464685,19.0,19.780745887800695,0.7807458878006948,0.7807458878006948
sub-258048891312,21.0,19.376578069018237,-1.6234219309817632,1.6234219309817632
sub-258374254828,19.0,22.067630564409043,3.0676305644090434,3.0676305644090434
sub-258404721857,22.0,28.477229761864674,6.477229761864674,6.477229761864674
sub-259351679051,21.0,23.877127757759133,2.8771277577591334,2.8771277577591334
sub-259391245786,59.0,42.4172188141782,-16.5827811858218,16.5827811858218
sub-259424184976,11.0,13.271142751167655,2.2711427511676554,2.2711427511676554
sub-259547897813,19.0,12.667394482493975,-6.332605517506025,6.332605517506025
sub-260062396891,19.0,20.446092117374352,1.4460921173743522,1.4460921173743522
sub-260346128610,9.0,-5.010434881798762,-14.010434881798762,14.010434881798762
sub-261295933568,13.0,26.457840846611973,13.457840846611973,13.457840846611973
sub-261666162953,28.0,41.18044198021775,13.18044198021775,13.18044198021775
sub-262202743250,13.1,12.12936050643706,-0.9706394935629401,0.9706394935629401
sub-262457593277,21.0,27.323685652048663,6.323685652048663,6.323685652048663
sub-263819529475,33.91649555099247,44.750627866298956,10.834132315306483,10.834132315306483
sub-264104876540,21.0,34.55578541570297,13.555785415702971,13.555785415702971
sub-264717518453,19.0,21.067498537983496,2.0674985379834965,2.0674985379834965
sub-264782182812,55.0,37.018514911401155,-17.981485088598845,17.981485088598845
sub-265153296950,13.5,14.947015769689607,1.4470157696896067,1.4470157696896067
sub-265273157235,29.0,34.278064759587835,5.278064759587835,5.278064759587835
sub-265534577682,13.8,25.04505333756866,11.24505333756866,11.24505333756866
sub-265685893940,23.0,15.885537538276292,-7.114462461723708,7.114462461723708
sub-266307733456,25.0,20.940150883057992,-4.059849116942008,4.059849116942008
sub-266666775428,12.0,8.630733591689555,-3.3692664083104447,3.3692664083104447
sub-268040113669,21.0,15.023309518273706,-5.976690481726294,5.976690481726294
sub-268081601695,12.0,10.644493308952217,-1.3555066910477827,1.3555066910477827
sub-268346653282,22.0,23.208840278498915,1.208840278498915,1.208840278498915
sub-268420839498,28.120465434633807,46.45148992610141,18.331024491467602,18.331024491467602
sub-268879454052,61.48665297741273,51.49110057710778,-9.995552400304952,9.995552400304952
sub-269394554138,29.0,25.958949478528645,-3.0410505214713552,3.0410505214713552
sub-269603671377,19.0,30.327344094275798,11.327344094275798,11.327344094275798
sub-269937866674,21.0,27.567529002891376,6.567529002891376,6.567529002891376
sub-270347217232,26.0,33.553497257943306,7.553497257943306,7.553497257943306
sub-270971154789,21.0,29.412936562815542,8.412936562815542,8.412936562815542
sub-271317255923,23.69883641341547,41.702417361963285,18.003580948547814,18.003580948547814
sub-271649634632,21.0,26.02354768692713,5.023547686927131,5.023547686927131
sub-271688697419,29.0,13.040492497924088,-15.959507502075912,15.959507502075912
sub-271880337764,19.0,33.527267961602746,14.527267961602746,14.527267961602746
sub-272699721591,21.0,23.69459531907854,2.694595319078541,2.694595319078541
sub-272887401785,21.0,19.363738192657536,-1.6362618073424642,1.6362618073424642
sub-273169726487,19.0,28.252021542131523,9.252021542131523,9.252021542131523
sub-273391779679,38.78165639972622,48.11637900687883,9.334722607152614,9.334722607152614
sub-273534194914,10.79,14.58677729785186,3.796777297851861,3.796777297851861
sub-273748695345,19.0,19.536011922973763,0.5360119229737634,0.5360119229737634
sub-273799460640,8.062971000000001,-1.8898528248395365,-9.952823824839538,9.952823824839538
sub-273878067755,10.0,18.74944319760327,8.74944319760327,8.74944319760327
sub-274268361591,72.5,41.37267236891929,-31.12732763108071,31.12732763108071
sub-274305053661,23.0,19.844020697734752,-3.155979302265248,3.155979302265248
sub-274663764893,19.0,20.501261239545087,1.5012612395450873,1.5012612395450873
sub-275393428702,21.0,27.166541253957533,6.166541253957533,6.166541253957533
sub-275672449200,21.0,26.01161508185463,5.011615081854629,5.011615081854629
sub-275841492998,30.0,23.472234381407915,-6.527765618592085,6.527765618592085
sub-276219914266,28.0,34.13293165219686,6.132931652196859,6.132931652196859
sub-276300333762,19.0,14.618128408863416,-4.3818715911365835,4.3818715911365835
sub-276630944980,72.5,45.76141728582667,-26.738582714173333,26.738582714173333
sub-276750471965,13.0,8.239611955348213,-4.760388044651787,4.760388044651787
sub-277072542882,27.0,22.35700525451941,-4.642994745480589,4.642994745480589
sub-277563534370,19.0,25.830417580392563,6.830417580392563,6.830417580392563
sub-278098605573,17.2,25.351298768713832,8.151298768713833,8.151298768713833
sub-278306641376,19.0,22.372216183660115,3.3722161836601146,3.3722161836601146
sub-278339857109,12.66027397,10.942562847101964,-1.7177111228980362,1.7177111228980362
sub-278388213595,23.0,26.411545317572276,3.4115453175722763,3.4115453175722763
sub-278820149983,21.0,20.511465792796667,-0.4885342072033332,0.4885342072033332
sub-278859613706,8.375086,4.032521999806008,-4.342564000193992,4.342564000193992
sub-279716221372,13.0,15.16092803719366,2.16092803719366,2.16092803719366
sub-280353298061,23.0,27.1545504528858,4.1545504528858,4.1545504528858
sub-280491821637,11.04109589,12.599524141727077,1.5584282517270776,1.5584282517270776
sub-280829663174,27.5,25.008508337334217,-2.4914916626657835,2.4914916626657835
sub-281171079038,19.0,27.764960598987166,8.764960598987166,8.764960598987166
sub-281250458251,10.29,16.17851085004884,5.888510850048842,5.888510850048842
sub-282274124491,13.24931507,6.325914805370392,-6.923400264629608,6.923400264629608
sub-283866019979,25.0,23.08740314329262,-1.9125968567073812,1.9125968567073812
sub-284188545251,21.0,30.42016288287533,9.420162882875331,9.420162882875331
sub-284462322919,36.47912388774811,38.40027487987104,1.9211509921229322,1.9211509921229322
sub-284467484968,25.0,28.499218547926816,3.499218547926816,3.499218547926816
sub-284931213796,9.745205479,-2.707263438826992,-12.452468917826991,12.452468917826991
sub-284979093050,25.0,35.95191632655656,10.951916326556557,10.951916326556557
sub-285593347262,21.0,11.312384815953806,-9.687615184046194,9.687615184046194
sub-285839371492,12.0,12.104483478930419,0.10448347893041898,0.10448347893041898
sub-286013330597,12.16438356,10.346019406505832,-1.8183641534941675,1.8183641534941675
sub-286260365723,6.329911,4.21198234216466,-2.11792865783534,2.11792865783534
sub-286377011623,19.0,26.342767344150168,7.342767344150168,7.342767344150168
sub-287060632619,23.0,25.121676146335865,2.121676146335865,2.121676146335865
sub-287389356878,74.0,43.220592778658414,-30.779407221341586,30.779407221341586
sub-287470725724,14.0,18.058401755092977,4.0584017550929765,4.0584017550929765
sub-287536234169,21.0,31.11913064599771,10.11913064599771,10.11913064599771
sub-287677435094,21.0,13.337426156232862,-7.662573843767138,7.662573843767138
sub-287694968928,58.28062970568104,51.97551259915619,-6.305117106524847,6.305117106524847
sub-288219585847,21.0,31.466947218741105,10.466947218741105,10.466947218741105
sub-288264084208,7.764544832,15.193837377500731,7.429292545500731,7.429292545500731
sub-288275511552,57.06776180698152,48.182592903286476,-8.885168903695046,8.885168903695046
sub-289431285739,14.0,18.60471391841687,4.60471391841687,4.60471391841687
sub-289461458220,18.0,26.429300815004602,8.429300815004602,8.429300815004602
sub-289686316524,23.0,32.255492776312316,9.255492776312316,9.255492776312316
sub-290730786497,41.122518822724146,34.36055833522579,-6.7619604874983565,6.7619604874983565
sub-290821153245,19.0,23.894215354568118,4.894215354568118,4.894215354568118
sub-290836566577,23.0,21.885968306857237,-1.1140316931427634,1.1140316931427634
sub-291587861176,16.104,15.384604951892133,-0.7193950481078666,0.7193950481078666
sub-291670704840,14.0,-4.932088207460421,-18.93208820746042,18.93208820746042
sub-291992215520,19.0,23.074786989149274,4.074786989149274,4.074786989149274
sub-292093039235,21.0,26.85262402166542,5.85262402166542,5.85262402166542
sub-292163783288,41.51950718685831,48.11641193885775,6.596904751999439,6.596904751999439
sub-292562158968,19.0,15.86741106484357,-3.1325889351564307,3.1325889351564307
sub-292931997189,10.82,11.938470681064995,1.118470681064995,1.118470681064995
sub-292984908300,23.0,8.441334336978915,-14.558665663021085,14.558665663021085
sub-293152138205,19.0,16.8407007606762,-2.1592992393238006,2.1592992393238006
sub-293359437443,23.0,20.84372237262105,-2.1562776273789517,2.1562776273789517
sub-293445012236,25.018480492813143,13.536007996238634,-11.482472496574509,11.482472496574509
sub-294096075340,25.0,26.97834414759849,1.9783441475984915,1.9783441475984915
sub-294920124233,19.0,24.990632710765492,5.990632710765492,5.990632710765492
sub-295055472914,14.0,13.26160752923628,-0.7383924707637206,0.7383924707637206
sub-295441371216,22.0,23.54033702516754,1.5403370251675383,1.5403370251675383
sub-295485375852,13.0,13.257118545684452,0.25711854568445247,0.25711854568445247
sub-295664409002,23.0,42.99353712667248,19.99353712667248,19.99353712667248
sub-295818217348,21.0,19.135673868192328,-1.8643261318076725,1.8643261318076725
sub-296199045528,22.5,31.701608569443668,9.201608569443668,9.201608569443668
sub-296427539569,19.0,16.105138880413115,-2.894861119586885,2.894861119586885
sub-296480886181,25.0,23.089109416663387,-1.910890583336613,1.910890583336613
sub-296656452301,19.0,18.14436405776972,-0.8556359422302791,0.8556359422302791
sub-296950225202,72.5,40.37567972899029,-32.12432027100971,32.12432027100971
sub-297343119496,21.0,22.156460226688015,1.156460226688015,1.156460226688015
sub-298312793047,21.0,28.09038545028902,7.09038545028902,7.09038545028902
sub-298381638165,15.0,15.101370430845897,0.10137043084589692,0.10137043084589692
sub-298394215355,19.0,30.829139465772492,11.829139465772492,11.829139465772492
sub-299053759850,67.0,48.62269056387377,-18.377309436126232,18.377309436126232
sub-299128749353,13.0,5.592815310163939,-7.407184689836061,7.407184689836061
sub-299189190633,21.0,14.97823933975361,-6.02176066024639,6.02176066024639
sub-299515347423,19.0,13.037723752537303,-5.962276247462697,5.962276247462697
sub-299651462165,21.0,16.337292561579417,-4.662707438420583,4.662707438420583
sub-299666419729,30.0,23.681254022032505,-6.318745977967495,6.318745977967495
sub-299690677871,32.0,26.442827256088865,-5.557172743911135,5.557172743911135
sub-299813216713,19.0,15.303759957328886,-3.696240042671114,3.696240042671114
sub-299898598078,24.0,33.97611648889127,9.976116488891272,9.976116488891272
sub-300059242922,21.0,25.639860651570302,4.639860651570302,4.639860651570302
sub-300202586409,21.0,21.621523522306095,0.6215235223060951,0.6215235223060951
sub-300521812714,32.0,24.76450986732219,-7.2354901326778105,7.2354901326778105
sub-300699768338,23.0,23.802106235801013,0.8021062358010127,0.8021062358010127
sub-300869797602,23.0,28.118784117146582,5.118784117146582,5.118784117146582
sub-301313422615,23.0,27.51741961844128,4.517419618441281,4.517419618441281
sub-302717422870,57.22108145106093,53.794408075690285,-3.4266733753706475,3.4266733753706475
sub-303198127376,67.53456536618754,43.19591516211477,-24.338650204072763,24.338650204072763
sub-303310574754,72.5,45.54762891929953,-26.952371080700473,26.952371080700473
sub-303698168005,70.24777549623546,57.04318383263321,-13.204591663602251,13.204591663602251
sub-303933482994,21.0,34.79279220923737,13.79279220923737,13.79279220923737
sub-304120926484,12.0,4.170487399391593,-7.829512600608407,7.829512600608407
sub-304156026895,21.0,27.39839733919085,6.398397339190851,6.398397339190851
sub-304598813829,25.0,30.58966233935804,5.589662339358039,5.589662339358039
sub-304646821863,19.0,16.57528495224813,-2.424715047751871,2.424715047751871
sub-305035849276,25.0,15.722917412536706,-9.277082587463294,9.277082587463294
sub-305193425414,8.583333332999999,14.456900751518084,5.8735674185180855,5.8735674185180855
sub-305446044226,26.92950034223135,36.66793673512278,9.73843639289143,9.73843639289143
sub-305664557456,25.0,37.35793854527607,12.35793854527607,12.35793854527607
sub-305971565873,19.0,13.911845935643427,-5.088154064356573,5.088154064356573
sub-306129715275,12.0,15.015524901595619,3.0155249015956187,3.0155249015956187
sub-306285398472,13.0,23.893398221172877,10.893398221172877,10.893398221172877
sub-306640245722,33.0,39.15632802679772,6.156328026797723,6.156328026797723
sub-306848656753,8.39,14.442707430660509,6.052707430660508,6.052707430660508
sub-307350205323,32.936344969199176,48.07847474327515,15.142129774075975,15.142129774075975
sub-307727489701,23.0,30.299137990089186,7.299137990089186,7.299137990089186
sub-308203540046,23.0,39.74929485075822,16.74929485075822,16.74929485075822
sub-308416050275,21.0,30.493117840093856,9.493117840093856,9.493117840093856
sub-309024406654,12.3477,14.799996398502536,2.4522963985025363,2.4522963985025363
sub-309443085461,18.0,18.662997389820344,0.6629973898203438,0.6629973898203438
sub-309746819287,30.417522245037645,47.289421103903095,16.87189885886545,16.87189885886545
sub-309832555943,44.093086926762496,46.41323869939801,2.320151772635512,2.320151772635512
sub-309845444862,57.5,48.19478256200504,-9.305217437994962,9.305217437994962
sub-310729634371,14.0,12.708899363382066,-1.2911006366179336,1.2911006366179336
sub-310730152538,28.933607118412045,39.47033458473378,10.536727466321732,10.536727466321732
sub-310760540924,21.0,21.792762125039147,0.7927621250391468,0.7927621250391468
sub-310792111263,31.2827,18.69736248216553,-12.585337517834468,12.585337517834468
sub-310907729263,70.55989048596851,54.603008301858836,-15.956882184109674,15.956882184109674
sub-310951661896,25.0,22.1734359274208,-2.826564072579199,2.826564072579199
sub-311225423865,6.0,13.052081457659718,7.0520814576597175,7.0520814576597175
sub-312033062176,19.0,28.62285171839327,9.622851718393271,9.622851718393271
sub-312401593415,40.81314168377824,43.30690699397652,2.4937653101982775,2.4937653101982775
sub-312461126831,19.0,9.748588620952098,-9.251411379047902,9.251411379047902
sub-312712182553,10.72,7.576807555978029,-3.143192444021972,3.143192444021972
sub-313276563858,25.0,33.57073501707428,8.570735017074277,8.570735017074277
sub-313720413578,27.4114,31.011369401385423,3.5999694013854224,3.5999694013854224
sub-313783979215,23.0,19.716253774267543,-3.2837462257324574,3.2837462257324574
sub-314160125753,27.0,18.818465159187678,-8.181534840812322,8.181534840812322
sub-314392017666,21.0,16.47195994886741,-4.528040051132589,4.528040051132589
sub-314576902106,23.0,21.83923253372485,-1.16076746627515,1.16076746627515
sub-314632035565,23.0,15.898500913471693,-7.101499086528307,7.101499086528307
sub-314809725029,14.0,24.350005517511253,10.350005517511253,10.350005517511253
sub-315096818503,7.0,28.47198641870831,21.47198641870831,21.47198641870831
sub-315163558934,19.0,31.2289838383797,12.228983838379701,12.228983838379701
sub-315326586497,66.37371663244353,43.80835872648372,-22.565357905959814,22.565357905959814
sub-315766466513,19.0,22.168683343343297,3.1686833433432966,3.1686833433432966
sub-316019186858,23.0,24.500372301298174,1.5003723012981744,1.5003723012981744
sub-316838712821,69.28952772073922,43.3939008577692,-25.89562686297002,25.89562686297002
sub-317505052751,21.0,24.64257794846697,3.6425779484669683,3.6425779484669683
sub-317592679020,22.5,21.634227853026953,-0.8657721469730468,0.8657721469730468
sub-318449589396,25.927446954141,39.41733037996494,13.489883425823937,13.489883425823937
sub-318523911068,19.0,14.166725121816569,-4.833274878183431,4.833274878183431
sub-318586218751,8.912328767,7.188736692973272,-1.7235920740267279,1.7235920740267279
sub-318712015856,62.68035592060232,49.61168760725677,-13.068668313345547,13.068668313345547
sub-318994317964,16.0,23.076917688702736,7.076917688702736,7.076917688702736
sub-319179226836,21.0,16.59848227762147,-4.401517722378529,4.401517722378529
sub-319525352770,61.58795345653662,58.204178287153205,-3.383775169383412,3.383775169383412
sub-319716522814,19.0,18.730990285220457,-0.2690097147795427,0.2690097147795427
sub-319982702208,9.7201,29.84650387461892,20.126403874618923,20.126403874618923
sub-320209332584,20.8,18.48099984795462,-2.31900015204538,2.31900015204538
sub-320367804429,10.63013699,26.496696899328764,15.866559909328764,15.866559909328764
sub-320423880026,25.0,17.483867157384257,-7.516132842615743,7.516132842615743
sub-320966169093,21.0,24.869407987871988,3.8694079878719876,3.8694079878719876
sub-321009379265,22.5,35.41804962066391,12.918049620663908,12.918049620663908
sub-322828430074,24.0,31.767241463714907,7.767241463714907,7.767241463714907
sub-322877038510,37.21013004791239,44.175809506500364,6.965679458587971,6.965679458587971
sub-322973581068,11.67,17.158442141155785,5.488442141155785,5.488442141155785
sub-323003434264,23.0,23.15155887975544,0.15155887975544147,0.15155887975544147
sub-323188212103,18.7379,20.51739747839956,1.7794974783995592,1.7794974783995592
sub-323546159905,19.0,14.093643796438421,-4.906356203561579,4.906356203561579
sub-323928652465,19.0,17.32415491942514,-1.6758450805748595,1.6758450805748595
sub-324113689628,21.0,18.688865274743037,-2.311134725256963,2.311134725256963
sub-324287385116,60.86789869952089,51.14574861208192,-9.722150087438976,9.722150087438976
sub-324608238151,8.7,11.43030013309636,2.7303001330963603,2.7303001330963603
sub-324666272814,23.0,29.9831266607615,6.983126660761499,6.983126660761499
sub-324821590774,9.0,4.611606575291248,-4.388393424708752,4.388393424708752
sub-325005086709,19.0,28.46945093021894,9.46945093021894,9.46945093021894
sub-325116559617,21.0,32.32688272250221,11.326882722502212,11.326882722502212
sub-325497793662,19.0,19.702258515974886,0.7022585159748864,0.7022585159748864
sub-326017893990,72.14510609171799,53.3955658569364,-18.74954023478159,18.74954023478159
sub-326198300394,22.5,15.969434209245616,-6.530565790754384,6.530565790754384
sub-326361078662,56.2,43.303377245548425,-12.896622754451577,12.896622754451577
sub-326546999502,7.7502,9.088785666866539,1.3385856668665381,1.3385856668665381
sub-326649012046,19.0,18.53540962377184,-0.46459037622815913,0.46459037622815913
sub-326678679771,28.996577686516083,41.73895690511449,12.742379218598408,12.742379218598408
sub-326733202937,19.0,24.107056950404715,5.107056950404715,5.107056950404715
sub-327435196846,13.0,12.416867283498544,-0.5831327165014564,0.5831327165014564
sub-327818254945,74.6365503080082,50.27973723536214,-24.356813072646055,24.356813072646055
sub-328411797408,21.0,23.909962851859756,2.9099628518597562,2.9099628518597562
sub-328703488095,27.0,27.309311478497005,0.3093114784970048,0.3093114784970048
sub-329074353178,19.0,25.724449814164004,6.724449814164004,6.724449814164004
sub-329113742821,21.0,30.936613231443268,9.936613231443268,9.936613231443268
sub-329178400817,25.0,26.19775559198814,1.197755591988141,1.197755591988141
sub-329448724359,18.0,14.84103977856186,-3.1589602214381394,3.1589602214381394
sub-329453058291,21.0,25.623476887684227,4.623476887684227,4.623476887684227
sub-329510193737,16.66,19.239078195091544,2.579078195091544,2.579078195091544
sub-329524874913,23.0,33.66773309153042,10.667733091530422,10.667733091530422
sub-329566651189,19.0,22.005824332434113,3.0058243324341127,3.0058243324341127
sub-329567117750,11.0,8.89807848472314,-2.10192151527686,2.10192151527686
sub-329979629812,19.0,9.377553151789137,-9.622446848210863,9.622446848210863
sub-330153651241,19.0,15.747945336158335,-3.2520546638416654,3.2520546638416654
sub-330412849241,19.0,18.465602774720864,-0.534397225279136,0.534397225279136
sub-330605044269,21.0,25.080522183768725,4.080522183768725,4.080522183768725
sub-331339723620,19.0,24.667446412443212,5.667446412443212,5.667446412443212
sub-331344566757,73.0,49.62535237950444,-23.37464762049556,23.37464762049556
sub-331566282606,24.62149212867899,28.656026190054757,4.034534061375766,4.034534061375766
sub-331581518043,63.83572895277207,52.804764756129735,-11.030964196642337,11.030964196642337
sub-331640023396,18.0,11.167797673505113,-6.832202326494887,6.832202326494887
sub-333365007279,19.0,5.234191268108326,-13.765808731891674,13.765808731891674
sub-333565589079,7.0,16.279114358550927,9.279114358550927,9.279114358550927
sub-333583533583,24.0,29.370446790320294,5.370446790320294,5.370446790320294
sub-333684578808,11.66027397,15.633162992926461,3.972889022926461,3.972889022926461
sub-333770090916,55.63586584531143,51.79587394187591,-3.839991903435518,3.839991903435518
sub-334015511861,8.0,15.31532033643666,7.31532033643666,7.31532033643666
sub-334231800739,21.0,28.1587585819302,7.158758581930201,7.158758581930201
sub-334236675736,26.0,24.78814052564902,-1.2118594743509803,1.2118594743509803
sub-334239670511,19.0,16.896405562615517,-2.1035944373844835,2.1035944373844835
sub-334327381873,63.663244353182755,50.41728098907911,-13.245963364103645,13.245963364103645
sub-334710741179,9.021917808,11.455038434598553,2.433120626598553,2.433120626598553
sub-334925895861,33.0,37.00362950648137,4.003629506481367,4.003629506481367
sub-334998047154,19.0,37.51448081807515,18.51448081807515,18.51448081807515
sub-335118521931,21.0,23.50217168711797,2.5021716871179684,2.5021716871179684
sub-336517455359,23.0,32.44089564793909,9.440895647939087,9.440895647939087
sub-336832105241,32.5,38.24021651364899,5.740216513648988,5.740216513648988
sub-337161398064,23.0,23.07775078752594,0.07775078752593956,0.07775078752593956
sub-337609361472,21.0,22.274949822870983,1.2749498228709832,1.2749498228709832
sub-337864103314,23.0,28.72487448806809,5.724874488068089,5.724874488068089
sub-338078821659,14.0,8.910319588277936,-5.089680411722064,5.089680411722064
sub-338866539867,27.5,21.408634420611072,-6.091365579388928,6.091365579388928
sub-338890021385,25.0,25.586272180208297,0.5862721802082973,0.5862721802082973
sub-339410322806,23.0,12.438622963876227,-10.561377036123773,10.561377036123773
sub-339463534591,19.0,2.2456677704754036,-16.754332229524596,16.754332229524596
sub-339606210085,21.0,34.46776712857893,13.467767128578927,13.467767128578927
sub-340211623411,22.0,21.962977764247064,-0.03702223575293573,0.03702223575293573
sub-340425446065,53.32785763175906,51.054342678873184,-2.2735149528858756,2.2735149528858756
sub-340884207361,42.151950718685825,45.64045575134536,3.488505032659532,3.488505032659532
sub-341026253050,69.54688569472964,58.87028834987742,-10.676597344852219,10.676597344852219
sub-341129349615,8.898630137,5.705618436517611,-3.193011700482389,3.193011700482389
sub-341274549863,21.0,15.284643863391526,-5.715356136608474,5.715356136608474
sub-341486332051,9.0,18.50732639218072,9.507326392180719,9.507326392180719
sub-341598013517,54.74332648870637,48.36636938768004,-6.376957101026335,6.376957101026335
sub-341853067493,9.9,19.13065440824997,9.23065440824997,9.23065440824997
sub-342263404069,25.0,48.529091302608606,23.529091302608606,23.529091302608606
sub-342594433655,28.0,20.54049375562657,-7.459506244373429,7.459506244373429
sub-342678331032,10.0,4.786357664626266,-5.213642335373734,5.213642335373734
sub-343000404329,27.5,35.5795278037662,8.079527803766197,8.079527803766197
sub-343048366064,19.0,13.080178477548529,-5.919821522451471,5.919821522451471
sub-343316485262,11.323,22.73834069178509,11.41534069178509,11.41534069178509
sub-343373917254,28.0,40.303022799134055,12.303022799134055,12.303022799134055
sub-343433330208,23.0,24.236784986825807,1.236784986825807,1.236784986825807
sub-343769189656,21.0,17.940317225431652,-3.0596827745683477,3.0596827745683477
sub-343940609775,22.0,28.176805224250813,6.176805224250813,6.176805224250813
sub-344002344757,13.0,12.566632958781764,-0.43336704121823644,0.43336704121823644
sub-344117507142,43.82477754962355,37.76700898674178,-6.057768562881769,6.057768562881769
sub-344931898645,9.0,5.567733909781008,-3.4322660902189916,3.4322660902189916
sub-345201265289,32.5,27.67142103386923,-4.82857896613077,4.82857896613077
sub-345317688447,27.0,33.514921011206894,6.514921011206894,6.514921011206894
sub-345321776588,23.0,19.672154327513233,-3.3278456724867667,3.3278456724867667
sub-345577831841,23.0,23.744094871071184,0.7440948710711837,0.7440948710711837
sub-345708177080,33.59342915811088,38.932260030262576,5.338830872151696,5.338830872151696
sub-345814656280,81.94113620807666,56.90395726484559,-25.03717894323107,25.03717894323107
sub-345990586356,21.0,26.33718902382544,5.337189023825442,5.337189023825442
sub-346184404122,22.5,36.629438601942795,14.129438601942795,14.129438601942795
sub-346320393320,27.5,27.21350549757161,-0.2864945024283898,0.2864945024283898
sub-346545954848,11.15890411,19.798559672983263,8.639655562983263,8.639655562983263
sub-346578532827,26.0,34.14639394854936,8.14639394854936,8.14639394854936
sub-347308296503,22.0,29.448022938802808,7.448022938802808,7.448022938802808
sub-347451361275,30.0,3.6088875725993503,-26.39111242740065,26.39111242740065
sub-347536493520,21.0,37.747061388553504,16.747061388553504,16.747061388553504
sub-347793800576,22.0,16.996496420993292,-5.003503579006708,5.003503579006708
sub-347809484806,22.5,40.90930161524625,18.40930161524625,18.40930161524625
sub-347834054808,27.0,24.94168711385937,-2.05831288614063,2.05831288614063
sub-348206206376,20.0,23.35456479320621,3.3545647932062117,3.3545647932062117
sub-348472885765,23.0,13.514731698652938,-9.485268301347062,9.485268301347062
sub-348573416015,42.5,43.04642035823589,0.546420358235892,0.546420358235892
sub-348791915798,21.0,21.470393698882543,0.47039369888254257,0.47039369888254257
sub-349042220249,11.0,18.49961813152073,7.49961813152073,7.49961813152073
sub-349083925568,19.0,16.07456652221058,-2.9254334777894186,2.9254334777894186
sub-349091379990,11.95068493,17.52565113782374,5.57496620782374,5.57496620782374
sub-349234485107,19.0,20.618520615008592,1.6185206150085918,1.6185206150085918
sub-349851138030,33.0,35.281880178444894,2.2818801784448937,2.2818801784448937
sub-349981404460,19.0,18.80080532751616,-0.19919467248384137,0.19919467248384137
sub-350232178893,21.0,20.346682325988898,-0.6533176740111024,0.6533176740111024
sub-350614246455,21.0,15.820655387481427,-5.179344612518573,5.179344612518573
sub-351385167537,27.83572895277207,27.39483935353522,-0.4408895992368471,0.4408895992368471
sub-351416711766,21.0,22.150987473059594,1.150987473059594,1.150987473059594
sub-351431035741,19.0,29.678034485626096,10.678034485626096,10.678034485626096
sub-351489708854,19.0,24.086720888123526,5.086720888123526,5.086720888123526
sub-351546374188,19.0,21.727246841857216,2.727246841857216,2.727246841857216
sub-351603832845,63.24709103353867,45.98314273188339,-17.263948301655283,17.263948301655283
sub-351668169349,19.0,25.48995007735142,6.48995007735142,6.48995007735142
sub-351877235707,24.0,28.86902276721785,4.869022767217849,4.869022767217849
sub-351910982438,21.0,33.02472276765766,12.024722767657657,12.024722767657657
sub-352012295215,21.0,23.554580951139393,2.5545809511393927,2.5545809511393927
sub-352179726844,19.0,15.429983859408946,-3.570016140591054,3.570016140591054
sub-352464986144,20.0,17.95834711726466,-2.0416528827353417,2.0416528827353417
sub-352892368365,10.0,14.192375986638591,4.1923759866385915,4.1923759866385915
sub-353103739610,34.1,34.409472262464384,0.3094722624643822,0.3094722624643822
sub-353156518163,22.5,26.17440717699834,3.67440717699834,3.67440717699834
sub-353499953161,22.5,18.93477654078616,-3.56522345921384,3.56522345921384
sub-353593360279,41.62,36.88505101556604,-4.734948984433956,4.734948984433956
sub-353927466643,21.0979,13.454479074968035,-7.643420925031965,7.643420925031965
sub-354022763474,23.0,31.12137102120149,8.12137102120149,8.12137102120149
sub-354196077108,23.8466803559206,34.64404332208754,10.79736296616694,10.79736296616694
sub-354347287146,15.0,23.027484203566544,8.027484203566544,8.027484203566544
sub-354836536215,18.75,24.746942073085833,5.996942073085833,5.996942073085833
sub-354907815533,8.178082192,11.013633457333643,2.8355512653336437,2.8355512653336437
sub-355310107861,21.0,18.090754925217883,-2.909245074782117,2.909245074782117
sub-355720694224,72.13141683778234,53.61078406126646,-18.520632776515882,18.520632776515882
sub-356042483824,19.0,28.239708772920572,9.239708772920572,9.239708772920572
sub-356952233015,19.0,20.9438003377738,1.9438003377738013,1.9438003377738013
sub-357131710050,20.0,25.704698493492184,5.7046984934921845,5.7046984934921845
sub-357408449075,45.25667351129363,46.9367009462386,1.680027434944975,1.680027434944975
sub-357813435697,8.0,2.140869457918811,-5.859130542081189,5.859130542081189
sub-357880664413,21.0,34.74150890721118,13.741508907211177,13.741508907211177
sub-358027372224,68.26830937713895,56.32565567532743,-11.942653701811516,11.942653701811516
sub-358063655154,21.0,25.734828044621427,4.734828044621427,4.734828044621427
sub-358153816547,18.2,10.96309614009014,-7.236903859909859,7.236903859909859
sub-358180723346,23.0,17.673770067313953,-5.326229932686047,5.326229932686047
sub-359665775969,13.0,5.683953458964208,-7.316046541035792,7.316046541035792
sub-360345095022,23.0,30.558561602826764,7.558561602826764,7.558561602826764
sub-360501602626,23.0,34.819818852206566,11.819818852206566,11.819818852206566
sub-360897302316,21.0,29.756310266321847,8.756310266321847,8.756310266321847
sub-361024685049,16.9,15.380054719912856,-1.5199452800871427,1.5199452800871427
sub-361390550814,12.08,24.85979018073649,12.779790180736489,12.779790180736489
sub-361496299961,13.5,13.766822361957093,0.2668223619570931,0.2668223619570931
sub-361497480263,25.0,25.606704016233287,0.6067040162332873,0.6067040162332873
sub-361621631193,21.0,29.745880053018094,8.745880053018094,8.745880053018094
sub-361639893379,19.0,25.909128202106167,6.909128202106167,6.909128202106167
sub-361759510060,23.0,14.799696438961533,-8.200303561038467,8.200303561038467
sub-362543492336,25.0,30.487915544667864,5.487915544667864,5.487915544667864
sub-363363913061,26.0,37.834421648021554,11.834421648021554,11.834421648021554
sub-363459366347,33.0,40.32984530781412,7.329845307814118,7.329845307814118
sub-363511136031,41.20191649555099,29.01107017492647,-12.19084632062452,12.19084632062452
sub-364387139516,20.0,23.624601813204894,3.624601813204894,3.624601813204894
sub-365096018286,40.555783709787825,42.60785141413278,2.0520677043449567,2.0520677043449567
sub-365377487798,23.03901437371664,31.92775110268171,8.888736728965071,8.888736728965071
sub-365665621965,21.0,21.696700042560657,0.6967000425606571,0.6967000425606571
sub-365929187605,23.0,28.454092099931607,5.454092099931607,5.454092099931607
sub-365948065175,8.0,-3.4042888853267996,-11.4042888853268,11.4042888853268
sub-366125129833,19.0,27.352597277643675,8.352597277643675,8.352597277643675
sub-366419892031,27.0,22.93809990043187,-4.061900099568131,4.061900099568131
sub-366954527967,10.25,4.700707956678887,-5.549292043321113,5.549292043321113
sub-366954944274,23.0,20.71492231816336,-2.28507768183664,2.28507768183664
sub-367831112850,27.0,35.19827983730187,8.198279837301868,8.198279837301868
sub-368153573682,75.97262149212868,47.821750280603084,-28.150871211525597,28.150871211525597
sub-368447789543,53.53593429158111,44.167053593772025,-9.368880697809082,9.368880697809082
sub-368864599927,46.89664613278576,42.02518289611979,-4.871463236665974,4.871463236665974
sub-368981431172,21.0,23.96329192758577,2.9632919275857716,2.9632919275857716
sub-369377780623,23.0,24.56122817620438,1.5612281762043807,1.5612281762043807
sub-369521632168,72.5,35.499467336209634,-37.000532663790366,37.000532663790366
sub-369829615819,68.12320328542093,61.09534105400688,-7.027862231414048,7.027862231414048
sub-369885949666,31.0,28.31285475850735,-2.687145241492651,2.687145241492651
sub-370345433121,14.0,5.437407347137203,-8.562592652862797,8.562592652862797
sub-371096451080,21.0,18.51091604282336,-2.489083957176639,2.489083957176639
sub-371655681187,21.0,17.82344622128119,-3.1765537787188087,3.1765537787188087
sub-371832295715,23.0,35.312399998270806,12.312399998270806,12.312399998270806
sub-372353765912,21.0,27.39247443342925,6.39247443342925,6.39247443342925
sub-372729344859,46.59000684462697,49.7206365314354,3.130629686808433,3.130629686808433
sub-372796067335,34.0,34.40256997660967,0.4025699766096693,0.4025699766096693
sub-372903120618,12.0,25.619812849792652,13.619812849792652,13.619812849792652
sub-373122705602,22.0,29.15586769526318,7.155867695263179,7.155867695263179
sub-373628596753,21.0,22.984702534539664,1.9847025345396645,1.9847025345396645
sub-373873295969,21.0,19.55588996154421,-1.44411003845579,1.44411003845579
sub-373939546182,21.0,31.89346263586325,10.893462635863251,10.893462635863251
sub-375011751246,21.0,16.321973602291084,-4.678026397708916,4.678026397708916
sub-375087699975,70.50239561943873,49.402528859891625,-21.099866759547105,21.099866759547105
sub-375721442544,25.21286789869952,46.305555705690026,21.092687806990504,21.092687806990504
sub-375744717263,19.0,18.796228329108747,-0.20377167089125336,0.20377167089125336
sub-375839754407,9.0,15.40396919232954,6.403969192329541,6.403969192329541
sub-375914855182,29.0,26.4328099616,-2.5671900383999997,2.5671900383999997
sub-375939080828,27.0,28.022190921678472,1.0221909216784724,1.0221909216784724
sub-375954438630,9.3,8.097499046983067,-1.2025009530169335,1.2025009530169335
sub-376021642604,11.0,15.73637344060738,4.73637344060738,4.73637344060738
sub-376234889907,19.0,21.38365821489525,2.3836582148952488,2.3836582148952488
sub-376614727318,11.02465753,22.680763349751338,11.656105819751337,11.656105819751337
sub-376647528418,12.0,9.56382411701587,-2.4361758829841307,2.4361758829841307
sub-376916029284,46.00684462696783,48.1511036414524,2.144259014484568,2.144259014484568
sub-377530347743,25.0,16.92294983172955,-8.07705016827045,8.07705016827045
sub-377767908219,55.08829568788501,47.03393621693405,-8.054359470950956,8.054359470950956
sub-377800494410,19.0,20.536764750084362,1.5367647500843624,1.5367647500843624
sub-378122195243,17.5,19.406659528869213,1.9066595288692127,1.9066595288692127
sub-378259915805,21.0,23.31902489370985,2.3190248937098517,2.3190248937098517
sub-378447768137,21.0,35.27225879732367,14.272258797323673,14.272258797323673
sub-378455376400,14.0,15.249084983339035,1.249084983339035,1.249084983339035
sub-378603840552,20.0,24.03557086677811,4.035570866778109,4.035570866778109
sub-379219398221,21.0,19.486205080267055,-1.5137949197329448,1.5137949197329448
sub-379233294160,56.438056125941145,49.810538959200514,-6.627517166740631,6.627517166740631
sub-379901232997,9.156164384,18.825772793648028,9.669608409648028,9.669608409648028
sub-380007171793,27.0,26.765794834953176,-0.23420516504682354,0.23420516504682354
sub-380107200295,19.0,16.57955421598043,-2.42044578401957,2.42044578401957
sub-380291732370,19.0,24.99891241527602,5.9989124152760205,5.9989124152760205
sub-380421212894,19.0,14.38644191800405,-4.613558081995951,4.613558081995951
sub-380484222237,19.0,24.649603666491586,5.649603666491586,5.649603666491586
sub-380938374512,23.0,31.106547416950587,8.106547416950587,8.106547416950587
sub-380942221635,12.0,19.63915398430781,7.639153984307811,7.639153984307811
sub-381299063045,21.0,19.240708641360047,-1.7592913586399526,1.7592913586399526
sub-381318055265,22.0,37.13031999785214,15.13031999785214,15.13031999785214
sub-382364549184,23.0,29.12364773047328,6.12364773047328,6.12364773047328
sub-382373781002,19.0,17.651851845656306,-1.3481481543436935,1.3481481543436935
sub-382503391733,21.0,28.43465557641689,7.4346555764168905,7.4346555764168905
sub-382993467413,21.0,34.73388443834559,13.73388443834559,13.73388443834559
sub-383134182753,24.0,32.004651401829946,8.004651401829946,8.004651401829946
sub-383278900382,21.0,26.30172325090226,5.30172325090226,5.30172325090226
sub-383918872195,19.0,20.47159477323504,1.47159477323504,1.47159477323504
sub-384366007647,25.0,22.883433798286326,-2.116566201713674,2.116566201713674
sub-384430999120,19.0,22.868229491264977,3.8682294912649766,3.8682294912649766
sub-385702896791,19.0,22.273824501590983,3.2738245015909833,3.2738245015909833
sub-385965134643,48.0,46.287662896711595,-1.7123371032884052,1.7123371032884052
sub-386384203868,21.0,8.75234174712699,-12.24765825287301,12.24765825287301
sub-386443623879,19.0,26.03247157354884,7.03247157354884,7.03247157354884
sub-386477621787,39.0,37.517466274697924,-1.4825337253020763,1.4825337253020763
sub-386499017794,9.15,17.08712598119804,7.937125981198038,7.937125981198038
sub-387138524123,78.07255304585901,60.50831819836894,-17.56423484749007,17.56423484749007
sub-387252211403,18.0,12.829174558693357,-5.1708254413066435,5.1708254413066435
sub-387293597353,21.0,15.048415537827093,-5.951584462172907,5.951584462172907
sub-387627806786,19.0,26.09405309090795,7.0940530909079484,7.0940530909079484
sub-387928413810,19.0,11.549731066470525,-7.450268933529475,7.450268933529475
sub-387984296108,21.0,29.64993347616303,8.649933476163032,8.649933476163032
sub-388025307838,13.0,10.741872000935818,-2.2581279990641825,2.2581279990641825
sub-388132398369,19.0,19.22441997945422,0.22441997945421832,0.22441997945421832
sub-388296216663,12.60547945,10.2513729200905,-2.354106529909501,2.354106529909501
sub-388946336311,41.889117043121146,42.65505073939509,0.7659336962739403,0.7659336962739403
sub-389059678082,9.282191781,14.671795027195063,5.389603246195064,5.389603246195064
sub-389128831451,21.0,6.709173240534014,-14.290826759465986,14.290826759465986
sub-389237925618,29.2,28.86450920005462,-0.33549079994537934,0.33549079994537934
sub-389561985623,19.0,20.873841511585,1.873841511584999,1.873841511584999
sub-389833780372,26.0,19.247657683766917,-6.752342316233083,6.752342316233083
sub-390641627114,24.0,17.924881990731215,-6.075118009268785,6.075118009268785
sub-390696380218,27.0,29.542034603661598,2.542034603661598,2.542034603661598
sub-390946969743,10.10958904,9.823179050518132,-0.2864099894818679,0.2864099894818679
sub-391000843234,28.0,24.481557406037936,-3.518442593962064,3.518442593962064
sub-391658536077,15.0,10.110172583131295,-4.889827416868705,4.889827416868705
sub-391717879650,19.0,28.311151491049944,9.311151491049944,9.311151491049944
sub-392003255317,22.5,36.70017278621193,14.20017278621193,14.20017278621193
sub-392945946755,48.101300479123886,48.648087317851875,0.5467868387279893,0.5467868387279893
sub-393287507182,27.0,27.808755363459035,0.808755363459035,0.808755363459035
sub-394058698992,19.0,31.32397047114637,12.323970471146371,12.323970471146371
sub-394973589257,25.0,27.873156757970957,2.873156757970957,2.873156757970957
sub-395113287039,50.3956194387406,42.755805334141144,-7.639814104599459,7.639814104599459
sub-395205550869,69.27583846680356,59.80869118415693,-9.467147282646636,9.467147282646636
sub-395594591950,23.0,23.92418869755145,0.9241886975514504,0.9241886975514504
sub-395668270984,23.0,23.603854035169505,0.6038540351695048,0.6038540351695048
sub-395709751936,23.0,25.654873464926744,2.6548734649267445,2.6548734649267445
sub-395784692228,13.0,15.063909477192748,2.063909477192748,2.063909477192748
sub-397509469353,21.0,19.28530197312339,-1.7146980268766114,1.7146980268766114
sub-397541416103,9.819178082,14.786315360395985,4.967137278395985,4.967137278395985
sub-397789536679,29.0,31.370604792073948,2.370604792073948,2.370604792073948
sub-398220399143,27.0,22.572311773150975,-4.427688226849025,4.427688226849025
sub-398724148083,15.6,13.712803924035864,-1.8871960759641357,1.8871960759641357
sub-398759391290,55.58110882956878,55.02377632229843,-0.5573325072703454,0.5573325072703454
sub-398850980214,23.0,30.27442463978355,7.27442463978355,7.27442463978355
sub-399014895585,30.0,34.04720734587242,4.0472073458724225,4.0472073458724225
sub-399087126702,19.0,24.175495584652626,5.1754955846526265,5.1754955846526265
sub-399293606571,37.0,33.07094391803818,-3.929056081961818,3.929056081961818
sub-399522447362,60.016427104722794,48.79197830393749,-11.224448800785304,11.224448800785304
sub-399532554772,20.0,25.525607329281748,5.525607329281748,5.525607329281748
sub-399633402331,15.75,11.011289262144746,-4.7387107378552535,4.7387107378552535
sub-399660498118,25.0,29.164146846773235,4.164146846773235,4.164146846773235
sub-399695603994,19.0,31.93745876452204,12.937458764522042,12.937458764522042
sub-399896091241,27.5,30.82844141397861,3.3284414139786094,3.3284414139786094
sub-400076789412,15.0,15.484830913410754,0.4848309134107538,0.4848309134107538
sub-400356548320,24.0,38.41943268110922,14.419432681109221,14.419432681109221
sub-401570348713,29.0,24.083951766972753,-4.916048233027247,4.916048233027247
sub-402295700509,17.0,14.040997310971136,-2.959002689028864,2.959002689028864
sub-403072282252,19.0,30.490541525322758,11.490541525322758,11.490541525322758
sub-403183909828,25.0,25.243391818730643,0.2433918187306432,0.2433918187306432
sub-403868905316,9.5,12.62830687232304,3.1283068723230407,3.1283068723230407
sub-403893360607,33.0,24.77028176854305,-8.22971823145695,8.22971823145695
sub-403901799268,35.0,29.08335593469238,-5.916644065307619,5.916644065307619
sub-404282612970,21.0,32.882150307662215,11.882150307662215,11.882150307662215
sub-404426387175,27.0,23.799197333728,-3.2008026662720006,3.2008026662720006
sub-404462559347,9.435616438,13.95486299868822,4.51924656068822,4.51924656068822
sub-404646362299,11.55,15.008536610108635,3.4585366101086343,3.4585366101086343
sub-404890471575,51.0,29.700108214399584,-21.299891785600416,21.299891785600416
sub-405164913230,70.9514031485284,52.2827813692078,-18.668621779320603,18.668621779320603
sub-405742266217,36.21629021218344,42.47382676625499,6.2575365540715495,6.2575365540715495
sub-406012214137,18.0,5.918940696902048,-12.081059303097952,12.081059303097952
sub-406097282943,19.0,17.942390321392573,-1.0576096786074274,1.0576096786074274
sub-406442518076,68.0,45.15344609623197,-22.846553903768033,22.846553903768033
sub-406506048364,10.24109589,6.940686798895488,-3.3004090911045125,3.3004090911045125
sub-406583604959,65.25941136208077,51.9508713510085,-13.308540011072267,13.308540011072267
sub-407135588455,47.0691307323751,27.80398184032769,-19.26514889204741,19.26514889204741
sub-407652242836,18.2,20.893310494482023,2.6933104944820236,2.6933104944820236
sub-408202532508,59.0,42.134036424593106,-16.865963575406894,16.865963575406894
sub-408240315301,21.0,27.213441766125,6.213441766125001,6.213441766125001
sub-408349314195,23.0,26.36403541707683,3.364035417076831,3.364035417076831
sub-408824965323,15.28,19.24918566024779,3.96918566024779,3.96918566024779
sub-408964579184,27.5,30.290743721870953,2.790743721870953,2.790743721870953
sub-409603744945,23.0,28.994558871967744,5.994558871967744,5.994558871967744
sub-410173634990,13.33,15.208951430189934,1.8789514301899342,1.8789514301899342
sub-411028202173,21.0,23.93101938428792,2.9310193842879215,2.9310193842879215
sub-411339149603,17.0,24.753645020668124,7.753645020668124,7.753645020668124
sub-411511299951,19.0,18.975990168773457,-0.0240098312265431,0.0240098312265431
sub-411578175554,39.39767282683093,41.52467964668584,2.1270068198549126,2.1270068198549126
sub-411909651851,19.0,17.318557910321566,-1.6814420896784341,1.6814420896784341
sub-412405591527,25.0,24.924661651335995,-0.07533834866400468,0.07533834866400468
sub-413362965269,22.5,18.090387065236527,-4.409612934763473,4.409612934763473
sub-414156611560,22.0,23.11817602993893,1.1181760299389296,1.1181760299389296
sub-414506329694,72.26557152635182,47.374879397171604,-24.890692129180216,24.890692129180216
sub-414574519306,58.830937713894606,45.37934112801041,-13.451596585884197,13.451596585884197
sub-414840159897,19.0,30.575107735575596,11.575107735575596,11.575107735575596
sub-414912404483,8.07,8.368168855884115,0.29816885588411424,0.29816885588411424
sub-415092780642,21.0,14.093232682967344,-6.9067673170326565,6.9067673170326565
sub-415792694831,14.0,20.562741691045723,6.562741691045723,6.562741691045723
sub-416196732139,21.0,28.972474064467185,7.972474064467185,7.972474064467185
sub-416363571113,16.0,22.498918228331295,6.498918228331295,6.498918228331295
sub-416382670304,25.0,19.29604852373686,-5.703951476263139,5.703951476263139
sub-416547426671,19.0,16.63602388550708,-2.363976114492921,2.363976114492921
sub-417503911696,27.0,14.394198163921246,-12.605801836078754,12.605801836078754
sub-417519708424,21.0,19.959083179533227,-1.040916820466773,1.040916820466773
sub-417535604177,19.0,25.75004094345682,6.7500409434568205,6.7500409434568205
sub-417541833452,10.44383562,4.165001524955855,-6.278834095044145,6.278834095044145
sub-418353004170,21.0,36.481600730978684,15.481600730978684,15.481600730978684
sub-418508603690,19.0,28.395525900232148,9.395525900232148,9.395525900232148
sub-418986926612,21.0,26.739095561806078,5.739095561806078,5.739095561806078
sub-419207025644,21.0,2.137461436021379,-18.86253856397862,18.86253856397862
sub-419439734818,19.0,22.63156387212358,3.6315638721235786,3.6315638721235786
sub-419512319299,21.0,26.54063412459783,5.54063412459783,5.54063412459783
sub-420357341840,36.06023271731691,35.93818918271303,-0.12204353460387551,0.12204353460387551
sub-420700440504,29.0,28.739380089503022,-0.2606199104969775,0.2606199104969775
sub-420871026622,19.0,29.58595118874039,10.585951188740388,10.585951188740388
sub-420880909961,10.95342466,7.695005369030675,-3.258419290969325,3.258419290969325
sub-421100177732,72.88432580424367,45.236321493005285,-27.648004311238388,27.648004311238388
sub-421334775387,41.22929500342232,36.92419792385499,-4.305097079567332,4.305097079567332
sub-421366001843,19.0,13.631042031917772,-5.368957968082228,5.368957968082228
sub-421534005893,21.0,16.241657588734522,-4.7583424112654775,4.7583424112654775
sub-421547770064,8.506849315,8.657703714771376,0.15085439977137582,0.15085439977137582
sub-421557870822,20.0,18.33621435873636,-1.6637856412636403,1.6637856412636403
sub-421587906428,19.0,21.91130361364603,2.91130361364603,2.91130361364603
sub-421808511913,23.0,27.353995805783356,4.353995805783356,4.353995805783356
sub-422564244037,25.0,25.889012887309022,0.889012887309022,0.889012887309022
sub-422726021651,21.0,26.59139061984718,5.5913906198471786,5.5913906198471786
sub-423076478965,33.0,43.23815641390024,10.238156413900242,10.238156413900242
sub-424062327797,21.0,20.10853765468674,-0.8914623453132613,0.8914623453132613
sub-424379445589,19.0,19.10130815248425,0.10130815248425051,0.10130815248425051
sub-424384119731,19.0,17.762147337292934,-1.2378526627070663,1.2378526627070663
sub-425107191963,25.0,33.65313675191457,8.653136751914573,8.653136751914573
sub-425345863440,21.0,17.66435577884872,-3.3356442211512807,3.3356442211512807
sub-425788429649,23.0,31.750035833676186,8.750035833676186,8.750035833676186
sub-425902114613,22.5,32.91503622835836,10.41503622835836,10.41503622835836
sub-426134424341,18.0,45.25492183681661,27.254921836816607,27.254921836816607
sub-426162600454,19.0,14.9502462834119,-4.0497537165881,4.0497537165881
sub-426538206069,25.0,23.10093270961224,-1.8990672903877588,1.8990672903877588
sub-427009086482,10.2218,10.436959068464919,0.21515906846491895,0.21515906846491895
sub-427038737479,48.67898699520876,46.383514437344424,-2.2954725578643362,2.2954725578643362
sub-427255899112,13.0,16.22466462375505,3.22466462375505,3.22466462375505
sub-427488165084,22.0,12.425186200918386,-9.574813799081614,9.574813799081614
sub-427917643660,15.0253,21.465438685153746,6.440138685153746,6.440138685153746
sub-427954163702,23.0,11.920516539729228,-11.079483460270772,11.079483460270772
sub-428405531533,8.873972603,14.49239216082293,5.61841955782293,5.61841955782293
sub-428735293071,25.0,18.895633904279734,-6.104366095720266,6.104366095720266
sub-428749095291,23.0,29.09847162235438,6.098471622354381,6.098471622354381
sub-429128697868,11.8761,-0.9980174298157323,-12.874117429815731,12.874117429815731
sub-429376973784,21.0,17.255202879087452,-3.7447971209125477,3.7447971209125477
sub-429708332868,23.0,28.930155947825913,5.930155947825913,5.930155947825913
sub-429746311818,73.54414784394251,52.734706551294096,-20.809441292648415,20.809441292648415
sub-429751358413,19.0,23.15773858834496,4.157738588344959,4.157738588344959
sub-429797756660,21.0,21.444066476912965,0.4440664769129654,0.4440664769129654
sub-429800757560,18.0,15.079008440760695,-2.9209915592393045,2.9209915592393045
sub-430212986919,24.854209445585212,47.37453368986144,22.520324244276225,22.520324244276225
sub-430905405415,50.0,38.015046580145324,-11.984953419854676,11.984953419854676
sub-431091782369,9.789041096,12.040770870292597,2.2517297742925972,2.2517297742925972
sub-431389684208,32.5,38.360692940556405,5.8606929405564046,5.8606929405564046
sub-431442510774,20.0,24.215297067912715,4.215297067912715,4.215297067912715
sub-431876074723,31.0,27.498853769167624,-3.5011462308323757,3.5011462308323757
sub-431931021444,35.800136892539356,37.89174248720734,2.091605594667982,2.091605594667982
sub-432795930135,23.0,9.443112270776403,-13.556887729223597,13.556887729223597
sub-433613356059,19.0,16.160185266620203,-2.8398147333797965,2.8398147333797965
sub-433634856529,22.5,26.64158992580267,4.14158992580267,4.14158992580267
sub-433878320958,19.0,20.011338262315192,1.011338262315192,1.011338262315192
sub-433901926108,27.5,22.300996322467597,-5.199003677532403,5.199003677532403
sub-434327587010,20.0,13.695427690448298,-6.304572309551702,6.304572309551702
sub-434364030663,21.0,35.283867895456424,14.283867895456424,14.283867895456424
sub-434727906853,20.0,23.219128863491402,3.2191288634914024,3.2191288634914024
sub-435215843686,22.0,35.76145825450846,13.761458254508462,13.761458254508462
sub-435541553101,23.0,36.985990435219016,13.985990435219016,13.985990435219016
sub-436067739350,25.0,22.395338654764668,-2.604661345235332,2.604661345235332
sub-436168467409,21.0,23.37022286186488,2.3702228618648817,2.3702228618648817
sub-436435395823,50.5242984257358,50.13907713278897,-0.38522129294683083,0.38522129294683083
sub-436570577076,24.0,29.16438089837935,5.164380898379349,5.164380898379349
sub-436602454221,14.0,3.7778986014020433,-10.222101398597957,10.222101398597957
sub-436915075418,9.083333333,3.699105605278291,-5.38422772772171,5.38422772772171
sub-437220520402,27.0,27.43113802435267,0.4311380243526699,0.4311380243526699
sub-437418373981,21.0,18.220089211261705,-2.7799107887382952,2.7799107887382952
sub-437563318459,11.0,13.268317605397986,2.2683176053979857,2.2683176053979857
sub-438120135608,62.06160164271046,41.421802860278305,-20.639798782432152,20.639798782432152
sub-438282986473,60.906228610540715,40.991380482827694,-19.91484812771302,19.91484812771302
sub-438699025347,19.0,19.317738122053907,0.31773812205390684,0.31773812205390684
sub-438858327228,59.12936344969199,52.67576674040395,-6.453596709288043,6.453596709288043
sub-440221941356,21.0,26.472666498209,5.472666498209001,5.472666498209001
sub-441115735819,22.5,28.132431951905254,5.632431951905254,5.632431951905254
sub-441255509461,9.665753425,12.920050649022908,3.254297224022908,3.254297224022908
sub-441895637368,34.0,42.47660943692031,8.476609436920313,8.476609436920313
sub-441940877850,10.44383562,11.696598092441583,1.2527624724415833,1.2527624724415833
sub-442069078771,52.5,29.630141338293683,-22.869858661706317,22.869858661706317
sub-442131715190,23.0,15.27929527244315,-7.72070472755685,7.72070472755685
sub-442200955077,44.20533880903491,39.673205501771434,-4.532133307263479,4.532133307263479
sub-442462161667,19.0,13.378228811242973,-5.621771188757027,5.621771188757027
sub-443057998898,19.0,22.718124988816594,3.7181249888165944,3.7181249888165944
sub-443216080871,21.0,34.48501028332356,13.485010283323561,13.485010283323561
sub-443270005074,23.0,17.862490504980777,-5.1375094950192235,5.1375094950192235
sub-443441729661,27.5,32.65121111108758,5.1512111110875765,5.1512111110875765
sub-443528393725,20.0,19.07613259732119,-0.923867402678809,0.923867402678809
sub-443552576139,23.0,25.11210480851183,2.1121048085118304,2.1121048085118304
sub-443563336342,19.0,32.32142484817163,13.321424848171631,13.321424848171631
sub-443586727583,18.0,19.386457347519897,1.3864573475198974,1.3864573475198974
sub-443699143391,19.0,16.175819710984772,-2.824180289015228,2.824180289015228
sub-443884348394,72.0,55.97303844672769,-16.026961553272308,16.026961553272308
sub-444080364099,19.0,27.220584193694215,8.220584193694215,8.220584193694215
sub-444777292394,23.0,32.897618975040906,9.897618975040906,9.897618975040906
sub-445165036651,43.0,48.06967068067222,5.069670680672218,5.069670680672218
sub-445357467271,22.5,19.96686623125834,-2.53313376874166,2.53313376874166
sub-445528481752,19.0,23.045709477396244,4.045709477396244,4.045709477396244
sub-446105610730,23.0,15.982002770351968,-7.0179972296480315,7.0179972296480315
sub-446116942428,13.63,6.0320519870192335,-7.597948012980767,7.597948012980767
sub-446176984200,11.85205479,17.374979838120375,5.522925048120374,5.522925048120374
sub-446371809226,21.0,21.12848540712382,0.12848540712381862,0.12848540712381862
sub-447368311317,23.0,24.88365470535508,1.883654705355081,1.883654705355081
sub-447558225957,9.3149,4.915943737317132,-4.3989562626828675,4.3989562626828675
sub-447559688249,23.0,25.770923010332105,2.7709230103321048,2.7709230103321048
sub-448118881004,30.699520876112253,36.33510291551611,5.635582039403857,5.635582039403857
sub-448154838901,21.0,21.967883300362935,0.967883300362935,0.967883300362935
sub-448606737356,19.0,24.883421107985424,5.8834211079854235,5.8834211079854235
sub-448749767497,27.0,22.864676532983687,-4.135323467016313,4.135323467016313
sub-448817166729,9.120547945,18.626179562043188,9.505631617043187,9.505631617043187
sub-449504710644,13.85,2.7348482443431408,-11.115151755656859,11.115151755656859
sub-449523109612,29.0,34.477778397069855,5.477778397069855,5.477778397069855
sub-449691454748,21.0,22.438336869746596,1.4383368697465961,1.4383368697465961
sub-450248382846,11.0,20.841147154475536,9.841147154475536,9.841147154475536
sub-450325596992,11.0,13.516098052691866,2.5160980526918664,2.5160980526918664
sub-450416431697,21.0,20.4932280358934,-0.5067719641066013,0.5067719641066013
sub-450811446575,21.0,21.4997703172949,0.4997703172948995,0.4997703172948995
sub-450965099560,21.0,22.58081552455586,1.5808155245558595,1.5808155245558595
sub-451093590992,20.51,25.307094247884155,4.797094247884154,4.797094247884154
sub-451533497093,19.0,19.69522447395444,0.6952244739544398,0.6952244739544398
sub-451568083712,27.0,21.231396676602422,-5.768603323397578,5.768603323397578
sub-451569316549,31.95619438740589,41.30088350308351,9.344689115677621,9.344689115677621
sub-451748173269,23.0,28.051801177768187,5.051801177768187,5.051801177768187
sub-451753737202,22.0,41.694293289612325,19.694293289612325,19.694293289612325
sub-452339919944,27.0,32.035278003232634,5.035278003232634,5.035278003232634
sub-452602070698,19.0,21.584224281629062,2.584224281629062,2.584224281629062
sub-452912513368,19.0,22.618012778934233,3.618012778934233,3.618012778934233
sub-453576742612,22.5,21.16907287024197,-1.330927129758031,1.330927129758031
sub-453679403294,19.0,11.367562654423867,-7.6324373455761325,7.6324373455761325
sub-453954863516,19.0,14.74679581027948,-4.25320418972052,4.25320418972052
sub-454545291918,11.0,-0.2774615849802089,-11.277461584980209,11.277461584980209
sub-454953257900,24.0,25.802162557996905,1.8021625579969047,1.8021625579969047
sub-455375044946,33.0,27.19418334964099,-5.805816650359009,5.805816650359009
sub-455526833022,21.0,29.45267209925317,8.45267209925317,8.45267209925317
sub-456043823379,19.0,22.611096405487732,3.611096405487732,3.611096405487732
sub-456312815950,8.3,18.417574505509954,10.117574505509953,10.117574505509953
sub-456944734649,21.0,20.15670253720905,-0.8432974627909502,0.8432974627909502
sub-456991816184,22.5,27.100553478205015,4.600553478205015,4.600553478205015
sub-457656563132,25.0,19.001526797064102,-5.998473202935898,5.998473202935898
sub-457967549631,22.5,31.05385409597784,8.55385409597784,8.55385409597784
sub-458227466938,21.0,23.34269599336836,2.342695993368359,2.342695993368359
sub-458230027649,19.0,16.598457481713478,-2.401542518286522,2.401542518286522
sub-458506665556,21.0,27.551520999946412,6.551520999946412,6.551520999946412
sub-458724067747,12.43835616,13.397087213166891,0.9587310531668916,0.9587310531668916
sub-459709692111,8.94,17.209906880096565,8.269906880096565,8.269906880096565
sub-459781782269,19.0,17.143797957400874,-1.8562020425991257,1.8562020425991257
sub-459946543901,12.6489,-1.9956480818911047,-14.644548081891104,14.644548081891104
sub-460516282099,35.446954140999324,43.08406839392643,7.637114252927105,7.637114252927105
sub-460702666723,19.0,14.843545685021926,-4.156454314978074,4.156454314978074
sub-460977191979,23.0,27.290197611233076,4.290197611233076,4.290197611233076
sub-461059456603,63.181382614647504,47.25919195880918,-15.922190655838321,15.922190655838321
sub-461078040898,10.1,10.610432470866591,0.5104324708665917,0.5104324708665917
sub-461138178469,19.0,23.006590298453265,4.006590298453265,4.006590298453265
sub-461276348768,8.74,12.124966654421868,3.384966654421868,3.384966654421868
sub-461789283926,12.66,11.435280684144658,-1.2247193158553422,1.2247193158553422
sub-461899341745,23.0,27.990242266138452,4.990242266138452,4.990242266138452
sub-462044176559,22.5,31.99601176750342,9.496011767503418,9.496011767503418
sub-462074510675,24.0,28.27535593486685,4.275355934866852,4.275355934866852
sub-462484204390,72.5,50.20538697469611,-22.29461302530389,22.29461302530389
sub-462590078135,22.5,36.47679750219182,13.976797502191822,13.976797502191822
sub-462927684123,22.5,17.2096582639674,-5.290341736032602,5.290341736032602
sub-463017442825,24.0,18.19605792679463,-5.80394207320537,5.80394207320537
sub-463459305778,14.0,17.26221665549859,3.262216655498591,3.262216655498591
sub-463896670279,19.0,22.189248106243724,3.189248106243724,3.189248106243724
sub-464503842359,67.5,38.51704237116864,-28.982957628831358,28.982957628831358
sub-464682388944,23.0,17.682890007161415,-5.317109992838585,5.317109992838585
sub-464956463990,32.5,22.890830208587943,-9.609169791412057,9.609169791412057
sub-465136351800,19.0,26.0466445534128,7.046644553412801,7.046644553412801
sub-465311144460,27.0,34.75970279987732,7.759702799877317,7.759702799877317
sub-465791099145,25.0,30.751962963687276,5.751962963687276,5.751962963687276
sub-466074153509,25.0,24.787219977706613,-0.2127800222933871,0.2127800222933871
sub-466344740883,9.0,16.64440844132751,7.64440844132751,7.64440844132751
sub-466416085736,13.0,6.924433470631641,-6.075566529368359,6.075566529368359
sub-467112314797,9.309589041,6.913130005535059,-2.3964590354649413,2.3964590354649413
sub-467327021506,22.0,17.281269999789522,-4.718730000210478,4.718730000210478
sub-467335236616,20.0,29.190230894852526,9.190230894852526,9.190230894852526
sub-467642644644,21.0,21.788931160969774,0.7889311609697742,0.7889311609697742
sub-467659061528,73.18275154004107,50.47791994796273,-22.704831592078335,22.704831592078335
sub-468044019609,21.0,10.303884777276892,-10.696115222723108,10.696115222723108
sub-468109133630,18.0,25.116099067030756,7.116099067030756,7.116099067030756
sub-468259562618,21.0,25.268778911104242,4.268778911104242,4.268778911104242
sub-468444508245,10.0,1.4365467063162072,-8.563453293683793,8.563453293683793
sub-469001676302,27.0,27.87138345718908,0.8713834571890793,0.8713834571890793
sub-469128986440,53.41273100616017,39.671910038898396,-13.740820967261776,13.740820967261776
sub-470124848081,33.0,28.2315571147295,-4.768442885270499,4.768442885270499
sub-471019443594,23.71526351813826,37.432280794766605,13.717017276628344,13.717017276628344
sub-471055677982,67.5,50.352875734839245,-17.147124265160755,17.147124265160755
sub-471135465411,21.0,25.791591930906996,4.791591930906996,4.791591930906996
sub-471209465684,21.0,20.277962607612046,-0.7220373923879535,0.7220373923879535
sub-471390842283,25.530458590006837,22.92040424180582,-2.610054348201018,2.610054348201018
sub-472325050640,60.0,36.99750334478616,-23.00249665521384,23.00249665521384
sub-472759352092,59.222450376454475,42.563610426877744,-16.65883994957673,16.65883994957673
sub-473325785671,23.0,17.245350413642292,-5.754649586357708,5.754649586357708
sub-473379095025,28.50650239561944,27.65656313831529,-0.8499392573041504,0.8499392573041504
sub-473649162520,23.0,27.072817192789483,4.072817192789483,4.072817192789483
sub-473872191496,19.0,26.92568539194125,7.925685391941251,7.925685391941251
sub-473893612384,21.0,6.088700113585649,-14.911299886414351,14.911299886414351
sub-474246759950,22.0,20.679046270082594,-1.320953729917406,1.320953729917406
sub-474704091659,44.9199178644764,36.02567017262034,-8.894247691856066,8.894247691856066
sub-474905652662,23.0,31.787707276253343,8.787707276253343,8.787707276253343
sub-475042891594,13.79726027,21.00809537344629,7.210835103446291,7.210835103446291
sub-475410408128,21.33,12.937744487620197,-8.392255512379801,8.392255512379801
sub-475942618761,41.0,20.597643556636726,-20.402356443363274,20.402356443363274
sub-476225261644,19.0,17.868795009763748,-1.1312049902362524,1.1312049902362524
sub-476332359213,66.94866529774127,55.14439305040079,-11.804272247340485,11.804272247340485
sub-476860143951,26.0,27.84572737397726,1.8457273739772617,1.8457273739772617
sub-477160054985,75.93702943189597,56.793044035090574,-19.14398539680539,19.14398539680539
sub-477274544676,24.0,22.675952010438312,-1.324047989561688,1.324047989561688
sub-477302946114,8.542094,10.859240906843056,2.317146906843055,2.317146906843055
sub-477362713467,10.08767123,10.431199448428696,0.3435282184286965,0.3435282184286965
sub-477401855410,6.0,6.658627663922612,0.6586276639226121,0.6586276639226121
sub-477544457426,10.41369863,14.18349507185006,3.76979644185006,3.76979644185006
sub-477777727414,23.0,39.65340596163132,16.65340596163132,16.65340596163132
sub-477906303107,67.5,39.17464084059932,-28.325359159400683,28.325359159400683
sub-478046709665,53.30595482546201,55.20379861421691,1.8978437887548978,1.8978437887548978
sub-478282076570,23.0,21.249240106762283,-1.750759893237717,1.750759893237717
sub-478424896940,25.0,19.17781118880616,-5.82218881119384,5.82218881119384
sub-478734208494,25.0,30.505697593868383,5.505697593868383,5.505697593868383
sub-479008488319,21.0,10.371816874761041,-10.628183125238959,10.628183125238959
sub-479447504648,10.2,11.745819060730092,1.5458190607300928,1.5458190607300928
sub-479540589250,19.0,25.998113302024226,6.998113302024226,6.998113302024226
sub-479779230782,21.0,27.750830328296203,6.750830328296203,6.750830328296203
sub-479820841591,21.0,25.492699911109224,4.492699911109224,4.492699911109224
sub-480081003183,11.66,8.198538236014073,-3.461461763985927,3.461461763985927
sub-480092109529,23.0,28.343143196082803,5.343143196082803,5.343143196082803
sub-480168790227,34.0,42.84892791465256,8.848927914652563,8.848927914652563
sub-480228126690,16.03,14.929832177154537,-1.1001678228454637,1.1001678228454637
sub-480242224316,19.0,29.10820436167903,10.108204361679029,10.108204361679029
sub-480547839037,29.0,20.64781669417756,-8.35218330582244,8.35218330582244
sub-480561361979,21.0,22.554410950637404,1.5544109506374042,1.5544109506374042
sub-481338540032,27.5,30.687542548909963,3.1875425489099634,3.1875425489099634
sub-481372512191,19.0,14.110990992233475,-4.889009007766525,4.889009007766525
sub-481376362072,19.0,25.75870187798305,6.75870187798305,6.75870187798305
sub-481487710813,20.0,25.285929990722234,5.285929990722234,5.285929990722234
sub-481729032242,18.0,22.615885378022973,4.615885378022973,4.615885378022973
sub-482033781584,23.0,16.55722493220793,-6.44277506779207,6.44277506779207
sub-482038057597,19.0,30.87951108877762,11.879511088777619,11.879511088777619
sub-482555510183,19.0,31.519289256535647,12.519289256535647,12.519289256535647
sub-482977570138,29.0,13.398835186132928,-15.601164813867072,15.601164813867072
sub-483402142821,22.5,28.142636755070896,5.642636755070896,5.642636755070896
sub-483551880880,27.5,34.24921357389336,6.749213573893357,6.749213573893357
sub-483923683945,25.4072553045859,38.39940837235514,12.992153067769241,12.992153067769241
sub-484148497117,22.5,27.85100513779274,5.35100513779274,5.35100513779274
sub-484948078712,58.04243668720055,48.59569659542865,-9.4467400917719,9.4467400917719
sub-485023310830,13.38,13.542591923418517,0.1625919234185158,0.1625919234185158
sub-485776903651,44.02464065708419,41.33976219591143,-2.684878461172758,2.684878461172758
sub-485953220500,21.0,13.309020186727519,-7.690979813272481,7.690979813272481
sub-486133856944,23.0,27.19648350536472,4.196483505364721,4.196483505364721
sub-486143240913,9.897,11.202482134205276,1.3054821342052758,1.3054821342052758
sub-486245124301,27.5,37.3784307625787,9.878430762578702,9.878430762578702
sub-486417717551,11.09,16.694691218458427,5.604691218458427,5.604691218458427
sub-486423606320,43.91786447638604,47.84165449854631,3.9237900221602686,3.9237900221602686
sub-486471404776,66.90759753593429,44.73614327130359,-22.171454264630697,22.171454264630697
sub-486615289589,19.0,19.74524713754665,0.7452471375466487,0.7452471375466487
sub-486972667341,24.0,25.805536913226987,1.8055369132269874,1.8055369132269874
sub-487060207493,23.0,23.946001576885088,0.946001576885088,0.946001576885088
sub-487347404192,21.0,15.084254816161579,-5.915745183838421,5.915745183838421
sub-487885864728,20.0,25.787609405419957,5.787609405419957,5.787609405419957
sub-488302703346,13.0,19.559648966929636,6.559648966929636,6.559648966929636
sub-488756364056,27.5,42.414385882731715,14.914385882731715,14.914385882731715
sub-488848096628,20.0,30.012712188312182,10.012712188312182,10.012712188312182
sub-488893580166,22.0,20.766138969402604,-1.2338610305973958,1.2338610305973958
sub-489027396007,12.25,19.217350985008352,6.967350985008352,6.967350985008352
sub-489158333694,18.0,27.253546228192796,9.253546228192796,9.253546228192796
sub-489797046592,10.0,19.268887511902204,9.268887511902204,9.268887511902204
sub-490000239058,19.0,13.113033502568225,-5.886966497431775,5.886966497431775
sub-490316768116,27.0,28.0488552324123,1.0488552324123006,1.0488552324123006
sub-491115214422,25.24,35.11476775263894,9.874767752638942,9.874767752638942
sub-491354632411,23.0,28.98330788300206,5.983307883002059,5.983307883002059
sub-491370394347,25.0,17.819695833621594,-7.180304166378406,7.180304166378406
sub-491555377117,28.561259411362077,36.332039192071775,7.770779780709699,7.770779780709699
sub-491975081522,12.04,10.54394115537604,-1.4960588446239598,1.4960588446239598
sub-492227230800,19.0,23.418408572414762,4.418408572414762,4.418408572414762
sub-492310557789,25.0,23.84445311023793,-1.1555468897620713,1.1555468897620713
sub-492342176669,23.0,26.559247422807072,3.559247422807072,3.559247422807072
sub-492464773660,12.92,5.342774853114278,-7.577225146885722,7.577225146885722
sub-493277753851,9.394520548,15.124770647705542,5.730250099705543,5.730250099705543
sub-493471626213,20.0,31.37061776786619,11.37061776786619,11.37061776786619
sub-493548099048,21.0,23.81848305869981,2.8184830586998117,2.8184830586998117
sub-493826676373,25.0,7.110499992029737,-17.889500007970263,17.889500007970263
sub-494054491223,21.0,24.497882071123456,3.497882071123456,3.497882071123456
sub-494149399145,10.30410959,8.475680895812534,-1.8284286941874655,1.8284286941874655
sub-494293108467,20.0,21.64016688599487,1.6401668859948693,1.6401668859948693
sub-494369842715,10.87123288,5.387066863532976,-5.484166016467025,5.484166016467025
sub-494402729031,62.24503764544832,52.61904198786577,-9.62599565758255,9.62599565758255
sub-494429682464,21.0,16.268282946008878,-4.731717053991122,4.731717053991122
sub-494516431871,9.7721,7.910524356645261,-1.8615756433547386,1.8615756433547386
sub-494562255867,12.9,15.068522576849407,2.1685225768494067,2.1685225768494067
sub-494597935437,22.0,25.238213811504327,3.238213811504327,3.238213811504327
sub-494788265618,12.00547945,9.393206886030825,-2.6122725639691744,2.6122725639691744
sub-494808050710,21.0,24.322877045291065,3.322877045291065,3.322877045291065
sub-495207539415,21.0,25.905726121550863,4.905726121550863,4.905726121550863
sub-495214442213,19.0,14.141845000776911,-4.858154999223089,4.858154999223089
sub-495387604500,19.08,26.366779460320807,7.286779460320808,7.286779460320808
sub-496049662826,15.0,14.903734437580383,-0.09626556241961737,0.09626556241961737
sub-496494295468,19.0,21.647113840617415,2.647113840617415,2.647113840617415
sub-497005491341,23.0,24.701669012923595,1.7016690129235954,1.7016690129235954
sub-497215688436,21.0,17.570191707060573,-3.429808292939427,3.429808292939427
sub-497483458757,8.42,11.626025473766319,3.206025473766319,3.206025473766319
sub-497501390567,59.0,45.70401677180449,-13.29598322819551,13.29598322819551
sub-497610867892,23.0,15.957920452200828,-7.0420795477991724,7.0420795477991724
sub-497678537794,19.0,29.576828562103266,10.576828562103266,10.576828562103266
sub-498296814482,9.057534247,22.562572958019324,13.505038711019324,13.505038711019324
sub-498374469326,12.97,23.86822560415147,10.898225604151468,10.898225604151468
sub-498933429251,22.5,24.90485299803275,2.4048529980327515,2.4048529980327515
sub-499061605207,20.0,16.548299529911194,-3.451700470088806,3.451700470088806
sub-499165373448,33.0,42.61534639133919,9.615346391339187,9.615346391339187
sub-499339327714,16.0,20.122175136251585,4.122175136251585,4.122175136251585
sub-499898787180,23.0,20.590707592247593,-2.4092924077524067,2.4092924077524067
sub-499917422866,12.36986301,19.00050750960711,6.630644499607111,6.630644499607111
sub-500210727969,19.0,18.427526396758196,-0.5724736032418036,0.5724736032418036
sub-500943633771,21.0,15.535719244746986,-5.464280755253014,5.464280755253014
sub-501401162183,62.5,50.059841074491004,-12.440158925508996,12.440158925508996
sub-501412735160,10.79726027,12.951746585033433,2.1544863150334326,2.1544863150334326
sub-502014416815,21.0,28.691833250451722,7.691833250451722,7.691833250451722
sub-502254701139,17.0,21.122391109471835,4.122391109471835,4.122391109471835
sub-502693562289,25.0,31.01284034800174,6.012840348001738,6.012840348001738
sub-502800059899,21.0,18.730646867137978,-2.2693531328620224,2.2693531328620224
sub-502907007823,14.0,24.253057582637197,10.253057582637197,10.253057582637197
sub-503460268168,17.8,11.15267295882121,-6.647327041178791,6.647327041178791
sub-503660804724,27.0,24.923445448283427,-2.0765545517165727,2.0765545517165727
sub-503738728205,14.03,17.048371625716513,3.0183716257165134,3.0183716257165134
sub-504022302723,18.0,21.673192015365977,3.673192015365977,3.673192015365977
sub-504073242885,22.0,25.90841359061038,3.9084135906103796,3.9084135906103796
sub-504254596687,18.0,14.69395854420803,-3.30604145579197,3.30604145579197
sub-504323401470,12.0,9.21074035896073,-2.789259641039269,2.789259641039269
sub-504662286528,28.0,35.89305604582683,7.893056045826832,7.893056045826832
sub-505113843035,20.0,20.236293120796923,0.23629312079692255,0.23629312079692255
sub-505223133481,62.7378507871321,43.13822392864035,-19.599626858491753,19.599626858491753
sub-505298572621,16.0986,14.682342480089613,-1.4162575199103884,1.4162575199103884
sub-505313912099,10.0,7.001933254765138,-2.998066745234862,2.998066745234862
sub-505669140091,32.5,33.28043844805948,0.7804384480594777,0.7804384480594777
sub-506026946056,22.0,19.797248916147456,-2.2027510838525437,2.2027510838525437
sub-506541958125,32.0,36.368347935821575,4.368347935821575,4.368347935821575
sub-507316241895,20.33,28.99553224761233,8.665532247612333,8.665532247612333
sub-507884784363,23.0,30.414669271028274,7.414669271028274,7.414669271028274
sub-507959688959,23.0,27.456352012760252,4.456352012760252,4.456352012760252
sub-508155480644,19.0,17.290554694315922,-1.7094453056840777,1.7094453056840777
sub-508767756378,12.0,8.070054347493723,-3.9299456525062766,3.9299456525062766
sub-509770945531,9.783,12.862530234900998,3.0795302349009983,3.0795302349009983
sub-509844839359,21.0,21.320534840362583,0.3205348403625834,0.3205348403625834
sub-510407668762,15.53,14.865049577317794,-0.664950422682205,0.664950422682205
sub-510703389436,21.0,21.127490540901366,0.12749054090136624,0.12749054090136624
sub-510978667156,10.67671233,10.277901620357873,-0.3988107096421274,0.3988107096421274
sub-510989746907,37.097878165639976,47.11640160059495,10.018523434954972,10.018523434954972
sub-511100454521,19.0,21.212199415247486,2.212199415247486,2.212199415247486
sub-511145985367,31.854893908282,48.97255455876457,17.11766065048257,17.11766065048257
sub-511947368541,19.0,23.114709035615974,4.114709035615974,4.114709035615974
sub-511948912967,19.0,12.080488987125147,-6.919511012874853,6.919511012874853
sub-511979172515,34.8227,28.020826610536552,-6.801873389463445,6.801873389463445
sub-512419690162,19.0,26.793787363278796,7.7937873632787955,7.7937873632787955
sub-512558933065,27.5,34.695944254283006,7.195944254283006,7.195944254283006
sub-512591307504,24.876112251882272,26.13433178600929,1.2582195341270186,1.2582195341270186
sub-512682505677,21.0,22.213407937695443,1.2134079376954432,1.2134079376954432
sub-512752293894,9.0,8.44487327128644,-0.5551267287135602,0.5551267287135602
sub-513149413681,41.30047912388775,41.22343443025728,-0.0770446936304694,0.0770446936304694
sub-513432871555,11.0,15.574310217740134,4.574310217740134,4.574310217740134
sub-513571495706,11.3,22.51969693619509,11.219696936195088,11.219696936195088
sub-513842955165,52.6652977412731,41.228709707906305,-11.436588033366796,11.436588033366796
sub-514113966552,29.0,37.993957914029025,8.993957914029025,8.993957914029025
sub-514216395702,21.0,19.307953427545733,-1.6920465724542666,1.6920465724542666
sub-514546668706,60.9199178644764,52.24632606454975,-8.673591799926655,8.673591799926655
sub-514812597461,9.0,11.638243449654873,2.6382434496548726,2.6382434496548726
sub-515049857854,20.0,27.540592927531105,7.5405929275311046,7.5405929275311046
sub-515081497394,21.0,29.69307700974682,8.693077009746819,8.693077009746819
sub-515473988139,72.5,48.63934113214634,-23.860658867853658,23.860658867853658
sub-516034188736,33.24,26.11566479842606,-7.124335201573942,7.124335201573942
sub-517171317509,21.0,30.551555732934105,9.551555732934105,9.551555732934105
sub-517485012755,20.0,45.44878872744874,25.448788727448743,25.448788727448743
sub-517627279842,8.67,13.50956126084985,4.83956126084985,4.83956126084985
sub-517932747297,71.66324435318275,51.133383788893084,-20.529860564289663,20.529860564289663
sub-518050018372,23.0,28.388408925324278,5.388408925324278,5.388408925324278
sub-518056224773,27.0,25.902414104824402,-1.0975858951755981,1.0975858951755981
sub-518298583047,67.5,43.521727539397,-23.978272460603,23.978272460603
sub-518733647647,22.5,34.122440914965274,11.622440914965274,11.622440914965274
sub-518817165912,11.04931507,16.272116743694376,5.222801673694375,5.222801673694375
sub-518818481065,23.0,38.7997441224563,15.799744122456303,15.799744122456303
sub-519085723694,83.0,58.06096522120335,-24.939034778796653,24.939034778796653
sub-519122653786,18.0,12.419928385308694,-5.580071614691306,5.580071614691306
sub-519236401892,13.0,19.563033314074723,6.563033314074723,6.563033314074723
sub-519256340478,9.25,0.9310363641354442,-8.318963635864556,8.318963635864556
sub-519310637883,23.0,28.30612295486467,5.306122954864669,5.306122954864669
sub-519698613585,23.0,23.03167277806643,0.03167277806642943,0.03167277806642943
sub-519733259421,23.0,21.68908679576601,-1.3109132042339908,1.3109132042339908
sub-519801603913,19.0,25.872464208081578,6.872464208081578,6.872464208081578
sub-520091474797,34.236824093086916,40.63798463836996,6.401160545283041,6.401160545283041
sub-520349870969,52.887063655030786,53.29844888030433,0.41138522527354127,0.41138522527354127
sub-520988708445,21.0,24.312473119395975,3.3124731193959747,3.3124731193959747
sub-521130407753,19.0,31.366319995367665,12.366319995367665,12.366319995367665
sub-521410433804,33.24024640657084,33.24250812617437,0.002261719603531276,0.002261719603531276
sub-521784895043,8.898015,2.428221922958059,-6.46979307704194,6.46979307704194
sub-522535703135,77.0,57.606957002862515,-19.393042997137485,19.393042997137485
sub-522546505826,54.21492128678987,44.0711995810355,-10.143721705754366,10.143721705754366
sub-522635986366,10.67,9.50310669204125,-1.16689330795875,1.16689330795875
sub-522815183788,21.0,27.892876986519354,6.892876986519354,6.892876986519354
sub-522964764253,27.0,24.88461736553588,-2.115382634464119,2.115382634464119
sub-523056996207,23.0,28.038899767542,5.038899767541999,5.038899767541999
sub-523098042038,19.0,21.144933743482326,2.1449337434823263,2.1449337434823263
sub-523327138347,15.91,17.168363014262585,1.258363014262585,1.258363014262585
sub-523987222100,21.0,25.566252832279474,4.566252832279474,4.566252832279474
sub-524224102666,68.15058179329226,59.21639063903655,-8.934191154255714,8.934191154255714
sub-524609168470,21.0,36.83647631711875,15.836476317118752,15.836476317118752
sub-524943052363,16.0,16.137787896230826,0.13778789623082588,0.13778789623082588
sub-525079718146,44.2,37.15168992917947,-7.048310070820534,7.048310070820534
sub-525096935871,22.0,29.614905576096575,7.614905576096575,7.614905576096575
sub-525182251128,19.0,21.127766921827327,2.1277669218273267,2.1277669218273267
sub-525443507902,14.0,21.81791326397189,7.817913263971889,7.817913263971889
sub-525653325297,24.0,34.03372304567218,10.033723045672183,10.033723045672183
sub-525763369127,27.66,26.964472788481057,-0.695527211518943,0.695527211518943
sub-525789234356,27.5,28.858401693291494,1.3584016932914942,1.3584016932914942
sub-526031133456,10.11232877,11.978561234130673,1.8662324641306736,1.8662324641306736
sub-526119249037,22.5,16.466233059321084,-6.033766940678916,6.033766940678916
sub-526462261938,21.0,17.74010115068845,-3.2598988493115506,3.2598988493115506
sub-526879269662,21.0,17.166122362243303,-3.8338776377566965,3.8338776377566965
sub-527212529902,19.0,10.964201310036092,-8.035798689963908,8.035798689963908
sub-527520173294,57.73853524982889,45.101806786592746,-12.636728463236146,12.636728463236146
sub-527550273544,20.0,21.259488818264273,1.2594888182642734,1.2594888182642734
sub-527982967568,62.09445585215607,55.292987388827854,-6.801468463328213,6.801468463328213
sub-528086828510,19.0,26.17742097453192,7.17742097453192,7.17742097453192
sub-528159895368,19.0,19.67834053171417,0.67834053171417,0.67834053171417
sub-528349758820,26.0,43.41368995660676,17.41368995660676,17.41368995660676
sub-528365243313,19.0,26.088490610597095,7.088490610597095,7.088490610597095
sub-528421144678,15.91,23.74203441074242,7.83203441074242,7.83203441074242
sub-529591604049,18.0,8.024665101350916,-9.975334898649084,9.975334898649084
sub-529610647368,19.0,17.302005687786654,-1.6979943122133463,1.6979943122133463
sub-530484284929,27.0,12.199769161214576,-14.800230838785424,14.800230838785424
sub-530551923943,19.0,16.227677198269255,-2.772322801730745,2.772322801730745
sub-530581463174,36.46817248459959,39.37665683061209,2.9084843460125,2.9084843460125
sub-530817417732,19.0,26.35620178477127,7.356201784771269,7.356201784771269
sub-530934590183,31.0,25.440929808478877,-5.559070191521123,5.559070191521123
sub-531119398497,19.0,23.11480585159539,4.1148058515953885,4.1148058515953885
sub-531172214225,25.0,35.57673303933505,10.576733039335053,10.576733039335053
sub-531902648118,27.5,37.89750905625962,10.397509056259622,10.397509056259622
sub-532024257558,67.1129363449692,46.51542908539305,-20.597507259576147,20.597507259576147
sub-532271128785,59.74264202600958,53.56467673127817,-6.177965294731408,6.177965294731408
sub-532899301034,9.3,13.207066303465933,3.907066303465932,3.907066303465932
sub-534104063338,23.0,15.28437948385492,-7.71562051614508,7.71562051614508
sub-535399597427,32.0,37.87275103209048,5.872751032090477,5.872751032090477
sub-535587500460,10.0,13.453077616296166,3.4530776162961665,3.4530776162961665
sub-535704909571,25.0,31.133348551334485,6.133348551334485,6.133348551334485
sub-535707981968,24.0,33.03800768139499,9.038007681394987,9.038007681394987
sub-536470263663,21.0,22.79181260089929,1.7918126008992914,1.7918126008992914
sub-536531144180,21.0,29.44465859010637,8.444658590106371,8.444658590106371
sub-536879781890,19.0,34.210506609512635,15.210506609512635,15.210506609512635
sub-537034379289,17.36,11.247602406387369,-6.112397593612631,6.112397593612631
sub-537117242845,21.0,25.692269904481353,4.692269904481353,4.692269904481353
sub-537131646189,54.277891854893895,53.614234401732574,-0.6636574531613206,0.6636574531613206
sub-537149039924,13.0,13.73497497950391,0.7349749795039102,0.7349749795039102
sub-537492154508,29.730321697467488,32.48111859249514,2.750796895027655,2.750796895027655
sub-537820593556,22.1081,16.804509782020865,-5.303590217979135,5.303590217979135
sub-537896211156,7.326489,4.167882476413762,-3.1586065235862373,3.1586065235862373
sub-538011067524,19.0,24.907888620905453,5.907888620905453,5.907888620905453
sub-538129865393,9.2081,6.355302433569715,-2.8527975664302847,2.8527975664302847
sub-538224989757,23.0,19.132799519088852,-3.8672004809111478,3.8672004809111478
sub-538778430581,21.0,20.625628145525056,-0.37437185447494414,0.37437185447494414
sub-538898447435,9.1752,1.6924317899390502,-7.48276821006095,7.48276821006095
sub-538946903744,27.0,28.940883543776188,1.940883543776188,1.940883543776188
sub-539211759402,24.0,23.94682839329886,-0.05317160670114163,0.05317160670114163
sub-539327928394,19.0,18.324088226745978,-0.6759117732540219,0.6759117732540219
sub-539663876342,10.54246575,11.553215034565241,1.0107492845652413,1.0107492845652413
sub-539946177552,21.0,21.43436306040404,0.4343630604040385,0.4343630604040385
sub-540417431290,18.0,14.17953093809166,-3.820469061908341,3.820469061908341
sub-540478978405,23.0,34.096270997780614,11.096270997780614,11.096270997780614
sub-540543807336,19.0,32.806347307981,13.806347307981,13.806347307981
sub-540712487602,21.0,30.81056588530671,9.810565885306708,9.810565885306708
sub-541303066659,19.0,26.865026470601958,7.865026470601958,7.865026470601958
sub-541464924960,59.68514715947981,48.92909255799036,-10.756054601489453,10.756054601489453
sub-541568909688,7.0,6.844326839875269,-0.15567316012473142,0.15567316012473142
sub-541782998562,21.0,24.074426601347668,3.0744266013476675,3.0744266013476675
sub-541821932799,19.0,16.80630625008115,-2.1936937499188502,2.1936937499188502
sub-542120424077,70.83641341546884,58.27434059511556,-12.56207282035328,12.56207282035328
sub-542231428806,37.828884325804246,31.97738000066905,-5.8515043251351955,5.8515043251351955
sub-542257236175,21.0,22.645144937559063,1.6451449375590634,1.6451449375590634
sub-542398394549,24.0,35.40141978241094,11.40141978241094,11.40141978241094
sub-542761478680,11.01643836,18.50853498101945,7.492096621019451,7.492096621019451
sub-543380072448,20.0,24.22249632059186,4.222496320591858,4.222496320591858
sub-543866398227,11.84383562,2.7851994902592914,-9.058636129740709,9.058636129740709
sub-544128411470,74.98973305954826,51.121472712427135,-23.868260347121122,23.868260347121122
sub-544177506947,11.7892,9.340010422628076,-2.449189577371923,2.449189577371923
sub-544551531568,27.3238,18.81584659560984,-8.507953404390157,8.507953404390157
sub-544715833793,22.5,36.66747861840146,14.16747861840146,14.16747861840146
sub-545189027962,20.0,22.880764317407063,2.8807643174070634,2.8807643174070634
sub-545343612156,23.0,21.04798976153726,-1.9520102384627407,1.9520102384627407
sub-545397923902,21.0,20.99437439947756,-0.0056256005224391,0.0056256005224391
sub-545455624714,14.8,22.22427046873006,7.424270468730061,7.424270468730061
sub-545465269376,24.0,36.50057464397501,12.500574643975007,12.500574643975007
sub-545766225869,72.5,51.82998682292394,-20.670013177076058,20.670013177076058
sub-546159793818,19.0,19.962559356657344,0.9625593566573443,0.9625593566573443
sub-546222000389,24.569472963723477,29.693105296507145,5.123632332783668,5.123632332783668
sub-546466749045,20.0,28.96809549001296,8.96809549001296,8.96809549001296
sub-546875623860,21.0,17.22490837326266,-3.775091626737339,3.775091626737339
sub-547139274284,19.0,21.65629664461017,2.656296644610169,2.656296644610169
sub-547312228567,21.0,25.450059005418304,4.450059005418304,4.450059005418304
sub-547450106968,27.5,32.35071750898886,4.850717508988858,4.850717508988858
sub-547460968610,19.0,19.11338735098294,0.11338735098293995,0.11338735098293995
sub-548237648888,8.331506849,-3.9243319768260854,-12.255838825826086,12.255838825826086
sub-548299471837,23.0,23.023941720557197,0.02394172055719679,0.02394172055719679
sub-548382705939,14.25,3.3702859389579523,-10.879714061042048,10.879714061042048
sub-548750637639,12.73,22.275496060504235,9.545496060504234,9.545496060504234
sub-548760873320,19.0,17.779662486160653,-1.2203375138393469,1.2203375138393469
sub-549448988509,9.0,16.232090624929675,7.2320906249296755,7.2320906249296755
sub-550373790770,26.57905544147844,28.989296977223606,2.4102415357451648,2.4102415357451648
sub-550394965552,32.0,24.387188823879203,-7.612811176120797,7.612811176120797
sub-551457299823,12.70136986,5.224995904425555,-7.476373955574445,7.476373955574445
sub-551781438290,21.0,22.00463506638881,1.0046350663888113,1.0046350663888113
sub-551972724558,21.0,23.097048947372574,2.097048947372574,2.097048947372574
sub-552444560261,69.6892539356605,58.29466600480791,-11.394587930852595,11.394587930852595
sub-552670227215,12.42739726,6.008841750043732,-6.418555509956267,6.418555509956267
sub-553719287153,22.5,31.214017219171467,8.714017219171467,8.714017219171467
sub-553980195351,14.0,19.90836346501827,5.908363465018269,5.908363465018269
sub-554090328633,22.5,18.468825472800376,-4.031174527199624,4.031174527199624
sub-554433867792,11.0,12.78438109211637,1.7843810921163694,1.7843810921163694
sub-554540369195,57.210130047912386,52.72597695405089,-4.484153093861494,4.484153093861494
sub-554894252350,19.0,16.456698563731713,-2.543301436268287,2.543301436268287
sub-555146543406,8.82739726,22.716231911232263,13.888834651232264,13.888834651232264
sub-555813233988,25.58521560574949,33.37112998691765,7.785914381168162,7.785914381168162
sub-556188520622,21.0,27.981461063510793,6.9814610635107925,6.9814610635107925
sub-556282864284,19.0,22.03727453118571,3.037274531185709,3.037274531185709
sub-557315657627,27.5,42.18356070292373,14.683560702923728,14.683560702923728
sub-557485689083,18.0,17.516539785910233,-0.48346021408976725,0.48346021408976725
sub-557526146186,19.0,27.576065709651914,8.576065709651914,8.576065709651914
sub-557844531627,23.0,22.249868168747387,-0.7501318312526131,0.7501318312526131
sub-558059595100,19.0,18.504789867251233,-0.4952101327487668,0.4952101327487668
sub-558379537642,9.7,16.352415675763844,6.652415675763844,6.652415675763844
sub-558400453988,8.942465752999999,10.742816231320951,1.8003504783209525,1.8003504783209525
sub-558541399225,21.0,20.507834211985355,-0.4921657880146455,0.4921657880146455
sub-558593437333,18.0,46.702781592300994,28.702781592300994,28.702781592300994
sub-558604874300,32.16974674880219,28.6487600477907,-3.5209867010114912,3.5209867010114912
sub-558698688863,15.7,9.058773428813232,-6.641226571186767,6.641226571186767
sub-558802533319,8.471232877,28.6496965652441,20.1784636882441,20.1784636882441
sub-558939022769,24.0,23.221416945726183,-0.7785830542738168,0.7785830542738168
sub-558960275349,22.0,30.154993607085782,8.154993607085782,8.154993607085782
sub-559597730211,23.0,13.757537995342187,-9.242462004657813,9.242462004657813
sub-560549455828,27.5,42.79386728380092,15.293867283800921,15.293867283800921
sub-560904425980,24.0,28.00640197600323,4.006401976003229,4.006401976003229
sub-561045643649,22.5,29.659838109062377,7.1598381090623775,7.1598381090623775
sub-561139464018,69.0,51.46910983921575,-17.530890160784253,17.530890160784253
sub-561225919354,22.5,24.407596787693684,1.9075967876936843,1.9075967876936843
sub-561366951241,21.0,17.75757869036276,-3.2424213096372405,3.2424213096372405
sub-561734337718,31.0,29.325999845063855,-1.6740001549361452,1.6740001549361452
sub-561752414596,46.0,20.668415329118492,-25.331584670881508,25.331584670881508
sub-561933935805,28.61327857631759,46.1206581391855,17.50737956286791,17.50737956286791
sub-562485434705,9.063,7.840467029063781,-1.2225329709362196,1.2225329709362196
sub-562524748965,24.0,27.767899051071293,3.767899051071293,3.767899051071293
sub-562839089454,42.5,30.81347290031441,-11.686527099685591,11.686527099685591
sub-562931531957,75.82751540041069,55.8063749437641,-20.02114045664659,20.02114045664659
sub-563023335884,12.0,8.165550411625798,-3.834449588374202,3.834449588374202
sub-563291815565,19.0,18.82383974928963,-0.176160250710371,0.176160250710371
sub-563294691785,8.783561644,16.718476269312394,7.934914625312393,7.934914625312393
sub-563981968175,19.0,22.27502791700998,3.2750279170099788,3.2750279170099788
sub-564557955687,79.0,45.27634707619478,-33.72365292380522,33.72365292380522
sub-564848221621,23.2909,33.30782791435405,10.01692791435405,10.01692791435405
sub-565025526070,21.0,28.954431098891607,7.954431098891607,7.954431098891607
sub-565703410370,21.0,19.836510818315396,-1.1634891816846036,1.1634891816846036
sub-565741667065,15.1,19.157171809954917,4.057171809954918,4.057171809954918
sub-565839592675,22.0,11.484346051444522,-10.515653948555478,10.515653948555478
sub-565908100162,12.4298,21.017190406731274,8.587390406731274,8.587390406731274
sub-566100490218,20.0,15.893811625910814,-4.106188374089186,4.106188374089186
sub-566155888990,24.28473648186174,40.58847178620911,16.303735304347374,16.303735304347374
sub-566211969588,23.0,24.307413416229426,1.3074134162294264,1.3074134162294264
sub-566226278120,22.5,18.845352421261722,-3.6546475787382775,3.6546475787382775
sub-566608301162,18.0,23.125610122616774,5.125610122616774,5.125610122616774
sub-566869073328,9.632876712,11.861287878535688,2.228411166535688,2.228411166535688
sub-567011290205,25.0,19.466043788000874,-5.533956211999126,5.533956211999126
sub-567035745011,10.50136986,6.4705989217803435,-4.030770938219657,4.030770938219657
sub-567138629151,24.6,22.400872373287743,-2.199127626712258,2.199127626712258
sub-567753707774,21.0,23.808767991513932,2.808767991513932,2.808767991513932
sub-568161091231,51.65776865160849,39.45224155325474,-12.205527098353755,12.205527098353755
sub-568610648241,14.0,22.98532262680004,8.985322626800041,8.985322626800041
sub-568873041221,23.0,25.819888749936393,2.8198887499363927,2.8198887499363927
sub-569532759972,64.26830937713895,40.08225179896459,-24.186057578174356,24.186057578174356
sub-570598617499,11.8109589,24.556406382900153,12.745447482900154,12.745447482900154
sub-572336248338,22.5,15.728844775930405,-6.771155224069595,6.771155224069595
sub-572513296369,21.0,37.475828676055436,16.475828676055436,16.475828676055436
sub-572517794446,20.0,25.85864032602874,5.858640326028741,5.858640326028741
sub-572747785752,11.76712329,23.251162767736115,11.484039477736115,11.484039477736115
sub-572750930282,21.0,26.830432276079023,5.830432276079023,5.830432276079023
sub-573108584695,19.0,20.160587846769065,1.1605878467690651,1.1605878467690651
sub-573338784763,12.58,8.601743169230996,-3.978256830769004,3.978256830769004
sub-573830855349,21.0,31.236352230295353,10.236352230295353,10.236352230295353
sub-574114738756,18.0,21.530657248636622,3.530657248636622,3.530657248636622
sub-574140052026,36.0,45.387182766848966,9.387182766848966,9.387182766848966
sub-574160796443,21.0,21.829490136374837,0.8294901363748366,0.8294901363748366
sub-574676182729,21.0,24.582905577094593,3.582905577094593,3.582905577094593
sub-575234378047,22.0,32.71872003398265,10.718720033982649,10.718720033982649
sub-575605093745,23.0,27.972922235447566,4.972922235447566,4.972922235447566
sub-576178414159,21.0,27.683532455748786,6.683532455748786,6.683532455748786
sub-576627281914,37.5,34.7832777027123,-2.7167222972877028,2.7167222972877028
sub-577293045337,20.0,23.5999483330193,3.5999483330192987,3.5999483330192987
sub-578146676720,23.0,25.928795881241523,2.9287958812415233,2.9287958812415233
sub-578385109718,61.015742642026005,55.36765536010703,-5.648087281918976,5.648087281918976
sub-578842404933,24.0,9.771758134473547,-14.228241865526453,14.228241865526453
sub-578912543438,13.0,6.513496486760243,-6.486503513239757,6.486503513239757
sub-578915055891,21.0,20.481729764088882,-0.5182702359111175,0.5182702359111175
sub-579120328387,12.51232877,13.471933226915496,0.9596044569154962,0.9596044569154962
sub-579327790838,22.0,31.59492616746529,9.594926167465289,9.594926167465289
sub-579548048094,10.60273973,0.9688009179263517,-9.633938812073648,9.633938812073648
sub-579899565725,21.0,27.259634459462276,6.259634459462276,6.259634459462276
sub-579996063674,11.0,-0.5687264767323228,-11.568726476732323,11.568726476732323
sub-580285657273,10.0,-3.999688593654689,-13.999688593654689,13.999688593654689
sub-580748616468,11.72876712,15.17353168278975,3.44476456278975,3.44476456278975
sub-581074279240,72.5,55.77937526671361,-16.720624733286392,16.720624733286392
sub-581150303156,21.0,19.429403328900584,-1.5705966710994161,1.5705966710994161
sub-581313710290,7.66,13.524257288460873,5.864257288460873,5.864257288460873
sub-582324789442,21.0,23.002248035271133,2.0022480352711334,2.0022480352711334
sub-582536446323,24.0,14.091918172195449,-9.908081827804551,9.908081827804551
sub-582956839439,21.0,21.48886481520755,0.488864815207549,0.488864815207549
sub-584071855973,18.0,29.250119652259865,11.250119652259865,11.250119652259865
sub-584112525911,23.0,12.941387838871844,-10.058612161128156,10.058612161128156
sub-584133814549,21.0,21.66474577342659,0.6647457734265885,0.6647457734265885
sub-584305222833,22.5,23.746138076393756,1.2461380763937555,1.2461380763937555
sub-585134564411,31.0,32.21032070885984,1.2103207088598396,1.2103207088598396
sub-585178633428,23.0,7.057309847095535,-15.942690152904465,15.942690152904465
sub-585840627036,19.0,20.136646234886925,1.1366462348869248,1.1366462348869248
sub-585890839608,26.98425735797399,41.027582217833256,14.043324859859265,14.043324859859265
sub-586524106373,11.44657534,5.897680988813349,-5.548894351186652,5.548894351186652
sub-586887695836,8.821917808,4.772330162283069,-4.049587645716931,4.049587645716931
sub-587009566043,21.0,26.495507329024925,5.495507329024925,5.495507329024925
sub-587717071548,22.0,27.591431045489838,5.591431045489838,5.591431045489838
sub-587734814736,18.0,20.867636366534505,2.867636366534505,2.867636366534505
sub-588017006762,21.0,27.898131975754367,6.898131975754367,6.898131975754367
sub-588680393420,22.5,40.01067331398429,17.51067331398429,17.51067331398429
sub-589159090994,25.0,19.313338057000088,-5.686661942999912,5.686661942999912
sub-590290455236,11.23013699,9.887444711999535,-1.3426922780004649,1.3426922780004649
sub-590542611343,23.0,26.18060443237642,3.1806044323764198,3.1806044323764198
sub-591687985082,19.0,22.987519096050338,3.987519096050338,3.987519096050338
sub-592239322410,19.0,20.450922064489234,1.4509220644892338,1.4509220644892338
sub-592480598244,19.0,21.6522564704232,2.6522564704232003,2.6522564704232003
sub-592747222720,79.41409993155374,58.90277284377667,-20.51132708777707,20.51132708777707
sub-592933699184,23.0,28.073182812927428,5.073182812927428,5.073182812927428
sub-593517093579,22.5,30.080869127533536,7.580869127533536,7.580869127533536
sub-593650733821,27.0,29.99823434681707,2.998234346817071,2.998234346817071
sub-593784360328,27.0,25.98847608425988,-1.0115239157401206,1.0115239157401206
sub-594451160548,21.0,26.380477578644904,5.3804775786449035,5.3804775786449035
sub-594656396715,29.0,31.22860714009365,2.2286071400936507,2.2286071400936507
sub-594745664942,16.0,13.29974995835358,-2.70025004164642,2.70025004164642
sub-595338991165,21.0,22.015124200537443,1.0151242005374428,1.0151242005374428
sub-595372614006,24.6543,16.562702387392857,-8.091597612607142,8.091597612607142
sub-595618580909,18.7,24.700762743231746,6.000762743231746,6.000762743231746
sub-596066839689,23.0,27.32658144356368,4.326581443563679,4.326581443563679
sub-596190685497,15.2,18.508691747263754,3.3086917472637545,3.3086917472637545
sub-596439418214,59.14852840520192,50.42668321140614,-8.72184519379578,8.72184519379578
sub-596552068250,14.0,18.031754746382134,4.031754746382134,4.031754746382134
sub-596630833773,21.0,23.47787047066707,2.477870470667071,2.477870470667071
sub-596648006143,22.0,24.92228945948235,2.92228945948235,2.92228945948235
sub-596962321361,9.375342466,14.265010218092673,4.889667752092674,4.889667752092674
sub-597843888777,9.73,12.462844494290383,2.732844494290383,2.732844494290383
sub-598246474606,19.0,29.540090158997923,10.540090158997923,10.540090158997923
sub-599591857106,21.0,19.666112636511635,-1.3338873634883655,1.3338873634883655
sub-599933244197,67.5,57.948919735721276,-9.551080264278724,9.551080264278724
sub-600098084610,21.0,22.373095741598757,1.3730957415987568,1.3730957415987568
sub-600265031153,18.0,10.441757780950987,-7.5582422190490135,7.5582422190490135
sub-600275574870,8.920547945,8.591138210275414,-0.32940973472458523,0.32940973472458523
sub-600444550688,22.5,26.0135662142595,3.5135662142595017,3.5135662142595017
sub-600488415104,25.0,19.081946992685378,-5.918053007314622,5.918053007314622
sub-600606462331,13.0,19.94027589967264,6.940275899672638,6.940275899672638
sub-600653104909,25.0,24.81054811116145,-0.18945188883855124,0.18945188883855124
sub-601575314713,18.0,22.17126860114681,4.17126860114681,4.17126860114681
sub-602114713255,16.0,5.792258632869231,-10.207741367130769,10.207741367130769
sub-602900008789,29.27857631759069,47.21142458034734,17.93284826275665,17.93284826275665
sub-603015713565,10.0,9.3141229083012,-0.6858770916987993,0.6858770916987993
sub-603274442678,21.0,19.359038518058707,-1.640961481941293,1.640961481941293
sub-603550058118,21.0,14.223364368000112,-6.776635631999888,6.776635631999888
sub-603637173781,21.0,20.772278041651965,-0.22772195834803455,0.22772195834803455
sub-604403915211,22.5,19.64631394913939,-2.8536860508606097,2.8536860508606097
sub-604494512599,10.08767123,19.161618151430368,9.073946921430368,9.073946921430368
sub-604727014440,15.25,29.77979024807479,14.52979024807479,14.52979024807479
sub-605330686646,19.0,9.52507097932424,-9.47492902067576,9.47492902067576
sub-605373904061,23.0,25.544167893963447,2.544167893963447,2.544167893963447
sub-605870296030,18.0,18.71892789559602,0.7189278955960212,0.7189278955960212
sub-606047187144,18.0,18.546038870193694,0.5460388701936942,0.5460388701936942
sub-606245703129,19.0,24.260824605984315,5.260824605984315,5.260824605984315
sub-606417784213,26.0,41.93964800453626,15.93964800453626,15.93964800453626
sub-606527255214,22.0,22.59422490300558,0.5942249030055784,0.5942249030055784
sub-606619069147,14.2,13.731963713339098,-0.4680362866609009,0.4680362866609009
sub-606946325458,27.5,40.994487199251395,13.494487199251395,13.494487199251395
sub-607709228236,19.0,20.89927600265399,1.8992760026539912,1.8992760026539912
sub-607793324229,21.0,21.069221494421342,0.06922149442134184,0.06922149442134184
sub-607808523191,23.0,27.839495149889387,4.8394951498893874,4.8394951498893874
sub-608227590536,18.0,6.831922796544269,-11.16807720345573,11.16807720345573
sub-608679778524,19.0,22.3013015086078,3.3013015086078,3.3013015086078
sub-608690804111,23.0,22.91437725544806,-0.08562274455194085,0.08562274455194085
sub-609017504616,19.0,21.793876369172356,2.793876369172356,2.793876369172356
sub-609030289266,54.0,37.16100662995409,-16.838993370045912,16.838993370045912
sub-609062293978,48.25462012320329,38.939290951666166,-9.315329171537122,9.315329171537122
sub-609656607957,48.07939767282682,43.96009381543472,-4.119303857392104,4.119303857392104
sub-609892457500,13.75,25.49917397959093,11.749173979590928,11.749173979590928
sub-610209673140,21.0,28.723610968646867,7.723610968646867,7.723610968646867
sub-610293547167,21.0,16.027855554556343,-4.972144445443657,4.972144445443657
sub-610598919254,35.58,34.687003586782495,-0.892996413217503,0.892996413217503
sub-611520063730,19.0,11.256386551181446,-7.743613448818554,7.743613448818554
sub-611990204992,21.0,26.155958063056516,5.1559580630565165,5.1559580630565165
sub-612136152096,23.0,17.967566341687686,-5.032433658312314,5.032433658312314
sub-612159600570,19.0,18.524819005178674,-0.4751809948213257,0.4751809948213257
sub-612498412297,21.0,27.471052761092988,6.471052761092988,6.471052761092988
sub-612699294349,38.0,48.01434175597214,10.01434175597214,10.01434175597214
sub-612846439329,23.0,13.679770224102416,-9.320229775897584,9.320229775897584
sub-612992669944,19.33,14.90091596299554,-4.429084037004458,4.429084037004458
sub-613224225766,9.9548,-4.463280426339942,-14.418080426339943,14.418080426339943
sub-613987073343,27.5,29.061920267765206,1.5619202677652062,1.5619202677652062
sub-614478580712,72.82683093771391,59.13267596683943,-13.694154970874479,13.694154970874479
sub-614655003675,27.0,33.18419781212251,6.1841978121225125,6.1841978121225125
sub-614767601532,22.0,18.348892197322026,-3.6511078026779735,3.6511078026779735
sub-614986450038,27.5,42.35315095992085,14.853150959920853,14.853150959920853
sub-615195654528,26.87748117727584,43.38336073293804,16.505879555662197,16.505879555662197
sub-615353760008,9.933,9.307299630861003,-0.6257003691389968,0.6257003691389968
sub-615418240534,23.0,25.923931002164714,2.9239310021647142,2.9239310021647142
sub-615511318906,27.5,31.030116526716185,3.530116526716185,3.530116526716185
sub-615539517070,17.0,22.398874333469283,5.3988743334692835,5.3988743334692835
sub-616304398458,21.0,11.728199392855899,-9.271800607144101,9.271800607144101
sub-616650002943,49.0,37.72621543264853,-11.27378456735147,11.27378456735147
sub-616981188326,15.0,7.948114248011144,-7.051885751988856,7.051885751988856
sub-617184569359,23.0,28.865466569655393,5.865466569655393,5.865466569655393
sub-617228447780,21.0,15.854997343110856,-5.145002656889144,5.145002656889144
sub-617548875008,32.5,32.74294593137493,0.24294593137493337,0.24294593137493337
sub-617551838591,26.0,34.27302052988506,8.27302052988506,8.27302052988506
sub-617764434567,54.19301848049281,46.027343430339876,-8.165675050152934,8.165675050152934
sub-617901292458,20.0,22.799262798850258,2.7992627988502576,2.7992627988502576
sub-618287927693,13.0,16.199350587786107,3.199350587786107,3.199350587786107
sub-619041447551,13.86447639,23.081395763096893,9.216919373096893,9.216919373096893
sub-619456358765,29.0,31.633362387837966,2.633362387837966,2.633362387837966
sub-619472236320,11.0,-4.503766431028218,-15.503766431028218,15.503766431028218
sub-619489060193,19.0,19.919263109587302,0.9192631095873018,0.9192631095873018
sub-619550922545,38.77344284736482,43.18963410168669,4.416191254321873,4.416191254321873
sub-619614013878,40.0,40.06419926452156,0.06419926452156233,0.06419926452156233
sub-619633240608,21.0,19.939178409261217,-1.060821590738783,1.060821590738783
sub-620208115958,19.0,27.5108926076202,8.5108926076202,8.5108926076202
sub-620257630539,19.0,28.680457117559857,9.680457117559857,9.680457117559857
sub-620369093938,10.7529,9.264115962693783,-1.4887840373062176,1.4887840373062176
sub-620984229042,44.88158795345654,46.2664931758322,1.3849052223756644,1.3849052223756644
sub-621736610839,10.69589041,12.557507336254467,1.8616169262544666,1.8616169262544666
sub-621749560707,21.0,22.733292987353686,1.7332929873536855,1.7332929873536855
sub-622250944839,21.0,21.346483852447065,0.34648385244706503,0.34648385244706503
sub-622381959459,19.0,30.327711914336824,11.327711914336824,11.327711914336824
sub-622552266432,21.0,24.528628608072022,3.5286286080720224,3.5286286080720224
sub-622843285408,21.0,14.25767899210615,-6.74232100789385,6.74232100789385
sub-622888774016,19.0,12.106065004968983,-6.893934995031017,6.893934995031017
sub-622939334251,8.983561644,15.39085904957286,6.40729740557286,6.40729740557286
sub-622953019079,41.752224503764545,41.207376138264166,-0.5448483655003784,0.5448483655003784
sub-623405236906,21.0,26.466994211192727,5.466994211192727,5.466994211192727
sub-623833254305,67.5,52.98072424379266,-14.519275756207342,14.519275756207342
sub-624448003003,31.0,28.2761126502085,-2.7238873497915,2.7238873497915
sub-625380292482,19.0,27.4090039327038,8.4090039327038,8.4090039327038
sub-625883065867,20.0,17.113908660855834,-2.8860913391441656,2.8860913391441656
sub-625981000050,19.0,21.7070146143354,2.7070146143353995,2.7070146143353995
sub-626188931445,17.0,18.139276733871164,1.1392767338711636,1.1392767338711636
sub-626212764612,14.0,6.687919711043953,-7.312080288956047,7.312080288956047
sub-626261127584,59.88227241615331,52.46662235895121,-7.4156500572021,7.4156500572021
sub-627005612106,19.0,48.092974846732446,29.092974846732446,29.092974846732446
sub-627471727969,66.90759753593429,49.088679324552444,-17.818918211381842,17.818918211381842
sub-627612378300,27.0,28.305068167329846,1.3050681673298463,1.3050681673298463
sub-628738898345,21.0,19.46355687764261,-1.5364431223573902,1.5364431223573902
sub-628789413034,21.0,20.552509867519895,-0.4474901324801053,0.4474901324801053
sub-628893530541,9.189041096,0.9809161076880173,-8.208124988311983,8.208124988311983
sub-628907340229,22.0,15.74326481424104,-6.256735185758959,6.256735185758959
sub-629066084898,21.0,21.44839132736639,0.44839132736639087,0.44839132736639087
sub-630442925754,23.0,27.4420374846801,4.4420374846801,4.4420374846801
sub-630551983437,59.83572895277207,56.17693715657917,-3.658791796192901,3.658791796192901
sub-631426044350,23.0,19.429267827113883,-3.5707321728861174,3.5707321728861174
sub-631760081925,21.0,11.641196335480235,-9.358803664519765,9.358803664519765
sub-632118830745,27.0,39.256522994813245,12.256522994813245,12.256522994813245
sub-632446705337,19.0,25.16024454992587,6.160244549925871,6.160244549925871
sub-632509073360,11.55,12.54594530121867,0.9959453012186685,0.9959453012186685
sub-633602514995,23.0,25.972843902758143,2.972843902758143,2.972843902758143
sub-633708423748,21.0,18.499622646863916,-2.5003773531360842,2.5003773531360842
sub-634456883025,24.0,20.80536176760143,-3.194638232398571,3.194638232398571
sub-634620596226,21.0,14.439976799812833,-6.5600232001871674,6.5600232001871674
sub-635354190905,21.0,9.19166202542209,-11.80833797457791,11.80833797457791
sub-635915234969,19.0,16.232198621153984,-2.7678013788460163,2.7678013788460163
sub-636129540020,24.0,32.25790047304134,8.257900473041339,8.257900473041339
sub-636479953124,19.0,18.047959656709892,-0.9520403432901077,0.9520403432901077
sub-638598699448,19.0,15.672183386334893,-3.3278166136651066,3.3278166136651066
sub-638986001058,11.0,10.220644287239189,-0.7793557127608111,0.7793557127608111
sub-639397399359,13.0,0.9892553736494882,-12.010744626350512,12.010744626350512
sub-639544814415,21.0,16.42267876757124,-4.577321232428758,4.577321232428758
sub-639549203110,20.9,14.239028765079158,-6.66097123492084,6.66097123492084
sub-639706198725,19.0,28.582098337711425,9.582098337711425,9.582098337711425
sub-639874239232,22.0,32.31288817313218,10.31288817313218,10.31288817313218
sub-640225753017,11.0,5.698347628975714,-5.301652371024286,5.301652371024286
sub-640376430100,21.0,19.396908352420596,-1.6030916475794044,1.6030916475794044
sub-640474032496,19.0,18.374653509350086,-0.625346490649914,0.625346490649914
sub-640745291862,19.0,41.43007446451769,22.430074464517688,22.430074464517688
sub-640829640252,10.68767123,2.7199465600632564,-7.967724669936743,7.967724669936743
sub-640887142993,19.0,12.11197610941029,-6.888023890589711,6.888023890589711
sub-641082032277,31.37029431895961,41.54294349726324,10.17264917830363,10.17264917830363
sub-641201171998,9.61369863,14.21868391591066,4.60498528591066,4.60498528591066
sub-641352058645,19.0,23.594660021651393,4.594660021651393,4.594660021651393
sub-641503012169,12.30410959,23.091374765633518,10.787265175633518,10.787265175633518
sub-641778374478,23.0,33.31707243997324,10.317072439973238,10.317072439973238
sub-641785343493,24.76386036960985,29.24011015876488,4.47624978915503,4.47624978915503
sub-641924756694,27.5,35.73500586510217,8.235005865102167,8.235005865102167
sub-642488241612,25.0,36.10209894188229,11.10209894188229,11.10209894188229
sub-642532666019,19.0,34.719929181311805,15.719929181311805,15.719929181311805
sub-642736420938,21.0,20.025230344569067,-0.9747696554309329,0.9747696554309329
sub-642915495773,25.0,17.730408813126573,-7.269591186873427,7.269591186873427
sub-643156878338,18.0,25.107406020427163,7.107406020427163,7.107406020427163
sub-643420326642,20.0,20.51665410539318,0.5166541053931795,0.5166541053931795
sub-643481278758,10.37260274,15.35890531359096,4.98630257359096,4.98630257359096
sub-644183180436,27.0,37.24152840246056,10.24152840246056,10.24152840246056
sub-644560253408,22.601,14.66480219524875,-7.936197804751249,7.936197804751249
sub-644732629191,19.0,20.545874964481776,1.5458749644817757,1.5458749644817757
sub-644777973300,27.5,43.842660648985756,16.342660648985756,16.342660648985756
sub-644890417557,21.0,18.399748881368055,-2.6002511186319452,2.6002511186319452
sub-644906648465,27.0,32.64872500654391,5.648725006543913,5.648725006543913
sub-645057554740,21.0,26.379671330168172,5.379671330168172,5.379671330168172
sub-645692300786,21.0,20.321061278768397,-0.6789387212316029,0.6789387212316029
sub-645710982073,21.0,18.47889828749529,-2.5211017125047093,2.5211017125047093
sub-645780261271,27.0,27.77439335887937,0.7743933588793688,0.7743933588793688
sub-645850258593,29.0,35.02548987557646,6.025489875576461,6.025489875576461
sub-646068282127,19.0,26.565430263888842,7.565430263888842,7.565430263888842
sub-646345876621,12.68,14.372566380147084,1.6925663801470847,1.6925663801470847
sub-646517610067,19.0,23.03499842738014,4.034998427380138,4.034998427380138
sub-646744484684,20.16700889801506,30.325534178123103,10.158525280108044,10.158525280108044
sub-646866546911,19.0,5.364615150363427,-13.635384849636573,13.635384849636573
sub-647719670521,19.0,17.860373501274356,-1.1396264987256437,1.1396264987256437
sub-648086716299,37.6974674880219,33.77107184670649,-3.926395641315409,3.926395641315409
sub-648249718476,11.76164384,13.98683249926842,2.2251886592684205,2.2251886592684205
sub-648278856903,15.0,13.31284832546195,-1.6871516745380504,1.6871516745380504
sub-648515033769,14.42,13.278350907677012,-1.1416490923229876,1.1416490923229876
sub-648576491590,23.0,30.830987966332156,7.830987966332156,7.830987966332156
sub-648813490696,21.0,20.54104628906607,-0.45895371093392967,0.45895371093392967
sub-649823056480,24.342231348391515,40.04817432212717,15.705942973735652,15.705942973735652
sub-649973856258,21.0,20.90275557699355,-0.09724442300645109,0.09724442300645109
sub-650124359274,19.0,30.253275559940064,11.253275559940064,11.253275559940064
sub-650193008460,23.0,27.530434506631067,4.530434506631067,4.530434506631067
sub-650286627379,12.0,14.025319583966631,2.025319583966631,2.025319583966631
sub-650323162497,13.95,22.619030765220128,8.669030765220128,8.669030765220128
sub-651378609045,10.0,6.180514849642975,-3.819485150357025,3.819485150357025
sub-651379322987,12.33,26.78274614305793,14.452746143057931,14.452746143057931
sub-651479451260,9.684931507,19.691212048072927,10.006280541072927,10.006280541072927
sub-651562292984,21.0,24.893094667168814,3.893094667168814,3.893094667168814
sub-652391251578,19.0,21.333832763862063,2.3338327638620626,2.3338327638620626
sub-652746983023,20.0,15.433878136272124,-4.566121863727876,4.566121863727876
sub-653961973252,19.0,13.555212482845306,-5.444787517154694,5.444787517154694
sub-654087624056,13.9,20.955430254701568,7.055430254701568,7.055430254701568
sub-654400627499,60.0,41.84833658760944,-18.151663412390562,18.151663412390562
sub-654814550678,22.5,29.189829163564447,6.689829163564447,6.689829163564447
sub-655048546266,21.0,27.836575688618815,6.836575688618815,6.836575688618815
sub-655374246890,28.870636550308017,38.178777809453784,9.308141259145767,9.308141259145767
sub-656950957845,24.0,31.55251299458849,7.55251299458849,7.55251299458849
sub-656989737791,41.09514031485284,42.190418762359826,1.0952784475069848,1.0952784475069848
sub-657153755669,31.0,24.95232390494948,-6.0476760950505195,6.0476760950505195
sub-657490657270,25.0,22.711546141191967,-2.288453858808033,2.288453858808033
sub-657704975547,18.0,31.469731391245645,13.469731391245645,13.469731391245645
sub-658403838316,17.0,17.02857126732384,0.028571267323840743,0.028571267323840743
sub-658732984981,27.5,41.94296127754058,14.442961277540583,14.442961277540583
sub-658776671303,17.83,27.891748497424263,10.061748497424265,10.061748497424265
sub-659006086496,18.0,20.85662151777709,2.8566215177770893,2.8566215177770893
sub-659008210173,22.5,28.142141546704696,5.642141546704696,5.642141546704696
sub-659343191601,19.0,27.24424669832881,8.244246698328809,8.244246698328809
sub-659455743211,22.5,27.828296962930843,5.3282969629308425,5.3282969629308425
sub-659518732450,22.5,27.44149952709686,4.941499527096859,4.941499527096859
sub-659879157552,19.0,32.887036891954345,13.887036891954345,13.887036891954345
sub-659885055931,22.0,29.532563001668507,7.532563001668507,7.532563001668507
sub-660642229990,19.0,17.513470412661807,-1.4865295873381932,1.4865295873381932
sub-660847550385,8.408219178,7.080266835156166,-1.3279523428438331,1.3279523428438331
sub-660910676815,20.0,29.624954471746722,9.624954471746722,9.624954471746722
sub-661066566833,13.0,24.038093822074856,11.038093822074856,11.038093822074856
sub-661217121523,21.0,24.011053709326745,3.0110537093267453,3.0110537093267453
sub-661697346338,19.0,28.041305858386615,9.041305858386615,9.041305858386615
sub-661825354690,30.069815195071868,38.20993144775992,8.140116252688053,8.140116252688053
sub-662096726150,13.0,11.816166118312598,-1.1838338816874021,1.1838338816874021
sub-663994701427,24.2611,26.926436161745038,2.6653361617450386,2.6653361617450386
sub-664052311069,21.0,26.263182236429188,5.263182236429188,5.263182236429188
sub-664063551695,31.46064339493498,29.47544823197033,-1.9851951629646507,1.9851951629646507
sub-664400075329,21.0,23.343534549406407,2.3435345494064066,2.3435345494064066
sub-664760112772,56.939082819986325,50.8739159247217,-6.065166895264625,6.065166895264625
sub-664974219741,27.0,24.58589619099665,-2.4141038090033504,2.4141038090033504
sub-665112865981,19.0,21.001692963575326,2.0016929635753264,2.0016929635753264
sub-665230680224,23.0,21.087992087010115,-1.9120079129898855,1.9120079129898855
sub-665303060615,19.0,21.400243038760777,2.4002430387607774,2.4002430387607774
sub-665358094819,19.0,17.730110740265367,-1.269889259734633,1.269889259734633
sub-665518598470,9.161,8.613278561457836,-0.5477214385421636,0.5477214385421636
sub-666278270179,21.0,31.489360451651756,10.489360451651756,10.489360451651756
sub-666304483965,23.0,23.50061630049732,0.5006163004973203,0.5006163004973203
sub-666694788584,41.0,56.38279898412809,15.382798984128087,15.382798984128087
sub-667083244912,19.0,10.866759878037882,-8.133240121962118,8.133240121962118
sub-667267572569,66.33264887063655,52.12128094967478,-14.21136792096177,14.21136792096177
sub-667802455407,58.0,43.905069990298415,-14.094930009701585,14.094930009701585
sub-668199381050,18.0,6.19571257114287,-11.80428742885713,11.80428742885713
sub-668766205850,65.66735112936345,49.4065397228827,-16.260811406480755,16.260811406480755
sub-668780942457,29.0,21.741113741619227,-7.258886258380773,7.258886258380773
sub-669071917132,21.0,24.491001413571794,3.4910014135717944,3.4910014135717944
sub-669147517964,22.5,34.62669409499678,12.126694094996779,12.126694094996779
sub-669502250517,21.0,23.144842157796333,2.144842157796333,2.144842157796333
sub-669938223438,12.4,1.5462985315264035,-10.853701468473597,10.853701468473597
sub-670439921796,21.0,23.166329058427365,2.1663290584273653,2.1663290584273653
sub-670440267086,21.0,17.141034436241952,-3.858965563758048,3.858965563758048
sub-670914982191,17.6,13.715759892804279,-3.8842401071957227,3.8842401071957227
sub-670965706532,18.0,28.39550597411449,10.395505974114489,10.395505974114489
sub-671107640505,28.158795345653655,31.447410010202972,3.2886146645493177,3.2886146645493177
sub-671682598086,10.96,15.930598071210376,4.970598071210375,4.970598071210375
sub-671852511180,29.9685,19.447871916442956,-10.520628083557042,10.520628083557042
sub-671881150872,21.0,29.680478767596473,8.680478767596473,8.680478767596473
sub-672056914948,83.45790554414785,45.314857739754515,-38.14304780439333,38.14304780439333
sub-672403936752,35.40588637919233,45.029299854130855,9.623413474938523,9.623413474938523
sub-672500627179,31.895961670088983,43.02680825107247,11.130846580983484,11.130846580983484
sub-672514734200,12.3,16.567294753491336,4.267294753491335,4.267294753491335
sub-672611254530,21.0,26.243513611846428,5.243513611846428,5.243513611846428
sub-672666802566,19.0,15.586695552657659,-3.413304447342341,3.413304447342341
sub-672791368571,11.65753425,4.8717469091876495,-6.78578734081235,6.78578734081235
sub-673092908902,11.0,20.586772118622385,9.586772118622385,9.586772118622385
sub-673884038980,27.326488706365502,37.4276947905022,10.101206084136699,10.101206084136699
sub-674146639032,19.0,20.796831017349724,1.7968310173497244,1.7968310173497244
sub-674149431427,25.0,15.47604127650943,-9.52395872349057,9.52395872349057
sub-674240758679,8.083333332999999,14.635185022895463,6.551851689895464,6.551851689895464
sub-674509869536,23.0,35.57881625136674,12.578816251366739,12.578816251366739
sub-674592363321,73.56331279945243,55.38393325482078,-18.17937954463165,18.17937954463165
sub-674684870917,21.0,19.29801474423778,-1.7019852557622208,1.7019852557622208
sub-674820667498,18.0,30.089279299428693,12.089279299428693,12.089279299428693
sub-675221521310,18.1383,22.01089163992998,3.872591639929979,3.872591639929979
sub-675459567756,21.0,34.31621160926903,13.316211609269033,13.316211609269033
sub-675837960607,37.5,35.920858050929915,-1.5791419490700846,1.5791419490700846
sub-675854313594,16.05,16.89881739322692,0.8488173932269198,0.8488173932269198
sub-676756169324,13.12,14.460346785042482,1.3403467850424828,1.3403467850424828
sub-676763352592,61.15263518138261,51.97374931434901,-9.1788858670336,9.1788858670336
sub-677544915835,19.0,16.680899194627592,-2.3191008053724076,2.3191008053724076
sub-677684213717,21.0,17.225261370234293,-3.7747386297657073,3.7747386297657073
sub-677737173589,9.0,13.886202085697377,4.886202085697377,4.886202085697377
sub-678520978380,49.04312114989733,39.54841195741227,-9.494709192485061,9.494709192485061
sub-678825690563,67.5,60.0068809338309,-7.4931190661691005,7.4931190661691005
sub-678999721414,27.5,28.897392464994084,1.397392464994084,1.397392464994084
sub-679338528035,31.849418206707732,39.08447208516826,7.235053878460526,7.235053878460526
sub-679731921792,26.0,23.572930694999137,-2.427069305000863,2.427069305000863
sub-679762367696,46.22039698836414,43.21553324260947,-3.004863745754676,3.004863745754676
sub-679864071438,21.0,20.27860073051034,-0.7213992694896589,0.7213992694896589
sub-680302874420,13.36,17.636546723438606,4.2765467234386065,4.2765467234386065
sub-680339578873,50.902121834360024,50.951155336139436,0.04903350177941235,0.04903350177941235
sub-680398942665,21.0,8.30339567458833,-12.69660432541167,12.69660432541167
sub-680734042819,14.91,17.490786740366197,2.5807867403661966,2.5807867403661966
sub-680757856739,22.5,23.894193902094866,1.394193902094866,1.394193902094866
sub-680772685788,13.0,11.681429823014508,-1.3185701769854923,1.3185701769854923
sub-680990983274,28.0,33.022847631339914,5.022847631339914,5.022847631339914
sub-681456690857,24.0,24.529918502221392,0.5299185022213919,0.5299185022213919
sub-682089304633,27.5,22.184380184584313,-5.315619815415687,5.315619815415687
sub-682175285376,20.0,25.162458307376404,5.162458307376404,5.162458307376404
sub-682251382971,19.0,17.12085118481614,-1.8791488151838607,1.8791488151838607
sub-682373025096,16.5,9.867060808903236,-6.632939191096764,6.632939191096764
sub-682540333780,19.0,33.09948367156311,14.099483671563107,14.099483671563107
sub-682565238858,21.0,30.34772445838665,9.34772445838665,9.34772445838665
sub-683077578493,19.0,14.91885104543394,-4.081148954566061,4.081148954566061
sub-683311152225,62.5,52.20581499400502,-10.294185005994983,10.294185005994983
sub-683939707752,63.81656399726214,47.74352095827939,-16.073043038982753,16.073043038982753
sub-683977145503,23.0,15.108031579419261,-7.8919684205807386,7.8919684205807386
sub-684188028169,11.66849315,6.49454147699203,-5.17395167300797,5.17395167300797
sub-684466732098,21.0,27.143538518812257,6.143538518812257,6.143538518812257
sub-685152998724,21.0,16.639542427727836,-4.360457572272164,4.360457572272164
sub-685299118745,18.0,-8.475883505663543,-26.475883505663543,26.475883505663543
sub-686082388541,30.0,35.964016263056095,5.964016263056095,5.964016263056095
sub-686436805646,33.17,38.28397967016756,5.113979670167559,5.113979670167559
sub-686706639402,22.0,30.093062959152924,8.093062959152924,8.093062959152924
sub-687363608821,10.80547945,14.255156109557298,3.449676659557298,3.449676659557298
sub-687730767942,23.0,16.223435763845565,-6.776564236154435,6.776564236154435
sub-687870123935,21.0,15.82014359986545,-5.17985640013455,5.17985640013455
sub-687905632775,21.0,34.781532040955284,13.781532040955284,13.781532040955284
sub-688318858034,19.0,23.6126712980655,4.6126712980655,4.6126712980655
sub-688375758179,41.71937029431896,43.539486788934184,1.8201164946152204,1.8201164946152204
sub-688740919551,9.808219178,8.726477093263359,-1.081742084736641,1.081742084736641
sub-689747547774,62.95961670088982,57.8573824697762,-5.10223423111362,5.10223423111362
sub-690309517436,55.0,42.267170189368706,-12.732829810631294,12.732829810631294
sub-690700446552,19.0,4.9202379444831195,-14.07976205551688,14.07976205551688
sub-690905328014,65.40999315537303,47.733254772214046,-17.676738383158984,17.676738383158984
sub-690939385110,25.0,35.75244717938476,10.75244717938476,10.75244717938476
sub-691371386930,21.0,19.410965424149037,-1.5890345758509632,1.5890345758509632
sub-691485115052,23.0,21.274501834944395,-1.7254981650556047,1.7254981650556047
sub-691759233511,19.0,21.884856579065385,2.884856579065385,2.884856579065385
sub-691921149119,29.49760438056126,41.60374599451188,12.106141613950623,12.106141613950623
sub-692024859380,27.0,30.34309556109387,3.3430955610938717,3.3430955610938717
sub-692150651594,22.5,15.816119910029933,-6.683880089970067,6.683880089970067
sub-693063068070,23.0,15.859988210716732,-7.1400117892832675,7.1400117892832675
sub-693325060378,21.0,16.72442849330274,-4.275571506697261,4.275571506697261
sub-693382231073,29.0,21.777187465871904,-7.222812534128096,7.222812534128096
sub-693399183927,22.5,24.72527547137577,2.2252754713757703,2.2252754713757703
sub-693783915366,19.0,29.694039063046688,10.694039063046688,10.694039063046688
sub-693974688215,42.98973305954826,47.48935891060323,4.499625851054972,4.499625851054972
sub-694112100550,22.41478439425052,26.707894069690024,4.293109675439503,4.293109675439503
sub-694127992242,17.6,27.08338078633303,9.48338078633303,9.48338078633303
sub-694932022560,27.5,31.027870476929596,3.5278704769295963,3.5278704769295963
sub-695085570524,27.92,31.375622203966017,3.4556222039660156,3.4556222039660156
sub-695242338127,21.0,27.137050434791046,6.137050434791046,6.137050434791046
sub-695273924163,21.0,22.462103587317767,1.4621035873177668,1.4621035873177668
sub-695333487294,9.229295,7.503520427383112,-1.7257745726168885,1.7257745726168885
sub-695426581946,21.0,18.55546334844972,-2.4445366515502798,2.4445366515502798
sub-696040052001,22.0,20.446661345356674,-1.5533386546433263,1.5533386546433263
sub-696273606035,26.0,30.532431406074814,4.532431406074814,4.532431406074814
sub-696387902428,27.5,29.578459354859646,2.078459354859646,2.078459354859646
sub-696878407859,21.0,18.36528037893812,-2.6347196210618797,2.6347196210618797
sub-697141427612,62.4558521560575,57.634579088130984,-4.821273067926519,4.821273067926519
sub-697168059795,21.0,28.818721989459014,7.818721989459014,7.818721989459014
sub-697452970135,37.002053388090346,38.02701472612914,1.0249613380387927,1.0249613380387927
sub-697511740663,49.38535249828885,58.469469298656996,9.084116800368143,9.084116800368143
sub-698477815272,21.0,33.99401313394382,12.994013133943817,12.994013133943817
sub-698490319297,29.0,22.804697673948972,-6.195302326051028,6.195302326051028
sub-698835635925,22.0479,13.41864031934243,-8.629259680657569,8.629259680657569
sub-698839379175,9.0,19.862489675162355,10.862489675162355,10.862489675162355
sub-698919527941,15.3,9.134438347091837,-6.165561652908163,6.165561652908163
sub-699269720091,61.0,44.38440238953634,-16.61559761046366,16.61559761046366
sub-699308493154,20.0,30.08357479216878,10.083574792168779,10.083574792168779
sub-699419348039,21.0,16.32731479876379,-4.6726852012362095,4.6726852012362095
sub-700193003380,29.0,26.845976899565397,-2.1540231004346033,2.1540231004346033
sub-700247842557,25.0,25.222743108632873,0.22274310863287283,0.22274310863287283
sub-700501332403,21.0,27.133516075020893,6.133516075020893,6.133516075020893
sub-700656025905,10.37260274,8.260526901250966,-2.1120758387490337,2.1120758387490337
sub-700850861541,13.8,25.33678884830939,11.536788848309389,11.536788848309389
sub-700916661679,23.0,25.279602842436855,2.279602842436855,2.279602842436855
sub-701764432954,38.93771389459275,40.603361506906936,1.6656476123141886,1.6656476123141886
sub-701863915807,77.5,52.93136197809439,-24.568638021905613,24.568638021905613
sub-701904337000,40.36139630390144,34.52723835669258,-5.834157947208858,5.834157947208858
sub-702089918687,22.5,26.48922839905324,3.989228399053239,3.989228399053239
sub-702445157950,19.0,22.618635836817308,3.618635836817308,3.618635836817308
sub-702490913073,19.0,9.414892711683002,-9.585107288316998,9.585107288316998
sub-702763965954,27.0,16.019168536403015,-10.980831463596985,10.980831463596985
sub-702869357469,63.09650924024641,51.83506987369729,-11.26143936654912,11.26143936654912
sub-702874441281,72.5,55.40776816145862,-17.09223183854138,17.09223183854138
sub-703251898539,21.0,20.527385968952647,-0.4726140310473532,0.4726140310473532
sub-703811884563,19.0,25.113609078879083,6.113609078879083,6.113609078879083
sub-703926084547,42.789869952087614,41.94036620926733,-0.8495037428202821,0.8495037428202821
sub-704612841491,25.0,15.412245544802776,-9.587754455197224,9.587754455197224
sub-704648129030,9.0,-0.06452747211193355,-9.064527472111934,9.064527472111934
sub-705041557672,58.568104038329906,52.205504834209556,-6.36259920412035,6.36259920412035
sub-705166047617,21.0,11.399247088070531,-9.600752911929469,9.600752911929469
sub-705262524970,19.0,19.17955230140383,0.17955230140383094,0.17955230140383094
sub-705347968085,33.138945927446954,33.07934442942803,-0.059601498018921006,0.059601498018921006
sub-705884941324,17.0,16.328099701260292,-0.6719002987397076,0.6719002987397076
sub-706711530535,20.0,23.583955139318395,3.5839551393183946,3.5839551393183946
sub-706713051754,21.0,28.14777002423163,7.1477700242316295,7.1477700242316295
sub-707270874156,74.0,45.43939415189722,-28.56060584810278,28.56060584810278
sub-707724054383,62.0,37.27787523565466,-24.722124764345338,24.722124764345338
sub-707875583398,23.0,30.477372011808857,7.477372011808857,7.477372011808857
sub-707906391106,19.0,31.645966886467274,12.645966886467274,12.645966886467274
sub-707928232054,23.0,18.997619669900477,-4.002380330099523,4.002380330099523
sub-708325248310,18.0,20.0024322988179,2.002432298817901,2.002432298817901
sub-708489424449,23.0,16.596621017101768,-6.403378982898232,6.403378982898232
sub-709113271534,21.0,18.52786949091573,-2.47213050908427,2.47213050908427
sub-709336090516,21.0,16.92539234184643,-4.074607658153571,4.074607658153571
sub-709379526999,53.407255304585895,43.98280962190616,-9.424445682679732,9.424445682679732
sub-709709181957,8.87,9.68623564161836,0.8162356416183609,0.8162356416183609
sub-709739847071,27.3812,17.267739440030883,-10.113460559969116,10.113460559969116
sub-710310558743,21.0,17.942708255959083,-3.057291744040917,3.057291744040917
sub-710313763466,12.38,11.282779390822054,-1.0972206091779473,1.0972206091779473
sub-710627620309,11.0,8.630524517607888,-2.3694754823921116,2.3694754823921116
sub-710653466581,62.5,38.237325481806465,-24.262674518193535,24.262674518193535
sub-710980622258,60.101300479123886,46.44583282172865,-13.655467657395235,13.655467657395235
sub-711287293064,21.0,19.71640234236001,-1.2835976576399908,1.2835976576399908
sub-711316088881,39.46611909650924,44.76955656418674,5.3034374676775045,5.3034374676775045
sub-711460991328,25.0,22.147174275047636,-2.852825724952364,2.852825724952364
sub-711702933403,6.0,21.204961346345712,15.204961346345712,15.204961346345712
sub-711810000233,52.30116358658453,52.5486806591848,0.24751707260026734,0.24751707260026734
sub-711825599373,22.0,19.232548939927376,-2.7674510600726236,2.7674510600726236
sub-711880120870,19.0,17.371540536821144,-1.6284594631788565,1.6284594631788565
sub-713067588921,23.0,24.694844068276538,1.694844068276538,1.694844068276538
sub-713238312807,54.425735797399035,43.019000860323345,-11.40673493707569,11.40673493707569
sub-713258499606,86.19849418206707,69.0911395396804,-17.107354642386667,17.107354642386667
sub-714049164247,44.0,22.812903726294632,-21.187096273705368,21.187096273705368
sub-714133828625,29.0,29.358677924058554,0.35867792405855425,0.35867792405855425
sub-714328515596,20.65,23.954908622302796,3.304908622302797,3.304908622302797
sub-714454703838,9.5202,14.757591924766395,5.237391924766394,5.237391924766394
sub-715170698474,27.0,31.930655646783073,4.930655646783073,4.930655646783073
sub-715188657730,41.90280629705681,38.67656976677855,-3.226236530278264,3.226236530278264
sub-715391018569,59.471594798083494,57.59229263872032,-1.8793021593631707,1.8793021593631707
sub-715646324429,19.0,15.124290399896573,-3.875709600103427,3.875709600103427
sub-715730829823,46.0,32.60898358663561,-13.39101641336439,13.39101641336439
sub-716555194023,24.854209445585212,24.46679015913852,-0.38741928644669343,0.38741928644669343
sub-716652117874,72.5,47.887894254464356,-24.612105745535644,24.612105745535644
sub-716969824239,23.0,25.328218268146433,2.3282182681464327,2.3282182681464327
sub-717096758205,20.0,18.841363276897372,-1.158636723102628,1.158636723102628
sub-717241611030,11.2,23.22710233139393,12.02710233139393,12.02710233139393
sub-717383994201,27.0,19.078924911531693,-7.9210750884683065,7.9210750884683065
sub-717521415493,83.81108829568788,56.99609964839759,-26.814988647290292,26.814988647290292
sub-717749803047,23.0,21.95419939588024,-1.0458006041197585,1.0458006041197585
sub-717875401784,65.11430527036276,43.50005180430219,-21.614253466060575,21.614253466060575
sub-717904447748,7.0,13.571866684573934,6.5718666845739335,6.5718666845739335
sub-717923170669,58.0,40.625987497445806,-17.374012502554194,17.374012502554194
sub-718994616498,22.0,37.16435870253406,15.16435870253406,15.16435870253406
sub-719305753553,29.0,26.320226093061784,-2.679773906938216,2.679773906938216
sub-719423973532,22.0,22.92467845876139,0.9246784587613917,0.9246784587613917
sub-720232681928,19.0,28.330306001389623,9.330306001389623,9.330306001389623
sub-720493926180,8.594520548,7.0915140250019455,-1.5030065229980547,1.5030065229980547
sub-720776154383,10.05479452,14.251063643737538,4.1962691237375385,4.1962691237375385
sub-722431421602,21.0,25.137233580557396,4.137233580557396,4.137233580557396
sub-722687973057,19.0,30.722992519810994,11.722992519810994,11.722992519810994
sub-722712736840,23.0,29.983536876255094,6.983536876255094,6.983536876255094
sub-723029434653,27.5,25.32531899502031,-2.174681004979689,2.174681004979689
sub-723096670239,19.0,32.03271513870287,13.03271513870287,13.03271513870287
sub-723325961518,23.0,28.57641368787169,5.576413687871689,5.576413687871689
sub-723403836764,21.0,30.11881182527528,9.11881182527528,9.11881182527528
sub-723425355879,22.0,32.84068667546012,10.84068667546012,10.84068667546012
sub-723719996349,23.0,17.76459178658275,-5.2354082134172515,5.2354082134172515
sub-723995805134,8.64109589,28.522213474060628,19.881117584060625,19.881117584060625
sub-724285887201,21.0,28.95572677853406,7.955726778534061,7.955726778534061
sub-724721518392,72.09034907597534,47.49628757046262,-24.59406150551272,24.59406150551272
sub-725415967620,19.0,11.443676964493253,-7.556323035506747,7.556323035506747
sub-725586193692,23.0,34.64923623963341,11.64923623963341,11.64923623963341
sub-725785336385,82.18754277891856,53.127066888412756,-29.0604758905058,29.0604758905058
sub-725821040249,40.0,37.77789643090908,-2.222103569090919,2.222103569090919
sub-726037746493,19.0,26.30413689898139,7.30413689898139,7.30413689898139
sub-726357481279,25.0,17.880774533915858,-7.119225466084142,7.119225466084142
sub-726436684201,22.0,38.97445365536997,16.97445365536997,16.97445365536997
sub-726447225950,9.97,6.821400813282601,-3.1485991867173997,3.1485991867173997
sub-726583561602,59.78370978781656,46.07965478057427,-13.704055007242289,13.704055007242289
sub-726862226876,55.0,39.369706386027254,-15.630293613972746,15.630293613972746
sub-727848229209,21.0,27.769246646092128,6.769246646092128,6.769246646092128
sub-728001286523,22.5,22.008328816738732,-0.4916711832612677,0.4916711832612677
sub-728218320536,23.0,26.530843549290584,3.5308435492905836,3.5308435492905836
sub-728882736260,25.0,13.815738540532386,-11.184261459467614,11.184261459467614
sub-729003209199,8.139726027,13.018588223992403,4.878862196992403,4.878862196992403
sub-729143650901,19.0,10.937059587381338,-8.062940412618662,8.062940412618662
sub-730071150053,19.0,27.48425039971272,8.484250399712721,8.484250399712721
sub-730097934670,27.5,27.94807211804318,0.4480721180431786,0.4480721180431786
sub-730918684622,10.12328767,16.596191913869404,6.472904243869404,6.472904243869404
sub-730972405484,19.0,18.68265896162897,-0.3173410383710298,0.3173410383710298
sub-731053537710,28.0,31.709538368397123,3.709538368397123,3.709538368397123
sub-731158961758,26.0,21.705235576677545,-4.294764423322455,4.294764423322455
sub-731383185695,12.3,24.400279699186324,12.100279699186324,12.100279699186324
sub-731884047204,21.0,35.339193038851036,14.339193038851036,14.339193038851036
sub-732461942615,8.1,12.987509191041326,4.887509191041326,4.887509191041326
sub-732953690458,21.0,15.588428996515301,-5.411571003484699,5.411571003484699
sub-733521303257,19.0,23.098801611704253,4.098801611704253,4.098801611704253
sub-733532206179,21.0,12.554245830242174,-8.445754169757826,8.445754169757826
sub-733655780174,25.0,31.50991804595649,6.509918045956489,6.509918045956489
sub-733766223690,11.0,11.78485930275665,0.7848593027566508,0.7848593027566508
sub-733900295883,19.0,28.339974604097176,9.339974604097176,9.339974604097176
sub-734028308401,23.0,16.6515370096528,-6.348462990347201,6.348462990347201
sub-734097348430,23.0,18.465547130556736,-4.534452869443264,4.534452869443264
sub-734237194162,24.0,23.31773945280488,-0.6822605471951206,0.6822605471951206
sub-734267087534,19.0,15.212614279933263,-3.7873857200667373,3.7873857200667373
sub-734932297481,25.0,31.507174927912285,6.507174927912285,6.507174927912285
sub-736060141260,44.8514715947981,42.883226915941975,-1.9682446788561236,1.9682446788561236
sub-736336902194,25.0,23.52608652176711,-1.473913478232891,1.473913478232891
sub-737123719510,19.0,30.124208197629137,11.124208197629137,11.124208197629137
sub-737279775927,20.0,26.224854273648177,6.224854273648177,6.224854273648177
sub-737612352942,16.0,26.984008144595784,10.984008144595784,10.984008144595784
sub-737772953793,63.67693360711843,57.0865060361593,-6.590427570959129,6.590427570959129
sub-737776786402,11.0,9.300047456519795,-1.6999525434802045,1.6999525434802045
sub-738958020045,19.0,22.830315920420542,3.830315920420542,3.830315920420542
sub-739307848909,17.0,25.43056692857895,8.430566928578951,8.430566928578951
sub-739389914455,23.0,16.067493375817037,-6.932506624182963,6.932506624182963
sub-739807799326,15.35,2.5208780706360905,-12.82912192936391,12.82912192936391
sub-740850556012,29.77960301163587,34.97112593081833,5.191522919182461,5.191522919182461
sub-741157514614,19.0,16.359240622798154,-2.640759377201846,2.640759377201846
sub-741359564210,67.69883641341546,60.94478593016205,-6.754050483253415,6.754050483253415
sub-741541005641,54.60917180013689,44.61889289286917,-9.990278907267722,9.990278907267722
sub-741636551928,38.0,28.83535010862498,-9.16464989137502,9.16464989137502
sub-741652187641,21.0,23.97394129564135,2.9739412956413496,2.9739412956413496
sub-741706908470,19.0,26.907203125724344,7.907203125724344,7.907203125724344
sub-742020470746,19.0,15.354350024776963,-3.645649975223037,3.645649975223037
sub-742191010883,43.0,30.433447006458103,-12.566552993541897,12.566552993541897
sub-742564189204,19.0,19.528751257800028,0.5287512578000282,0.5287512578000282
sub-742853610871,15.0,15.52610232957612,0.5261023295761191,0.5261023295761191
sub-743352477595,27.5,30.83622534788478,3.336225347884781,3.336225347884781
sub-743455835231,37.0,32.62750753504423,-4.372492464955769,4.372492464955769
sub-744141834517,46.71047227926078,50.23363423521335,3.523161955952574,3.523161955952574
sub-744298999140,47.5,33.33387202194734,-14.166127978052657,14.166127978052657
sub-744423042424,13.8097,-0.7394745148845523,-14.549174514884552,14.549174514884552
sub-744840336405,24.0,25.78949797435864,1.789497974358639,1.789497974358639
sub-745672226345,12.8,23.289162620986744,10.489162620986743,10.489162620986743
sub-745755840633,18.0,29.77731483760156,11.777314837601558,11.777314837601558
sub-745767581086,8.854794521,-8.50373612058366,-17.358530641583663,17.358530641583663
sub-745910997827,21.0,19.89396104886271,-1.1060389511372897,1.1060389511372897
sub-746032496734,32.5,28.966337627942707,-3.533662372057293,3.533662372057293
sub-746079690441,10.19726027,0.08747897619807787,-10.109781293801921,10.109781293801921
sub-747049784071,19.0,26.19197440660058,7.191974406600579,7.191974406600579
sub-747532219636,53.53593429158111,37.43788416350763,-16.098050128073474,16.098050128073474
sub-747751581308,23.0,35.62436149532333,12.624361495323328,12.624361495323328
sub-748028963399,19.0,12.83920186757485,-6.16079813242515,6.16079813242515
sub-748953105656,9.734246575,11.325531573879466,1.5912849988794662,1.5912849988794662
sub-749050549103,18.8008,22.972663445406113,4.171863445406114,4.171863445406114
sub-749242679952,60.41067761806981,47.91020086058903,-12.500476757480783,12.500476757480783
sub-749312838847,8.17,8.732135378895581,0.5621353788955812,0.5621353788955812
sub-749715302318,21.0,20.886310365348933,-0.11368963465106674,0.11368963465106674
sub-750015954760,27.0,29.699169602843888,2.699169602843888,2.699169602843888
sub-750186825284,19.0,27.62338229961294,8.623382299612938,8.623382299612938
sub-750196886752,62.425735797399035,47.008051266349014,-15.417684531050021,15.417684531050021
sub-750206436120,25.0,29.667115396981757,4.667115396981757,4.667115396981757
sub-750507848849,9.750684932,17.223106237479307,7.4724213054793065,7.4724213054793065
sub-750841455509,33.0,32.828443538553174,-0.17155646144682635,0.17155646144682635
sub-751188829255,21.0,22.178519176071184,1.178519176071184,1.178519176071184
sub-751517719808,24.0,21.05423729733693,-2.945762702663071,2.945762702663071
sub-751707093596,52.689938398357285,47.45742650628098,-5.232511892076303,5.232511892076303
sub-751985660700,19.0,22.68487670957777,3.6848767095777717,3.6848767095777717
sub-752296417260,19.0,32.28702910207922,13.287029102079217,13.287029102079217
sub-752442155878,19.0,12.877268109728028,-6.122731890271972,6.122731890271972
sub-752781093429,19.0,15.77478335536734,-3.22521664463266,3.22521664463266
sub-752827719198,20.0,22.6751118841502,2.6751118841502013,2.6751118841502013
sub-752863684946,21.0,20.741756253294295,-0.2582437467057055,0.2582437467057055
sub-753786847117,19.0,24.16877162629809,5.1687716262980885,5.1687716262980885
sub-754051367234,23.0,25.5147264713962,2.5147264713962016,2.5147264713962016
sub-754065609304,27.0,19.56142704183653,-7.438572958163469,7.438572958163469
sub-754201155706,19.0,15.51170523810115,-3.4882947618988496,3.4882947618988496
sub-754258049359,21.0,19.09147927187854,-1.9085207281214593,1.9085207281214593
sub-754454498342,22.0,26.536680984311225,4.536680984311225,4.536680984311225
sub-754458206989,19.0,21.562694242059756,2.562694242059756,2.562694242059756
sub-755143257543,18.2806,12.746413146539009,-5.534186853460991,5.534186853460991
sub-755228432677,10.53,9.61096767494784,-0.919032325052159,0.919032325052159
sub-755625059611,8.851472,12.599332633956998,3.747860633956998,3.747860633956998
sub-755838130322,19.0,15.594087891027229,-3.405912108972771,3.405912108972771
sub-756104556615,25.0,16.02060079052194,-8.97939920947806,8.97939920947806
sub-757057096066,22.5,44.86791934019833,22.367919340198327,22.367919340198327
sub-757266037663,25.0,26.549395262079802,1.549395262079802,1.549395262079802
sub-757369811232,21.0,23.544131614968876,2.544131614968876,2.544131614968876
sub-757409269329,60.0,31.72857988298366,-28.27142011701634,28.27142011701634
sub-757931942373,23.0,18.51494385358704,-4.485056146412958,4.485056146412958
sub-758007443326,21.0,23.264466793917656,2.2644667939176557,2.2644667939176557
sub-758975121093,19.0,9.934493827500294,-9.065506172499706,9.065506172499706
sub-758981695931,19.0,25.666525404458625,6.666525404458625,6.666525404458625
sub-759162668860,19.75,19.821931724917853,0.07193172491785305,0.07193172491785305
sub-760088018063,49.0,32.718837076823924,-16.281162923176076,16.281162923176076
sub-760422023808,23.0,16.53228741715826,-6.467712582841742,6.467712582841742
sub-760566903733,22.0,25.576922076441917,3.5769220764419174,3.5769220764419174
sub-760845068933,19.0,18.30940308587473,-0.690596914125269,0.690596914125269
sub-760927711967,19.0,29.28832157300768,10.288321573007678,10.288321573007678
sub-761008927690,51.75359342915811,39.5149847538235,-12.23860867533461,12.23860867533461
sub-761178177952,19.0,21.52963387263604,2.5296338726360403,2.5296338726360403
sub-761342473396,21.0,30.84458525662075,9.84458525662075,9.84458525662075
sub-761743611697,19.0,28.64420160979646,9.644201609796461,9.644201609796461
sub-761787072334,21.0,20.120149725947783,-0.8798502740522167,0.8798502740522167
sub-761933517719,19.0,31.340257236597505,12.340257236597505,12.340257236597505
sub-761933695478,40.03559206023272,34.031634920314005,-6.003957139918718,6.003957139918718
sub-762070675429,62.0,45.28846975624261,-16.711530243757387,16.711530243757387
sub-762537788840,32.0,22.812775636350565,-9.187224363649435,9.187224363649435
sub-762833422997,79.0,49.23572303039585,-29.764276969604147,29.764276969604147
sub-763015005475,19.0,28.323720134665038,9.323720134665038,9.323720134665038
sub-763328690129,27.0,25.993575061708082,-1.006424938291918,1.006424938291918
sub-763770809315,19.0,25.782887804618564,6.782887804618564,6.782887804618564
sub-764231879634,27.5,33.0646564934419,5.564656493441902,5.564656493441902
sub-764593805284,26.0,31.823245831815523,5.823245831815523,5.823245831815523
sub-765217637922,23.0,27.239712906782053,4.239712906782053,4.239712906782053
sub-765748207688,19.0,15.483029081375683,-3.5169709186243168,3.5169709186243168
sub-765759462999,19.0,35.136431474574195,16.136431474574195,16.136431474574195
sub-765816134328,9.578082192,27.878726806031903,18.300644614031903,18.300644614031903
sub-766124719459,32.5,34.3968045794809,1.8968045794809,1.8968045794809
sub-766202082508,20.0,25.466391472378845,5.466391472378845,5.466391472378845
sub-766537706017,12.4,21.833673956637867,9.433673956637866,9.433673956637866
sub-766685974606,13.92,21.47968049970891,7.559680499708909,7.559680499708909
sub-766767730847,9.97,18.085227964716985,8.115227964716984,8.115227964716984
sub-766890196426,22.0,35.229225739673666,13.229225739673666,13.229225739673666
sub-766985344911,23.0,24.449657306515114,1.449657306515114,1.449657306515114
sub-767758047479,51.29089664613279,42.25212357659943,-9.038773069533363,9.038773069533363
sub-768287290520,70.1409993155373,54.69639215263434,-15.444607162902962,15.444607162902962
sub-768568343560,20.0,19.717428008797718,-0.28257199120228194,0.28257199120228194
sub-768580810599,23.0,20.862113363484955,-2.137886636515045,2.137886636515045
sub-768654883244,9.034908,17.314159647440576,8.279251647440576,8.279251647440576
sub-768852153668,32.5,31.836667111127873,-0.6633328888721266,0.6633328888721266
sub-769197912961,23.0,23.782085753500034,0.7820857535000343,0.7820857535000343
sub-769448459080,23.0,26.79834851507688,3.7983485150768814,3.7983485150768814
sub-769671625319,15.0,20.829756357076533,5.829756357076533,5.829756357076533
sub-769744298197,19.0,25.486790346020534,6.486790346020534,6.486790346020534
sub-770198451893,25.0,17.373645623920776,-7.626354376079224,7.626354376079224
sub-770298145539,19.0,24.561990092734945,5.561990092734945,5.561990092734945
sub-770697219769,25.0,20.01087791855009,-4.98912208144991,4.98912208144991
sub-770752645310,19.0,17.190637290106263,-1.8093627098937368,1.8093627098937368
sub-771165526785,27.0,25.741032442983606,-1.258967557016394,1.258967557016394
sub-771399282765,19.0,19.88001666237197,0.8800166623719683,0.8800166623719683
sub-771512436978,16.8,10.135540683368603,-6.6644593166313975,6.6644593166313975
sub-772014211701,23.0,26.45443499599632,3.454434995996319,3.454434995996319
sub-772118614430,59.00342231348392,43.755833065180596,-15.24758924830332,15.24758924830332
sub-772633785103,19.0,8.47344396690493,-10.52655603309507,10.52655603309507
sub-772653333590,20.0,17.685438208219523,-2.314561791780477,2.314561791780477
sub-772805471815,25.0,22.084184776825555,-2.9158152231744445,2.9158152231744445
sub-774322633508,19.0,23.04314816710506,4.043148167105059,4.043148167105059
sub-774375266270,22.5,38.52331597678287,16.023315976782868,16.023315976782868
sub-774740356265,53.670088980150574,53.95413742366078,0.2840484435102084,0.2840484435102084
sub-775173632081,21.0,13.599376011370218,-7.400623988629782,7.400623988629782
sub-775521066439,68.48186173853524,56.76282995057983,-11.719031787955416,11.719031787955416
sub-775584956556,8.854794521,7.228885520184132,-1.6259090008158683,1.6259090008158683
sub-775700335060,12.0,5.392759462626657,-6.607240537373343,6.607240537373343
sub-775830586801,29.0,24.35805219055374,-4.641947809446261,4.641947809446261
sub-775870565890,13.21643836,24.55961470060922,11.34317634060922,11.34317634060922
sub-775940679010,23.0,25.505867346206976,2.5058673462069763,2.5058673462069763
sub-776152914559,24.002737850787128,33.52834749745875,9.525609646671626,9.525609646671626
sub-776201201249,23.0,20.942107042357645,-2.0578929576423555,2.0578929576423555
sub-776489659954,72.5,47.65940342472946,-24.84059657527054,24.84059657527054
sub-776519740044,19.0,20.574909266808,1.5749092668079996,1.5749092668079996
sub-776559088401,25.741273100616016,40.58683981465227,14.845566714036256,14.845566714036256
sub-777229560355,23.0,20.332759266877368,-2.6672407331226324,2.6672407331226324
sub-777549072852,10.64,10.367981690048374,-0.27201830995162624,0.27201830995162624
sub-777893483077,30.0,26.32233546240145,-3.677664537598549,3.677664537598549
sub-777922197558,20.928131416837783,31.900397409809088,10.972265992971305,10.972265992971305
sub-778029593360,21.0,8.988594389565613,-12.011405610434387,12.011405610434387
sub-778048043938,22.0,24.783876455912868,2.7838764559128677,2.7838764559128677
sub-778080071565,22.5,29.772878977661247,7.272878977661247,7.272878977661247
sub-778816944846,23.0,24.017831222153557,1.017831222153557,1.017831222153557
sub-778826665322,19.0,29.640285790872703,10.640285790872703,10.640285790872703
sub-778852656136,21.0,21.830007043211353,0.8300070432113529,0.8300070432113529
sub-779173736338,29.0,27.502708883375856,-1.4972911166241438,1.4972911166241438
sub-779514017707,19.0,20.834551004729928,1.8345510047299278,1.8345510047299278
sub-779760142266,20.0,24.262643403339972,4.262643403339972,4.262643403339972
sub-779882127370,19.0,19.608203840482513,0.6082038404825134,0.6082038404825134
sub-780065374239,20.0,18.088869495449742,-1.9111305045502576,1.9111305045502576
sub-780103882043,59.50992470910335,47.47085995012414,-12.039064758979215,12.039064758979215
sub-780180841050,9.0,9.513768215906978,0.5137682159069783,0.5137682159069783
sub-780786882991,19.0,20.018815464736928,1.018815464736928,1.018815464736928
sub-780945670746,32.75,34.641211152611234,1.891211152611234,1.891211152611234
sub-781171966594,31.0,27.241633447392438,-3.758366552607562,3.758366552607562
sub-781236951487,23.0,20.28657761734227,-2.713422382657729,2.713422382657729
sub-781892887045,21.0,19.182526994335614,-1.817473005664386,1.817473005664386
sub-782020601813,21.0,20.753324964485373,-0.24667503551462744,0.24667503551462744
sub-782213755099,19.0,13.343201641057782,-5.656798358942218,5.656798358942218
sub-782327830408,19.0,20.05497030625711,1.0549703062571112,1.0549703062571112
sub-782541652483,22.5,25.481865525733244,2.9818655257332445,2.9818655257332445
sub-782755729398,37.5,35.67278804780397,-1.8272119521960306,1.8272119521960306
sub-783542275031,21.0,22.307029319882364,1.3070293198823641,1.3070293198823641
sub-783690359289,19.0,18.541650455272176,-0.45834954472782385,0.45834954472782385
sub-783961028096,19.0,21.501993059279254,2.501993059279254,2.501993059279254
sub-784538675800,19.0,18.77665668426721,-0.22334331573279087,0.22334331573279087
sub-784744094165,21.0,15.192405757488984,-5.807594242511016,5.807594242511016
sub-784746686469,12.2546,8.820430056693997,-3.434169943306003,3.434169943306003
sub-784844785371,19.0,23.67259041380936,4.67259041380936,4.67259041380936
sub-785101208040,60.0,45.11788148359686,-14.882118516403139,14.882118516403139
sub-785605129869,19.0,25.25976902710074,6.259769027100742,6.259769027100742
sub-786210585416,23.0,25.72957458214806,2.729574582148061,2.729574582148061
sub-786291754095,8.3313,10.474060093187976,2.1427600931879756,2.1427600931879756
sub-786490511114,27.0,30.675332336292065,3.6753323362920653,3.6753323362920653
sub-786594979854,6.0,10.841535257787868,4.841535257787868,4.841535257787868
sub-787007356879,22.0,24.604188470798935,2.6041884707989347,2.6041884707989347
sub-787199115410,62.5,45.36115145109778,-17.138848548902217,17.138848548902217
sub-787231969341,59.0,41.5760008311625,-17.423999168837497,17.423999168837497
sub-787417420604,23.0,20.884797764323597,-2.115202235676403,2.115202235676403
sub-787578957117,12.0,12.922653068392304,0.9226530683923038,0.9226530683923038
sub-787836264343,25.0,37.01720742553115,12.017207425531147,12.017207425531147
sub-788150792132,22.0,23.965628345781287,1.9656283457812869,1.9656283457812869
sub-788416388677,31.61670088980151,38.36974547740812,6.753044587606606,6.753044587606606
sub-788492862739,69.0,45.26683826602351,-23.733161733976488,23.733161733976488
sub-788524139489,25.0,27.12969412059151,2.129694120591509,2.129694120591509
sub-788968945004,26.0,23.215283363750597,-2.784716636249403,2.784716636249403
sub-789224424631,19.0,22.836403533944555,3.836403533944555,3.836403533944555
sub-789237283790,12.66027397,17.573764036063665,4.913490066063664,4.913490066063664
sub-789284069383,24.17522245037645,31.5462825190144,7.371060068637952,7.371060068637952
sub-789333583005,35.0,37.88288391207467,2.882883912074668,2.882883912074668
sub-789505181151,21.0,24.50667245295472,3.506672452954721,3.506672452954721
sub-790004250935,18.0,28.752003586529025,10.752003586529025,10.752003586529025
sub-790241781136,72.59411362080766,62.04295887576719,-10.55115474504047,10.55115474504047
sub-790515405307,19.0,15.295048554966321,-3.7049514450336787,3.7049514450336787
sub-790692389068,21.0,10.873487698231212,-10.126512301768788,10.126512301768788
sub-790734373738,19.0,26.862298795356118,7.862298795356118,7.862298795356118
sub-790852388297,10.9,9.28025272245825,-1.6197472775417499,1.6197472775417499
sub-790913183441,23.0,25.35907396627145,2.359073966271449,2.359073966271449
sub-791237244812,24.0,24.375364208403717,0.37536420840371676,0.37536420840371676
sub-791276074550,32.5,25.771563497550975,-6.728436502449025,6.728436502449025
sub-792038430709,21.0,32.329493305528885,11.329493305528885,11.329493305528885
sub-792075286865,19.0,15.284228398872877,-3.7157716011271233,3.7157716011271233
sub-792504229121,17.0,7.357280635086575,-9.642719364913425,9.642719364913425
sub-793040141067,21.0,15.262770541932138,-5.737229458067862,5.737229458067862
sub-793173130184,19.0,20.281819883243436,1.2818198832434362,1.2818198832434362
sub-794588803641,9.301369863,16.434375635522507,7.133005772522507,7.133005772522507
sub-794734640420,23.0,29.33075030027454,6.330750300274541,6.330750300274541
sub-794804660894,14.0,15.459651017066623,1.4596510170666228,1.4596510170666228
sub-795002530881,23.0,21.83283817887048,-1.1671618211295183,1.1671618211295183
sub-795676218612,11.02465753,11.736203720956702,0.7115461909567014,0.7115461909567014
sub-795710895899,9.0,3.9247421830041134,-5.075257816995887,5.075257816995887
sub-795773669005,67.5,49.6002095182583,-17.899790481741697,17.899790481741697
sub-795872008215,21.0,29.71860514890071,8.71860514890071,8.71860514890071
sub-795999168691,37.0,41.27295295557505,4.27295295557505,4.27295295557505
sub-796075391296,21.0,30.015103122983255,9.015103122983255,9.015103122983255
sub-796107983896,12.0,12.828203587147115,0.8282035871471152,0.8282035871471152
sub-796344361436,21.0,20.47254908239821,-0.5274509176017901,0.5274509176017901
sub-796461524642,19.0,19.613030771692912,0.6130307716929124,0.6130307716929124
sub-797020001946,23.0,21.347350065957134,-1.6526499340428664,1.6526499340428664
sub-797027765789,18.0,18.490345451762757,0.49034545176275657,0.49034545176275657
sub-797715138957,21.0,25.02047516053771,4.0204751605377105,4.0204751605377105
sub-797812763865,23.0,13.971843057359806,-9.028156942640194,9.028156942640194
sub-798608728848,19.0,18.84783024171776,-0.15216975828224122,0.15216975828224122
sub-798649997254,21.0,24.540930880856294,3.540930880856294,3.540930880856294
sub-798827199180,19.0,12.76865753993079,-6.231342460069211,6.231342460069211
sub-798868156113,11.9,11.638978588631549,-0.2610214113684517,0.2610214113684517
sub-799096182745,25.938398357289532,22.501744816080723,-3.436653541208809,3.436653541208809
sub-799436047340,21.0,25.66056021521161,4.660560215211611,4.660560215211611
sub-799740592794,22.0,19.38611526990591,-2.613884730094089,2.613884730094089
sub-800311395021,19.0,23.619447133723256,4.619447133723256,4.619447133723256
sub-800520411823,22.0,24.83168039129362,2.83168039129362,2.83168039129362
sub-800961042105,19.0,17.623291885483848,-1.376708114516152,1.376708114516152
sub-800984068342,25.0,20.45886864571038,-4.541131354289622,4.541131354289622
sub-801338861657,22.0,26.249081850498634,4.249081850498634,4.249081850498634
sub-801361893773,19.0,26.64067539855262,7.64067539855262,7.64067539855262
sub-801540568785,27.0,36.4766425481225,9.476642548122499,9.476642548122499
sub-801647502527,19.0,36.71044844411408,17.71044844411408,17.71044844411408
sub-801779602005,23.0,27.620707771524028,4.620707771524028,4.620707771524028
sub-802008837921,25.0,21.311355600725026,-3.688644399274974,3.688644399274974
sub-802325946883,21.0,19.374802172033018,-1.625197827966982,1.625197827966982
sub-802458837032,21.0,28.125080060581478,7.125080060581478,7.125080060581478
sub-802577239020,10.09041096,10.09113192229427,0.000720962294270322,0.000720962294270322
sub-803058753287,18.0,26.8824241697756,8.8824241697756,8.8824241697756
sub-803177652573,8.276523,-2.197059410615754,-10.473582410615753,10.473582410615753
sub-803554308913,22.0,24.815126642626012,2.815126642626012,2.815126642626012
sub-803660783259,39.38398357289528,43.39978744678659,4.015803873891308,4.015803873891308
sub-804584597484,21.0,18.870219414729384,-2.129780585270616,2.129780585270616
sub-804603292659,41.05954825462013,45.09793687854837,4.038388623928235,4.038388623928235
sub-804610978249,8.9363,21.77683606920835,12.840536069208351,12.840536069208351
sub-805310521997,9.44,7.171212085225292,-2.268787914774707,2.268787914774707
sub-805388577387,34.0,36.888268569761756,2.888268569761756,2.888268569761756
sub-805727987150,45.37987679671458,46.97652175915513,1.5966449624405499,1.5966449624405499
sub-805739682206,21.0,37.92058191188104,16.920581911881037,16.920581911881037
sub-805806601715,18.0,21.065326329509105,3.065326329509105,3.065326329509105
sub-806223413897,23.0,18.94418899132413,-4.055811008675871,4.055811008675871
sub-806263558975,28.0,29.780427411891615,1.7804274118916155,1.7804274118916155
sub-806757429701,69.60985626283367,52.92268997865685,-16.687166284176826,16.687166284176826
sub-806984120210,57.5,39.15421135102551,-18.34578864897449,18.34578864897449
sub-806985265271,18.0,26.32309584390724,8.32309584390724,8.32309584390724
sub-807155774087,19.0,15.753626798813269,-3.2463732011867314,3.2463732011867314
sub-807440222278,25.0,14.485765191087317,-10.514234808912683,10.514234808912683
sub-807604407302,9.0,-0.27209073345669665,-9.272090733456697,9.272090733456697
sub-807851354224,19.0,22.19986747587341,3.199867475873411,3.199867475873411
sub-808039124835,19.0,16.23901030881513,-2.7609896911848715,2.7609896911848715
sub-808051274484,32.5,35.19312518100389,2.693125181003893,2.693125181003893
sub-808157587639,23.0,28.76163149520994,5.76163149520994,5.76163149520994
sub-809063090399,48.0,24.861160993806894,-23.138839006193106,23.138839006193106
sub-809210264000,21.0,18.410510221652437,-2.5894897783475628,2.5894897783475628
sub-809505482452,19.0,5.568669168128572,-13.431330831871428,13.431330831871428
sub-809547720905,19.0,18.999350583196552,-0.0006494168034478776,0.0006494168034478776
sub-809580291106,30.0,35.84899406052372,5.848994060523722,5.848994060523722
sub-809667175823,43.0,36.2935424394288,-6.706457560571202,6.706457560571202
sub-810607919990,22.0,23.672114234936036,1.6721142349360356,1.6721142349360356
sub-810772531079,22.5,36.09836019256404,13.598360192564037,13.598360192564037
sub-810826854275,19.0,20.238769359758713,1.238769359758713,1.238769359758713
sub-811547022329,21.0,28.752989990425256,7.752989990425256,7.752989990425256
sub-811800470787,12.0,15.771837669715186,3.771837669715186,3.771837669715186
sub-812214146764,19.08,18.737106172500578,-0.3428938274994202,0.3428938274994202
sub-812672057112,21.0,22.379015219713477,1.3790152197134766,1.3790152197134766
sub-812837651289,9.1068,21.7059103777377,12.599110377737698,12.599110377737698
sub-813575465955,22.0,23.08804056953538,1.08804056953538,1.08804056953538
sub-813637963361,23.0,25.1351209883076,2.1351209883076017,2.1351209883076017
sub-814384510207,21.0,25.950391366071095,4.950391366071095,4.950391366071095
sub-814384578384,71.0,52.82479543021613,-18.175204569783872,18.175204569783872
sub-814718160007,24.0,13.922913513947726,-10.077086486052274,10.077086486052274
sub-815173026303,18.0,32.10706091065971,14.107060910659712,14.107060910659712
sub-815376101199,10.4668,7.231381028446929,-3.23541897155307,3.23541897155307
sub-815491283103,13.0,6.154576829000099,-6.845423170999901,6.845423170999901
sub-815762978204,16.88,23.46354868029367,6.583548680293671,6.583548680293671
sub-815780161044,18.0,23.71324933835575,5.713249338355752,5.713249338355752
sub-815980899157,10.80547945,9.104631836634837,-1.7008476133651627,1.7008476133651627
sub-816072514616,47.014373716632434,40.08622277953572,-6.928150937096717,6.928150937096717
sub-816361417384,21.0,27.650746342799753,6.650746342799753,6.650746342799753
sub-816794694787,19.0,23.736165978390606,4.736165978390606,4.736165978390606
sub-817170359143,21.0,29.583891562978476,8.583891562978476,8.583891562978476
sub-817372801543,26.0,25.72735103845988,-0.27264896154012064,0.27264896154012064
sub-817638670886,8.75,2.8053955457253714,-5.944604454274629,5.944604454274629
sub-817752088722,35.80561259411362,39.853111017873616,4.047498423759997,4.047498423759997
sub-818138400676,62.80355920602327,50.67483369697081,-12.128725509052465,12.128725509052465
sub-818648562062,9.167123288,8.638401548805447,-0.5287217391945536,0.5287217391945536
sub-819058231563,50.65023956194389,53.16936567933794,2.519126117394052,2.519126117394052
sub-819345651599,10.0,18.735890105743152,8.735890105743152,8.735890105743152
sub-819728345558,12.0,15.296365124574866,3.2963651245748657,3.2963651245748657
sub-819765846714,12.66575342,13.503279872136055,0.8375264521360553,0.8375264521360553
sub-819847023081,27.0,21.780459055719472,-5.219540944280528,5.219540944280528
sub-820231231679,40.0,36.43891115170089,-3.561088848299107,3.561088848299107
sub-820918431463,21.0,18.894197743988236,-2.1058022560117635,2.1058022560117635
sub-822012913315,64.10403832991102,56.356891963144854,-7.747146366766167,7.747146366766167
sub-822496166954,49.40451745379877,49.1251130644125,-0.279404389386265,0.279404389386265
sub-822667153127,60.895277207392205,53.39099318841962,-7.504284018972584,7.504284018972584
sub-823056441215,23.0,23.776431217635757,0.7764312176357571,0.7764312176357571
sub-823314386412,23.0,17.55091284939238,-5.449087150607621,5.449087150607621
sub-823338568536,19.0,16.920761536143008,-2.079238463856992,2.079238463856992
sub-823640829061,30.0,32.321232528000266,2.321232528000266,2.321232528000266
sub-823805022711,55.23887748117728,54.252191973120816,-0.9866855080564676,0.9866855080564676
sub-824016129369,19.0,14.160238377468215,-4.839761622531785,4.839761622531785
sub-824231976656,29.114305270362767,34.714239215737585,5.5999339453748185,5.5999339453748185
sub-824258100265,19.0,11.601759941952768,-7.398240058047232,7.398240058047232
sub-824506674083,25.1854893908282,23.47677093545273,-1.7087184553754682,1.7087184553754682
sub-825201030964,22.0,27.75179836734981,5.75179836734981,5.75179836734981
sub-825486549892,61.0,43.56126127758317,-17.43873872241683,17.43873872241683
sub-825991117035,42.220396988364136,44.77369600570888,2.5532990173447416,2.5532990173447416
sub-826102254940,23.0,19.725393592904133,-3.2746064070958667,3.2746064070958667
sub-826451552289,21.0,23.796076372517415,2.7960763725174154,2.7960763725174154
sub-826455898290,30.0,31.158689950676475,1.1586899506764752,1.1586899506764752
sub-826772137795,26.0,29.59715253265754,3.597152532657539,3.597152532657539
sub-826893413413,20.0,25.355611101377473,5.355611101377473,5.355611101377473
sub-827202849142,26.0,12.41933319709527,-13.58066680290473,13.58066680290473
sub-827210987847,10.25,1.0021627900177457,-9.247837209982254,9.247837209982254
sub-827347252526,19.0,25.982736866777184,6.982736866777184,6.982736866777184
sub-827668818840,12.91,23.339991672475108,10.429991672475108,10.429991672475108
sub-828187678695,8.1,13.34327571271001,5.243275712710011,5.243275712710011
sub-828311225647,12.01,20.181965956167538,8.171965956167538,8.171965956167538
sub-828779825670,21.0,25.14763973158518,4.14763973158518,4.14763973158518
sub-828825650995,18.0,9.01545308664786,-8.98454691335214,8.98454691335214
sub-828848864811,20.0,27.94077228469511,7.940772284695111,7.940772284695111
sub-829229264200,9.69,13.13330983815343,3.4433098381534304,3.4433098381534304
sub-829279911985,19.0,5.109498772596169,-13.890501227403831,13.890501227403831
sub-829286451165,46.36550308008214,48.31172013834377,1.946217058261631,1.946217058261631
sub-829944719647,27.0,19.320833974154606,-7.679166025845394,7.679166025845394
sub-830297451917,23.0,21.78352060615396,-1.2164793938460399,1.2164793938460399
sub-831004498487,10.5,13.253405061710374,2.7534050617103745,2.7534050617103745
sub-831104295303,21.0,20.26020734875941,-0.7397926512405917,0.7397926512405917
sub-831420461855,18.0,26.008125776258986,8.008125776258986,8.008125776258986
sub-831498430235,21.0,31.184265141276345,10.184265141276345,10.184265141276345
sub-831623495535,18.0,22.49733124249812,4.49733124249812,4.49733124249812
sub-831631755294,14.9432,17.09395642185757,2.1507564218575705,2.1507564218575705
sub-831859007293,9.25,8.497623425659963,-0.7523765743400368,0.7523765743400368
sub-832192965978,19.0,26.676602242095143,7.676602242095143,7.676602242095143
sub-832211824826,36.0,35.24084252920656,-0.7591574707934399,0.7591574707934399
sub-833405084335,24.0,19.506624364328648,-4.493375635671352,4.493375635671352
sub-833762581917,22.5,21.08816987981548,-1.4118301201845185,1.4118301201845185
sub-833785451044,25.582477754962355,29.059763151709756,3.4772853967474013,3.4772853967474013
sub-833933618360,68.0,49.55249786547558,-18.44750213452442,18.44750213452442
sub-834050217069,19.0,9.321401538781643,-9.678598461218357,9.678598461218357
sub-834265926310,21.0,25.377540041771265,4.377540041771265,4.377540041771265
sub-834759665803,21.0,21.49666267225258,0.49666267225257954,0.49666267225257954
sub-834921406993,21.0,26.5092076491385,5.509207649138499,5.509207649138499
sub-834928817578,63.41683778234086,48.51161415481954,-14.905223627521323,14.905223627521323
sub-835150699145,25.0,29.18280631076025,4.182806310760249,4.182806310760249
sub-835540494601,23.0,24.83424943161002,1.8342494316100186,1.8342494316100186
sub-835915863975,13.0,16.25642480442179,3.2564248044217905,3.2564248044217905
sub-836204819379,9.268493151,13.26606153179658,3.997568380796581,3.997568380796581
sub-836224924436,60.84052019164955,51.76117277665751,-9.079347414992043,9.079347414992043
sub-836293495017,13.0,23.039747872985178,10.039747872985178,10.039747872985178
sub-836905304579,71.0,54.68920823350756,-16.310791766492443,16.310791766492443
sub-837107069292,18.2177,19.99259017967271,1.7748901796727097,1.7748901796727097
sub-837165336315,21.0,28.24800502263075,7.24800502263075,7.24800502263075
sub-837432293199,32.361396303901444,35.834230130351756,3.4728338264503122,3.4728338264503122
sub-837824233766,11.1697,-1.6767146638491859,-12.846414663849187,12.846414663849187
sub-838089558550,35.0,25.78426783923261,-9.215732160767391,9.215732160767391
sub-838826556270,21.0,12.354982643398749,-8.645017356601251,8.645017356601251
sub-839032642270,67.81930184804928,64.78761288104431,-3.0316889670049676,3.0316889670049676
sub-839253254886,19.0,22.315251628490614,3.315251628490614,3.315251628490614
sub-839341084854,22.5,29.275597244364782,6.775597244364782,6.775597244364782
sub-839452249071,60.5968514715948,43.99152241543014,-16.605329056164663,16.605329056164663
sub-839924034192,22.1793,28.205873142397245,6.026573142397243,6.026573142397243
sub-840506833125,29.004791238877484,27.91673391005862,-1.0880573288188629,1.0880573288188629
sub-840847898906,25.0,25.094239204917024,0.09423920491702376,0.09423920491702376
sub-840924117029,21.0,22.211785655541085,1.2117856555410853,1.2117856555410853
sub-841148850958,47.0,37.269412915083535,-9.730587084916465,9.730587084916465
sub-841518676943,25.0,28.00120054018908,3.0012005401890782,3.0012005401890782
sub-842111262914,48.05201916495551,46.60223579609776,-1.4497833688577515,1.4497833688577515
sub-842259835992,27.5,36.75309205909168,9.253092059091678,9.253092059091678
sub-842405684907,11.0,-1.336808849077137,-12.336808849077137,12.336808849077137
sub-842437178908,10.0,12.997558314306023,2.9975583143060227,2.9975583143060227
sub-842438804330,27.5975,24.680474759089392,-2.9170252409106077,2.9170252409106077
sub-842826176759,23.0,17.261029721960806,-5.738970278039194,5.738970278039194
sub-843302791192,80.1697467488022,44.19432875558918,-35.975417993213014,35.975417993213014
sub-843782950137,14.76,18.874147144592015,4.114147144592016,4.114147144592016
sub-844284773354,19.0,22.738092845180155,3.738092845180155,3.738092845180155
sub-844369335575,10.59726027,4.9304551703635155,-5.666805099636484,5.666805099636484
sub-844469283877,14.1,19.691116365571666,5.591116365571667,5.591116365571667
sub-844502343291,23.0,26.19469374369004,3.1946937436900384,3.1946937436900384
sub-844668091281,23.0,28.285318366972586,5.285318366972586,5.285318366972586
sub-844809889086,20.34,12.278749075734627,-8.061250924265373,8.061250924265373
sub-845938829891,21.0,21.493670168699428,0.4936701686994276,0.4936701686994276
sub-846136040386,24.0,24.869545125928664,0.8695451259286635,0.8695451259286635
sub-846161019971,22.0,39.55971051412371,17.559710514123708,17.559710514123708
sub-846237231836,10.0,12.457562571966758,2.4575625719667578,2.4575625719667578
sub-846809877368,55.16769336071184,51.68669066671903,-3.4810026939928065,3.4810026939928065
sub-846911830744,12.25,12.430542372294983,0.18054237229498327,0.18054237229498327
sub-847264219865,27.5,31.292593961992008,3.792593961992008,3.792593961992008
sub-847649503818,21.0,18.460487521963998,-2.539512478036002,2.539512478036002
sub-847858782530,66.85831622176592,51.40235510042462,-15.455961121341296,15.455961121341296
sub-848303531880,74.02600958247777,48.49911259149552,-25.52689699098225,25.52689699098225
sub-848304365784,28.0,27.47723830680889,-0.5227616931911108,0.5227616931911108
sub-848559622345,21.0,29.432885463008017,8.432885463008017,8.432885463008017
sub-848863381663,13.78,9.747314028092205,-4.032685971907794,4.032685971907794
sub-848884705355,19.0,18.518657613641935,-0.48134238635806526,0.48134238635806526
sub-849064822186,27.0,25.642005715562856,-1.3579942844371438,1.3579942844371438
sub-849137971945,21.0,31.438852014988456,10.438852014988456,10.438852014988456
sub-849159958030,19.0,21.232517272477807,2.232517272477807,2.232517272477807
sub-849439788219,19.0,20.43585594584502,1.4358559458450202,1.4358559458450202
sub-849953102115,9.7,7.213256705915608,-2.486743294084391,2.486743294084391
sub-850074786993,8.024657534,1.545117439613545,-6.479540094386454,6.479540094386454
sub-850736393225,21.0,10.82944054082368,-10.17055945917632,10.17055945917632
sub-850844438672,23.0,20.462257814077553,-2.537742185922447,2.537742185922447
sub-851134973595,33.0,24.800766051484956,-8.199233948515044,8.199233948515044
sub-851444737023,15.5,13.364205749181657,-2.1357942508183427,2.1357942508183427
sub-851549490177,31.0,23.318175653065516,-7.681824346934484,7.681824346934484
sub-851847771111,33.763175906913084,42.19861300339879,8.435437096485707,8.435437096485707
sub-851966215203,22.5,23.968100424526675,1.4681004245266749,1.4681004245266749
sub-852119035315,29.0,27.513929321247417,-1.4860706787525828,1.4860706787525828
sub-852627676676,60.9308692676249,48.41089774029684,-12.51997152732806,12.51997152732806
sub-852840866495,9.860273973,21.277831528120473,11.417557555120473,11.417557555120473
sub-853076739302,18.75,14.890604322135971,-3.859395677864029,3.859395677864029
sub-853151028555,26.0,26.81213085999194,0.8121308599919388,0.8121308599919388
sub-853205286014,27.0,25.19230413067254,-1.8076958693274605,1.8076958693274605
sub-853317809055,21.0,23.251892214493054,2.251892214493054,2.251892214493054
sub-853829288453,14.86,12.429424252390753,-2.4305757476092467,2.4305757476092467
sub-854122998143,23.0,31.448947606581633,8.448947606581633,8.448947606581633
sub-854248757945,77.5,48.42495612788709,-29.075043872112907,29.075043872112907
sub-854351385010,21.0,10.705809352687751,-10.294190647312249,10.294190647312249
sub-855367719661,13.0,20.686152475814996,7.686152475814996,7.686152475814996
sub-855608929551,21.0,16.692141556463906,-4.3078584435360945,4.3078584435360945
sub-855788658491,27.822039698836413,36.852239292935224,9.03019959409881,9.03019959409881
sub-855821008773,21.0,19.784381602530523,-1.215618397469477,1.215618397469477
sub-856532049659,9.79,-4.113003740164682,-13.903003740164682,13.903003740164682
sub-856562281896,19.0,17.346296501426046,-1.6537034985739538,1.6537034985739538
sub-857145788944,19.33,20.154678002107616,0.8246780021076177,0.8246780021076177
sub-857482847130,16.0,26.73548774868194,10.73548774868194,10.73548774868194
sub-858287668746,25.0,16.710801316733622,-8.289198683266378,8.289198683266378
sub-858715801001,19.0,23.2546547075651,4.2546547075650984,4.2546547075650984
sub-858765038570,19.0,6.453012365284177,-12.546987634715823,12.546987634715823
sub-858944435768,30.143737166324435,36.470293457494776,6.326556291170341,6.326556291170341
sub-859071508378,39.2526,35.12083634774717,-4.131763652252829,4.131763652252829
sub-859835440909,27.0,22.730231356386035,-4.269768643613965,4.269768643613965
sub-860138007442,21.0,19.219848942090472,-1.7801510579095279,1.7801510579095279
sub-860968728819,11.909,15.076887615797297,3.167887615797296,3.167887615797296
sub-861145867214,18.9,14.8981393727421,-4.001860627257898,4.001860627257898
sub-861531345127,19.0,18.53515308723249,-0.4648469127675092,0.4648469127675092
sub-861783882992,10.119097,5.9359481987814675,-4.1831488012185325,4.1831488012185325
sub-862294090540,13.65205479,8.797486196535868,-4.854568593464132,4.854568593464132
sub-862348505049,58.568104038329906,51.61117827459326,-6.956925763736649,6.956925763736649
sub-862351405786,21.0,24.138577673396966,3.1385776733969664,3.1385776733969664
sub-862537982546,49.919233401779614,37.70142468061074,-12.217808721168872,12.217808721168872
sub-862728958301,23.0,12.83051450721656,-10.16948549278344,10.16948549278344
sub-862933690787,21.0,16.498715317026765,-4.501284682973235,4.501284682973235
sub-863158771926,9.032876712,9.014754040817433,-0.018122671182567274,0.018122671182567274
sub-863700256831,19.0,22.397516001459493,3.3975160014594934,3.3975160014594934
sub-864075417113,24.0,30.143700590874236,6.143700590874236,6.143700590874236
sub-864390147957,27.5,31.446575142545555,3.946575142545555,3.946575142545555
sub-864417281787,27.0,30.086549830061823,3.0865498300618235,3.0865498300618235
sub-864521527320,27.5,35.042754725529505,7.542754725529505,7.542754725529505
sub-865049849440,18.0,27.059965282332357,9.059965282332357,9.059965282332357
sub-865130064686,23.0,22.924441656927545,-0.0755583430724549,0.0755583430724549
sub-865463279252,10.60821918,8.173045259731396,-2.435173920268605,2.435173920268605
sub-865831043042,12.36164384,6.675028117520956,-5.6866157224790435,5.6866157224790435
sub-865879829269,11.01917808,15.47910640733479,4.45992832733479,4.45992832733479
sub-866125125908,67.16221765913758,56.7093503176273,-10.452867341510284,10.452867341510284
sub-866415490846,16.0,34.78729836353412,18.78729836353412,18.78729836353412
sub-866498030343,23.948,26.857815883490936,2.9098158834909356,2.9098158834909356
sub-866659229411,71.0,52.94107415054767,-18.05892584945233,18.05892584945233
sub-866713785429,62.5,42.3650788986307,-20.1349211013693,20.1349211013693
sub-866905041948,22.0,28.095219092531163,6.095219092531163,6.095219092531163
sub-866922267325,19.0,20.152054002419376,1.1520540024193764,1.1520540024193764
sub-867260065005,42.507871321013006,51.9235476436896,9.415676322676596,9.415676322676596
sub-867582298309,12.5777,-8.413529328849691,-20.99122932884969,20.99122932884969
sub-867701378046,20.0,38.22111689894876,18.221116898948758,18.221116898948758
sub-868182247503,27.0,16.631770890173414,-10.368229109826586,10.368229109826586
sub-868370615460,13.6,28.490770442918667,14.890770442918667,14.890770442918667
sub-868388089302,19.0,23.586879444576628,4.586879444576628,4.586879444576628
sub-868866368860,72.5,53.35403479227817,-19.14596520772183,19.14596520772183
sub-869287444915,22.5,24.00893363506575,1.5089336350657483,1.5089336350657483
sub-869522707783,7.989049,16.570511924113713,8.581462924113714,8.581462924113714
sub-869561056537,25.0,25.706062452580063,0.7060624525800634,0.7060624525800634
sub-869792866260,63.86858316221765,43.66171171457231,-20.206871447645334,20.206871447645334
sub-869807719337,23.0,31.734799785017678,8.734799785017678,8.734799785017678
sub-870097433973,19.0,25.91584487590553,6.915844875905531,6.915844875905531
sub-870309621562,11.16986301,15.16271330804021,3.99285029804021,3.99285029804021
sub-870383451100,19.0,32.64337028879107,13.643370288791068,13.643370288791068
sub-870394430007,27.0,29.550790430534914,2.5507904305349136,2.5507904305349136
sub-870400442875,17.9,8.816221391408803,-9.083778608591196,9.083778608591196
sub-870653878584,34.43,30.99735396407329,-3.432646035926709,3.432646035926709
sub-871014392779,23.0,30.139378431891945,7.139378431891945,7.139378431891945
sub-871062020088,21.0,24.520947125965115,3.5209471259651153,3.5209471259651153
sub-871227205934,45.6974674880219,35.635008282944796,-10.062459205077104,10.062459205077104
sub-871327886768,19.8,21.149376352294762,1.3493763522947617,1.3493763522947617
sub-871665254271,19.0,18.02143349773429,-0.9785665022657106,0.9785665022657106
sub-872219746706,26.0,24.946732954357287,-1.0532670456427127,1.0532670456427127
sub-872310189561,25.0,19.826728860303863,-5.173271139696137,5.173271139696137
sub-872499226250,35.071868583162214,45.55605346156087,10.484184878398658,10.484184878398658
sub-872529642832,21.0,32.2654010305839,11.265401030583902,11.265401030583902
sub-872890949648,23.0,17.507524002716853,-5.492475997283147,5.492475997283147
sub-873064193457,22.0,27.70095280015938,5.700952800159381,5.700952800159381
sub-873856873596,71.0,51.39864860748895,-19.60135139251105,19.60135139251105
sub-874881043824,21.0,22.991751611041852,1.9917516110418525,1.9917516110418525
sub-875390673251,27.5,28.493991970793793,0.9939919707937932,0.9939919707937932
sub-875887270246,14.66,9.664642401155547,-4.995357598844453,4.995357598844453
sub-875946477747,18.0,22.70468736951284,4.70468736951284,4.70468736951284
sub-876065686543,14.25,17.636317416057725,3.386317416057725,3.386317416057725
sub-876168816548,14.0,22.500004570782128,8.500004570782128,8.500004570782128
sub-876267012411,19.0,30.582050099058243,11.582050099058243,11.582050099058243
sub-876413804784,9.136986301,4.632775291145329,-4.5042110098546715,4.5042110098546715
sub-876583468696,24.0,25.58790733066381,1.5879073306638105,1.5879073306638105
sub-877523533189,22.0,22.434691973036426,0.4346919730364256,0.4346919730364256
sub-877751571376,61.33607118412046,49.362460368596444,-11.973610815524019,11.973610815524019
sub-877769535521,19.06,19.741710555874686,0.6817105558746874,0.6817105558746874
sub-878102231037,13.82,4.762495288317762,-9.057504711682238,9.057504711682238
sub-878124223907,24.0,29.741748413289777,5.741748413289777,5.741748413289777
sub-878299241368,21.0,21.952544437651124,0.9525444376511238,0.9525444376511238
sub-878901535563,21.0,19.817018694981844,-1.1829813050181563,1.1829813050181563
sub-878981166880,25.0,23.01075099220793,-1.9892490077920684,1.9892490077920684
sub-880687234086,32.64339493497605,30.929905618220783,-1.7134893167552683,1.7134893167552683
sub-880811779741,19.0,12.116334857228882,-6.883665142771118,6.883665142771118
sub-880908935164,52.53114305270363,41.20370634633521,-11.327436706368417,11.327436706368417
sub-881158372238,19.0,27.252049478576893,8.252049478576893,8.252049478576893
sub-881514656591,25.0,26.94524414705388,1.9452441470538808,1.9452441470538808
sub-881702885069,25.0,19.294558956187473,-5.705441043812527,5.705441043812527
sub-881950556152,14.0,0.8353419497348433,-13.164658050265157,13.164658050265157
sub-881977543881,21.0,19.36594466644844,-1.6340553335515615,1.6340553335515615
sub-882803056246,27.5,32.36119494168048,4.8611949416804805,4.8611949416804805
sub-882865046935,21.0,25.497944622110086,4.4979446221100865,4.4979446221100865
sub-883718570961,19.0,18.90347781755111,-0.09652218244888999,0.09652218244888999
sub-885298009427,67.5,47.44469754553576,-20.05530245446424,20.05530245446424
sub-886003620269,19.0,18.986894226825942,-0.013105773174057589,0.013105773174057589
sub-886027172791,22.5,19.286438487923807,-3.2135615120761933,3.2135615120761933
sub-886413354960,21.0,21.356726169159295,0.35672616915929467,0.35672616915929467
sub-886636260175,21.0,30.73209510884519,9.73209510884519,9.73209510884519
sub-887283177563,8.556164384,19.807594529380914,11.251430145380914,11.251430145380914
sub-887424714190,76.0,47.113108529015435,-28.886891470984565,28.886891470984565
sub-887530654767,25.0,28.86639766232384,3.866397662323841,3.866397662323841
sub-887796798530,29.738535249828885,32.05707854418167,2.3185432943527857,2.3185432943527857
sub-887907228454,21.0,21.745749148777406,0.7457491487774064,0.7457491487774064
sub-888082536248,14.3,13.278288487209164,-1.0217115127908372,1.0217115127908372
sub-888374824441,72.5,54.05535636820745,-18.44464363179255,18.44464363179255
sub-888390950359,35.02258726899384,33.434136612920156,-1.5884506560736824,1.5884506560736824
sub-889247652259,49.0,28.070997631562822,-20.929002368437178,20.929002368437178
sub-889475973950,21.0,16.424929156849323,-4.575070843150677,4.575070843150677
sub-890264397859,60.073921971252574,57.38798693559654,-2.685935035656037,2.685935035656037
sub-890363771287,74.01232032854209,61.45148003362368,-12.560840294918407,12.560840294918407
sub-890378597643,19.0,18.411232062128498,-0.5887679378715021,0.5887679378715021
sub-890440701443,9.575342466,15.209278735542856,5.633936269542856,5.633936269542856
sub-890707760272,19.0,17.76821348074112,-1.231786519258879,1.231786519258879
sub-890940320423,31.0,20.152614245051954,-10.847385754948046,10.847385754948046
sub-891012875278,21.0,25.38514690129751,4.38514690129751,4.38514690129751
sub-891338570370,10.63013699,18.531049137613252,7.900912147613251,7.900912147613251
sub-891609925981,13.0,21.889467791105595,8.889467791105595,8.889467791105595
sub-891619944015,19.0,20.39545042038348,1.3954504203834794,1.3954504203834794
sub-891643843487,21.0,10.2406691864274,-10.7593308135726,10.7593308135726
sub-891720291413,14.09,14.869606396165167,0.7796063961651676,0.7796063961651676
sub-892536614491,21.0,23.706845753815777,2.7068457538157773,2.7068457538157773
sub-892593645708,6.0,22.01092255097036,16.01092255097036,16.01092255097036
sub-892946894485,18.0,19.76193556439254,1.761935564392541,1.761935564392541
sub-892980852230,21.0,26.137182994158238,5.137182994158238,5.137182994158238
sub-893262325357,11.25,15.884459672779577,4.6344596727795775,4.6344596727795775
sub-893805064891,28.0,23.01779572433492,-4.9822042756650795,4.9822042756650795
sub-893818760027,8.2656,9.590042516122093,1.3244425161220938,1.3244425161220938
sub-894332605596,21.0,22.691966086436683,1.6919660864366826,1.6919660864366826
sub-894511350563,46.0,40.94752596621673,-5.05247403378327,5.05247403378327
sub-894512709599,12.36,20.731611580025934,8.371611580025935,8.371611580025935
sub-894680676162,55.59753593429159,58.63545175487901,3.037915820587415,3.037915820587415
sub-895133658171,21.0,17.93164297379645,-3.06835702620355,3.06835702620355
sub-895397981435,18.5517,25.291471404915704,6.739771404915704,6.739771404915704
sub-895750786932,28.0,31.668381676667025,3.6683816766670247,3.6683816766670247
sub-896035160007,53.74948665297741,54.019756188494235,0.27026953551682453,0.27026953551682453
sub-896261416622,23.0,20.537886414663134,-2.4621135853368656,2.4621135853368656
sub-896362723142,21.0,32.70402228769729,11.704022287697292,11.704022287697292
sub-898016119281,19.0,15.955630205881526,-3.0443697941184737,3.0443697941184737
sub-898717996826,11.83,6.129100886641211,-5.700899113358789,5.700899113358789
sub-899087531809,10.43561644,17.414286633763766,6.978670193763765,6.978670193763765
sub-899095634562,21.0,16.284977189430844,-4.715022810569156,4.715022810569156
sub-899919102280,31.80835044490076,39.26036128102241,7.4520108361216515,7.4520108361216515
sub-900004567178,54.0,36.975597256090865,-17.024402743909135,17.024402743909135
sub-900102424486,21.0,11.209850510244035,-9.790149489755965,9.790149489755965
sub-900153837660,12.6,-1.2899290756836876,-13.889929075683687,13.889929075683687
sub-900348386642,33.0,28.314273288462708,-4.685726711537292,4.685726711537292
sub-900503064848,23.0,10.379922731638054,-12.620077268361946,12.620077268361946
sub-900669455649,23.0,15.30763992664145,-7.69236007335855,7.69236007335855
sub-901004563315,23.0,34.71547627259471,11.715476272594707,11.715476272594707
sub-901032588667,70.10540725530457,57.82961815419592,-12.27578910110865,12.27578910110865
sub-901046779045,26.0,20.013402990997506,-5.9865970090024945,5.9865970090024945
sub-901077160766,66.01505817932923,50.82710920992597,-15.187948969403259,15.187948969403259
sub-901120068549,21.0,21.727507054616602,0.727507054616602,0.727507054616602
sub-901679307794,22.5,26.14136822766237,3.641368227662369,3.641368227662369
sub-901853622053,24.0,31.976128794587623,7.976128794587623,7.976128794587623
sub-902497495837,19.0,33.125497356227335,14.125497356227335,14.125497356227335
sub-902598751321,21.0,28.93139275820387,7.93139275820387,7.93139275820387
sub-902688287778,10.0,12.897882696997257,2.8978826969972573,2.8978826969972573
sub-903069823853,19.0,28.470621220733886,9.470621220733886,9.470621220733886
sub-903102643483,19.0,15.000306738356478,-3.9996932616435217,3.9996932616435217
sub-903137810093,18.0,14.141125376748448,-3.858874623251552,3.858874623251552
sub-903309024146,60.97467488021904,55.34040964045446,-5.634265239764581,5.634265239764581
sub-904150571086,21.0,23.66435759213617,2.66435759213617,2.66435759213617
sub-904230068278,9.0,14.135785450465491,5.135785450465491,5.135785450465491
sub-904298927510,29.0,21.68392121107165,-7.316078788928351,7.316078788928351
sub-904786156336,19.0,15.147138054615517,-3.8528619453844826,3.8528619453844826
sub-904963069377,19.0,20.994646000424584,1.9946460004245843,1.9946460004245843
sub-905468027051,19.0,19.3835313336467,0.383531333646701,0.383531333646701
sub-905521354661,16.66,32.91583322961128,16.25583322961128,16.25583322961128
sub-905655778274,19.0,25.558444542429736,6.558444542429736,6.558444542429736
sub-905823095507,19.7,23.910389403750003,4.210389403750003,4.210389403750003
sub-906109401964,12.35342466,9.698954746791614,-2.654469913208386,2.654469913208386
sub-906156735518,25.661875427789184,30.81810722616564,5.1562317983764565,5.1562317983764565
sub-906563060004,25.0,22.519387086891683,-2.4806129131083168,2.4806129131083168
sub-906893775405,23.0,25.922704282796627,2.9227042827966265,2.9227042827966265
sub-907154865800,21.0,29.176206914417712,8.176206914417712,8.176206914417712
sub-907173410181,19.0,16.544708785240804,-2.455291214759196,2.455291214759196
sub-907846695925,32.0,28.88378752752719,-3.11621247247281,3.11621247247281
sub-907977518564,27.0,21.429683427943367,-5.570316572056633,5.570316572056633
sub-908407882813,19.0,13.035248900025238,-5.964751099974762,5.964751099974762
sub-908535648673,52.533880903490754,38.33320093964563,-14.200679963845126,14.200679963845126
sub-908737113272,19.0,20.527148561319002,1.5271485613190023,1.5271485613190023
sub-909164871422,23.0,24.26334516265207,1.2633451626520689,1.2633451626520689
sub-910257374237,52.5,42.30374125103866,-10.196258748961341,10.196258748961341
sub-910309160908,27.5,37.481144440515976,9.981144440515976,9.981144440515976
sub-910315280332,21.0,23.80715038791096,2.8071503879109585,2.8071503879109585
sub-911498902603,21.0,18.129688533810633,-2.870311466189367,2.870311466189367
sub-911595640218,21.0,24.43048697856476,3.4304869785647583,3.4304869785647583
sub-911803480648,19.0,20.991519328243093,1.9915193282430934,1.9915193282430934
sub-912008466536,17.2,15.74842090940275,-1.4515790905972494,1.4515790905972494
sub-912062086904,58.658453114305274,51.79433619991396,-6.864116914391317,6.864116914391317
sub-912195063185,11.45,20.517567978074833,9.067567978074834,9.067567978074834
sub-912438054748,21.0,20.985252228798103,-0.014747771201896853,0.014747771201896853
sub-912891258738,25.0,25.124009652913273,0.12400965291327282,0.12400965291327282
sub-913496053208,12.15,8.557837041547465,-3.592162958452535,3.592162958452535
sub-913530350055,23.0,16.639432102766534,-6.360567897233466,6.360567897233466
sub-913628264858,73.53867214236823,59.89299656514445,-13.645675577223777,13.645675577223777
sub-914048964145,25.0,33.688039834800556,8.688039834800556,8.688039834800556
sub-914173373482,23.0,24.633871495406513,1.6338714954065132,1.6338714954065132
sub-914185919173,21.0,18.267630499202234,-2.732369500797766,2.732369500797766
sub-914210574111,22.5,23.155440871926864,0.6554408719268636,0.6554408719268636
sub-914484668303,27.5,43.019544447265886,15.519544447265886,15.519544447265886
sub-914841201324,25.0,31.121796782933245,6.121796782933245,6.121796782933245
sub-915025691063,68.4845995893224,54.43356952965546,-14.051030059666942,14.051030059666942
sub-915468023299,11.2,12.937814381303621,1.7378143813036218,1.7378143813036218
sub-915647446189,19.0,33.41491397024808,14.41491397024808,14.41491397024808
sub-915876060239,23.0,27.190623988984534,4.190623988984534,4.190623988984534
sub-916402602255,23.0,20.898305650614144,-2.1016943493858555,2.1016943493858555
sub-916525803970,29.0,24.70990883765763,-4.290091162342371,4.290091162342371
sub-916542852934,27.5,28.752506881877537,1.2525068818775367,1.2525068818775367
sub-917008309577,33.0,27.353461711837213,-5.6465382881627875,5.6465382881627875
sub-917433394750,21.0,28.9163206227308,7.916320622730801,7.916320622730801
sub-917435174544,22.0,30.303243681325064,8.303243681325064,8.303243681325064
sub-917600588024,69.0,45.353461981225806,-23.646538018774194,23.646538018774194
sub-917758363758,14.0,9.499523473904599,-4.500476526095401,4.500476526095401
sub-917842166945,30.0,26.28550262693387,-3.7144973730661306,3.7144973730661306
sub-917938246101,43.0,49.605204957743794,6.605204957743794,6.605204957743794
sub-918148858049,12.16438356,2.963617774494171,-9.200765785505828,9.200765785505828
sub-918704529377,65.3305954825462,46.77294125438799,-18.557654228158214,18.557654228158214
sub-918881052509,8.67,20.747417842241234,12.077417842241234,12.077417842241234
sub-918944432928,27.5,22.26695148236284,-5.233048517637162,5.233048517637162
sub-919028468459,13.25,23.793752085848276,10.543752085848276,10.543752085848276
sub-919231839233,21.0,24.190997741903573,3.1909977419035727,3.1909977419035727
sub-919267100021,73.01574264202601,55.7423060366335,-17.27343660539251,17.27343660539251
sub-920272941764,29.0,34.53324712880725,5.533247128807247,5.533247128807247
sub-920482922866,19.0,21.131435448707418,2.1314354487074176,2.1314354487074176
sub-920531713757,21.0,13.90121312505537,-7.098786874944629,7.098786874944629
sub-920810018627,22.5,32.50327967673966,10.003279676739659,10.003279676739659
sub-920988541453,27.5,27.60830874790828,0.10830874790827849,0.10830874790827849
sub-921444161224,21.0,19.645359959511527,-1.3546400404884729,1.3546400404884729
sub-921858841687,21.0,26.372146544069153,5.372146544069153,5.372146544069153
sub-922289872992,19.0,16.941563750345594,-2.058436249654406,2.058436249654406
sub-922622292927,21.0,30.572032651564857,9.572032651564857,9.572032651564857
sub-922751720998,18.0,14.884438712394097,-3.115561287605903,3.115561287605903
sub-922949023576,16.0,19.088802759016612,3.0888027590166125,3.0888027590166125
sub-923062764742,27.5,32.293654772164984,4.7936547721649845,4.7936547721649845
sub-923406567679,13.0,16.600625602516516,3.6006256025165158,3.6006256025165158
sub-923642697698,19.0,29.711076595957312,10.711076595957312,10.711076595957312
sub-924333698510,11.178,10.463637705056168,-0.7143622949438324,0.7143622949438324
sub-924511741709,64.0,50.086160975786726,-13.913839024213274,13.913839024213274
sub-924651987648,11.76438356,12.763543425054312,0.9991598650543114,0.9991598650543114
sub-924687982745,29.57426420260096,43.57302046300866,13.9987562604077,13.9987562604077
sub-924828864147,12.5,5.931288678543417,-6.568711321456583,6.568711321456583
sub-924907998371,67.33196440793976,44.98206637728752,-22.34989803065224,22.34989803065224
sub-924996943078,18.0,31.56313634296877,13.563136342968772,13.563136342968772
sub-925037100804,21.0,33.25699724730061,12.25699724730061,12.25699724730061
sub-925264389205,70.0,42.787960999617425,-27.212039000382575,27.212039000382575
sub-925503805331,25.0,15.431959549819457,-9.568040450180543,9.568040450180543
sub-926186325110,21.0,36.465597789386116,15.465597789386116,15.465597789386116
sub-926492892497,67.4551676933607,49.40662290778198,-18.048544785578727,18.048544785578727
sub-926570528626,21.0,18.262998712930294,-2.737001287069706,2.737001287069706
sub-926583949527,21.0,27.425546335866084,6.425546335866084,6.425546335866084
sub-926868125478,16.0,21.813680421646367,5.813680421646367,5.813680421646367
sub-927248566385,19.0,-3.057237375310752,-22.057237375310752,22.057237375310752
sub-927624489801,7.0,8.745175334654657,1.7451753346546575,1.7451753346546575
sub-928156652019,8.2,11.662147530853517,3.4621475308535175,3.4621475308535175
sub-928379379406,19.0,24.903458232161015,5.9034582321610145,5.9034582321610145
sub-928386832910,8.969863014,9.119501717881782,0.14963870388178258,0.14963870388178258
sub-928674316476,21.0,17.415053914448762,-3.5849460855512376,3.5849460855512376
sub-929232257334,29.77138945927447,34.344741188123066,4.573351728848596,4.573351728848596
sub-929322786948,37.94934976043805,48.36700947409823,10.417659713660186,10.417659713660186
sub-929374751111,22.0,25.655328505400046,3.655328505400046,3.655328505400046
sub-929447174283,27.5,33.015816888893525,5.515816888893525,5.515816888893525
sub-929587773359,23.0,35.29456715797548,12.294567157975479,12.294567157975479
sub-929666036859,19.0,24.805356307484782,5.805356307484782,5.805356307484782
sub-930307385185,19.0,23.64954986088585,4.649549860885848,4.649549860885848
sub-930665355870,58.76796714579056,50.728650590438974,-8.039316555351583,8.039316555351583
sub-930818807780,21.0,24.67338758958281,3.673387589582809,3.673387589582809
sub-930887135237,12.0,13.489003082045599,1.489003082045599,1.489003082045599
sub-931316549796,11.82191781,9.446174632705471,-2.375743177294529,2.375743177294529
sub-931419407006,22.5,40.10681545524513,17.606815455245133,17.606815455245133
sub-931522580771,21.0,18.949161380813152,-2.050838619186848,2.050838619186848
sub-931524427617,27.5,32.14433549134663,4.644335491346631,4.644335491346631
sub-931789686026,21.0,18.625755809765053,-2.374244190234947,2.374244190234947
sub-932328801110,27.0,19.628985834306697,-7.371014165693303,7.371014165693303
sub-932928363014,12.0,7.109637915740606,-4.890362084259394,4.890362084259394
sub-932962485355,20.0,24.921370702201635,4.921370702201635,4.921370702201635
sub-933451667612,31.0,27.980171464049576,-3.019828535950424,3.019828535950424
sub-933669624404,24.8952772073922,38.578482575894014,13.683205368501813,13.683205368501813
sub-933794001889,21.0,18.883966894291955,-2.116033105708045,2.116033105708045
sub-934122562621,23.0,28.749347256324974,5.749347256324974,5.749347256324974
sub-934881118276,21.0,26.130872537998332,5.130872537998332,5.130872537998332
sub-934982332122,21.0,29.08675197166449,8.08675197166449,8.08675197166449
sub-935002971646,9.619178082,17.712265692627913,8.093087610627913,8.093087610627913
sub-935090080624,30.705,23.094376726902237,-7.610623273097762,7.610623273097762
sub-935183687348,19.0,20.772563268829092,1.7725632688290922,1.7725632688290922
sub-935317604703,21.0,20.51043203990001,-0.4895679600999898,0.4895679600999898
sub-936672607215,19.0,30.12230198914506,11.122301989145061,11.122301989145061
sub-936703241140,66.52703627652294,55.978417454923466,-10.548618821599469,10.548618821599469
sub-936900293798,21.0,18.730624853645722,-2.269375146354278,2.269375146354278
sub-937301500163,21.0,15.777201290789606,-5.2227987092103945,5.2227987092103945
sub-937364217957,10.82465753,8.325232877859058,-2.4994246521409416,2.4994246521409416
sub-937536731279,22.0,15.95154238550965,-6.048457614490349,6.048457614490349
sub-937872457728,21.0,35.093568400752794,14.093568400752794,14.093568400752794
sub-938380050399,23.0,38.290657403691796,15.290657403691796,15.290657403691796
sub-938749379533,19.0,17.896458761622362,-1.1035412383776375,1.1035412383776375
sub-938896811577,10.26849315,15.586668111373143,5.318174961373144,5.318174961373144
sub-938981109987,23.0,21.846172677334728,-1.153827322665272,1.153827322665272
sub-939037999646,23.0,16.130025100112,-6.869974899888,6.869974899888
sub-939381022830,19.0,15.904570244603867,-3.0954297553961325,3.0954297553961325
sub-939635291034,21.0,32.537914341382375,11.537914341382375,11.537914341382375
sub-939702092734,19.0,18.877141687660455,-0.12285831233954525,0.12285831233954525
sub-939910199671,34.0,28.036868022222368,-5.963131977777632,5.963131977777632
sub-940212166039,21.0,23.678026909247805,2.678026909247805,2.678026909247805
sub-940263536733,24.26,29.48505578794661,5.225055787946609,5.225055787946609
sub-940869963183,19.0,21.587227886545268,2.587227886545268,2.587227886545268
sub-940873808553,24.14236824093087,38.189388615332504,14.047020374401633,14.047020374401633
sub-940884975885,19.0,21.943983412305418,2.9439834123054176,2.9439834123054176
sub-942090196392,21.0,30.02483858309082,9.024838583090819,9.024838583090819
sub-942097864031,22.647501711156742,27.86312867333695,5.215626962180206,5.215626962180206
sub-942337019356,23.0,20.179124931100795,-2.8208750688992055,2.8208750688992055
sub-942553576158,27.0,30.442191467830053,3.442191467830053,3.442191467830053
sub-943000203930,22.0,25.8062119832033,3.8062119832033012,3.8062119832033012
sub-943181440809,16.6,21.370595333145573,4.770595333145572,4.770595333145572
sub-943359697274,9.471232877,16.866189170477433,7.394956293477433,7.394956293477433
sub-943639486886,72.30663928815879,44.668759018980474,-27.637880269178318,27.637880269178318
sub-944068231803,18.0,14.591004475833227,-3.408995524166773,3.408995524166773
sub-944780637236,22.5,41.47460231107901,18.97460231107901,18.97460231107901
sub-944831654822,25.0,27.783473082882985,2.783473082882985,2.783473082882985
sub-945354197992,13.0,17.89633727197097,4.896337271970971,4.896337271970971
sub-945685896914,18.3,30.048541709434616,11.748541709434615,11.748541709434615
sub-946000351967,19.0,18.451549595128505,-0.5484504048714953,0.5484504048714953
sub-946082716347,15.0,13.998068442342387,-1.0019315576576133,1.0019315576576133
sub-947029891941,25.0,22.84812287756424,-2.15187712243576,2.15187712243576
sub-947048943658,22.5,35.98773032983989,13.487730329839891,13.487730329839891
sub-947217988145,10.6927,15.66532053014203,4.972620530142029,4.972620530142029
sub-947434480702,19.0,25.743815603322425,6.743815603322425,6.743815603322425
sub-947530831842,25.0,23.651669351005225,-1.348330648994775,1.348330648994775
sub-947688278769,9.117808219,9.444590457910621,0.32678223891062075,0.32678223891062075
sub-947714204613,52.12867898699521,44.0844097526352,-8.044269234360009,8.044269234360009
sub-948024242025,21.0,31.3701829664153,10.3701829664153,10.3701829664153
sub-948053748378,25.0,24.711389730779445,-0.28861026922055544,0.28861026922055544
sub-948173892357,22.5,25.304627712703283,2.804627712703283,2.804627712703283
sub-948196399366,10.92,12.24758629781022,1.3275862978102193,1.3275862978102193
sub-948402139122,21.0,21.092026078384208,0.09202607838420818,0.09202607838420818
sub-949217685462,22.5,35.59692927907393,13.096929279073933,13.096929279073933
sub-949281546209,10.64,10.928323195220266,0.28832319522026495,0.28832319522026495
sub-949327608209,21.0,14.538871027395324,-6.461128972604676,6.461128972604676
sub-949681988886,13.5,26.113597007397843,12.613597007397843,12.613597007397843
sub-949804034624,23.0,24.40704067340571,1.4070406734057102,1.4070406734057102
sub-950287307481,8.0,14.498074840352373,6.498074840352373,6.498074840352373
sub-950542329934,21.0,31.006452637338167,10.006452637338167,10.006452637338167
sub-951010277782,26.0,12.594899875371972,-13.405100124628028,13.405100124628028
sub-951202505969,23.53730321697468,25.33609747633512,1.798794259360438,1.798794259360438
sub-951213761774,22.0,28.31105911120507,6.3110591112050685,6.3110591112050685
sub-951339198782,12.5257,15.895828829990972,3.3701288299909713,3.3701288299909713
sub-951545085553,28.5613,16.36788463615105,-12.193415363848949,12.193415363848949
sub-952300611928,22.52,35.44522411292955,12.925224112929552,12.925224112929552
sub-952405077290,19.0,19.982211534665794,0.9822115346657938,0.9822115346657938
sub-952477762961,21.0,34.30281591638732,13.302815916387317,13.302815916387317
sub-952655976849,11.85,17.33583077070589,5.48583077070589,5.48583077070589
sub-952776637852,19.0,28.61721327557519,9.617213275575189,9.617213275575189
sub-953022551113,25.0,24.49739849314902,-0.5026015068509793,0.5026015068509793
sub-953314118927,21.0,26.484019932030645,5.484019932030645,5.484019932030645
sub-953400604911,9.208219178,4.243619566627629,-4.964599611372371,4.964599611372371
sub-953496715521,9.41,17.963565289535815,8.553565289535815,8.553565289535815
sub-953700135343,20.0,24.946524620289097,4.946524620289097,4.946524620289097
sub-953824010639,7.1293630000000014,4.501754646013161,-2.6276083539868402,2.6276083539868402
sub-954220905647,29.81793292265571,33.14883139086337,3.3308984682076606,3.3308984682076606
sub-954430934773,19.0,5.931917173618029,-13.068082826381971,13.068082826381971
sub-954625005461,12.74246575,10.671524940927242,-2.0709408090727575,2.0709408090727575
sub-954752152568,19.0,18.609880590122728,-0.390119409877272,0.390119409877272
sub-954946498969,75.6331279945243,51.715846511254526,-23.917281483269775,23.917281483269775
sub-955099440993,19.0,14.213260380555543,-4.786739619444457,4.786739619444457
sub-955777977378,64.57768651608487,55.70397574668465,-8.873710769400219,8.873710769400219
sub-955861473301,69.0,47.09321061309973,-21.90678938690027,21.90678938690027
sub-956075512385,21.0,16.683884801475166,-4.316115198524834,4.316115198524834
sub-957634463134,26.0,30.270559075777193,4.270559075777193,4.270559075777193
sub-958050974251,21.0,17.030879281655537,-3.9691207183444632,3.9691207183444632
sub-958265595037,11.21643836,10.926346659196817,-0.2900917008031829,0.2900917008031829
sub-958464456805,55.65503080082137,51.103251438693334,-4.551779362128038,4.551779362128038
sub-958916458255,11.4962,-1.028475756417663,-12.524675756417663,12.524675756417663
sub-959069242210,22.0,30.41239356946047,8.41239356946047,8.41239356946047
sub-959189618055,19.83,18.180958562898773,-1.649041437101225,1.649041437101225
sub-959696927213,58.36824093086928,45.15407799745199,-13.214162933417285,13.214162933417285
sub-960401383220,23.0,15.830281410638893,-7.169718589361107,7.169718589361107
sub-960513601275,11.09041096,3.9202657588337857,-7.170145201166214,7.170145201166214
sub-960700816342,28.0,32.115092342567294,4.115092342567294,4.115092342567294
sub-960931863944,47.72347707049966,45.83058777106218,-1.8928892994374849,1.8928892994374849
sub-961483413696,8.153319999999999,5.355626494380548,-2.797693505619451,2.797693505619451
sub-961825214664,25.0,25.612298535483212,0.6122985354832124,0.6122985354832124
sub-962058833465,12.0,20.528004029780593,8.528004029780593,8.528004029780593
sub-962095900736,31.0,33.81562644040704,2.815626440407037,2.815626440407037
sub-962108996665,8.333333332999999,14.464539204683376,6.1312058716833775,6.1312058716833775
sub-962854214097,27.0,18.493891058802852,-8.506108941197148,8.506108941197148
sub-963133661163,17.0,23.66014734558881,6.660147345588811,6.660147345588811
sub-963376929670,13.46,16.275942068425945,2.8159420684259437,2.8159420684259437
sub-963802934589,19.0,21.668697664390095,2.668697664390095,2.668697664390095
sub-963831379087,19.0,11.80894241311331,-7.191057586886689,7.191057586886689
sub-964214262654,21.0,19.530323760743652,-1.4696762392563478,1.4696762392563478
sub-964531986227,57.86447638603696,47.83446452957594,-10.030011856461023,10.030011856461023
sub-964642400113,20.0,22.928615729953172,2.9286157299531723,2.9286157299531723
sub-965710943519,27.5,32.080884420190486,4.580884420190486,4.580884420190486
sub-966603052384,64.66255989048598,42.78448739381715,-21.87807249666883,21.87807249666883
sub-966847586845,19.0,27.054294834044736,8.054294834044736,8.054294834044736
sub-967034372580,9.887671233,12.699545991662806,2.811874758662805,2.811874758662805
sub-967482205242,14.0,14.625601895372483,0.6256018953724833,0.6256018953724833
sub-967739637280,15.0,14.585732000604374,-0.4142679993956264,0.4142679993956264
sub-967803211352,68.60232717316906,43.74411261190453,-24.858214561264532,24.858214561264532
sub-968205067686,10.0,17.85325389564529,7.853253895645292,7.853253895645292
sub-968573886024,19.0,14.466892101750446,-4.533107898249554,4.533107898249554
sub-968674783031,27.5,22.928821466089154,-4.571178533910846,4.571178533910846
sub-969623446939,19.0,23.971865655695076,4.971865655695076,4.971865655695076
sub-969765470206,18.0,10.105903682202154,-7.894096317797846,7.894096317797846
sub-969931025667,15.0,16.710988722170594,1.710988722170594,1.710988722170594
sub-970497665874,21.0,21.868462461017355,0.868462461017355,0.868462461017355
sub-970724365551,19.0,13.49957144140376,-5.500428558596241,5.500428558596241
sub-970917164596,25.0,17.982879071427767,-7.017120928572233,7.017120928572233
sub-971324477087,21.0,29.45266766552528,8.45266766552528,8.45266766552528
sub-971873286741,31.0,34.19669954487674,3.1966995448767435,3.1966995448767435
sub-972488849948,27.0,35.23990939564122,8.23990939564122,8.23990939564122
sub-972559314245,27.0,36.121874912981546,9.121874912981546,9.121874912981546
sub-972635191339,13.78,15.528090683417993,1.7480906834179937,1.7480906834179937
sub-972640558751,19.0,25.264172907587657,6.264172907587657,6.264172907587657
sub-972664409918,27.0,22.273113729902814,-4.726886270097186,4.726886270097186
sub-973056160459,10.556,14.13292387486343,3.5769238748634304,3.5769238748634304
sub-973270677867,19.0,19.181911227262376,0.18191122726237552,0.18191122726237552
sub-973295701579,19.0,12.906320047976358,-6.093679952023642,6.093679952023642
sub-973488879665,19.0,18.101732881221757,-0.898267118778243,0.898267118778243
sub-973607125517,8.063013698999999,2.136593831425106,-5.926419867574893,5.926419867574893
sub-973735615773,19.0,12.931632460226954,-6.068367539773046,6.068367539773046
sub-973781454136,19.0,26.80605561645815,7.806055616458149,7.806055616458149
sub-974114228993,19.0,15.812309828192554,-3.1876901718074464,3.1876901718074464
sub-974405616418,41.94934976043805,49.62294812852657,7.673598368088527,7.673598368088527
sub-974416298113,33.0,26.582710271352,-6.417289728648001,6.417289728648001
sub-974659202683,14.0,10.86859369745807,-3.1314063025419294,3.1314063025419294
sub-974877812246,21.0,21.594624782160473,0.5946247821604729,0.5946247821604729
sub-975176498961,21.0,17.298140442481724,-3.701859557518276,3.701859557518276
sub-975454592840,20.0,41.329212713804324,21.329212713804324,21.329212713804324
sub-975567474439,10.99,6.254860294051699,-4.735139705948301,4.735139705948301
sub-975770121455,8.2,5.6249521306670545,-2.575047869332945,2.575047869332945
sub-975829508513,21.0,23.866616267082048,2.8666162670820476,2.8666162670820476
sub-976127076696,70.71047227926078,45.59028615448419,-25.120186124776595,25.120186124776595
sub-976139172060,21.0,29.379471718574507,8.379471718574507,8.379471718574507
sub-976182490642,33.53,26.957712795293183,-6.572287204706818,6.572287204706818
sub-976250033322,21.0,24.80405037562404,3.8040503756240405,3.8040503756240405
sub-976906636902,22.5,37.13758053649336,14.63758053649336,14.63758053649336
sub-976941323987,21.0,17.203003550702647,-3.796996449297353,3.796996449297353
sub-977410937885,19.0,27.966465581348153,8.966465581348153,8.966465581348153
sub-977560143527,11.75890411,13.806419928990756,2.0475158189907567,2.0475158189907567
sub-978611220179,21.0,23.279924201591403,2.2799242015914025,2.2799242015914025
sub-978703528815,33.0,20.832072338952035,-12.167927661047965,12.167927661047965
sub-978719853586,36.70636550308008,44.706837197908925,8.000471694828846,8.000471694828846
sub-978760006475,13.77,7.149334682587607,-6.620665317412392,6.620665317412392
sub-979328387432,12.4,7.625771137854237,-4.774228862145764,4.774228862145764
sub-979395608934,23.0,23.919994204426427,0.9199942044264269,0.9199942044264269
sub-979591660457,19.0,16.808016732405576,-2.1919832675944235,2.1919832675944235
sub-980881834392,8.060273973,9.288448921233261,1.2281749482332618,1.2281749482332618
sub-980931195450,19.0,23.097059823808372,4.097059823808372,4.097059823808372
sub-981286493399,23.0,16.856087138378495,-6.143912861621505,6.143912861621505
sub-981966417728,29.85,35.33909514772013,5.489095147720128,5.489095147720128
sub-983172589376,11.72876712,13.127428882611625,1.3986617626116242,1.3986617626116242
sub-983287078347,15.74,13.011967781163534,-2.728032218836466,2.728032218836466
sub-983539557734,19.0,24.418834068076233,5.418834068076233,5.418834068076233
sub-984146928463,60.895277207392205,50.48267800916089,-10.412599198231312,10.412599198231312
sub-984212089358,21.0,20.89616185140129,-0.10383814859871165,0.10383814859871165
sub-984786358175,57.702943189596176,52.64483530076649,-5.058107888829689,5.058107888829689
sub-985491199225,18.0,30.673971065100925,12.673971065100925,12.673971065100925
sub-985675086687,9.270362765,14.478293639992106,5.2079308749921065,5.2079308749921065
sub-986168019499,23.0,17.58646736309548,-5.41353263690452,5.41353263690452
sub-986189704225,72.3504449007529,48.77722854664635,-23.573216354106556,23.573216354106556
sub-986532015071,21.0,19.53825507938974,-1.4617449206102613,1.4617449206102613
sub-986553319740,29.0,26.3757287222939,-2.6242712777061,2.6242712777061
sub-986598837703,21.0,29.81602729851341,8.816027298513411,8.816027298513411
sub-986662453858,22.5,25.744007138467058,3.244007138467058,3.244007138467058
sub-987076720776,12.77,6.296508820614179,-6.473491179385821,6.473491179385821
sub-987183158187,21.0,23.11189604475679,2.11189604475679,2.11189604475679
sub-987405498938,14.0,21.20781007935034,7.207810079350342,7.207810079350342
sub-987675138457,18.0,14.333656539193008,-3.666343460806992,3.666343460806992
sub-987725617016,24.0,36.48146895713113,12.481468957131128,12.481468957131128
sub-987863853354,72.5,53.895562501495256,-18.604437498504744,18.604437498504744
sub-987949390718,25.0,27.010028446673044,2.0100284466730436,2.0100284466730436
sub-988151025685,29.09240246406571,36.733432890831956,7.641030426766246,7.641030426766246
sub-988202444857,24.0,33.76344704812728,9.763447048127283,9.763447048127283
sub-988766407304,22.0,16.99410562278676,-5.005894377213242,5.005894377213242
sub-988922689261,39.0,28.457055586243403,-10.542944413756597,10.542944413756597
sub-989118728356,25.0,23.462245412689906,-1.5377545873100935,1.5377545873100935
sub-989364744933,63.54004106776181,57.454624855491396,-6.085416212270417,6.085416212270417
sub-989482280855,19.0,25.978831438679833,6.978831438679833,6.978831438679833
sub-989610403127,58.71594798083505,54.89877385500321,-3.8171741258318335,3.8171741258318335
sub-989703928298,10.8,14.959935765093558,4.159935765093557,4.159935765093557
sub-989894994426,25.0,23.14674382536949,-1.8532561746305092,1.8532561746305092
sub-990401935145,51.65776865160849,46.058081424008364,-5.599687227600128,5.599687227600128
sub-990930608075,54.19301848049281,42.27609139847782,-11.916927082014993,11.916927082014993
sub-990935060181,27.5,40.27142502116326,12.77142502116326,12.77142502116326
sub-991826633582,24.0,25.849381257588345,1.8493812575883446,1.8493812575883446
sub-992514956211,15.0,24.169225342732226,9.169225342732226,9.169225342732226
sub-992555534948,20.213552361396307,18.935661741891185,-1.277890619505122,1.277890619505122
sub-992659217265,26.0,31.904582218801337,5.9045822188013375,5.9045822188013375
sub-992939872393,24.0,25.79630568399418,1.7963056839941807,1.7963056839941807
sub-993601032415,68.85147159479808,47.39365903586635,-21.457812558931735,21.457812558931735
sub-993886391753,60.016427104722794,45.67730701775989,-14.339120086962907,14.339120086962907
sub-994089426413,27.9,31.603682261739582,3.7036822617395835,3.7036822617395835
sub-994359308124,21.0,26.753963352847794,5.753963352847794,5.753963352847794
sub-994631602724,10.84,6.023924039146788,-4.816075960853212,4.816075960853212
sub-994666209803,37.5,36.36632575462906,-1.1336742453709405,1.1336742453709405
sub-994785703004,66.27515400410678,46.04188386872987,-20.233270135376912,20.233270135376912
sub-995055914773,23.0,35.68194246608228,12.681942466082283,12.681942466082283
sub-995156278869,29.0,24.427264674316923,-4.572735325683077,4.572735325683077
sub-995547093580,10.2,28.933663433269697,18.733663433269697,18.733663433269697
sub-996103732554,19.0,18.62768648411928,-0.3723135158807196,0.3723135158807196
sub-996579398931,27.0,4.7698114261169025,-22.230188573883098,22.230188573883098
sub-996590600673,8.43,4.563720977196077,-3.8662790228039228,3.8662790228039228
sub-996716777224,23.0,21.488826353738602,-1.5111736462613976,1.5111736462613976
sub-996843901663,25.0,22.71842840759229,-2.2815715924077082,2.2815715924077082
sub-997004175200,21.0,27.650598341289637,6.650598341289637,6.650598341289637
sub-997144206185,41.0,31.923650376613534,-9.076349623386466,9.076349623386466
sub-997249731765,22.0,16.531011628248656,-5.468988371751344,5.468988371751344
sub-997337611588,23.0,30.357089986156016,7.357089986156016,7.357089986156016
sub-997577988986,22.0,27.211362384864984,5.211362384864984,5.211362384864984
sub-997706219656,23.0,25.30665717917792,2.3066571791779182,2.3066571791779182
sub-997863968388,23.0,24.957837032647415,1.957837032647415,1.957837032647415
sub-998196661811,20.0,35.79928881190655,15.79928881190655,15.79928881190655
sub-998375364631,11.6,11.204233894246023,-0.3957661057539763,0.3957661057539763
sub-998567081914,60.0,45.053197521485956,-14.946802478514044,14.946802478514044
sub-999027816075,22.0,20.92427758029613,-1.0757224197038688,1.0757224197038688
sub-999184404925,21.0,24.025696179974155,3.0256961799741546,3.0256961799741546
sub-999832619027,19.0,22.31836566717406,3.31836566717406,3.31836566717406
