subject,true_age,predicted_age,error
sub-100053248969,19.0,21.852209091186523,2.8522090911865234
sub-100263562592,21.0,21.006263732910156,0.00626373291015625
sub-100479214233,21.0,21.453214645385742,0.4532146453857422
sub-100544064116,15.0,18.07798957824707,3.0779895782470703
sub-101404752059,31.0,26.758764266967773,-4.241235733032227
sub-101942030871,19.0,22.644184112548828,3.644184112548828
sub-102730278561,19.0,31.411983489990234,12.411983489990234
sub-103116472269,23.0,20.053495407104492,-2.946504592895508
sub-103326586557,26.8528,26.596904754638672,-0.2558952453613266
sub-104230378530,21.0,20.893760681152344,-0.10623931884765625
sub-104333986026,8.380561,12.358762741088867,3.978201741088867
sub-104625609853,21.38261464750171,24.321714401245117,2.939099753743406
sub-104654659650,19.0,20.63774299621582,1.6377429962158203
sub-104756934188,30.0,25.738798141479492,-4.261201858520508
sub-104774505992,23.0,22.914508819580078,-0.08549118041992188
sub-104893688989,27.0,23.661237716674805,-3.3387622833251953
sub-105288153937,15.92,17.916290283203125,1.996290283203125
sub-105626036276,18.0,22.080472946166992,4.080472946166992
sub-105699817140,21.0,25.422693252563477,4.422693252563477
sub-105890017872,10.96712329,15.261651039123535,4.294527749123535
sub-106084308551,27.5,23.86313819885254,-3.636861801147461
sub-106297012000,22.0,25.580163955688477,3.5801639556884766
sub-106847803341,10.0,9.568543434143066,-0.4314565658569336
sub-107012705146,20.0,22.808061599731445,2.8080615997314453
sub-107385462103,19.0,19.998043060302734,0.9980430603027344
sub-107912335979,31.0,26.42703628540039,-4.572963714599609
sub-108019181067,19.0,17.43891716003418,-1.5610828399658203
sub-108681547305,21.0,22.680421829223633,1.6804218292236328
sub-108737376161,22.0,20.272064208984375,-1.727935791015625
sub-108893451515,23.0,24.083465576171875,1.083465576171875
sub-109712998508,67.5,64.2988510131836,-3.2011489868164062
sub-109861838866,21.0,21.329702377319336,0.32970237731933594
sub-110463604078,35.51540041067762,37.21461486816406,1.6992144574864412
sub-110513034050,19.0,19.943958282470703,0.9439582824707031
sub-110519368768,11.3369863,16.57782554626465,5.240839246264649
sub-110648343433,22.0,17.986440658569336,-4.013559341430664
sub-111020130501,21.0,19.459247589111328,-1.5407524108886719
sub-111417977585,19.0,21.124406814575195,2.1244068145751953
sub-111786255278,19.0,18.742042541503906,-0.25795745849609375
sub-112139632444,13.0,16.075529098510742,3.075529098510742
sub-112365363383,22.0,22.317852020263672,0.3178520202636719
sub-112581979205,19.0,20.2292537689209,1.2292537689208984
sub-113308512211,61.0,41.74356460571289,-19.25643539428711
sub-113484693835,22.5,24.03976821899414,1.5397682189941406
sub-113812293828,23.0,22.43498992919922,-0.5650100708007812
sub-114165623285,24.0,21.623104095458984,-2.3768959045410156
sub-114383938758,22.5,21.754606246948242,-0.7453937530517578
sub-115044780386,33.68651608487337,39.74825668334961,6.061740598476241
sub-115179082434,21.0,22.65567970275879,1.655679702758789
sub-115321957741,24.0,23.721649169921875,-0.278350830078125
sub-116096622843,15.0,13.53703498840332,-1.4629650115966797
sub-116218240872,11.52876712,11.243081092834473,-0.2856860271655268
sub-116602902372,20.0,22.25278091430664,2.2527809143066406
sub-116651167956,71.2060232717317,69.68202209472656,-1.5240011770051325
sub-117262576182,9.7,14.126834869384766,4.426834869384766
sub-117310191719,21.0,20.717939376831055,-0.2820606231689453
sub-117722182135,9.55890411,14.018671035766602,4.459766925766601
sub-117730404599,32.5,25.125089645385742,-7.374910354614258
sub-118300283712,27.5,25.419261932373047,-2.080738067626953
sub-119019619320,34.666666666666664,28.983287811279297,-5.683378855387367
sub-119139956064,24.312114989733058,21.8015079498291,-2.510607039903956
sub-119167600899,13.0,14.01876449584961,1.0187644958496094
sub-119194819365,19.2,22.468957901000977,3.2689579010009773
sub-119568669419,19.0,19.841854095458984,0.8418540954589844
sub-119909871257,15.0,17.406002044677734,2.4060020446777344
sub-120159232504,19.0,21.529834747314453,2.529834747314453
sub-120208266498,60.539356605065024,59.208621978759766,-1.330734626305258
sub-120256972451,20.0,21.089284896850586,1.089284896850586
sub-120396235891,8.1013,9.323880195617676,1.2225801956176756
sub-120533702955,27.5,25.02741813659668,-2.4725818634033203
sub-121114024899,21.0,21.588754653930664,0.5887546539306641
sub-121236619259,32.5,28.969406127929688,-3.5305938720703125
sub-121315843872,34.36550308008213,31.464807510375977,-2.9006955697061514
sub-121725487399,33.51676933607118,37.55746841430664,4.040699078235463
sub-121738146757,25.0,20.321535110473633,-4.678464889526367
sub-121916223122,72.5,75.45892333984375,2.95892333984375
sub-122612583665,10.8,12.019477844238281,1.2194778442382805
sub-123233851263,25.0,26.229930877685547,1.2299308776855469
sub-123234343655,44.48186173853525,37.2459716796875,-7.235890058847751
sub-123319906652,11.50718686,9.93754768371582,-1.5696391762841788
sub-123362026561,25.12,23.70087432861328,-1.4191256713867197
sub-124641364359,21.0,21.9919376373291,0.9919376373291016
sub-124676200421,19.0,22.929893493652344,3.9298934936523438
sub-124729451238,67.5,57.97338104248047,-9.526618957519531
sub-124881102242,45.388090349075966,63.05073165893555,17.66264130985958
sub-125025808425,23.0,21.901466369628906,-1.0985336303710938
sub-125239324117,8.906849315,8.127768516540527,-0.7790807984594732
sub-125295604279,23.0,30.741971969604492,7.741971969604492
sub-125353958428,27.5,24.398818969726562,-3.1011810302734375
sub-125580637682,24.0,19.73490333557129,-4.265096664428711
sub-125891952943,19.0,21.534950256347656,2.5349502563476562
sub-126224773957,23.0,21.229209899902344,-1.7707901000976562
sub-126388114927,19.0,22.063953399658203,3.063953399658203
sub-126474072032,45.229295003422315,42.75514221191406,-2.474152791508253
sub-126731927083,21.0,23.363046646118164,2.363046646118164
sub-127024850810,19.0,21.892297744750977,2.8922977447509766
sub-127230151008,27.5,27.1939754486084,-0.30602455139160156
sub-127322656952,21.0,22.718935012817383,1.7189350128173828
sub-127621480063,19.0,22.143213272094727,3.1432132720947266
sub-127728266565,21.0,20.091115951538086,-0.9088840484619141
sub-127989683000,11.8,13.533734321594238,1.7337343215942376
sub-128924235805,72.5,64.43302154541016,-8.066978454589844
sub-129453382420,19.0,21.98125457763672,2.9812545776367188
sub-129609320842,34.47775496235455,48.37203598022461,13.894281017870057
sub-130270412535,21.0,20.266202926635742,-0.7337970733642578
sub-130281900088,25.0,22.585264205932617,-2.414735794067383
sub-130488967679,22.0,21.570940017700195,-0.4290599822998047
sub-130624212805,9.564383562,9.055488586425781,-0.5088949755742185
sub-130699587566,20.0,21.638381958007812,1.6383819580078125
sub-130730148206,17.79,18.466262817382812,0.6762628173828134
sub-130750381188,27.01437371663245,32.73787307739258,5.72349936076013
sub-131091186433,12.8739726,11.227675437927246,-1.646297162072754
sub-131485716864,10.49,10.789680480957031,0.29968048095703104
sub-132314739842,19.0,23.506126403808594,4.506126403808594
sub-132529129288,11.0,11.778786659240723,0.7787866592407227
sub-132624812140,27.5,23.044450759887695,-4.455549240112305
sub-133104642441,25.0,24.949480056762695,-0.05051994323730469
sub-133292484570,29.0,24.445823669433594,-4.554176330566406
sub-133341745639,69.28952772073922,62.122520446777344,-7.167007273961872
sub-133559617458,42.0,55.0662727355957,13.066272735595703
sub-133871479599,12.0411,12.037490844726562,-0.0036091552734376364
sub-134269526020,25.0,21.733415603637695,-3.2665843963623047
sub-134360128280,22.5,24.343713760375977,1.8437137603759766
sub-134583532509,23.0,23.40153694152832,0.4015369415283203
sub-134690078113,20.0,19.657978057861328,-0.3420219421386719
sub-134999314713,23.0,21.37132453918457,-1.6286754608154297
sub-135700393345,19.0,20.200925827026367,1.2009258270263672
sub-137109291560,11.0,22.039278030395508,11.039278030395508
sub-137114651299,28.0,26.92543601989746,-1.074563980102539
sub-137249105377,19.0,21.847341537475586,2.847341537475586
sub-137613044284,27.5,26.94545555114746,-0.5545444488525391
sub-137935620257,19.0,21.2617244720459,2.2617244720458984
sub-138111937707,10.35342466,8.265382766723633,-2.088041893276367
sub-139265000445,21.0,22.429759979248047,1.4297599792480469
sub-139365339602,60.10951403148528,60.14015579223633,0.03064176075104541
sub-139426192767,15.0,17.935834884643555,2.9358348846435547
sub-140076989326,21.0,24.324867248535156,3.3248672485351562
sub-140330630373,22.5,22.511295318603516,0.011295318603515625
sub-140606705309,10.08,10.706829071044922,0.6268290710449218
sub-140809415420,19.0,24.521240234375,5.521240234375
sub-140896025599,19.0,23.372913360595703,4.372913360595703
sub-141217766873,21.0,21.430946350097656,0.43094635009765625
sub-141883005255,42.0,28.35157585144043,-13.64842414855957
sub-142069343741,19.0,20.79762077331543,1.7976207733154297
sub-142102321393,72.0,74.12054443359375,2.12054443359375
sub-142262191767,19.0,23.246864318847656,4.246864318847656
sub-142380817861,21.0,19.562908172607422,-1.4370918273925781
sub-142608681206,31.0,29.718769073486328,-1.2812309265136719
sub-142756155441,16.2,16.223934173583984,0.023934173583985086
sub-142798556047,23.0,22.504547119140625,-0.495452880859375
sub-143185051068,25.0,24.02472496032715,-0.9752750396728516
sub-143433115346,21.0,20.038278579711914,-0.9617214202880859
sub-143597719481,53.56605065023956,52.13360595703125,-1.4324446932083106
sub-143693932248,14.2,16.553903579711914,2.3539035797119148
sub-144197550366,21.0,19.532743453979492,-1.4672565460205078
sub-144446563322,24.0,21.378076553344727,-2.6219234466552734
sub-144517208850,19.0,21.01050567626953,2.0105056762695312
sub-144550081547,19.0,21.238388061523438,2.2383880615234375
sub-144658033075,29.0,20.62248420715332,-8.37751579284668
sub-144863316344,21.0,23.083669662475586,2.083669662475586
sub-144960174539,23.0,20.84191131591797,-2.1580886840820312
sub-145200850196,23.0,39.99966049194336,16.99966049194336
sub-145580633313,31.0,23.109785079956055,-7.890214920043945
sub-146014608627,19.0,19.833417892456055,0.8334178924560547
sub-146447578450,23.0,21.44908905029297,-1.5509109497070312
sub-146639891883,22.5,25.291996002197266,2.7919960021972656
sub-146945452536,21.0,25.849763870239258,4.849763870239258
sub-147386486868,11.0739726,13.516899108886719,2.4429265088867194
sub-148237622396,19.0,21.028892517089844,2.0288925170898438
sub-148388865585,10.0,8.967483520507812,-1.0325164794921875
sub-149020310221,24.342231348391515,35.42668533325195,11.084453984860438
sub-149065190596,21.0,22.699993133544922,1.6999931335449219
sub-149522007327,23.0,22.661806106567383,-0.3381938934326172
sub-149787481275,17.2,19.34929656982422,2.1492965698242195
sub-149907628658,59.89322381930185,62.88195037841797,2.9887265591161167
sub-150220157566,18.0,17.701074600219727,-0.29892539978027344
sub-150529102662,29.0,22.849550247192383,-6.150449752807617
sub-150819102994,60.5968514715948,50.8714714050293,-9.725380066565506
sub-153637972221,21.0,24.031269073486328,3.031269073486328
sub-153810221421,24.83,21.252111434936523,-3.577888565063475
sub-153874780317,21.0,21.166584014892578,0.16658401489257812
sub-154103308424,13.01369863,17.452329635620117,4.438631005620117
sub-154228017477,20.0,20.466524124145508,0.4665241241455078
sub-154460108156,67.5,69.70769500732422,2.2076950073242188
sub-154711749424,20.0,19.254772186279297,-0.7452278137207031
sub-154886350989,64.0,38.706722259521484,-25.293277740478516
sub-154926948330,21.0,23.106334686279297,2.106334686279297
sub-155222075279,67.0,52.611488342285156,-14.388511657714844
sub-155379893261,22.5,24.2435245513916,1.7435245513916016
sub-155433706397,50.023271731690606,38.4246940612793,-11.59857767041131
sub-155704740362,23.0,24.192628860473633,1.1926288604736328
sub-156242290939,9.819178082,10.129859924316406,0.3106818423164057
sub-156459137356,21.0,20.984060287475586,-0.015939712524414062
sub-156820928962,19.0,21.549142837524414,2.549142837524414
sub-157152153605,19.0,19.18701171875,0.18701171875
sub-157363866990,19.0,16.62123680114746,-2.378763198852539
sub-157424007228,19.0,19.845190048217773,0.8451900482177734
sub-157479410408,19.0,19.29320526123047,0.29320526123046875
sub-157494563025,21.0,20.414464950561523,-0.5855350494384766
sub-157627390163,24.0,24.811809539794922,0.8118095397949219
sub-157747575462,21.0,24.784149169921875,3.784149169921875
sub-157912888148,21.0,26.96990966796875,5.96990966796875
sub-158500314736,32.0,23.64312171936035,-8.356878280639648
sub-158561810586,21.0,28.672149658203125,7.672149658203125
sub-158783204186,7.126626,7.043416976928711,-0.08320902307128897
sub-159585669819,28.347707049965766,36.39642333984375,8.048716289877984
sub-160079241762,24.0,25.142892837524414,1.142892837524414
sub-160619551339,21.0,20.643098831176758,-0.3569011688232422
sub-161153388655,22.0,21.43254852294922,-0.5674514770507812
sub-161374462751,21.0,22.17292594909668,1.1729259490966797
sub-161819845928,25.0,22.194313049316406,-2.8056869506835938
sub-162530081874,43.0,26.56281089782715,-16.43718910217285
sub-162643690447,15.0,15.452495574951172,0.4524955749511719
sub-162911360437,21.0,18.427230834960938,-2.5727691650390625
sub-162962669437,33.59342915811088,30.52357292175293,-3.06985623635795
sub-163171707993,21.0,20.859386444091797,-0.14061355590820312
sub-163329912000,25.0,25.00763511657715,0.0076351165771484375
sub-163558591208,62.08898015058179,55.76469039916992,-6.324289751411868
sub-163903932976,19.0,21.504383087158203,2.504383087158203
sub-164064925038,16.0,17.7957820892334,1.7957820892333984
sub-164822438556,21.0,22.79169464111328,1.7916946411132812
sub-165604485425,14.0,15.173819541931152,1.1738195419311523
sub-165972132497,21.0,22.355627059936523,1.3556270599365234
sub-166141323302,22.5,24.5270938873291,2.0270938873291016
sub-166243374724,10.83,16.13336181640625,5.30336181640625
sub-166414771116,28.3669,21.644094467163086,-6.722805532836915
sub-166839342556,22.0,25.48051643371582,3.4805164337158203
sub-167010474107,28.0,41.68828582763672,13.688285827636719
sub-167716104239,20.0,25.244443893432617,5.244443893432617
sub-168699804203,25.0,23.46412467956543,-1.5358753204345703
sub-168789437246,19.0,21.623109817504883,2.623109817504883
sub-169297286201,30.0,25.15932846069336,-4.840671539306641
sub-169353478984,19.0,21.304197311401367,2.304197311401367
sub-169447897045,10.0,8.896148681640625,-1.103851318359375
sub-169489783028,41.82067077344285,46.407623291015625,4.586952517572776
sub-170052380551,19.0,23.791391372680664,4.791391372680664
sub-170536232281,55.54004106776181,57.2318115234375,1.6917704556756874
sub-171162169563,52.5,36.40330123901367,-16.096698760986328
sub-171290254658,23.0,22.049699783325195,-0.9503002166748047
sub-171351329809,10.9,10.454283714294434,-0.44571628570556676
sub-171356174380,12.0,11.75876235961914,-0.24123764038085938
sub-171539146010,23.0,22.32547378540039,-0.6745262145996094
sub-172045848348,18.0,23.60550308227539,5.605503082275391
sub-172054310094,19.0,20.881820678710938,1.8818206787109375
sub-172140404865,19.0,20.188213348388672,1.1882133483886719
sub-172216873628,24.0,22.91095542907715,-1.0890445709228516
sub-172409403491,21.0,21.988676071166992,0.9886760711669922
sub-172456558358,10.3477,15.141033172607422,4.793333172607422
sub-172761051392,21.0,18.872865676879883,-2.127134323120117
sub-173601103742,21.0,20.194910049438477,-0.8050899505615234
sub-173733544878,15.0,12.29504108428955,-2.704958915710449
sub-174036160594,31.0,24.267837524414062,-6.7321624755859375
sub-174763886500,61.78507871321013,66.14678192138672,4.361703208176586
sub-175461878916,16.3943,16.30008316040039,-0.09421683959961058
sub-175500819727,20.0,22.993749618530273,2.9937496185302734
sub-175836676634,13.0,14.789596557617188,1.7895965576171875
sub-175857403422,23.0,23.098812103271484,0.09881210327148438
sub-176038899289,22.0,23.849090576171875,1.849090576171875
sub-176123703987,23.0,20.74300193786621,-2.256998062133789
sub-176402200469,23.0,22.68227195739746,-0.31772804260253906
sub-177231880980,33.0,28.862520217895508,-4.137479782104492
sub-177803877315,26.0,23.647350311279297,-2.352649688720703
sub-178028010876,23.0,22.371234893798828,-0.6287651062011719
sub-178209467155,12.9391,13.955142974853516,1.0160429748535158
sub-178636788500,21.0,21.34745979309082,0.3474597930908203
sub-178786468108,9.75,9.157386779785156,-0.5926132202148438
sub-178794433937,21.0,19.38828468322754,-1.611715316772461
sub-179250768268,69.0,39.6943359375,-29.3056640625
sub-179730432713,24.0,25.261810302734375,1.261810302734375
sub-180525608294,51.0,33.396148681640625,-17.603851318359375
sub-181062043787,21.0,23.627721786499023,2.6277217864990234
sub-181291024762,14.0,16.354827880859375,2.354827880859375
sub-181539725053,19.0,21.762929916381836,2.762929916381836
sub-181778515289,23.0,25.0966854095459,2.0966854095458984
sub-182055715585,64.64613278576317,69.60314178466797,4.957008998904797
sub-182445285893,19.0,21.67159080505371,2.671590805053711
sub-182645665011,11.444,18.497638702392578,7.053638702392577
sub-182985606883,59.0,27.417015075683594,-31.582984924316406
sub-183303321841,11.17,9.07028579711914,-2.0997142028808593
sub-183469359841,23.0,22.2037296295166,-0.7962703704833984
sub-183469803882,29.0,23.24736213684082,-5.75263786315918
sub-183653154751,18.0,24.681489944458008,6.681489944458008
sub-183797804453,9.1,12.03463077545166,2.9346307754516605
sub-184465736712,19.0,23.021926879882812,4.0219268798828125
sub-184653081457,27.5,25.290712356567383,-2.209287643432617
sub-184796333025,15.0,16.21681022644043,1.2168102264404297
sub-185058251219,27.5,24.242307662963867,-3.257692337036133
sub-185101775136,28.0,27.53456687927246,-0.46543312072753906
sub-185811521075,21.0,28.15281105041504,7.152811050415039
sub-186154851157,30.006844626967823,29.001358032226562,-1.0054865947412601
sub-186670859341,27.0,23.921634674072266,-3.0783653259277344
sub-186971960974,27.5,29.48967170715332,1.9896717071533203
sub-187090693848,22.0,26.057241439819336,4.057241439819336
sub-187117061343,24.0,23.027278900146484,-0.9727210998535156
sub-187117610937,14.37,12.80339527130127,-1.5666047286987297
sub-187923963114,30.67214236824093,29.539691925048828,-1.132450443192102
sub-187995579553,21.0,21.23111343383789,0.23111343383789062
sub-188659362086,23.0,20.62298011779785,-2.3770198822021484
sub-188694833436,35.0,23.976533889770508,-11.023466110229492
sub-189320820344,31.0,23.827125549316406,-7.172874450683594
sub-189547516532,23.0,19.777278900146484,-3.2227210998535156
sub-190572977508,21.0,22.31361961364746,1.313619613647461
sub-190741588707,19.0,20.09317398071289,1.0931739807128906
sub-190752474867,76.78028747433265,57.35528564453125,-19.425001829801403
sub-190824700808,42.0,37.117210388183594,-4.882789611816406
sub-190926752717,25.0,21.719932556152344,-3.2800674438476562
sub-190960900665,60.0,43.79477310180664,-16.20522689819336
sub-191130301619,27.0,23.085168838500977,-3.9148311614990234
sub-191462151641,19.0,19.374906539916992,0.3749065399169922
sub-191710084170,17.1,16.57558822631836,-0.524411773681642
sub-191721733310,21.0,22.38922119140625,1.38922119140625
sub-191917648773,11.8,11.539944648742676,-0.26005535125732493
sub-192108161449,25.0,22.122770309448242,-2.877229690551758
sub-192165999733,21.0,23.048725128173828,2.048725128173828
sub-192342344812,20.0,20.659496307373047,0.6594963073730469
sub-192529878872,19.0,22.43217658996582,3.4321765899658203
sub-192969634654,32.5,26.979516983032227,-5.520483016967773
sub-193705299750,21.0,18.131450653076172,-2.868549346923828
sub-194435801089,19.0,20.18174934387207,1.1817493438720703
sub-194461506428,27.5,22.823701858520508,-4.676298141479492
sub-194684487354,27.5,24.21906852722168,-3.2809314727783203
sub-194725619450,12.76,14.010605812072754,1.2506058120727541
sub-195203771483,30.17659137577002,38.9689826965332,8.792391320763183
sub-195281345026,23.0,25.34225845336914,2.3422584533691406
sub-195594361453,26.0,24.00067901611328,-1.9993209838867188
sub-195649292771,19.0,22.647443771362305,3.6474437713623047
sub-195818230472,25.0,23.26464080810547,-1.7353591918945312
sub-195935417501,21.0,23.50130844116211,2.5013084411621094
sub-196146731599,46.0,22.63045883178711,-23.36954116821289
sub-196179687529,27.5,26.340774536132812,-1.1592254638671875
sub-196183703425,13.0,17.664608001708984,4.664608001708984
sub-196364717054,27.0,24.415874481201172,-2.584125518798828
sub-196554400534,25.0,22.380834579467773,-2.6191654205322266
sub-197022623926,19.7591,22.340660095214844,2.5815600952148436
sub-197059739649,48.54757015742642,43.65071487426758,-4.8968552831588426
sub-197226188680,60.46269678302532,50.6981201171875,-9.764576665837822
sub-197974406551,23.9,21.32438850402832,-2.5756114959716783
sub-198357080175,25.0,23.899675369262695,-1.1003246307373047
sub-198802102032,19.0,22.018518447875977,3.0185184478759766
sub-198882545020,21.0,20.706310272216797,-0.2936897277832031
sub-199079306360,10.53,13.167818069458008,2.6378180694580085
sub-199368890202,27.0,23.87006378173828,-3.1299362182617188
sub-199603028032,30.66,25.688169479370117,-4.971830520629883
sub-199857158538,21.0,21.157411575317383,0.1574115753173828
sub-199914722921,23.0,22.573026657104492,-0.4269733428955078
sub-199939483372,56.87337440109514,54.32602310180664,-2.5473512992885006
sub-200054890273,9.8,18.930282592773438,9.130282592773437
sub-200367335302,23.0,23.151302337646484,0.15130233764648438
sub-200503449675,27.0,21.191736221313477,-5.808263778686523
sub-200688160174,23.0,24.482040405273438,1.4820404052734375
sub-200829694210,21.0,21.768260955810547,0.7682609558105469
sub-200978776791,18.0,25.675945281982422,7.675945281982422
sub-201390671874,13.30684932,13.052194595336914,-0.2546547246630855
sub-202036712129,21.0,21.037506103515625,0.037506103515625
sub-202057545121,22.5,22.59770965576172,0.09770965576171875
sub-202617672982,11.28493151,8.737162590026855,-2.5477689199731444
sub-202694887076,23.0,23.48851203918457,0.4885120391845703
sub-203218358650,25.0,27.086273193359375,2.086273193359375
sub-203693889668,23.0,30.947328567504883,7.947328567504883
sub-203856470224,65.85352498288843,55.12217330932617,-10.731351673562258
sub-204753452338,19.0,21.395702362060547,2.395702362060547
sub-204882758146,72.3258042436687,71.9814682006836,-0.34433604298510545
sub-205057332807,23.0,24.339696884155273,1.3396968841552734
sub-205303482394,23.34839151266256,23.95465087890625,0.606259366243691
sub-205485410446,27.0,19.689599990844727,-7.310400009155273
sub-205762939076,20.0,23.683095932006836,3.683095932006836
sub-206044002155,19.0,19.647808074951172,0.6478080749511719
sub-206099391777,29.0,26.540830612182617,-2.459169387817383
sub-206369659892,26.03,22.062255859375,-3.967744140625001
sub-206815249910,45.7741273100616,43.533695220947266,-2.2404320891143357
sub-206949772311,10.78082192,12.161967277526855,1.3811453575268562
sub-207042049080,21.0,22.33504295349121,1.335042953491211
sub-207254625725,21.0,17.980785369873047,-3.019214630126953
sub-207275791415,78.20396988364135,64.65721130371094,-13.546758579930412
sub-207858828670,19.0,20.63961410522461,1.6396141052246094
sub-208102410175,27.5,26.066518783569336,-1.433481216430664
sub-209038064880,21.0,23.541994094848633,2.541994094848633
sub-209223851167,18.5818,15.719057083129883,-2.8627429168701184
sub-209325230764,16.0,19.47064781188965,3.4706478118896484
sub-209401728890,19.0,21.255788803100586,2.255788803100586
sub-209571211775,15.25,19.55061912536621,4.300619125366211
sub-209581014407,10.0,15.996949195861816,5.996949195861816
sub-209902813254,21.22,20.55514144897461,-0.6648585510253895
sub-210027157954,11.0,16.26265525817871,5.262655258178711
sub-210286147525,21.0,22.481796264648438,1.4817962646484375
sub-210405402058,27.5,21.16402244567871,-6.335977554321289
sub-211479171648,30.0,26.219690322875977,-3.7803096771240234
sub-211632456861,21.0,20.80674934387207,-0.1932506561279297
sub-211700292441,8.0,11.495687484741211,3.495687484741211
sub-211816595199,45.61533196440794,46.35858917236328,0.7432572079553381
sub-211954748415,12.0,13.85381031036377,1.8538103103637695
sub-212082942916,19.0,19.688072204589844,0.6880722045898438
sub-212174852658,19.0,18.910995483398438,-0.0890045166015625
sub-212519080242,27.5,24.09502410888672,-3.4049758911132812
sub-212864828873,22.5,24.260377883911133,1.7603778839111328
sub-213073713974,11.8816,20.893348693847656,9.011748693847656
sub-213494831059,11.1999,11.306550025939941,0.10665002593994188
sub-213536717598,30.0,23.28219223022461,-6.717807769775391
sub-213706959470,19.0,17.794668197631836,-1.205331802368164
sub-214324126120,21.0,19.236873626708984,-1.7631263732910156
sub-214490071049,6.685832,8.040582656860352,1.3547506568603511
sub-214736954511,27.0,22.239328384399414,-4.760671615600586
sub-215260895776,21.0,20.320127487182617,-0.6798725128173828
sub-215309667822,23.0,21.367111206054688,-1.6328887939453125
sub-215419545430,13.66,16.916839599609375,3.256839599609375
sub-215886595624,27.5,22.750558853149414,-4.749441146850586
sub-216116849338,23.0,24.326866149902344,1.3268661499023438
sub-216155634163,48.0,26.56270980834961,-21.43729019165039
sub-216284306640,21.0,20.15288734436035,-0.8471126556396484
sub-216437025414,14.4,12.294999122619629,-2.1050008773803714
sub-216691637184,29.0,24.323400497436523,-4.676599502563477
sub-217201093508,25.0,22.047805786132812,-2.9521942138671875
sub-217737190292,16.1,20.89008140563965,4.790081405639647
sub-218043359082,13.28,16.571916580200195,3.291916580200196
sub-218188880547,22.5,24.1536922454834,1.6536922454833984
sub-218293958057,25.0,21.369159698486328,-3.630840301513672
sub-218365089631,21.0,20.356508255004883,-0.6434917449951172
sub-218946650908,20.0,22.258981704711914,2.258981704711914
sub-219362965054,21.0,21.15845489501953,0.15845489501953125
sub-219534619012,19.0,18.05241584777832,-0.9475841522216797
sub-220335571493,25.0,49.93739700317383,24.937397003173828
sub-220370805249,21.0,21.101455688476562,0.1014556884765625
sub-220390354293,21.0,20.172361373901367,-0.8276386260986328
sub-221187714859,21.0,22.26435089111328,1.2643508911132812
sub-221201405517,41.20465434633813,28.162202835083008,-13.042451511255123
sub-221264002579,24.0,21.038589477539062,-2.9614105224609375
sub-221319995904,19.0,18.830730438232422,-0.16926956176757812
sub-221347736884,21.0,19.809207916259766,-1.1907920837402344
sub-221448045666,20.0,22.767860412597656,2.7678604125976562
sub-221620880012,20.908966461327857,32.49805450439453,11.589088043066674
sub-222431356338,21.0,22.413358688354492,1.4133586883544922
sub-222441587470,8.46,8.222017288208008,-0.23798271179199304
sub-222716353013,25.0,44.67128372192383,19.671283721923828
sub-222856043629,9.5,13.31373119354248,3.8137311935424805
sub-222857937247,11.0,15.299715042114258,4.299715042114258
sub-223064692200,21.0,30.693368911743164,9.693368911743164
sub-223185119590,27.5,27.228700637817383,-0.2712993621826172
sub-223760514375,21.0,20.424339294433594,-0.5756607055664062
sub-224217740103,62.5,44.080894470214844,-18.419105529785156
sub-224367464213,23.0,22.213472366333008,-0.7865276336669922
sub-224456072364,19.0,19.099136352539062,0.0991363525390625
sub-225032756965,19.0,21.4749698638916,2.4749698638916016
sub-225227561439,11.07,9.204923629760742,-1.865076370239258
sub-225288020622,19.0,20.897857666015625,1.897857666015625
sub-225338597322,27.0,21.717378616333008,-5.282621383666992
sub-225495052599,25.0,23.973922729492188,-1.0260772705078125
sub-225761821123,67.5,60.223873138427734,-7.276126861572266
sub-225907205512,14.41,15.450102806091309,1.0401028060913085
sub-225946046364,19.0,21.113271713256836,2.113271713256836
sub-226154264891,19.0,20.91139030456543,1.9113903045654297
sub-226452786587,26.0,20.67131805419922,-5.328681945800781
sub-226781082361,25.0,21.227014541625977,-3.7729854583740234
sub-226872124353,18.0,19.63397789001465,1.6339778900146484
sub-228370965361,24.0,27.17705535888672,3.1770553588867188
sub-228560693895,22.5,25.845346450805664,3.345346450805664
sub-228707233803,24.3750855578371,21.8030948638916,-2.571990693945498
sub-229077327791,15.0,19.543529510498047,4.543529510498047
sub-229294744251,27.0,21.9210205078125,-5.0789794921875
sub-229531083910,21.0,20.517183303833008,-0.4828166961669922
sub-229569889740,9.82,9.574665069580078,-0.24533493041992216
sub-230496424118,78.5845311430527,65.4360580444336,-13.148473098619107
sub-230539378159,11.14794521,15.855696678161621,4.7077514681616215
sub-231330798218,10.29589041,9.482595443725586,-0.8132949662744142
sub-231581179705,21.0,19.978919982910156,-1.0210800170898438
sub-231906033276,9.64109589,11.251519203186035,1.6104233131860344
sub-231974987170,30.89390828199863,37.9763069152832,7.082398633284573
sub-232331035108,72.5,60.5120735168457,-11.987926483154297
sub-232603114020,21.0,19.658418655395508,-1.3415813446044922
sub-232874226715,19.0,19.644628524780273,0.6446285247802734
sub-232903721765,19.0,20.52594757080078,1.5259475708007812
sub-232954346633,22.5,22.671348571777344,0.17134857177734375
sub-233320582225,23.0,23.871267318725586,0.8712673187255859
sub-233439764905,21.0,22.822479248046875,1.822479248046875
sub-234024541244,25.0,23.984041213989258,-1.0159587860107422
sub-234330619817,21.0,22.510271072387695,1.5102710723876953
sub-234533737919,11.0,13.699625015258789,2.699625015258789
sub-234544356705,23.0,20.068471908569336,-2.931528091430664
sub-234754984795,24.0,22.34674072265625,-1.65325927734375
sub-235188204269,19.0,21.150745391845703,2.150745391845703
sub-235364138668,25.0,20.41291618347168,-4.58708381652832
sub-235909880442,21.0,20.93118667602539,-0.06881332397460938
sub-236070480159,15.0,16.92310905456543,1.9231090545654297
sub-236684962470,31.134839151266256,34.672969818115234,3.5381306668489785
sub-236877858843,21.0,17.57062339782715,-3.4293766021728516
sub-237021285455,27.0,27.855663299560547,0.8556632995605469
sub-237188599607,16.6,17.779699325561523,1.179699325561522
sub-237453925731,23.0,20.461244583129883,-2.538755416870117
sub-237774525299,24.0,22.435894012451172,-1.5641059875488281
sub-238305757701,21.0,23.440780639648438,2.4407806396484375
sub-238319148726,30.0,33.855464935302734,3.8554649353027344
sub-238501970612,21.0,20.122461318969727,-0.8775386810302734
sub-238515208525,21.0,22.75589942932129,1.755899429321289
sub-238616702365,63.4031485284052,70.79906463623047,7.395916107825272
sub-238824792464,21.0,20.763154983520508,-0.2368450164794922
sub-238840828064,12.65753425,9.484330177307129,-3.1732040726928705
sub-238860242118,19.0,22.91193199157715,3.9119319915771484
sub-239134718630,21.0,23.201786041259766,2.2017860412597656
sub-239489511795,13.5,13.812346458435059,0.3123464584350586
sub-239529578005,43.460643394934976,61.344276428222656,17.88363303328768
sub-239667774037,19.0,18.37123680114746,-0.6287631988525391
sub-240000170343,13.35,17.317270278930664,3.9672702789306644
sub-240663724967,20.698151950718685,25.899110794067383,5.2009588433486975
sub-240921511661,19.0,21.45047378540039,2.4504737854003906
sub-241089644624,37.0,24.207847595214844,-12.792152404785156
sub-241198125340,21.0,21.518157958984375,0.518157958984375
sub-241456506011,14.2,14.127847671508789,-0.07215232849121023
sub-241645046959,19.0,19.541210174560547,0.5412101745605469
sub-241645657962,21.0,22.05631446838379,1.056314468383789
sub-241739908307,79.0,76.61019134521484,-2.3898086547851562
sub-241934772035,27.38398357289528,39.043701171875,11.659717598979721
sub-242113707606,25.0,21.919885635375977,-3.0801143646240234
sub-242581855070,53.41273100616017,44.68037414550781,-8.73235686065236
sub-242738003665,21.0,23.07478141784668,2.0747814178466797
sub-242962705641,21.0,20.94760513305664,-0.052394866943359375
sub-243251639637,21.0,21.56590461730957,0.5659046173095703
sub-244062002869,8.0,7.451052665710449,-0.5489473342895508
sub-244085485212,10.4,10.445250511169434,0.04525051116943324
sub-244687579716,19.0,29.34480094909668,10.34480094909668
sub-244803317233,70.0,52.313934326171875,-17.686065673828125
sub-244867958007,38.902121834360024,33.77776336669922,-5.124358467660805
sub-244954065411,19.0,20.45026206970215,1.4502620697021484
sub-245055811403,36.0,25.80617332458496,-10.193826675415039
sub-245235309359,21.0,21.170495986938477,0.17049598693847656
sub-245306557719,30.0,22.898056030273438,-7.1019439697265625
sub-247003464078,21.0,24.7235050201416,3.7235050201416016
sub-247404824122,19.0,20.881744384765625,1.881744384765625
sub-247463425270,21.0,24.058839797973633,3.058839797973633
sub-247550701786,23.0,20.470319747924805,-2.5296802520751953
sub-247787484871,23.0,23.271005630493164,0.27100563049316406
sub-248018078594,21.0,21.134729385375977,0.13472938537597656
sub-248621586039,67.5,49.78189468383789,-17.71810531616211
sub-249349570195,19.0,21.273540496826172,2.273540496826172
sub-249453595661,17.1,17.46380043029785,0.36380043029785014
sub-249490422156,17.13,17.10943603515625,-0.020563964843749005
sub-249622142769,27.5,30.355173110961914,2.855173110961914
sub-250216400468,19.0,20.83670997619629,1.836709976196289
sub-250479162697,59.38124572210815,57.976776123046875,-1.4044695990612723
sub-250511855843,8.9747,11.12918472290039,2.1544847229003903
sub-250517852869,9.4,12.897136688232422,3.4971366882324215
sub-250739202322,23.0,21.100154876708984,-1.8998451232910156
sub-250777583312,22.0,21.84262466430664,-0.15737533569335938
sub-250985467668,19.0,21.987258911132812,2.9872589111328125
sub-251108118714,40.5284052019165,34.95066833496094,-5.577736866955561
sub-251152153076,27.0,19.96274185180664,-7.037258148193359
sub-251224069006,21.0,19.288240432739258,-1.7117595672607422
sub-251630004450,29.0,24.963380813598633,-4.036619186401367
sub-251693910372,11.0,10.106932640075684,-0.8930673599243164
sub-252483776634,19.0,19.957122802734375,0.957122802734375
sub-252614167190,19.0,19.576927185058594,0.5769271850585938
sub-252670417736,19.0,22.48004913330078,3.4800491333007812
sub-252716718575,21.0,18.662532806396484,-2.3374671936035156
sub-252717977376,68.50924024640658,71.2940444946289,2.784804248222329
sub-252880188419,17.56,30.045774459838867,12.485774459838868
sub-253019663551,19.5,19.37639808654785,-0.12360191345214844
sub-253582671864,23.0,22.897432327270508,-0.10256767272949219
sub-253628051441,19.0,21.215618133544922,2.215618133544922
sub-254063930053,43.16221765913758,41.751319885253906,-1.4108977738836757
sub-254246195492,19.0,21.372180938720703,2.372180938720703
sub-254729298278,42.5,26.66598892211914,-15.83401107788086
sub-255136963981,28.0,23.970304489135742,-4.029695510864258
sub-255360929670,29.0,29.72201156616211,0.7220115661621094
sub-255727004569,19.0,19.368389129638672,0.3683891296386719
sub-255882149200,56.67624914442163,44.401634216308594,-12.274614928113039
sub-256138999520,22.5,23.467947006225586,0.9679470062255859
sub-256341839765,56.9637234770705,53.791282653808594,-3.1724408232619083
sub-256357251266,59.671457905544145,55.870147705078125,-3.8013102004660198
sub-256511281689,19.0,20.991697311401367,1.9916973114013672
sub-256844989684,25.0,22.44723892211914,-2.5527610778808594
sub-257021428477,19.0,21.303466796875,2.303466796875
sub-257828464685,19.0,24.21959114074707,5.21959114074707
sub-258048891312,21.0,22.745370864868164,1.745370864868164
sub-258374254828,19.0,18.902894973754883,-0.09710502624511719
sub-258404721857,22.0,21.544191360473633,-0.4558086395263672
sub-259351679051,21.0,21.961620330810547,0.9616203308105469
sub-259391245786,59.0,45.05577087402344,-13.944229125976562
sub-259424184976,11.0,9.496928215026855,-1.5030717849731445
sub-259547897813,19.0,20.232650756835938,1.2326507568359375
sub-260062396891,19.0,20.65856170654297,1.6585617065429688
sub-260346128610,9.0,12.138933181762695,3.1389331817626953
sub-261295933568,13.0,21.026912689208984,8.026912689208984
sub-261666162953,28.0,32.261444091796875,4.261444091796875
sub-262202743250,13.1,22.831497192382812,9.731497192382813
sub-262457593277,21.0,19.44683074951172,-1.5531692504882812
sub-263819529475,33.91649555099247,47.45235061645508,13.535855065462606
sub-264104876540,21.0,21.686155319213867,0.6861553192138672
sub-264717518453,19.0,18.062318801879883,-0.9376811981201172
sub-264782182812,55.0,50.185813903808594,-4.814186096191406
sub-265153296950,13.5,17.183191299438477,3.6831912994384766
sub-265273157235,29.0,32.28498077392578,3.2849807739257812
sub-265534577682,13.8,10.05670166015625,-3.7432983398437507
sub-265685893940,23.0,20.353195190429688,-2.6468048095703125
sub-266307733456,25.0,20.4075984954834,-4.592401504516602
sub-266666775428,12.0,11.898491859436035,-0.10150814056396484
sub-268040113669,21.0,21.680456161499023,0.6804561614990234
sub-268081601695,12.0,15.720154762268066,3.7201547622680664
sub-268346653282,22.0,23.150217056274414,1.150217056274414
sub-268420839498,28.120465434633807,33.33620834350586,5.215742908872052
sub-268879454052,61.48665297741273,58.81542205810547,-2.6712309193072628
sub-269394554138,29.0,23.471006393432617,-5.528993606567383
sub-269603671377,19.0,21.29023551940918,2.2902355194091797
sub-269937866674,21.0,22.723146438598633,1.7231464385986328
sub-270347217232,26.0,21.99196434020996,-4.008035659790039
sub-270971154789,21.0,21.890518188476562,0.8905181884765625
sub-271317255923,23.69883641341547,32.904205322265625,9.205368908850154
sub-271649634632,21.0,21.613033294677734,0.6130332946777344
sub-271688697419,29.0,24.306636810302734,-4.693363189697266
sub-271880337764,19.0,27.172733306884766,8.172733306884766
sub-272699721591,21.0,22.216833114624023,1.2168331146240234
sub-272887401785,21.0,22.491296768188477,1.4912967681884766
sub-273169726487,19.0,24.954710006713867,5.954710006713867
sub-273391779679,38.78165639972622,49.111427307128906,10.32977090740269
sub-273534194914,10.79,8.525788307189941,-2.2642116928100577
sub-273748695345,19.0,23.8865966796875,4.8865966796875
sub-273799460640,8.062971000000001,8.471870422363281,0.40889942236328025
sub-273878067755,10.0,12.229999542236328,2.229999542236328
sub-274268361591,72.5,46.537654876708984,-25.962345123291016
sub-274305053661,23.0,21.885839462280273,-1.1141605377197266
sub-274663764893,19.0,19.255977630615234,0.2559776306152344
sub-275393428702,21.0,25.630298614501953,4.630298614501953
sub-275672449200,21.0,21.547855377197266,0.5478553771972656
sub-275841492998,30.0,22.6237850189209,-7.376214981079102
sub-276219914266,28.0,22.34808921813965,-5.651910781860352
sub-276300333762,19.0,21.150907516479492,2.150907516479492
sub-276630944980,72.5,65.81907653808594,-6.6809234619140625
sub-276750471965,13.0,8.895459175109863,-4.104540824890137
sub-277072542882,27.0,22.335643768310547,-4.664356231689453
sub-277563534370,19.0,22.471540451049805,3.4715404510498047
sub-278098605573,17.2,19.545490264892578,2.345490264892579
sub-278306641376,19.0,19.877958297729492,0.8779582977294922
sub-278339857109,12.66027397,14.313944816589355,1.653670846589355
sub-278388213595,23.0,25.115901947021484,2.1159019470214844
sub-278820149983,21.0,22.746957778930664,1.746957778930664
sub-278859613706,8.375086,10.362683296203613,1.9875972962036137
sub-279716221372,13.0,12.63504695892334,-0.36495304107666016
sub-280353298061,23.0,26.08601951599121,3.086019515991211
sub-280491821637,11.04109589,9.870468139648438,-1.1706277503515619
sub-280829663174,27.5,22.863903045654297,-4.636096954345703
sub-281171079038,19.0,19.91999053955078,0.9199905395507812
sub-281250458251,10.29,12.486486434936523,2.1964864349365243
sub-282274124491,13.24931507,17.033344268798828,3.7840291987988284
sub-283866019979,25.0,25.021696090698242,0.021696090698242188
sub-284188545251,21.0,20.806007385253906,-0.19399261474609375
sub-284462322919,36.47912388774811,40.71156311035156,4.232439222603453
sub-284467484968,25.0,27.952163696289062,2.9521636962890625
sub-284931213796,9.745205479,10.552653312683105,0.8074478336831064
sub-284979093050,25.0,26.234880447387695,1.2348804473876953
sub-285593347262,21.0,21.733041763305664,0.7330417633056641
sub-285839371492,12.0,11.17270565032959,-0.8272943496704102
sub-286013330597,12.16438356,13.940367698669434,1.7759841386694344
sub-286260365723,6.329911,9.977604866027832,3.647693866027832
sub-286377011623,19.0,20.23164939880371,1.231649398803711
sub-287060632619,23.0,20.282093048095703,-2.717906951904297
sub-287389356878,74.0,58.26780319213867,-15.732196807861328
sub-287470725724,14.0,15.610610008239746,1.610610008239746
sub-287536234169,21.0,22.733566284179688,1.7335662841796875
sub-287677435094,21.0,25.11442756652832,4.11442756652832
sub-287694968928,58.28062970568104,59.94392013549805,1.6632904298170104
sub-288219585847,21.0,21.4393367767334,0.43933677673339844
sub-288264084208,7.764544832,9.867241859436035,2.102697027436035
sub-288275511552,57.06776180698152,44.40920639038086,-12.658555416600663
sub-289431285739,14.0,18.40243148803711,4.402431488037109
sub-289461458220,18.0,19.203693389892578,1.2036933898925781
sub-289686316524,23.0,24.46807861328125,1.46807861328125
sub-290730786497,41.122518822724146,34.522891998291016,-6.59962682443313
sub-290821153245,19.0,24.501272201538086,5.501272201538086
sub-290836566577,23.0,22.936973571777344,-0.06302642822265625
sub-291587861176,16.104,14.957084655761719,-1.1469153442382805
sub-291670704840,14.0,14.486824989318848,0.48682498931884766
sub-291992215520,19.0,19.768648147583008,0.7686481475830078
sub-292093039235,21.0,21.688419342041016,0.6884193420410156
sub-292163783288,41.51950718685831,45.642520904541016,4.123013717682703
sub-292562158968,19.0,20.654897689819336,1.654897689819336
sub-292931997189,10.82,15.22602367401123,4.40602367401123
sub-292984908300,23.0,20.629411697387695,-2.3705883026123047
sub-293152138205,19.0,21.496103286743164,2.496103286743164
sub-293359437443,23.0,20.115015029907227,-2.8849849700927734
sub-293445012236,25.018480492813143,22.81475830078125,-2.2037221920318935
sub-294096075340,25.0,27.796886444091797,2.796886444091797
sub-294920124233,19.0,22.16512107849121,3.165121078491211
sub-295055472914,14.0,16.500741958618164,2.500741958618164
sub-295441371216,22.0,23.9824161529541,1.9824161529541016
sub-295485375852,13.0,15.286626815795898,2.2866268157958984
sub-295664409002,23.0,24.773963928222656,1.7739639282226562
sub-295818217348,21.0,21.220592498779297,0.22059249877929688
sub-296199045528,22.5,24.70448875427246,2.204488754272461
sub-296427539569,19.0,21.832561492919922,2.832561492919922
sub-296480886181,25.0,22.281606674194336,-2.718393325805664
sub-296656452301,19.0,21.64974021911621,2.649740219116211
sub-296950225202,72.5,47.011043548583984,-25.488956451416016
sub-297343119496,21.0,17.971834182739258,-3.028165817260742
sub-298312793047,21.0,22.11034393310547,1.1103439331054688
sub-298381638165,15.0,19.29690933227539,4.296909332275391
sub-298394215355,19.0,21.39181900024414,2.3918190002441406
sub-299053759850,67.0,55.20160675048828,-11.798393249511719
sub-299128749353,13.0,14.874693870544434,1.8746938705444336
sub-299189190633,21.0,19.836524963378906,-1.1634750366210938
sub-299515347423,19.0,20.4381160736084,1.4381160736083984
sub-299651462165,21.0,19.5319881439209,-1.4680118560791016
sub-299666419729,30.0,22.91083335876465,-7.089166641235352
sub-299690677871,32.0,25.3107852935791,-6.689214706420898
sub-299813216713,19.0,21.00859260559082,2.0085926055908203
sub-299898598078,24.0,28.28632164001465,4.286321640014648
sub-300059242922,21.0,23.08977699279785,2.0897769927978516
sub-300202586409,21.0,20.608882904052734,-0.3911170959472656
sub-300521812714,32.0,26.376527786254883,-5.623472213745117
sub-300699768338,23.0,20.260841369628906,-2.7391586303710938
sub-300869797602,23.0,22.5196533203125,-0.4803466796875
sub-301313422615,23.0,25.644351959228516,2.6443519592285156
sub-302717422870,57.22108145106093,39.25727081298828,-17.96381063807265
sub-303198127376,67.53456536618754,48.48051834106445,-19.054047025123083
sub-303310574754,72.5,70.48091888427734,-2.0190811157226562
sub-303698168005,70.24777549623546,67.87919616699219,-2.368579329243275
sub-303933482994,21.0,30.654382705688477,9.654382705688477
sub-304120926484,12.0,14.198692321777344,2.1986923217773438
sub-304156026895,21.0,21.44158172607422,0.44158172607421875
sub-304598813829,25.0,23.247493743896484,-1.7525062561035156
sub-304646821863,19.0,21.352285385131836,2.352285385131836
sub-305035849276,25.0,23.520721435546875,-1.479278564453125
sub-305193425414,8.583333332999999,10.60565185546875,2.022318522468751
sub-305446044226,26.92950034223135,23.899181365966797,-3.030318976264553
sub-305664557456,25.0,23.744213104248047,-1.2557868957519531
sub-305971565873,19.0,19.397836685180664,0.39783668518066406
sub-306129715275,12.0,13.670893669128418,1.670893669128418
sub-306285398472,13.0,14.285895347595215,1.2858953475952148
sub-306640245722,33.0,25.4757080078125,-7.5242919921875
sub-306848656753,8.39,15.736669540405273,7.346669540405273
sub-307350205323,32.936344969199176,40.18474197387695,7.248397004677777
sub-307727489701,23.0,22.576797485351562,-0.4232025146484375
sub-308203540046,23.0,39.05728530883789,16.05728530883789
sub-308416050275,21.0,33.639007568359375,12.639007568359375
sub-309024406654,12.3477,10.769292831420898,-1.5784071685791012
sub-309443085461,18.0,19.84261703491211,1.8426170349121094
sub-309746819287,30.417522245037645,29.98801612854004,-0.42950611649760617
sub-309832555943,44.093086926762496,47.35408020019531,3.260993273432817
sub-309845444862,57.5,67.9171371459961,10.417137145996094
sub-310729634371,14.0,16.092239379882812,2.0922393798828125
sub-310730152538,28.933607118412045,30.336563110351562,1.4029559919395176
sub-310760540924,21.0,21.001989364624023,0.0019893646240234375
sub-310792111263,31.2827,20.40949058532715,-10.87320941467285
sub-310907729263,70.55989048596851,57.81584548950195,-12.744044996466556
sub-310951661896,25.0,23.108728408813477,-1.8912715911865234
sub-311225423865,6.0,8.754796981811523,2.7547969818115234
sub-312033062176,19.0,22.165964126586914,3.165964126586914
sub-312401593415,40.81314168377824,43.86130905151367,3.048167367735431
sub-312461126831,19.0,18.47274398803711,-0.5272560119628906
sub-312712182553,10.72,10.753153800964355,0.03315380096435483
sub-313276563858,25.0,23.117002487182617,-1.8829975128173828
sub-313720413578,27.4114,25.697982788085938,-1.713417211914063
sub-313783979215,23.0,24.827035903930664,1.827035903930664
sub-314160125753,27.0,26.357223510742188,-0.6427764892578125
sub-314392017666,21.0,20.636354446411133,-0.3636455535888672
sub-314576902106,23.0,21.992706298828125,-1.007293701171875
sub-314632035565,23.0,21.20046615600586,-1.7995338439941406
sub-314809725029,14.0,17.928739547729492,3.928739547729492
sub-315096818503,7.0,13.21828556060791,6.21828556060791
sub-315163558934,19.0,21.175901412963867,2.175901412963867
sub-315326586497,66.37371663244353,46.918216705322266,-19.455499927121267
sub-315766466513,19.0,20.48898696899414,1.4889869689941406
sub-316019186858,23.0,23.264020919799805,0.2640209197998047
sub-316838712821,69.28952772073922,65.91573333740234,-3.3737943833368718
sub-317505052751,21.0,23.70411491394043,2.7041149139404297
sub-317592679020,22.5,22.220020294189453,-0.2799797058105469
sub-318449589396,25.927446954141,40.315372467041016,14.387925512900015
sub-318523911068,19.0,19.277938842773438,0.2779388427734375
sub-318586218751,8.912328767,10.12915325164795,1.2168244846479492
sub-318712015856,62.68035592060232,54.88981246948242,-7.790543451119895
sub-318994317964,16.0,17.73702621459961,1.7370262145996094
sub-319179226836,21.0,21.89567756652832,0.8956775665283203
sub-319525352770,61.58795345653662,58.21906280517578,-3.368890651360836
sub-319716522814,19.0,23.572067260742188,4.5720672607421875
sub-319982702208,9.7201,17.808568954467773,8.088468954467773
sub-320209332584,20.8,19.733415603637695,-1.0665843963623054
sub-320367804429,10.63013699,14.08305549621582,3.45291850621582
sub-320423880026,25.0,20.92277717590332,-4.07722282409668
sub-320966169093,21.0,19.461137771606445,-1.5388622283935547
sub-321009379265,22.5,33.74105453491211,11.24105453491211
sub-322828430074,24.0,23.38755989074707,-0.6124401092529297
sub-322877038510,37.21013004791239,47.610450744628906,10.400320696716513
sub-322973581068,11.67,15.5090970993042,3.8390970993041993
sub-323003434264,23.0,26.202526092529297,3.202526092529297
sub-323188212103,18.7379,19.982036590576172,1.244136590576172
sub-323546159905,19.0,19.017850875854492,0.017850875854492188
sub-323928652465,19.0,19.33452033996582,0.3345203399658203
sub-324113689628,21.0,18.908950805664062,-2.0910491943359375
sub-324287385116,60.86789869952089,59.92158126831055,-0.9463174312103462
sub-324608238151,8.7,9.273698806762695,0.573698806762696
sub-324666272814,23.0,26.602964401245117,3.602964401245117
sub-324821590774,9.0,12.050217628479004,3.050217628479004
sub-325005086709,19.0,27.01072883605957,8.01072883605957
sub-325116559617,21.0,26.947511672973633,5.947511672973633
sub-325497793662,19.0,24.88556480407715,5.885564804077148
sub-326017893990,72.14510609171799,65.29324340820312,-6.851862683514867
sub-326198300394,22.5,21.800479888916016,-0.6995201110839844
sub-326361078662,56.2,42.99982833862305,-13.200171661376956
sub-326546999502,7.7502,9.21175479888916,1.4615547988891597
sub-326649012046,19.0,23.093067169189453,4.093067169189453
sub-326678679771,28.996577686516083,34.844966888427734,5.848389201911651
sub-326733202937,19.0,18.818153381347656,-0.18184661865234375
sub-327435196846,13.0,13.813149452209473,0.8131494522094727
sub-327818254945,74.6365503080082,60.98509979248047,-13.651450515527728
sub-328411797408,21.0,25.73390007019043,4.73390007019043
sub-328703488095,27.0,24.422340393066406,-2.5776596069335938
sub-329074353178,19.0,22.27042579650879,3.270425796508789
sub-329113742821,21.0,21.71430778503418,0.7143077850341797
sub-329178400817,25.0,25.490488052368164,0.49048805236816406
sub-329448724359,18.0,20.115371704101562,2.1153717041015625
sub-329453058291,21.0,21.821685791015625,0.821685791015625
sub-329510193737,16.66,20.658126831054688,3.9981268310546874
sub-329524874913,23.0,22.983850479125977,-0.016149520874023438
sub-329566651189,19.0,22.998594284057617,3.998594284057617
sub-329567117750,11.0,10.056694984436035,-0.9433050155639648
sub-329979629812,19.0,20.102794647216797,1.1027946472167969
sub-330153651241,19.0,21.729963302612305,2.7299633026123047
sub-330412849241,19.0,21.564228057861328,2.564228057861328
sub-330605044269,21.0,21.394287109375,0.394287109375
sub-331339723620,19.0,21.265541076660156,2.2655410766601562
sub-331344566757,73.0,70.62689208984375,-2.37310791015625
sub-331566282606,24.62149212867899,31.757429122924805,7.135936994245814
sub-331581518043,63.83572895277207,58.78173065185547,-5.053998300916604
sub-331640023396,18.0,19.618993759155273,1.6189937591552734
sub-333365007279,19.0,20.778949737548828,1.7789497375488281
sub-333565589079,7.0,21.520740509033203,14.520740509033203
sub-333583533583,24.0,28.563880920410156,4.563880920410156
sub-333684578808,11.66027397,17.599388122558594,5.939114152558593
sub-333770090916,55.63586584531143,55.012062072753906,-0.6238037725575225
sub-334015511861,8.0,11.862196922302246,3.862196922302246
sub-334231800739,21.0,19.139036178588867,-1.8609638214111328
sub-334236675736,26.0,22.910837173461914,-3.089162826538086
sub-334239670511,19.0,19.580528259277344,0.5805282592773438
sub-334327381873,63.663244353182755,66.8600845336914,3.1968401805086515
sub-334710741179,9.021917808,8.512859344482422,-0.5090584635175777
sub-334925895861,33.0,28.394729614257812,-4.6052703857421875
sub-334998047154,19.0,30.552989959716797,11.552989959716797
sub-335118521931,21.0,21.200637817382812,0.2006378173828125
sub-336517455359,23.0,25.98138999938965,2.9813899993896484
sub-336832105241,32.5,31.308483123779297,-1.1915168762207031
sub-337161398064,23.0,20.456972122192383,-2.543027877807617
sub-337609361472,21.0,21.233999252319336,0.23399925231933594
sub-337864103314,23.0,21.54633140563965,-1.4536685943603516
sub-338078821659,14.0,12.352725982666016,-1.6472740173339844
sub-338866539867,27.5,23.675540924072266,-3.8244590759277344
sub-338890021385,25.0,29.50552749633789,4.505527496337891
sub-339410322806,23.0,22.594953536987305,-0.4050464630126953
sub-339463534591,19.0,20.916242599487305,1.9162425994873047
sub-339606210085,21.0,20.489768981933594,-0.5102310180664062
sub-340211623411,22.0,21.284053802490234,-0.7159461975097656
sub-340425446065,53.32785763175906,39.418617248535156,-13.909240383223903
sub-340884207361,42.151950718685825,26.38059425354004,-15.771356465145786
sub-341026253050,69.54688569472964,73.67161560058594,4.124729905856299
sub-341129349615,8.898630137,9.450371742248535,0.5517416052485355
sub-341274549863,21.0,19.755088806152344,-1.2449111938476562
sub-341486332051,9.0,13.048358917236328,4.048358917236328
sub-341598013517,54.74332648870637,55.07588195800781,0.33255546930143964
sub-341853067493,9.9,9.832653999328613,-0.06734600067138707
sub-342263404069,25.0,41.57275390625,16.57275390625
sub-342594433655,28.0,25.70033073425293,-2.2996692657470703
sub-342678331032,10.0,11.911349296569824,1.9113492965698242
sub-343000404329,27.5,27.52389907836914,0.023899078369140625
sub-343048366064,19.0,18.318553924560547,-0.6814460754394531
sub-343316485262,11.323,9.92885684967041,-1.3941431503295902
sub-343373917254,28.0,29.344684600830078,1.3446846008300781
sub-343433330208,23.0,21.872440338134766,-1.1275596618652344
sub-343769189656,21.0,21.85386085510254,0.8538608551025391
sub-343940609775,22.0,20.83051872253418,-1.1694812774658203
sub-344002344757,13.0,16.541135787963867,3.541135787963867
sub-344117507142,43.82477754962355,34.81431579589844,-9.01046175372511
sub-344931898645,9.0,10.171050071716309,1.1710500717163086
sub-345201265289,32.5,25.781503677368164,-6.718496322631836
sub-345317688447,27.0,29.769393920898438,2.7693939208984375
sub-345321776588,23.0,21.855510711669922,-1.1444892883300781
sub-345577831841,23.0,22.880128860473633,-0.11987113952636719
sub-345708177080,33.59342915811088,33.69474792480469,0.10131876669380802
sub-345814656280,81.94113620807666,71.54524993896484,-10.395886269111813
sub-345990586356,21.0,23.259281158447266,2.2592811584472656
sub-346184404122,22.5,22.4891414642334,-0.010858535766601562
sub-346320393320,27.5,27.37726402282715,-0.12273597717285156
sub-346545954848,11.15890411,10.71650505065918,-0.44239905934082024
sub-346578532827,26.0,23.4069881439209,-2.5930118560791016
sub-347308296503,22.0,19.50935173034668,-2.4906482696533203
sub-347451361275,30.0,25.841712951660156,-4.158287048339844
sub-347536493520,21.0,26.008398056030273,5.008398056030273
sub-347793800576,22.0,22.132978439331055,0.1329784393310547
sub-347809484806,22.5,19.774734497070312,-2.7252655029296875
sub-347834054808,27.0,21.05453109741211,-5.945468902587891
sub-348206206376,20.0,22.620346069335938,2.6203460693359375
sub-348472885765,23.0,19.22044563293457,-3.7795543670654297
sub-348573416015,42.5,35.24946975708008,-7.250530242919922
sub-348791915798,21.0,21.928600311279297,0.9286003112792969
sub-349042220249,11.0,11.15695858001709,0.15695858001708984
sub-349083925568,19.0,21.47657585144043,2.4765758514404297
sub-349091379990,11.95068493,12.886985778808594,0.9363008488085942
sub-349234485107,19.0,23.486114501953125,4.486114501953125
sub-349851138030,33.0,26.961366653442383,-6.038633346557617
sub-349981404460,19.0,21.60201072692871,2.602010726928711
sub-350232178893,21.0,20.933420181274414,-0.06657981872558594
sub-350614246455,21.0,20.199634552001953,-0.8003654479980469
sub-351385167537,27.83572895277207,30.30183982849121,2.466110875719142
sub-351416711766,21.0,20.1057071685791,-0.8942928314208984
sub-351431035741,19.0,23.322643280029297,4.322643280029297
sub-351489708854,19.0,16.527759552001953,-2.472240447998047
sub-351546374188,19.0,21.6584415435791,2.6584415435791016
sub-351603832845,63.24709103353867,46.11411666870117,-17.1329743648375
sub-351668169349,19.0,22.05883026123047,3.0588302612304688
sub-351877235707,24.0,28.899953842163086,4.899953842163086
sub-351910982438,21.0,23.08513641357422,2.0851364135742188
sub-352012295215,21.0,20.763370513916016,-0.23662948608398438
sub-352179726844,19.0,20.92057991027832,1.9205799102783203
sub-352464986144,20.0,21.334924697875977,1.3349246978759766
sub-352892368365,10.0,10.722546577453613,0.7225465774536133
sub-353103739610,34.1,31.571836471557617,-2.5281635284423842
sub-353156518163,22.5,22.388534545898438,-0.1114654541015625
sub-353499953161,22.5,24.540666580200195,2.0406665802001953
sub-353593360279,41.62,49.592308044433594,7.972308044433596
sub-353927466643,21.0979,18.815601348876953,-2.282298651123046
sub-354022763474,23.0,22.744945526123047,-0.2550544738769531
sub-354196077108,23.8466803559206,38.15352249145508,14.306842135534477
sub-354347287146,15.0,15.261608123779297,0.2616081237792969
sub-354836536215,18.75,20.79996109008789,2.0499610900878906
sub-354907815533,8.178082192,13.286613464355469,5.108531272355469
sub-355310107861,21.0,23.34664535522461,2.3466453552246094
sub-355720694224,72.13141683778234,67.10066986083984,-5.0307469769424955
sub-356042483824,19.0,22.992231369018555,3.9922313690185547
sub-356952233015,19.0,20.230506896972656,1.2305068969726562
sub-357131710050,20.0,22.929826736450195,2.9298267364501953
sub-357408449075,45.25667351129363,39.89045333862305,-5.36622017267058
sub-357813435697,8.0,12.148660659790039,4.148660659790039
sub-357880664413,21.0,23.32038116455078,2.3203811645507812
sub-358027372224,68.26830937713895,59.80101013183594,-8.46729924530301
sub-358063655154,21.0,21.459272384643555,0.4592723846435547
sub-358153816547,18.2,19.838598251342773,1.6385982513427741
sub-358180723346,23.0,22.70297622680664,-0.2970237731933594
sub-359665775969,13.0,18.29052734375,5.29052734375
sub-360345095022,23.0,21.33321762084961,-1.6667823791503906
sub-360501602626,23.0,23.534887313842773,0.5348873138427734
sub-360897302316,21.0,21.046802520751953,0.046802520751953125
sub-361024685049,16.9,17.92247200012207,1.0224720001220717
sub-361390550814,12.08,13.749106407165527,1.6691064071655273
sub-361496299961,13.5,15.706636428833008,2.206636428833008
sub-361497480263,25.0,24.375307083129883,-0.6246929168701172
sub-361621631193,21.0,21.505535125732422,0.5055351257324219
sub-361639893379,19.0,21.835325241088867,2.835325241088867
sub-361759510060,23.0,20.137409210205078,-2.862590789794922
sub-362543492336,25.0,24.77518653869629,-0.22481346130371094
sub-363363913061,26.0,26.092472076416016,0.09247207641601562
sub-363459366347,33.0,33.58246612548828,0.5824661254882812
sub-363511136031,41.20191649555099,38.62480926513672,-2.5771072304142706
sub-364387139516,20.0,28.581947326660156,8.581947326660156
sub-365096018286,40.555783709787825,44.493614196777344,3.937830486989519
sub-365377487798,23.03901437371664,28.805906295776367,5.7668919220597274
sub-365665621965,21.0,20.544370651245117,-0.4556293487548828
sub-365929187605,23.0,25.685537338256836,2.685537338256836
sub-365948065175,8.0,14.467551231384277,6.467551231384277
sub-366125129833,19.0,23.35464096069336,4.354640960693359
sub-366419892031,27.0,22.881935119628906,-4.118064880371094
sub-366954527967,10.25,8.351773262023926,-1.8982267379760742
sub-366954944274,23.0,22.18463134765625,-0.81536865234375
sub-367831112850,27.0,27.751615524291992,0.7516155242919922
sub-368153573682,75.97262149212868,67.28282928466797,-8.689792207460712
sub-368447789543,53.53593429158111,48.20539855957031,-5.3305357320107944
sub-368864599927,46.89664613278576,44.754093170166016,-2.142552962619746
sub-368981431172,21.0,23.59722900390625,2.59722900390625
sub-369377780623,23.0,21.504505157470703,-1.4954948425292969
sub-369521632168,72.5,45.14482498168945,-27.355175018310547
sub-369829615819,68.12320328542093,55.741798400878906,-12.381404884542022
sub-369885949666,31.0,23.115463256835938,-7.8845367431640625
sub-370345433121,14.0,19.65849494934082,5.65849494934082
sub-371096451080,21.0,24.076519012451172,3.076519012451172
sub-371655681187,21.0,21.47372055053711,0.4737205505371094
sub-371832295715,23.0,23.27672004699707,0.2767200469970703
sub-372353765912,21.0,24.0058536529541,3.0058536529541016
sub-372729344859,46.59000684462697,50.2350959777832,3.645089133156233
sub-372796067335,34.0,36.336097717285156,2.3360977172851562
sub-372903120618,12.0,16.518632888793945,4.518632888793945
sub-373122705602,22.0,27.08172035217285,5.081720352172852
sub-373628596753,21.0,21.768217086791992,0.7682170867919922
sub-373873295969,21.0,21.19961929321289,0.19961929321289062
sub-373939546182,21.0,21.44605827331543,0.4460582733154297
sub-375011751246,21.0,21.24468231201172,0.24468231201171875
sub-375087699975,70.50239561943873,67.07829284667969,-3.424102772759042
sub-375721442544,25.21286789869952,36.66511154174805,11.452243643048526
sub-375744717263,19.0,23.092069625854492,4.092069625854492
sub-375839754407,9.0,11.94371223449707,2.9437122344970703
sub-375914855182,29.0,25.020021438598633,-3.979978561401367
sub-375939080828,27.0,24.100202560424805,-2.8997974395751953
sub-375954438630,9.3,13.263689994812012,3.963689994812011
sub-376021642604,11.0,14.189798355102539,3.189798355102539
sub-376234889907,19.0,20.75237274169922,1.7523727416992188
sub-376614727318,11.02465753,9.980576515197754,-1.0440810148022468
sub-376647528418,12.0,17.432849884033203,5.432849884033203
sub-376916029284,46.00684462696783,54.73308181762695,8.72623719065912
sub-377530347743,25.0,23.532398223876953,-1.4676017761230469
sub-377767908219,55.08829568788501,52.23686599731445,-2.851429690570555
sub-377800494410,19.0,17.703102111816406,-1.2968978881835938
sub-378122195243,17.5,21.390981674194336,3.890981674194336
sub-378259915805,21.0,21.25328826904297,0.25328826904296875
sub-378447768137,21.0,29.54824447631836,8.54824447631836
sub-378455376400,14.0,15.814704895019531,1.8147048950195312
sub-378603840552,20.0,19.969276428222656,-0.03072357177734375
sub-379219398221,21.0,22.41112518310547,1.4111251831054688
sub-379233294160,56.438056125941145,60.40155029296875,3.963494167027605
sub-379901232997,9.156164384,11.501004219055176,2.3448398350551756
sub-380007171793,27.0,28.05589485168457,1.0558948516845703
sub-380107200295,19.0,23.62654685974121,4.626546859741211
sub-380291732370,19.0,23.29182243347168,4.29182243347168
sub-380421212894,19.0,21.179283142089844,2.1792831420898438
sub-380484222237,19.0,22.582984924316406,3.5829849243164062
sub-380938374512,23.0,24.86714744567871,1.867147445678711
sub-380942221635,12.0,13.229238510131836,1.229238510131836
sub-381299063045,21.0,16.48959732055664,-4.510402679443359
sub-381318055265,22.0,37.85483932495117,15.854839324951172
sub-382364549184,23.0,15.592412948608398,-7.407587051391602
sub-382373781002,19.0,21.350303649902344,2.3503036499023438
sub-382503391733,21.0,21.22970199584961,0.22970199584960938
sub-382993467413,21.0,26.005037307739258,5.005037307739258
sub-383134182753,24.0,22.95555305480957,-1.0444469451904297
sub-383278900382,21.0,21.566503524780273,0.5665035247802734
sub-383918872195,19.0,20.950592041015625,1.950592041015625
sub-384366007647,25.0,23.740148544311523,-1.2598514556884766
sub-384430999120,19.0,21.8028621673584,2.8028621673583984
sub-385702896791,19.0,19.762609481811523,0.7626094818115234
sub-385965134643,48.0,27.917842864990234,-20.082157135009766
sub-386384203868,21.0,20.88063621520996,-0.11936378479003906
sub-386443623879,19.0,21.50994873046875,2.50994873046875
sub-386477621787,39.0,33.007354736328125,-5.992645263671875
sub-386499017794,9.15,11.884726524353027,2.734726524353027
sub-387138524123,78.07255304585901,71.25679779052734,-6.815755255331666
sub-387252211403,18.0,17.440828323364258,-0.5591716766357422
sub-387293597353,21.0,20.54593849182129,-0.45406150817871094
sub-387627806786,19.0,21.99577522277832,2.9957752227783203
sub-387928413810,19.0,19.47678565979004,0.47678565979003906
sub-387984296108,21.0,23.20503807067871,2.205038070678711
sub-388025307838,13.0,15.841299057006836,2.841299057006836
sub-388132398369,19.0,20.43566131591797,1.4356613159179688
sub-388296216663,12.60547945,16.630502700805664,4.025023250805663
sub-388946336311,41.889117043121146,41.11903762817383,-0.7700794149473182
sub-389059678082,9.282191781,13.046060562133789,3.763868781133789
sub-389128831451,21.0,19.811824798583984,-1.1881752014160156
sub-389237925618,29.2,24.312885284423828,-4.887114715576171
sub-389561985623,19.0,20.751251220703125,1.751251220703125
sub-389833780372,26.0,20.551517486572266,-5.448482513427734
sub-390641627114,24.0,19.85207748413086,-4.147922515869141
sub-390696380218,27.0,24.92386817932129,-2.076131820678711
sub-390946969743,10.10958904,11.880961418151855,1.771372378151856
sub-391000843234,28.0,22.919214248657227,-5.080785751342773
sub-391658536077,15.0,15.56981372833252,0.5698137283325195
sub-391717879650,19.0,23.174297332763672,4.174297332763672
sub-392003255317,22.5,27.785783767700195,5.285783767700195
sub-392945946755,48.101300479123886,42.406578063964844,-5.694722415159042
sub-393287507182,27.0,21.28327751159668,-5.71672248840332
sub-394058698992,19.0,28.921907424926758,9.921907424926758
sub-394973589257,25.0,23.003395080566406,-1.9966049194335938
sub-395113287039,50.3956194387406,48.32182693481445,-2.0737925039261498
sub-395205550869,69.27583846680356,53.694034576416016,-15.581803890387548
sub-395594591950,23.0,23.200611114501953,0.20061111450195312
sub-395668270984,23.0,21.478694915771484,-1.5213050842285156
sub-395709751936,23.0,21.919063568115234,-1.0809364318847656
sub-395784692228,13.0,16.960166931152344,3.9601669311523438
sub-397509469353,21.0,21.664306640625,0.664306640625
sub-397541416103,9.819178082,13.352876663208008,3.5336985812080073
sub-397789536679,29.0,22.827861785888672,-6.172138214111328
sub-398220399143,27.0,20.286073684692383,-6.713926315307617
sub-398724148083,15.6,21.147247314453125,5.547247314453125
sub-398759391290,55.58110882956878,47.87187957763672,-7.709229251932058
sub-398850980214,23.0,34.366661071777344,11.366661071777344
sub-399014895585,30.0,21.715158462524414,-8.284841537475586
sub-399087126702,19.0,21.8475399017334,2.8475399017333984
sub-399293606571,37.0,33.671504974365234,-3.3284950256347656
sub-399522447362,60.016427104722794,51.99297332763672,-8.023453777086075
sub-399532554772,20.0,22.005483627319336,2.005483627319336
sub-399633402331,15.75,22.71361541748047,6.963615417480469
sub-399660498118,25.0,29.077421188354492,4.077421188354492
sub-399695603994,19.0,20.037487030029297,1.0374870300292969
sub-399896091241,27.5,23.183486938476562,-4.3165130615234375
sub-400076789412,15.0,17.9887638092041,2.9887638092041016
sub-400356548320,24.0,29.450590133666992,5.450590133666992
sub-401570348713,29.0,23.070510864257812,-5.9294891357421875
sub-402295700509,17.0,18.265750885009766,1.2657508850097656
sub-403072282252,19.0,20.084896087646484,1.0848960876464844
sub-403183909828,25.0,23.9403076171875,-1.0596923828125
sub-403868905316,9.5,13.5380277633667,4.038027763366699
sub-403893360607,33.0,24.489994049072266,-8.510005950927734
sub-403901799268,35.0,20.952835083007812,-14.047164916992188
sub-404282612970,21.0,27.032644271850586,6.032644271850586
sub-404426387175,27.0,22.008737564086914,-4.991262435913086
sub-404462559347,9.435616438,8.236373901367188,-1.1992425366328128
sub-404646362299,11.55,17.665727615356445,6.115727615356445
sub-404890471575,51.0,31.002492904663086,-19.997507095336914
sub-405164913230,70.9514031485284,61.7859992980957,-9.165403850432696
sub-405742266217,36.21629021218344,34.58612823486328,-1.6301619773201566
sub-406012214137,18.0,18.761377334594727,0.7613773345947266
sub-406097282943,19.0,18.512760162353516,-0.4872398376464844
sub-406442518076,68.0,70.470703125,2.470703125
sub-406506048364,10.24109589,10.290488243103027,0.04939235310302692
sub-406583604959,65.25941136208077,60.046661376953125,-5.212749985127644
sub-407135588455,47.0691307323751,41.55423355102539,-5.51489718134971
sub-407652242836,18.2,15.022576332092285,-3.177423667907714
sub-408202532508,59.0,50.618019104003906,-8.381980895996094
sub-408240315301,21.0,20.00554847717285,-0.9944515228271484
sub-408349314195,23.0,25.16216278076172,2.1621627807617188
sub-408824965323,15.28,17.631624221801758,2.3516242218017585
sub-408964579184,27.5,24.77654266357422,-2.7234573364257812
sub-409603744945,23.0,24.59907341003418,1.5990734100341797
sub-410173634990,13.33,14.79237174987793,1.4623717498779296
sub-411028202173,21.0,22.63359260559082,1.6335926055908203
sub-411339149603,17.0,20.59490966796875,3.59490966796875
sub-411511299951,19.0,22.131711959838867,3.131711959838867
sub-411578175554,39.39767282683093,34.030818939208984,-5.366853887621943
sub-411909651851,19.0,21.61115264892578,2.6111526489257812
sub-412405591527,25.0,23.65791893005371,-1.342081069946289
sub-413362965269,22.5,25.24540901184082,2.7454090118408203
sub-414156611560,22.0,17.865816116333008,-4.134183883666992
sub-414506329694,72.26557152635182,60.176483154296875,-12.089088372054945
sub-414574519306,58.830937713894606,60.37751388549805,1.5465761716034407
sub-414840159897,19.0,21.305561065673828,2.305561065673828
sub-414912404483,8.07,8.522008895874023,0.45200889587402315
sub-415092780642,21.0,20.395263671875,-0.604736328125
sub-415792694831,14.0,16.353343963623047,2.353343963623047
sub-416196732139,21.0,23.860788345336914,2.860788345336914
sub-416363571113,16.0,20.084564208984375,4.084564208984375
sub-416382670304,25.0,22.95831298828125,-2.04168701171875
sub-416547426671,19.0,19.554677963256836,0.5546779632568359
sub-417503911696,27.0,22.055259704589844,-4.944740295410156
sub-417519708424,21.0,21.634538650512695,0.6345386505126953
sub-417535604177,19.0,20.24236488342285,1.2423648834228516
sub-417541833452,10.44383562,10.024630546569824,-0.41920507343017555
sub-418353004170,21.0,24.521791458129883,3.521791458129883
sub-418508603690,19.0,22.219398498535156,3.2193984985351562
sub-418986926612,21.0,22.098417282104492,1.0984172821044922
sub-419207025644,21.0,18.572790145874023,-2.4272098541259766
sub-419439734818,19.0,22.92409896850586,3.9240989685058594
sub-419512319299,21.0,19.981325149536133,-1.0186748504638672
sub-420357341840,36.06023271731691,40.520179748535156,4.459947031218249
sub-420700440504,29.0,22.866424560546875,-6.133575439453125
sub-420871026622,19.0,20.895288467407227,1.8952884674072266
sub-420880909961,10.95342466,11.348942756652832,0.39551809665283244
sub-421100177732,72.88432580424367,67.5974349975586,-5.286890806685079
sub-421334775387,41.22929500342232,34.6472282409668,-6.582066762455526
sub-421366001843,19.0,22.050495147705078,3.050495147705078
sub-421534005893,21.0,20.783187866210938,-0.2168121337890625
sub-421547770064,8.506849315,9.653545379638672,1.1466960646386717
sub-421557870822,20.0,21.30254364013672,1.3025436401367188
sub-421587906428,19.0,22.609697341918945,3.6096973419189453
sub-421808511913,23.0,21.963802337646484,-1.0361976623535156
sub-422564244037,25.0,26.903966903686523,1.9039669036865234
sub-422726021651,21.0,21.9503231048584,0.9503231048583984
sub-423076478965,33.0,43.37388229370117,10.373882293701172
sub-424062327797,21.0,20.53812599182129,-0.46187400817871094
sub-424379445589,19.0,21.062116622924805,2.0621166229248047
sub-424384119731,19.0,23.530439376831055,4.530439376831055
sub-425107191963,25.0,26.484066009521484,1.4840660095214844
sub-425345863440,21.0,24.933557510375977,3.9335575103759766
sub-425788429649,23.0,22.459728240966797,-0.5402717590332031
sub-425902114613,22.5,28.046878814697266,5.546878814697266
sub-426134424341,18.0,45.54006576538086,27.54006576538086
sub-426162600454,19.0,21.962596893310547,2.962596893310547
sub-426538206069,25.0,22.149934768676758,-2.850065231323242
sub-427009086482,10.2218,10.63042163848877,0.40862163848876953
sub-427038737479,48.67898699520876,36.356685638427734,-12.322301356781026
sub-427255899112,13.0,21.82004737854004,8.820047378540039
sub-427488165084,22.0,18.539382934570312,-3.4606170654296875
sub-427917643660,15.0253,11.073753356933594,-3.951546643066406
sub-427954163702,23.0,23.742380142211914,0.7423801422119141
sub-428405531533,8.873972603,13.01103687286377,4.137064269863769
sub-428735293071,25.0,21.804227828979492,-3.195772171020508
sub-428749095291,23.0,26.869430541992188,3.8694305419921875
sub-429128697868,11.8761,12.075203895568848,0.19910389556884844
sub-429376973784,21.0,20.928199768066406,-0.07180023193359375
sub-429708332868,23.0,24.937536239624023,1.9375362396240234
sub-429746311818,73.54414784394251,62.671714782714844,-10.872433061227667
sub-429751358413,19.0,20.379093170166016,1.3790931701660156
sub-429797756660,21.0,19.328828811645508,-1.6711711883544922
sub-429800757560,18.0,20.0534725189209,2.0534725189208984
sub-430212986919,24.854209445585212,24.8714599609375,0.01725051535228772
sub-430905405415,50.0,45.81875228881836,-4.181247711181641
sub-431091782369,9.789041096,11.425027847290039,1.635986751290039
sub-431389684208,32.5,27.891332626342773,-4.608667373657227
sub-431442510774,20.0,20.808256149291992,0.8082561492919922
sub-431876074723,31.0,23.736698150634766,-7.263301849365234
sub-431931021444,35.800136892539356,40.10215759277344,4.302020700234081
sub-432795930135,23.0,14.942291259765625,-8.057708740234375
sub-433613356059,19.0,19.583995819091797,0.5839958190917969
sub-433634856529,22.5,24.637287139892578,2.137287139892578
sub-433878320958,19.0,21.505884170532227,2.5058841705322266
sub-433901926108,27.5,25.008472442626953,-2.491527557373047
sub-434327587010,20.0,25.442317962646484,5.442317962646484
sub-434364030663,21.0,22.60493278503418,1.6049327850341797
sub-434727906853,20.0,20.8469181060791,0.8469181060791016
sub-435215843686,22.0,26.16602325439453,4.166023254394531
sub-435541553101,23.0,25.227405548095703,2.227405548095703
sub-436067739350,25.0,24.280691146850586,-0.7193088531494141
sub-436168467409,21.0,23.835874557495117,2.835874557495117
sub-436435395823,50.5242984257358,38.07590103149414,-12.44839739424166
sub-436570577076,24.0,23.2089786529541,-0.7910213470458984
sub-436602454221,14.0,17.233745574951172,3.233745574951172
sub-436915075418,9.083333333,10.194019317626953,1.1106859846269526
sub-437220520402,27.0,22.878097534179688,-4.1219024658203125
sub-437418373981,21.0,26.893335342407227,5.893335342407227
sub-437563318459,11.0,13.906499862670898,2.9064998626708984
sub-438120135608,62.06160164271046,55.024837493896484,-7.0367641488139725
sub-438282986473,60.906228610540715,55.85614776611328,-5.050080844427434
sub-438699025347,19.0,18.89891242980957,-0.10108757019042969
sub-438858327228,59.12936344969199,59.02870178222656,-0.10066166746543104
sub-440221941356,21.0,20.823423385620117,-0.1765766143798828
sub-441115735819,22.5,21.931964874267578,-0.5680351257324219
sub-441255509461,9.665753425,9.93557357788086,0.26982015288085925
sub-441895637368,34.0,40.7457389831543,6.745738983154297
sub-441940877850,10.44383562,11.866430282592773,1.4225946625927737
sub-442069078771,52.5,29.514352798461914,-22.985647201538086
sub-442131715190,23.0,21.051042556762695,-1.9489574432373047
sub-442200955077,44.20533880903491,38.19283676147461,-6.012502047560304
sub-442462161667,19.0,19.064496994018555,0.06449699401855469
sub-443057998898,19.0,20.06932830810547,1.0693283081054688
sub-443216080871,21.0,22.78828239440918,1.7882823944091797
sub-443270005074,23.0,22.148948669433594,-0.8510513305664062
sub-443441729661,27.5,21.960735321044922,-5.539264678955078
sub-443528393725,20.0,20.473691940307617,0.4736919403076172
sub-443552576139,23.0,23.89173698425293,0.8917369842529297
sub-443563336342,19.0,22.548185348510742,3.548185348510742
sub-443586727583,18.0,22.640554428100586,4.640554428100586
sub-443699143391,19.0,18.769058227539062,-0.2309417724609375
sub-443884348394,72.0,72.39463806152344,0.3946380615234375
sub-444080364099,19.0,22.918582916259766,3.9185829162597656
sub-444777292394,23.0,20.220888137817383,-2.779111862182617
sub-445165036651,43.0,49.73094177246094,6.7309417724609375
sub-445357467271,22.5,23.862409591674805,1.3624095916748047
sub-445528481752,19.0,19.254619598388672,0.2546195983886719
sub-446105610730,23.0,24.222599029541016,1.2225990295410156
sub-446116942428,13.63,18.240345001220703,4.610345001220702
sub-446176984200,11.85205479,15.500930786132812,3.648875996132812
sub-446371809226,21.0,21.509395599365234,0.5093955993652344
sub-447368311317,23.0,19.791696548461914,-3.208303451538086
sub-447558225957,9.3149,12.20400333404541,2.8891033340454104
sub-447559688249,23.0,21.635967254638672,-1.3640327453613281
sub-448118881004,30.699520876112253,26.229156494140625,-4.470364381971628
sub-448154838901,21.0,20.60434341430664,-0.3956565856933594
sub-448606737356,19.0,22.949199676513672,3.949199676513672
sub-448749767497,27.0,22.993873596191406,-4.006126403808594
sub-448817166729,9.120547945,10.100699424743652,0.9801514797436521
sub-449504710644,13.85,16.25562286376953,2.4056228637695316
sub-449523109612,29.0,34.37358856201172,5.373588562011719
sub-449691454748,21.0,21.134578704833984,0.13457870483398438
sub-450248382846,11.0,13.754030227661133,2.754030227661133
sub-450325596992,11.0,16.399429321289062,5.3994293212890625
sub-450416431697,21.0,19.713336944580078,-1.2866630554199219
sub-450811446575,21.0,21.43641471862793,0.4364147186279297
sub-450965099560,21.0,20.92342185974121,-0.07657814025878906
sub-451093590992,20.51,27.57990074157715,7.069900741577147
sub-451533497093,19.0,21.96859359741211,2.9685935974121094
sub-451568083712,27.0,28.622995376586914,1.622995376586914
sub-451569316549,31.95619438740589,44.07904815673828,12.12285376933239
sub-451748173269,23.0,26.033540725708008,3.033540725708008
sub-451753737202,22.0,26.435134887695312,4.4351348876953125
sub-452339919944,27.0,27.41937255859375,0.41937255859375
sub-452602070698,19.0,20.971139907836914,1.971139907836914
sub-452912513368,19.0,21.96532440185547,2.9653244018554688
sub-453576742612,22.5,25.328432083129883,2.828432083129883
sub-453679403294,19.0,18.839202880859375,-0.160797119140625
sub-453954863516,19.0,21.78652572631836,2.7865257263183594
sub-454545291918,11.0,14.673792839050293,3.673792839050293
sub-454953257900,24.0,20.94397735595703,-3.0560226440429688
sub-455375044946,33.0,25.086204528808594,-7.913795471191406
sub-455526833022,21.0,24.567955017089844,3.5679550170898438
sub-456043823379,19.0,19.664411544799805,0.6644115447998047
sub-456312815950,8.3,14.909461975097656,6.6094619750976555
sub-456944734649,21.0,20.897113800048828,-0.10288619995117188
sub-456991816184,22.5,25.646156311035156,3.1461563110351562
sub-457656563132,25.0,21.943134307861328,-3.056865692138672
sub-457967549631,22.5,27.50770378112793,5.00770378112793
sub-458227466938,21.0,20.682979583740234,-0.3170204162597656
sub-458230027649,19.0,26.667898178100586,7.667898178100586
sub-458506665556,21.0,22.457523345947266,1.4575233459472656
sub-458724067747,12.43835616,13.001607894897461,0.5632517348974613
sub-459709692111,8.94,10.274351119995117,1.3343511199951177
sub-459781782269,19.0,20.9689884185791,1.9689884185791016
sub-459946543901,12.6489,11.930804252624512,-0.7180957473754876
sub-460516282099,35.446954140999324,41.44611740112305,5.999163260123723
sub-460702666723,19.0,18.724279403686523,-0.27572059631347656
sub-460977191979,23.0,23.269582748413086,0.26958274841308594
sub-461059456603,63.181382614647504,44.56425094604492,-18.617131668602582
sub-461078040898,10.1,15.871561050415039,5.771561050415039
sub-461138178469,19.0,23.22812271118164,4.228122711181641
sub-461276348768,8.74,11.076153755187988,2.336153755187988
sub-461789283926,12.66,19.411386489868164,6.751386489868164
sub-461899341745,23.0,24.591020584106445,1.5910205841064453
sub-462044176559,22.5,25.382694244384766,2.8826942443847656
sub-462074510675,24.0,22.161170959472656,-1.8388290405273438
sub-462484204390,72.5,73.78032684326172,1.2803268432617188
sub-462590078135,22.5,36.85604476928711,14.35604476928711
sub-462927684123,22.5,22.192150115966797,-0.3078498840332031
sub-463017442825,24.0,19.314115524291992,-4.685884475708008
sub-463459305778,14.0,19.045087814331055,5.045087814331055
sub-463896670279,19.0,20.475629806518555,1.4756298065185547
sub-464503842359,67.5,42.31025695800781,-25.189743041992188
sub-464682388944,23.0,23.085586547851562,0.0855865478515625
sub-464956463990,32.5,29.84786033630371,-2.652139663696289
sub-465136351800,19.0,21.36930274963379,2.369302749633789
sub-465311144460,27.0,25.514249801635742,-1.4857501983642578
sub-465791099145,25.0,23.772891998291016,-1.2271080017089844
sub-466074153509,25.0,23.104381561279297,-1.8956184387207031
sub-466344740883,9.0,11.17261028289795,2.172610282897949
sub-466416085736,13.0,12.277322769165039,-0.7226772308349609
sub-467112314797,9.309589041,10.761761665344238,1.4521726243442377
sub-467327021506,22.0,21.864116668701172,-0.13588333129882812
sub-467335236616,20.0,26.457242965698242,6.457242965698242
sub-467642644644,21.0,21.600086212158203,0.6000862121582031
sub-467659061528,73.18275154004107,67.48331451416016,-5.699437025880911
sub-468044019609,21.0,19.255647659301758,-1.7443523406982422
sub-468109133630,18.0,22.222972869873047,4.222972869873047
sub-468259562618,21.0,19.149991989135742,-1.8500080108642578
sub-468444508245,10.0,15.436003684997559,5.436003684997559
sub-469001676302,27.0,20.78423500061035,-6.215764999389648
sub-469128986440,53.41273100616017,43.70510482788086,-9.707626178279313
sub-470124848081,33.0,23.121395111083984,-9.878604888916016
sub-471019443594,23.71526351813826,30.305038452148438,6.589774934010176
sub-471055677982,67.5,44.31609344482422,-23.18390655517578
sub-471135465411,21.0,21.395889282226562,0.3958892822265625
sub-471209465684,21.0,24.826480865478516,3.8264808654785156
sub-471390842283,25.530458590006837,32.99085998535156,7.460401395344725
sub-472325050640,60.0,59.93295669555664,-0.06704330444335938
sub-472759352092,59.222450376454475,38.23328399658203,-20.989166379872444
sub-473325785671,23.0,20.993574142456055,-2.0064258575439453
sub-473379095025,28.50650239561944,35.742427825927734,7.235925430308296
sub-473649162520,23.0,24.34953498840332,1.3495349884033203
sub-473872191496,19.0,23.077550888061523,4.077550888061523
sub-473893612384,21.0,20.260040283203125,-0.739959716796875
sub-474246759950,22.0,24.073047637939453,2.073047637939453
sub-474704091659,44.9199178644764,37.869300842285156,-7.050617022191247
sub-474905652662,23.0,24.02069664001465,1.0206966400146484
sub-475042891594,13.79726027,20.99966049194336,7.202400221943359
sub-475410408128,21.33,20.325000762939453,-1.0049992370605452
sub-475942618761,41.0,32.27363967895508,-8.726360321044922
sub-476225261644,19.0,21.29219627380371,2.292196273803711
sub-476332359213,66.94866529774127,66.78084564208984,-0.16781965565142798
sub-476860143951,26.0,39.52363967895508,13.523639678955078
sub-477160054985,75.93702943189597,68.67418670654297,-7.262842725352996
sub-477274544676,24.0,20.80101776123047,-3.1989822387695312
sub-477302946114,8.542094,14.408439636230469,5.866345636230468
sub-477362713467,10.08767123,10.286877632141113,0.19920640214111351
sub-477401855410,6.0,9.493654251098633,3.493654251098633
sub-477544457426,10.41369863,11.32610034942627,0.9124017194262688
sub-477777727414,23.0,49.5002326965332,26.500232696533203
sub-477906303107,67.5,57.38053512573242,-10.119464874267578
sub-478046709665,53.30595482546201,54.621700286865234,1.3157454614032247
sub-478282076570,23.0,21.34771728515625,-1.65228271484375
sub-478424896940,25.0,22.491039276123047,-2.508960723876953
sub-478734208494,25.0,24.436805725097656,-0.5631942749023438
sub-479008488319,21.0,18.772218704223633,-2.227781295776367
sub-479447504648,10.2,13.859543800354004,3.6595438003540046
sub-479540589250,19.0,27.05553436279297,8.055534362792969
sub-479779230782,21.0,22.47308921813965,1.4730892181396484
sub-479820841591,21.0,20.699871063232422,-0.3001289367675781
sub-480081003183,11.66,13.025751113891602,1.3657511138916014
sub-480092109529,23.0,23.729543685913086,0.7295436859130859
sub-480168790227,34.0,38.67781448364258,4.677814483642578
sub-480228126690,16.03,20.317773818969727,4.287773818969725
sub-480242224316,19.0,21.569665908813477,2.5696659088134766
sub-480547839037,29.0,23.710447311401367,-5.289552688598633
sub-480561361979,21.0,20.993206024169922,-0.006793975830078125
sub-481338540032,27.5,23.112791061401367,-4.387208938598633
sub-481372512191,19.0,19.98057746887207,0.9805774688720703
sub-481376362072,19.0,19.571334838867188,0.5713348388671875
sub-481487710813,20.0,23.14629364013672,3.1462936401367188
sub-481729032242,18.0,17.28998565673828,-0.7100143432617188
sub-482033781584,23.0,19.43229866027832,-3.5677013397216797
sub-482038057597,19.0,20.385902404785156,1.3859024047851562
sub-482555510183,19.0,20.897903442382812,1.8979034423828125
sub-482977570138,29.0,24.837491989135742,-4.162508010864258
sub-483402142821,22.5,22.71786880493164,0.21786880493164062
sub-483551880880,27.5,23.559141159057617,-3.940858840942383
sub-483923683945,25.4072553045859,35.8937873840332,10.486532079447304
sub-484148497117,22.5,21.931520462036133,-0.5684795379638672
sub-484948078712,58.04243668720055,58.4097900390625,0.3673533518619507
sub-485023310830,13.38,13.367975234985352,-0.012024765014649219
sub-485776903651,44.02464065708419,34.14388656616211,-9.880754090922082
sub-485953220500,21.0,21.490577697753906,0.49057769775390625
sub-486133856944,23.0,22.697845458984375,-0.302154541015625
sub-486143240913,9.897,14.45901107788086,4.562011077880859
sub-486245124301,27.5,25.14446258544922,-2.3555374145507812
sub-486417717551,11.09,10.025282859802246,-1.0647171401977538
sub-486423606320,43.91786447638604,33.545265197753906,-10.372599278632137
sub-486471404776,66.90759753593429,67.49396514892578,0.586367612991495
sub-486615289589,19.0,21.013933181762695,2.0139331817626953
sub-486972667341,24.0,21.758846282958984,-2.2411537170410156
sub-487060207493,23.0,23.205881118774414,0.20588111877441406
sub-487347404192,21.0,22.214134216308594,1.2141342163085938
sub-487885864728,20.0,21.682374954223633,1.6823749542236328
sub-488302703346,13.0,15.603227615356445,2.6032276153564453
sub-488756364056,27.5,28.775920867919922,1.2759208679199219
sub-488848096628,20.0,21.091556549072266,1.0915565490722656
sub-488893580166,22.0,21.715545654296875,-0.284454345703125
sub-489027396007,12.25,13.84414291381836,1.5941429138183594
sub-489158333694,18.0,22.160804748535156,4.160804748535156
sub-489797046592,10.0,13.665458679199219,3.6654586791992188
sub-490000239058,19.0,20.68230628967285,1.6823062896728516
sub-490316768116,27.0,24.158906936645508,-2.841093063354492
sub-491115214422,25.24,23.682754516601562,-1.557245483398436
sub-491354632411,23.0,23.93501853942871,0.9350185394287109
sub-491370394347,25.0,21.149280548095703,-3.850719451904297
sub-491555377117,28.561259411362077,33.907630920410156,5.34637150904808
sub-491975081522,12.04,9.274316787719727,-2.7656832122802726
sub-492227230800,19.0,21.2937068939209,2.2937068939208984
sub-492310557789,25.0,20.878976821899414,-4.121023178100586
sub-492342176669,23.0,20.344696044921875,-2.655303955078125
sub-492464773660,12.92,10.74083137512207,-2.1791686248779296
sub-493277753851,9.394520548,10.769933700561523,1.3754131525615243
sub-493471626213,20.0,27.03678321838379,7.036783218383789
sub-493548099048,21.0,17.27433204650879,-3.725667953491211
sub-493826676373,25.0,19.320281982421875,-5.679718017578125
sub-494054491223,21.0,20.974328994750977,-0.025671005249023438
sub-494149399145,10.30410959,10.150193214416504,-0.15391637558349558
sub-494293108467,20.0,22.7005615234375,2.7005615234375
sub-494369842715,10.87123288,9.886324882507324,-0.9849079974926767
sub-494402729031,62.24503764544832,59.35504913330078,-2.8899885121475393
sub-494429682464,21.0,20.85834503173828,-0.14165496826171875
sub-494516431871,9.7721,10.134803771972656,0.36270377197265624
sub-494562255867,12.9,14.99855899810791,2.09855899810791
sub-494597935437,22.0,20.16150665283203,-1.8384933471679688
sub-494788265618,12.00547945,13.547384262084961,1.5419048120849617
sub-494808050710,21.0,20.442041397094727,-0.5579586029052734
sub-495207539415,21.0,24.516281127929688,3.5162811279296875
sub-495214442213,19.0,21.528942108154297,2.528942108154297
sub-495387604500,19.08,23.615123748779297,4.535123748779299
sub-496049662826,15.0,18.746849060058594,3.7468490600585938
sub-496494295468,19.0,20.0738525390625,1.0738525390625
sub-497005491341,23.0,22.388525009155273,-0.6114749908447266
sub-497215688436,21.0,20.72308921813965,-0.27691078186035156
sub-497483458757,8.42,13.311100006103516,4.891100006103516
sub-497501390567,59.0,46.09352493286133,-12.906475067138672
sub-497610867892,23.0,26.298776626586914,3.298776626586914
sub-497678537794,19.0,19.577980041503906,0.5779800415039062
sub-498296814482,9.057534247,11.42166519165039,2.364130944650391
sub-498374469326,12.97,16.395776748657227,3.425776748657226
sub-498933429251,22.5,24.23870849609375,1.73870849609375
sub-499061605207,20.0,20.789609909057617,0.7896099090576172
sub-499165373448,33.0,30.109928131103516,-2.8900718688964844
sub-499339327714,16.0,23.78358268737793,7.78358268737793
sub-499898787180,23.0,22.323627471923828,-0.6763725280761719
sub-499917422866,12.36986301,12.637776374816895,0.267913364816895
sub-500210727969,19.0,18.673908233642578,-0.3260917663574219
sub-500943633771,21.0,21.744964599609375,0.744964599609375
sub-501401162183,62.5,39.76951217651367,-22.730487823486328
sub-501412735160,10.79726027,8.384269714355469,-2.412990555644532
sub-502014416815,21.0,19.231674194335938,-1.7683258056640625
sub-502254701139,17.0,19.07775115966797,2.0777511596679688
sub-502693562289,25.0,24.999425888061523,-0.0005741119384765625
sub-502800059899,21.0,20.4576473236084,-0.5423526763916016
sub-502907007823,14.0,11.872987747192383,-2.127012252807617
sub-503460268168,17.8,13.8692626953125,-3.9307373046875007
sub-503660804724,27.0,25.572477340698242,-1.4275226593017578
sub-503738728205,14.03,15.78617000579834,1.7561700057983405
sub-504022302723,18.0,15.221027374267578,-2.778972625732422
sub-504073242885,22.0,21.683631896972656,-0.31636810302734375
sub-504254596687,18.0,16.226865768432617,-1.7731342315673828
sub-504323401470,12.0,10.051056861877441,-1.9489431381225586
sub-504662286528,28.0,25.84817886352539,-2.1518211364746094
sub-505113843035,20.0,16.76028823852539,-3.2397117614746094
sub-505223133481,62.7378507871321,68.05431365966797,5.316462872535865
sub-505298572621,16.0986,19.091096878051758,2.9924968780517567
sub-505313912099,10.0,10.099802017211914,0.09980201721191406
sub-505669140091,32.5,29.316030502319336,-3.183969497680664
sub-506026946056,22.0,22.207014083862305,0.2070140838623047
sub-506541958125,32.0,36.43749237060547,4.437492370605469
sub-507316241895,20.33,25.949939727783203,5.619939727783205
sub-507884784363,23.0,22.06924819946289,-0.9307518005371094
sub-507959688959,23.0,21.586872100830078,-1.4131278991699219
sub-508155480644,19.0,17.489994049072266,-1.5100059509277344
sub-508767756378,12.0,16.877851486206055,4.877851486206055
sub-509770945531,9.783,10.994226455688477,1.211226455688477
sub-509844839359,21.0,21.5519962310791,0.5519962310791016
sub-510407668762,15.53,17.27243423461914,1.7424342346191413
sub-510703389436,21.0,21.760969161987305,0.7609691619873047
sub-510978667156,10.67671233,8.355634689331055,-2.321077640668946
sub-510989746907,37.097878165639976,36.28129196166992,-0.8165862039700542
sub-511100454521,19.0,20.253477096557617,1.2534770965576172
sub-511145985367,31.854893908282,33.897762298583984,2.042868390301983
sub-511947368541,19.0,22.167797088623047,3.167797088623047
sub-511948912967,19.0,18.50818634033203,-0.49181365966796875
sub-511979172515,34.8227,24.915130615234375,-9.907569384765623
sub-512419690162,19.0,23.059560775756836,4.059560775756836
sub-512558933065,27.5,26.48863983154297,-1.0113601684570312
sub-512591307504,24.876112251882272,27.24382972717285,2.367717475290579
sub-512682505677,21.0,20.951831817626953,-0.048168182373046875
sub-512752293894,9.0,8.286674499511719,-0.7133255004882812
sub-513149413681,41.30047912388775,45.19325256347656,3.892773439588815
sub-513432871555,11.0,17.414478302001953,6.414478302001953
sub-513571495706,11.3,14.887920379638672,3.587920379638671
sub-513842955165,52.6652977412731,52.02374267578125,-0.6415550654918505
sub-514113966552,29.0,24.771249771118164,-4.228750228881836
sub-514216395702,21.0,18.048721313476562,-2.9512786865234375
sub-514546668706,60.9199178644764,62.90708541870117,1.9871675542247687
sub-514812597461,9.0,15.838458061218262,6.838458061218262
sub-515049857854,20.0,20.683536529541016,0.6835365295410156
sub-515081497394,21.0,21.823516845703125,0.823516845703125
sub-515473988139,72.5,47.62320327758789,-24.87679672241211
sub-516034188736,33.24,24.37174415588379,-8.868255844116213
sub-517171317509,21.0,21.145057678222656,0.14505767822265625
sub-517485012755,20.0,31.342023849487305,11.342023849487305
sub-517627279842,8.67,11.243549346923828,2.573549346923828
sub-517932747297,71.66324435318275,61.19049072265625,-10.472753630526498
sub-518050018372,23.0,22.171764373779297,-0.8282356262207031
sub-518056224773,27.0,25.360498428344727,-1.6395015716552734
sub-518298583047,67.5,38.987491607666016,-28.512508392333984
sub-518733647647,22.5,23.61286163330078,1.1128616333007812
sub-518817165912,11.04931507,13.017953872680664,1.9686388026806636
sub-518818481065,23.0,25.446073532104492,2.446073532104492
sub-519085723694,83.0,68.29067993164062,-14.709320068359375
sub-519122653786,18.0,23.202848434448242,5.202848434448242
sub-519236401892,13.0,15.34904956817627,2.3490495681762695
sub-519256340478,9.25,9.997617721557617,0.7476177215576172
sub-519310637883,23.0,21.987131118774414,-1.012868881225586
sub-519698613585,23.0,21.422025680541992,-1.5779743194580078
sub-519733259421,23.0,19.293926239013672,-3.706073760986328
sub-519801603913,19.0,22.930227279663086,3.930227279663086
sub-520091474797,34.236824093086916,42.076690673828125,7.839866580741209
sub-520349870969,52.887063655030786,53.437068939208984,0.5500052841781979
sub-520988708445,21.0,21.557575225830078,0.5575752258300781
sub-521130407753,19.0,25.98931884765625,6.98931884765625
sub-521410433804,33.24024640657084,26.07628059387207,-7.16396581269877
sub-521784895043,8.898015,11.872838973999023,2.9748239739990243
sub-522535703135,77.0,54.18092346191406,-22.819076538085938
sub-522546505826,54.21492128678987,50.096588134765625,-4.118333152024242
sub-522635986366,10.67,12.214738845825195,1.5447388458251954
sub-522815183788,21.0,19.838970184326172,-1.1610298156738281
sub-522964764253,27.0,21.280162811279297,-5.719837188720703
sub-523056996207,23.0,25.215839385986328,2.215839385986328
sub-523098042038,19.0,22.859098434448242,3.859098434448242
sub-523327138347,15.91,19.868749618530273,3.9587496185302733
sub-523987222100,21.0,22.365571975708008,1.3655719757080078
sub-524224102666,68.15058179329226,67.00830841064453,-1.1422733826477298
sub-524609168470,21.0,24.90239143371582,3.9023914337158203
sub-524943052363,16.0,17.359676361083984,1.3596763610839844
sub-525079718146,44.2,24.674169540405273,-19.52583045959473
sub-525096935871,22.0,17.124420166015625,-4.875579833984375
sub-525182251128,19.0,23.080814361572266,4.080814361572266
sub-525443507902,14.0,11.654475212097168,-2.345524787902832
sub-525653325297,24.0,27.127845764160156,3.1278457641601562
sub-525763369127,27.66,23.045392990112305,-4.6146070098876955
sub-525789234356,27.5,24.57984161376953,-2.9201583862304688
sub-526031133456,10.11232877,10.084943771362305,-0.027384998637694835
sub-526119249037,22.5,20.926284790039062,-1.5737152099609375
sub-526462261938,21.0,19.619863510131836,-1.380136489868164
sub-526879269662,21.0,24.01768684387207,3.0176868438720703
sub-527212529902,19.0,20.16574478149414,1.1657447814941406
sub-527520173294,57.73853524982889,60.614295959472656,2.875760709643764
sub-527550273544,20.0,21.134933471679688,1.1349334716796875
sub-527982967568,62.09445585215607,47.47053527832031,-14.623920573835754
sub-528086828510,19.0,22.555400848388672,3.555400848388672
sub-528159895368,19.0,21.13580322265625,2.13580322265625
sub-528349758820,26.0,25.375045776367188,-0.6249542236328125
sub-528365243313,19.0,19.86990737915039,0.8699073791503906
sub-528421144678,15.91,20.63470458984375,4.72470458984375
sub-529591604049,18.0,20.952838897705078,2.952838897705078
sub-529610647368,19.0,19.755943298339844,0.7559432983398438
sub-530484284929,27.0,21.836650848388672,-5.163349151611328
sub-530551923943,19.0,20.882551193237305,1.8825511932373047
sub-530581463174,36.46817248459959,39.2404899597168,2.7723174751172053
sub-530817417732,19.0,20.424297332763672,1.4242973327636719
sub-530934590183,31.0,24.162708282470703,-6.837291717529297
sub-531119398497,19.0,22.72276496887207,3.7227649688720703
sub-531172214225,25.0,27.91828155517578,2.9182815551757812
sub-531902648118,27.5,31.590879440307617,4.090879440307617
sub-532024257558,67.1129363449692,66.72655487060547,-0.3863814743637306
sub-532271128785,59.74264202600958,62.43589782714844,2.6932558011388608
sub-532899301034,9.3,8.01203727722168,-1.287962722778321
sub-534104063338,23.0,21.519840240478516,-1.4801597595214844
sub-535399597427,32.0,28.54412841796875,-3.45587158203125
sub-535587500460,10.0,13.950482368469238,3.9504823684692383
sub-535704909571,25.0,30.815155029296875,5.815155029296875
sub-535707981968,24.0,26.73908042907715,2.7390804290771484
sub-536470263663,21.0,20.081254959106445,-0.9187450408935547
sub-536531144180,21.0,18.654508590698242,-2.345491409301758
sub-536879781890,19.0,26.67685317993164,7.676853179931641
sub-537034379289,17.36,21.054107666015625,3.6941076660156256
sub-537117242845,21.0,23.16387176513672,2.1638717651367188
sub-537131646189,54.277891854893895,54.62957000732422,0.3516781524303241
sub-537149039924,13.0,15.222677230834961,2.222677230834961
sub-537492154508,29.730321697467488,26.554738998413086,-3.1755826990544023
sub-537820593556,22.1081,18.96646499633789,-3.1416350036621097
sub-537896211156,7.326489,7.855953216552734,0.5294642165527348
sub-538011067524,19.0,20.321796417236328,1.3217964172363281
sub-538129865393,9.2081,12.183629035949707,2.975529035949707
sub-538224989757,23.0,20.108524322509766,-2.8914756774902344
sub-538778430581,21.0,23.330175399780273,2.3301753997802734
sub-538898447435,9.1752,7.9093170166015625,-1.2658829833984377
sub-538946903744,27.0,24.313966751098633,-2.686033248901367
sub-539211759402,24.0,23.308565139770508,-0.6914348602294922
sub-539327928394,19.0,19.882030487060547,0.8820304870605469
sub-539663876342,10.54246575,13.0421724319458,2.499706681945801
sub-539946177552,21.0,26.113571166992188,5.1135711669921875
sub-540417431290,18.0,17.52781105041504,-0.47218894958496094
sub-540478978405,23.0,22.501667022705078,-0.4983329772949219
sub-540543807336,19.0,21.673643112182617,2.673643112182617
sub-540712487602,21.0,20.845659255981445,-0.1543407440185547
sub-541303066659,19.0,19.988828659057617,0.9888286590576172
sub-541464924960,59.68514715947981,59.622833251953125,-0.06231390752668631
sub-541568909688,7.0,10.50478458404541,3.50478458404541
sub-541782998562,21.0,22.157663345336914,1.157663345336914
sub-541821932799,19.0,18.60337257385254,-0.39662742614746094
sub-542120424077,70.83641341546884,73.20502471923828,2.368611303769441
sub-542231428806,37.828884325804246,25.58937644958496,-12.239507876219285
sub-542257236175,21.0,23.255403518676758,2.255403518676758
sub-542398394549,24.0,23.56490707397461,-0.4350929260253906
sub-542761478680,11.01643836,7.674911975860596,-3.3415263841394047
sub-543380072448,20.0,20.763357162475586,0.7633571624755859
sub-543866398227,11.84383562,13.769038200378418,1.9252025803784178
sub-544128411470,74.98973305954826,63.298675537109375,-11.691057522438882
sub-544177506947,11.7892,14.802449226379395,3.0132492263793953
sub-544551531568,27.3238,23.104232788085938,-4.219567211914061
sub-544715833793,22.5,17.618497848510742,-4.881502151489258
sub-545189027962,20.0,21.19944190979004,1.199441909790039
sub-545343612156,23.0,22.165735244750977,-0.8342647552490234
sub-545397923902,21.0,20.06644058227539,-0.9335594177246094
sub-545455624714,14.8,18.291963577270508,3.491963577270507
sub-545465269376,24.0,43.76382827758789,19.76382827758789
sub-545766225869,72.5,59.873722076416016,-12.626277923583984
sub-546159793818,19.0,20.291566848754883,1.2915668487548828
sub-546222000389,24.569472963723477,36.611812591552734,12.042339627829257
sub-546466749045,20.0,24.813922882080078,4.813922882080078
sub-546875623860,21.0,22.250579833984375,1.250579833984375
sub-547139274284,19.0,20.421052932739258,1.4210529327392578
sub-547312228567,21.0,23.220151901245117,2.220151901245117
sub-547450106968,27.5,24.598310470581055,-2.9016895294189453
sub-547460968610,19.0,20.141357421875,1.141357421875
sub-548237648888,8.331506849,10.134248733520508,1.8027418845205077
sub-548299471837,23.0,21.38804817199707,-1.6119518280029297
sub-548382705939,14.25,11.642416000366211,-2.607583999633789
sub-548750637639,12.73,16.619335174560547,3.8893351745605464
sub-548760873320,19.0,21.001218795776367,2.001218795776367
sub-549448988509,9.0,13.749098777770996,4.749098777770996
sub-550373790770,26.57905544147844,31.302356719970703,4.7233012784922614
sub-550394965552,32.0,26.968175888061523,-5.031824111938477
sub-551457299823,12.70136986,14.227307319641113,1.5259374596411135
sub-551781438290,21.0,20.417673110961914,-0.5823268890380859
sub-551972724558,21.0,20.016048431396484,-0.9839515686035156
sub-552444560261,69.6892539356605,66.79529571533203,-2.8939582203284715
sub-552670227215,12.42739726,11.274770736694336,-1.1526265233056634
sub-553719287153,22.5,28.12257957458496,5.622579574584961
sub-553980195351,14.0,18.125200271606445,4.125200271606445
sub-554090328633,22.5,21.33472442626953,-1.1652755737304688
sub-554433867792,11.0,9.64207935333252,-1.3579206466674805
sub-554540369195,57.210130047912386,47.28496551513672,-9.925164532775668
sub-554894252350,19.0,20.1087589263916,1.1087589263916016
sub-555146543406,8.82739726,13.035571098327637,4.208173838327637
sub-555813233988,25.58521560574949,23.067384719848633,-2.5178308859008567
sub-556188520622,21.0,20.097936630249023,-0.9020633697509766
sub-556282864284,19.0,21.55173683166504,2.551736831665039
sub-557315657627,27.5,23.756023406982422,-3.743976593017578
sub-557485689083,18.0,21.92241096496582,3.9224109649658203
sub-557526146186,19.0,18.694944381713867,-0.3050556182861328
sub-557844531627,23.0,22.395296096801758,-0.6047039031982422
sub-558059595100,19.0,23.588909149169922,4.588909149169922
sub-558379537642,9.7,18.283597946166992,8.583597946166993
sub-558400453988,8.942465752999999,7.931282997131348,-1.011182755868651
sub-558541399225,21.0,18.70756721496582,-2.2924327850341797
sub-558593437333,18.0,26.33654022216797,8.336540222167969
sub-558604874300,32.16974674880219,34.942745208740234,2.7729984599380444
sub-558698688863,15.7,13.458009719848633,-2.2419902801513665
sub-558802533319,8.471232877,14.6065092086792,6.135276331679199
sub-558939022769,24.0,28.555652618408203,4.555652618408203
sub-558960275349,22.0,19.25667381286621,-2.743326187133789
sub-559597730211,23.0,20.28317642211914,-2.7168235778808594
sub-560549455828,27.5,21.844715118408203,-5.655284881591797
sub-560904425980,24.0,23.017492294311523,-0.9825077056884766
sub-561045643649,22.5,23.125646591186523,0.6256465911865234
sub-561139464018,69.0,67.61682891845703,-1.3831710815429688
sub-561225919354,22.5,26.532447814941406,4.032447814941406
sub-561366951241,21.0,21.12601661682129,0.12601661682128906
sub-561734337718,31.0,26.27691650390625,-4.72308349609375
sub-561752414596,46.0,23.71929931640625,-22.28070068359375
sub-561933935805,28.61327857631759,34.33976364135742,5.726485065039832
sub-562485434705,9.063,33.63380813598633,24.570808135986326
sub-562524748965,24.0,26.049644470214844,2.0496444702148438
sub-562839089454,42.5,31.696205139160156,-10.803794860839844
sub-562931531957,75.82751540041069,66.554443359375,-9.27307204103569
sub-563023335884,12.0,11.059880256652832,-0.940119743347168
sub-563291815565,19.0,20.68413734436035,1.6841373443603516
sub-563294691785,8.783561644,11.47756576538086,2.6940041213808588
sub-563981968175,19.0,21.105194091796875,2.105194091796875
sub-564557955687,79.0,66.1181411743164,-12.881858825683594
sub-564848221621,23.2909,25.984664916992188,2.693764916992187
sub-565025526070,21.0,21.17698860168457,0.1769886016845703
sub-565703410370,21.0,24.03449821472168,3.0344982147216797
sub-565741667065,15.1,17.14963722229004,2.0496372222900394
sub-565839592675,22.0,21.2144775390625,-0.7855224609375
sub-565908100162,12.4298,14.035966873168945,1.6061668731689451
sub-566100490218,20.0,22.17086410522461,2.1708641052246094
sub-566155888990,24.28473648186174,29.3931941986084,5.10845771674666
sub-566211969588,23.0,24.122859954833984,1.1228599548339844
sub-566226278120,22.5,25.50098419189453,3.0009841918945312
sub-566608301162,18.0,21.71175765991211,3.7117576599121094
sub-566869073328,9.632876712,9.6610746383667,0.028197926366699377
sub-567011290205,25.0,20.107812881469727,-4.892187118530273
sub-567035745011,10.50136986,8.806103706359863,-1.6952661536401372
sub-567138629151,24.6,21.738656997680664,-2.8613430023193374
sub-567753707774,21.0,24.6997013092041,3.6997013092041016
sub-568161091231,51.65776865160849,45.753780364990234,-5.903988286618258
sub-568610648241,14.0,18.21743392944336,4.217433929443359
sub-568873041221,23.0,21.470396041870117,-1.5296039581298828
sub-569532759972,64.26830937713895,59.361106872558594,-4.907202504580354
sub-570598617499,11.8109589,11.915624618530273,0.10466571853027418
sub-572336248338,22.5,23.05967140197754,0.5596714019775391
sub-572513296369,21.0,23.29257583618164,2.2925758361816406
sub-572517794446,20.0,21.39363670349121,1.393636703491211
sub-572747785752,11.76712329,16.023271560668945,4.256148270668945
sub-572750930282,21.0,21.717504501342773,0.7175045013427734
sub-573108584695,19.0,22.54655647277832,3.5465564727783203
sub-573338784763,12.58,18.247535705566406,5.667535705566406
sub-573830855349,21.0,25.213027954101562,4.2130279541015625
sub-574114738756,18.0,19.255979537963867,1.2559795379638672
sub-574140052026,36.0,34.4765510559082,-1.5234489440917969
sub-574160796443,21.0,21.49154281616211,0.4915428161621094
sub-574676182729,21.0,22.500656127929688,1.5006561279296875
sub-575234378047,22.0,24.44458770751953,2.4445877075195312
sub-575605093745,23.0,22.25717544555664,-0.7428245544433594
sub-576178414159,21.0,29.391033172607422,8.391033172607422
sub-576627281914,37.5,26.87018585205078,-10.629814147949219
sub-577293045337,20.0,21.5870304107666,1.5870304107666016
sub-578146676720,23.0,22.324016571044922,-0.6759834289550781
sub-578385109718,61.015742642026005,56.819801330566406,-4.195941311459599
sub-578842404933,24.0,14.279444694519043,-9.720555305480957
sub-578912543438,13.0,15.218509674072266,2.2185096740722656
sub-578915055891,21.0,20.341106414794922,-0.6588935852050781
sub-579120328387,12.51232877,15.609947204589844,3.097618434589844
sub-579327790838,22.0,20.995990753173828,-1.0040092468261719
sub-579548048094,10.60273973,9.813445091247559,-0.7892946387524411
sub-579899565725,21.0,21.442947387695312,0.4429473876953125
sub-579996063674,11.0,10.767380714416504,-0.2326192855834961
sub-580285657273,10.0,14.651996612548828,4.651996612548828
sub-580748616468,11.72876712,10.373213768005371,-1.3555533519946295
sub-581074279240,72.5,46.630069732666016,-25.869930267333984
sub-581150303156,21.0,20.821138381958008,-0.1788616180419922
sub-581313710290,7.66,10.933353424072266,3.2733534240722655
sub-582324789442,21.0,23.722402572631836,2.722402572631836
sub-582536446323,24.0,20.3104305267334,-3.6895694732666016
sub-582956839439,21.0,21.559856414794922,0.5598564147949219
sub-584071855973,18.0,23.026151657104492,5.026151657104492
sub-584112525911,23.0,21.2852725982666,-1.7147274017333984
sub-584133814549,21.0,24.04239845275879,3.042398452758789
sub-584305222833,22.5,21.819290161132812,-0.6807098388671875
sub-585134564411,31.0,28.878990173339844,-2.1210098266601562
sub-585178633428,23.0,20.06683921813965,-2.9331607818603516
sub-585840627036,19.0,21.99287223815918,2.9928722381591797
sub-585890839608,26.98425735797399,32.61366271972656,5.629405361752571
sub-586524106373,11.44657534,11.718217849731445,0.27164250973144455
sub-586887695836,8.821917808,6.853460311889648,-1.9684574961103518
sub-587009566043,21.0,22.30449676513672,1.3044967651367188
sub-587717071548,22.0,25.205896377563477,3.2058963775634766
sub-587734814736,18.0,19.099365234375,1.099365234375
sub-588017006762,21.0,21.799894332885742,0.7998943328857422
sub-588680393420,22.5,28.045827865600586,5.545827865600586
sub-589159090994,25.0,22.270463943481445,-2.7295360565185547
sub-590290455236,11.23013699,9.816834449768066,-1.4133025402319337
sub-590542611343,23.0,22.247825622558594,-0.7521743774414062
sub-591687985082,19.0,21.311912536621094,2.3119125366210938
sub-592239322410,19.0,21.8306884765625,2.8306884765625
sub-592480598244,19.0,20.42116928100586,1.4211692810058594
sub-592747222720,79.41409993155374,70.83969116210938,-8.57440876944436
sub-592933699184,23.0,24.642745971679688,1.6427459716796875
sub-593517093579,22.5,23.415512084960938,0.9155120849609375
sub-593650733821,27.0,22.365636825561523,-4.634363174438477
sub-593784360328,27.0,21.665048599243164,-5.334951400756836
sub-594451160548,21.0,32.52983093261719,11.529830932617188
sub-594656396715,29.0,31.510435104370117,2.510435104370117
sub-594745664942,16.0,20.008678436279297,4.008678436279297
sub-595338991165,21.0,20.520153045654297,-0.4798469543457031
sub-595372614006,24.6543,29.010622024536133,4.356322024536134
sub-595618580909,18.7,22.28167152404785,3.5816715240478523
sub-596066839689,23.0,27.462268829345703,4.462268829345703
sub-596190685497,15.2,20.78986930847168,5.58986930847168
sub-596439418214,59.14852840520192,47.064048767089844,-12.084479638112079
sub-596552068250,14.0,14.330208778381348,0.33020877838134766
sub-596630833773,21.0,21.42685890197754,0.42685890197753906
sub-596648006143,22.0,22.960617065429688,0.9606170654296875
sub-596962321361,9.375342466,14.913825035095215,5.5384825690952155
sub-597843888777,9.73,8.188597679138184,-1.5414023208618168
sub-598246474606,19.0,22.675382614135742,3.675382614135742
sub-599591857106,21.0,19.285730361938477,-1.7142696380615234
sub-599933244197,67.5,52.44197082519531,-15.058029174804688
sub-600098084610,21.0,20.592601776123047,-0.4073982238769531
sub-600265031153,18.0,19.719619750976562,1.7196197509765625
sub-600275574870,8.920547945,11.476420402526855,2.5558724575268563
sub-600444550688,22.5,20.655210494995117,-1.8447895050048828
sub-600488415104,25.0,21.191204071044922,-3.808795928955078
sub-600606462331,13.0,14.075723648071289,1.075723648071289
sub-600653104909,25.0,23.71268081665039,-1.2873191833496094
sub-601575314713,18.0,21.840015411376953,3.840015411376953
sub-602114713255,16.0,13.731151580810547,-2.268848419189453
sub-602900008789,29.27857631759069,33.969627380371094,4.691051062780403
sub-603015713565,10.0,9.055099487304688,-0.9449005126953125
sub-603274442678,21.0,22.568572998046875,1.568572998046875
sub-603550058118,21.0,19.822689056396484,-1.1773109436035156
sub-603637173781,21.0,21.085777282714844,0.08577728271484375
sub-604403915211,22.5,25.04204750061035,2.5420475006103516
sub-604494512599,10.08767123,12.081584930419922,1.993913700419922
sub-604727014440,15.25,29.57228660583496,14.322286605834961
sub-605330686646,19.0,18.63554573059082,-0.3644542694091797
sub-605373904061,23.0,20.365318298339844,-2.6346817016601562
sub-605870296030,18.0,24.684894561767578,6.684894561767578
sub-606047187144,18.0,20.107158660888672,2.107158660888672
sub-606245703129,19.0,21.495668411254883,2.495668411254883
sub-606417784213,26.0,28.426054000854492,2.426054000854492
sub-606527255214,22.0,21.0832576751709,-0.9167423248291016
sub-606619069147,14.2,16.747737884521484,2.547737884521485
sub-606946325458,27.5,26.223312377929688,-1.2766876220703125
sub-607709228236,19.0,20.66748809814453,1.6674880981445312
sub-607793324229,21.0,21.077117919921875,0.077117919921875
sub-607808523191,23.0,23.22974967956543,0.2297496795654297
sub-608227590536,18.0,24.63051414489746,6.630514144897461
sub-608679778524,19.0,20.426076889038086,1.426076889038086
sub-608690804111,23.0,20.811161041259766,-2.1888389587402344
sub-609017504616,19.0,20.444393157958984,1.4443931579589844
sub-609030289266,54.0,40.65269470214844,-13.347305297851562
sub-609062293978,48.25462012320329,45.35172653198242,-2.9028935912208667
sub-609656607957,48.07939767282682,46.406490325927734,-1.6729073468990876
sub-609892457500,13.75,17.7418212890625,3.9918212890625
sub-610209673140,21.0,22.51214599609375,1.51214599609375
sub-610293547167,21.0,22.176408767700195,1.1764087677001953
sub-610598919254,35.58,41.1053581237793,5.525358123779299
sub-611520063730,19.0,19.64366340637207,0.6436634063720703
sub-611990204992,21.0,23.08806610107422,2.0880661010742188
sub-612136152096,23.0,24.351116180419922,1.3511161804199219
sub-612159600570,19.0,20.935104370117188,1.9351043701171875
sub-612498412297,21.0,21.9947566986084,0.9947566986083984
sub-612699294349,38.0,36.483009338378906,-1.5169906616210938
sub-612846439329,23.0,23.141979217529297,0.14197921752929688
sub-612992669944,19.33,19.761985778808594,0.43198577880859546
sub-613224225766,9.9548,8.787575721740723,-1.1672242782592779
sub-613987073343,27.5,24.524959564208984,-2.9750404357910156
sub-614478580712,72.82683093771391,60.57347106933594,-12.25335986837797
sub-614655003675,27.0,24.038665771484375,-2.961334228515625
sub-614767601532,22.0,22.53833770751953,0.5383377075195312
sub-614986450038,27.5,20.51375389099121,-6.986246109008789
sub-615195654528,26.87748117727584,31.173112869262695,4.295631691986856
sub-615353760008,9.933,11.156635284423828,1.2236352844238283
sub-615418240534,23.0,24.288829803466797,1.2888298034667969
sub-615511318906,27.5,24.272804260253906,-3.2271957397460938
sub-615539517070,17.0,18.639650344848633,1.6396503448486328
sub-616304398458,21.0,22.10173225402832,1.1017322540283203
sub-616650002943,49.0,31.815170288085938,-17.184829711914062
sub-616981188326,15.0,12.465143203735352,-2.5348567962646484
sub-617184569359,23.0,28.28315544128418,5.28315544128418
sub-617228447780,21.0,22.18522071838379,1.185220718383789
sub-617548875008,32.5,26.80333709716797,-5.696662902832031
sub-617551838591,26.0,28.597492218017578,2.597492218017578
sub-617764434567,54.19301848049281,54.796504974365234,0.603486493872424
sub-617901292458,20.0,21.8565731048584,1.8565731048583984
sub-618287927693,13.0,18.827617645263672,5.827617645263672
sub-619041447551,13.86447639,12.753551483154297,-1.1109249068457032
sub-619456358765,29.0,23.43259620666504,-5.567403793334961
sub-619472236320,11.0,8.486748695373535,-2.513251304626465
sub-619489060193,19.0,20.013038635253906,1.0130386352539062
sub-619550922545,38.77344284736482,40.10832977294922,1.3348869255843994
sub-619614013878,40.0,35.44866180419922,-4.551338195800781
sub-619633240608,21.0,21.05381202697754,0.05381202697753906
sub-620208115958,19.0,20.684181213378906,1.6841812133789062
sub-620257630539,19.0,20.678911209106445,1.6789112091064453
sub-620369093938,10.7529,12.61478328704834,1.8618832870483395
sub-620984229042,44.88158795345654,47.59181594848633,2.71022799502979
sub-621736610839,10.69589041,8.528101921081543,-2.1677884889184575
sub-621749560707,21.0,21.501516342163086,0.5015163421630859
sub-622250944839,21.0,22.622404098510742,1.6224040985107422
sub-622381959459,19.0,19.169246673583984,0.16924667358398438
sub-622552266432,21.0,21.162752151489258,0.1627521514892578
sub-622843285408,21.0,20.159465789794922,-0.8405342102050781
sub-622888774016,19.0,21.264385223388672,2.264385223388672
sub-622939334251,8.983561644,15.20539665222168,6.22183500822168
sub-622953019079,41.752224503764545,43.95946502685547,2.207240523090924
sub-623405236906,21.0,25.4677791595459,4.467779159545898
sub-623833254305,67.5,43.756996154785156,-23.743003845214844
sub-624448003003,31.0,24.048946380615234,-6.951053619384766
sub-625380292482,19.0,21.277515411376953,2.277515411376953
sub-625883065867,20.0,21.89257049560547,1.8925704956054688
sub-625981000050,19.0,21.41075897216797,2.4107589721679688
sub-626188931445,17.0,16.566471099853516,-0.4335289001464844
sub-626212764612,14.0,13.638829231262207,-0.36117076873779297
sub-626261127584,59.88227241615331,58.10801696777344,-1.7742554483798756
sub-627005612106,19.0,37.12282180786133,18.122821807861328
sub-627471727969,66.90759753593429,59.585575103759766,-7.322022432174521
sub-627612378300,27.0,26.219552993774414,-0.7804470062255859
sub-628738898345,21.0,21.243925094604492,0.2439250946044922
sub-628789413034,21.0,21.02984619140625,0.02984619140625
sub-628893530541,9.189041096,8.77896785736084,-0.41007323863916056
sub-628907340229,22.0,26.799070358276367,4.799070358276367
sub-629066084898,21.0,21.607784271240234,0.6077842712402344
sub-630442925754,23.0,20.957304000854492,-2.042695999145508
sub-630551983437,59.83572895277207,55.672584533691406,-4.163144419080666
sub-631426044350,23.0,22.155014038085938,-0.8449859619140625
sub-631760081925,21.0,20.89480972290039,-0.10519027709960938
sub-632118830745,27.0,24.312990188598633,-2.687009811401367
sub-632446705337,19.0,20.953073501586914,1.953073501586914
sub-632509073360,11.55,9.124370574951172,-2.425629425048829
sub-633602514995,23.0,23.523618698120117,0.5236186981201172
sub-633708423748,21.0,19.54597282409668,-1.4540271759033203
sub-634456883025,24.0,19.784008026123047,-4.215991973876953
sub-634620596226,21.0,21.603464126586914,0.6034641265869141
sub-635354190905,21.0,21.07640266418457,0.07640266418457031
sub-635915234969,19.0,19.73814582824707,0.7381458282470703
sub-636129540020,24.0,21.409059524536133,-2.590940475463867
sub-636479953124,19.0,21.966182708740234,2.9661827087402344
sub-638598699448,19.0,19.20780372619629,0.20780372619628906
sub-638986001058,11.0,11.73133659362793,0.7313365936279297
sub-639397399359,13.0,13.22282600402832,0.2228260040283203
sub-639544814415,21.0,22.101024627685547,1.1010246276855469
sub-639549203110,20.9,14.739704132080078,-6.1602958679199205
sub-639706198725,19.0,21.980798721313477,2.9807987213134766
sub-639874239232,22.0,23.18675994873047,1.1867599487304688
sub-640225753017,11.0,13.03760814666748,2.0376081466674805
sub-640376430100,21.0,21.779373168945312,0.7793731689453125
sub-640474032496,19.0,21.387670516967773,2.3876705169677734
sub-640745291862,19.0,39.96981430053711,20.96981430053711
sub-640829640252,10.68767123,11.942693710327148,1.255022480327149
sub-640887142993,19.0,20.66417121887207,1.6641712188720703
sub-641082032277,31.37029431895961,43.53341293334961,12.163118614390001
sub-641201171998,9.61369863,10.985198974609375,1.371500344609375
sub-641352058645,19.0,21.20114517211914,2.2011451721191406
sub-641503012169,12.30410959,13.119999885559082,0.8158902955590825
sub-641778374478,23.0,24.299129486083984,1.2991294860839844
sub-641785343493,24.76386036960985,24.529462814331055,-0.2343975552787967
sub-641924756694,27.5,26.84213638305664,-0.6578636169433594
sub-642488241612,25.0,24.887596130371094,-0.11240386962890625
sub-642532666019,19.0,20.141904830932617,1.1419048309326172
sub-642736420938,21.0,20.209880828857422,-0.7901191711425781
sub-642915495773,25.0,21.674957275390625,-3.325042724609375
sub-643156878338,18.0,20.425189971923828,2.425189971923828
sub-643420326642,20.0,19.170249938964844,-0.8297500610351562
sub-643481278758,10.37260274,7.262294292449951,-3.1103084475500484
sub-644183180436,27.0,27.74927520751953,0.7492752075195312
sub-644560253408,22.601,19.377180099487305,-3.2238199005126944
sub-644732629191,19.0,22.447904586791992,3.447904586791992
sub-644777973300,27.5,24.838966369628906,-2.6610336303710938
sub-644890417557,21.0,21.37897491455078,0.37897491455078125
sub-644906648465,27.0,27.696874618530273,0.6968746185302734
sub-645057554740,21.0,20.932878494262695,-0.06712150573730469
sub-645692300786,21.0,21.926162719726562,0.9261627197265625
sub-645710982073,21.0,20.761171340942383,-0.2388286590576172
sub-645780261271,27.0,26.159961700439453,-0.8400382995605469
sub-645850258593,29.0,22.215118408203125,-6.784881591796875
sub-646068282127,19.0,21.558794021606445,2.5587940216064453
sub-646345876621,12.68,14.12141227722168,1.44141227722168
sub-646517610067,19.0,19.141965866088867,0.1419658660888672
sub-646744484684,20.16700889801506,33.630008697509766,13.462999799494707
sub-646866546911,19.0,20.80203628540039,1.8020362854003906
sub-647719670521,19.0,17.15236473083496,-1.847635269165039
sub-648086716299,37.6974674880219,48.41761016845703,10.720142680435131
sub-648249718476,11.76164384,9.349308013916016,-2.412335826083984
sub-648278856903,15.0,19.165529251098633,4.165529251098633
sub-648515033769,14.42,14.134232521057129,-0.285767478942871
sub-648576491590,23.0,21.815006256103516,-1.1849937438964844
sub-648813490696,21.0,19.380617141723633,-1.6193828582763672
sub-649823056480,24.342231348391515,31.056732177734375,6.71450082934286
sub-649973856258,21.0,21.170522689819336,0.17052268981933594
sub-650124359274,19.0,22.624523162841797,3.624523162841797
sub-650193008460,23.0,24.490917205810547,1.4909172058105469
sub-650286627379,12.0,10.853554725646973,-1.1464452743530273
sub-650323162497,13.95,14.314840316772461,0.36484031677246165
sub-651378609045,10.0,8.225872039794922,-1.7741279602050781
sub-651379322987,12.33,11.659782409667969,-0.6702175903320313
sub-651479451260,9.684931507,7.9718918800354,-1.7130396269645995
sub-651562292984,21.0,23.83616065979004,2.836160659790039
sub-652391251578,19.0,22.315635681152344,3.3156356811523438
sub-652746983023,20.0,20.043371200561523,0.04337120056152344
sub-653961973252,19.0,23.497196197509766,4.497196197509766
sub-654087624056,13.9,15.690483093261719,1.7904830932617184
sub-654400627499,60.0,36.009822845458984,-23.990177154541016
sub-654814550678,22.5,26.265655517578125,3.765655517578125
sub-655048546266,21.0,19.90231704711914,-1.0976829528808594
sub-655374246890,28.870636550308017,29.438880920410156,0.5682443701021391
sub-656950957845,24.0,25.801097869873047,1.8010978698730469
sub-656989737791,41.09514031485284,41.4344482421875,0.33930792733465864
sub-657153755669,31.0,32.43732833862305,1.4373283386230469
sub-657490657270,25.0,23.3687744140625,-1.6312255859375
sub-657704975547,18.0,19.480880737304688,1.4808807373046875
sub-658403838316,17.0,18.662355422973633,1.6623554229736328
sub-658732984981,27.5,26.956281661987305,-0.5437183380126953
sub-658776671303,17.83,21.09104347229004,3.2610434722900408
sub-659006086496,18.0,20.422889709472656,2.4228897094726562
sub-659008210173,22.5,24.44272232055664,1.9427223205566406
sub-659343191601,19.0,16.85456085205078,-2.1454391479492188
sub-659455743211,22.5,25.842880249023438,3.3428802490234375
sub-659518732450,22.5,25.527273178100586,3.027273178100586
sub-659879157552,19.0,21.545543670654297,2.545543670654297
sub-659885055931,22.0,21.45244598388672,-0.5475540161132812
sub-660642229990,19.0,21.41533660888672,2.4153366088867188
sub-660847550385,8.408219178,10.011420249938965,1.6032010719389653
sub-660910676815,20.0,24.903409957885742,4.903409957885742
sub-661066566833,13.0,18.91863441467285,5.918634414672852
sub-661217121523,21.0,19.82574462890625,-1.17425537109375
sub-661697346338,19.0,21.178367614746094,2.1783676147460938
sub-661825354690,30.069815195071868,33.156314849853516,3.0864996547816475
sub-662096726150,13.0,12.544269561767578,-0.4557304382324219
sub-663994701427,24.2611,21.22918701171875,-3.031912988281249
sub-664052311069,21.0,16.736642837524414,-4.263357162475586
sub-664063551695,31.46064339493498,30.557424545288086,-0.903218849646894
sub-664400075329,21.0,21.57855796813965,0.5785579681396484
sub-664760112772,56.939082819986325,51.88084030151367,-5.058242518472653
sub-664974219741,27.0,21.497129440307617,-5.502870559692383
sub-665112865981,19.0,20.084583282470703,1.0845832824707031
sub-665230680224,23.0,23.960350036621094,0.9603500366210938
sub-665303060615,19.0,23.17400550842285,4.174005508422852
sub-665358094819,19.0,20.949295043945312,1.9492950439453125
sub-665518598470,9.161,10.879556655883789,1.7185566558837895
sub-666278270179,21.0,23.72233772277832,2.7223377227783203
sub-666304483965,23.0,20.695457458496094,-2.3045425415039062
sub-666694788584,41.0,38.54823303222656,-2.4517669677734375
sub-667083244912,19.0,20.491798400878906,1.4917984008789062
sub-667267572569,66.33264887063655,52.821922302246094,-13.510726568390453
sub-667802455407,58.0,45.19709396362305,-12.802906036376953
sub-668199381050,18.0,16.07688331604004,-1.923116683959961
sub-668766205850,65.66735112936345,67.2833480834961,1.6159969541326404
sub-668780942457,29.0,21.781328201293945,-7.218671798706055
sub-669071917132,21.0,20.981338500976562,-0.0186614990234375
sub-669147517964,22.5,24.979354858398438,2.4793548583984375
sub-669502250517,21.0,24.92031478881836,3.9203147888183594
sub-669938223438,12.4,13.401204109191895,1.0012041091918942
sub-670439921796,21.0,24.694711685180664,3.694711685180664
sub-670440267086,21.0,20.97759246826172,-0.02240753173828125
sub-670914982191,17.6,19.112091064453125,1.5120910644531236
sub-670965706532,18.0,27.066734313964844,9.066734313964844
sub-671107640505,28.158795345653655,31.765811920166016,3.607016574512361
sub-671682598086,10.96,12.907430648803711,1.94743064880371
sub-671852511180,29.9685,23.181503295898438,-6.786996704101561
sub-671881150872,21.0,22.250988006591797,1.2509880065917969
sub-672056914948,83.45790554414785,63.379154205322266,-20.078751338825583
sub-672403936752,35.40588637919233,40.45620346069336,5.050317081501028
sub-672500627179,31.895961670088983,27.54404067993164,-4.351920990157343
sub-672514734200,12.3,10.9740571975708,-1.3259428024292
sub-672611254530,21.0,22.674360275268555,1.6743602752685547
sub-672666802566,19.0,22.25627326965332,3.2562732696533203
sub-672791368571,11.65753425,11.670138359069824,0.012604109069824787
sub-673092908902,11.0,16.68375587463379,5.683755874633789
sub-673884038980,27.326488706365502,30.12332534790039,2.796836641534888
sub-674146639032,19.0,22.451953887939453,3.451953887939453
sub-674149431427,25.0,20.256885528564453,-4.743114471435547
sub-674240758679,8.083333332999999,12.535303115844727,4.451969782844728
sub-674509869536,23.0,22.087120056152344,-0.9128799438476562
sub-674592363321,73.56331279945243,67.45529174804688,-6.108021051405558
sub-674684870917,21.0,22.340469360351562,1.3404693603515625
sub-674820667498,18.0,21.8699951171875,3.8699951171875
sub-675221521310,18.1383,20.112070083618164,1.973770083618163
sub-675459567756,21.0,26.499155044555664,5.499155044555664
sub-675837960607,37.5,24.852882385253906,-12.647117614746094
sub-675854313594,16.05,19.685409545898438,3.635409545898437
sub-676756169324,13.12,15.333168983459473,2.2131689834594734
sub-676763352592,61.15263518138261,57.789432525634766,-3.363202655747841
sub-677544915835,19.0,20.285419464111328,1.2854194641113281
sub-677684213717,21.0,21.38429069519043,0.3842906951904297
sub-677737173589,9.0,11.344375610351562,2.3443756103515625
sub-678520978380,49.04312114989733,41.06099319458008,-7.982127955317253
sub-678825690563,67.5,50.39199447631836,-17.10800552368164
sub-678999721414,27.5,23.36835289001465,-4.131647109985352
sub-679338528035,31.849418206707732,36.7943000793457,4.944881872637971
sub-679731921792,26.0,29.267074584960938,3.2670745849609375
sub-679762367696,46.22039698836414,44.13455581665039,-2.085841171713753
sub-679864071438,21.0,22.554872512817383,1.5548725128173828
sub-680302874420,13.36,15.014912605285645,1.654912605285645
sub-680339578873,50.902121834360024,47.535667419433594,-3.36645441492643
sub-680398942665,21.0,23.19146728515625,2.19146728515625
sub-680734042819,14.91,15.875983238220215,0.9659832382202147
sub-680757856739,22.5,25.10539436340332,2.6053943634033203
sub-680772685788,13.0,10.451436996459961,-2.548563003540039
sub-680990983274,28.0,22.75836181640625,-5.24163818359375
sub-681456690857,24.0,22.57887077331543,-1.4211292266845703
sub-682089304633,27.5,30.020883560180664,2.520883560180664
sub-682175285376,20.0,17.91352653503418,-2.0864734649658203
sub-682251382971,19.0,22.414886474609375,3.414886474609375
sub-682373025096,16.5,14.586282730102539,-1.913717269897461
sub-682540333780,19.0,23.195056915283203,4.195056915283203
sub-682565238858,21.0,21.47386932373047,0.47386932373046875
sub-683077578493,19.0,18.711332321166992,-0.2886676788330078
sub-683311152225,62.5,65.8179702758789,3.3179702758789062
sub-683939707752,63.81656399726214,48.39984893798828,-15.416715059273862
sub-683977145503,23.0,22.18918800354004,-0.8108119964599609
sub-684188028169,11.66849315,12.07711124420166,0.4086180942016604
sub-684466732098,21.0,21.48455238342285,0.48455238342285156
sub-685152998724,21.0,23.211807250976562,2.2118072509765625
sub-685299118745,18.0,17.958480834960938,-0.0415191650390625
sub-686082388541,30.0,23.344179153442383,-6.655820846557617
sub-686436805646,33.17,32.592655181884766,-0.5773448181152361
sub-686706639402,22.0,23.488826751708984,1.4888267517089844
sub-687363608821,10.80547945,10.764050483703613,-0.041428966296386704
sub-687730767942,23.0,19.821264266967773,-3.1787357330322266
sub-687870123935,21.0,23.08664321899414,2.0866432189941406
sub-687905632775,21.0,24.213342666625977,3.2133426666259766
sub-688318858034,19.0,20.582902908325195,1.5829029083251953
sub-688375758179,41.71937029431896,41.60371398925781,-0.11565630506115099
sub-688740919551,9.808219178,9.622491836547852,-0.1857273414521483
sub-689747547774,62.95961670088982,64.7108383178711,1.751221616981276
sub-690309517436,55.0,36.38159942626953,-18.61840057373047
sub-690700446552,19.0,19.80283546447754,0.8028354644775391
sub-690905328014,65.40999315537303,64.89224243164062,-0.517750723732405
sub-690939385110,25.0,25.43710708618164,0.4371070861816406
sub-691371386930,21.0,20.94279670715332,-0.05720329284667969
sub-691485115052,23.0,20.155088424682617,-2.844911575317383
sub-691759233511,19.0,21.23912239074707,2.2391223907470703
sub-691921149119,29.49760438056126,34.863975524902344,5.366371144341084
sub-692024859380,27.0,22.01632308959961,-4.983676910400391
sub-692150651594,22.5,25.61117172241211,3.1111717224121094
sub-693063068070,23.0,21.217485427856445,-1.7825145721435547
sub-693325060378,21.0,21.754255294799805,0.7542552947998047
sub-693382231073,29.0,24.479190826416016,-4.520809173583984
sub-693399183927,22.5,22.115097045898438,-0.3849029541015625
sub-693783915366,19.0,25.402692794799805,6.402692794799805
sub-693974688215,42.98973305954826,43.710968017578125,0.7212349580298678
sub-694112100550,22.41478439425052,26.82391357421875,4.409129179968229
sub-694127992242,17.6,19.797773361206055,2.1977733612060533
sub-694932022560,27.5,26.04999351501465,-1.4500064849853516
sub-695085570524,27.92,24.947246551513672,-2.97275344848633
sub-695242338127,21.0,22.46546173095703,1.4654617309570312
sub-695273924163,21.0,25.680845260620117,4.680845260620117
sub-695333487294,9.229295,13.306733131408691,4.077438131408691
sub-695426581946,21.0,21.79314613342285,0.7931461334228516
sub-696040052001,22.0,23.103904724121094,1.1039047241210938
sub-696273606035,26.0,26.763235092163086,0.7632350921630859
sub-696387902428,27.5,27.046470642089844,-0.45352935791015625
sub-696878407859,21.0,19.766185760498047,-1.2338142395019531
sub-697141427612,62.4558521560575,61.88201904296875,-0.5738331130887531
sub-697168059795,21.0,24.02699851989746,3.026998519897461
sub-697452970135,37.002053388090346,31.432870864868164,-5.569182523222182
sub-697511740663,49.38535249828885,56.08673095703125,6.701378458742397
sub-698477815272,21.0,20.818986892700195,-0.1810131072998047
sub-698490319297,29.0,22.478504180908203,-6.521495819091797
sub-698835635925,22.0479,20.52520751953125,-1.5226924804687485
sub-698839379175,9.0,12.955870628356934,3.9558706283569336
sub-698919527941,15.3,16.333938598632812,1.0339385986328118
sub-699269720091,61.0,39.693153381347656,-21.306846618652344
sub-699308493154,20.0,23.044841766357422,3.044841766357422
sub-699419348039,21.0,21.381481170654297,0.3814811706542969
sub-700193003380,29.0,29.5096378326416,0.5096378326416016
sub-700247842557,25.0,20.654834747314453,-4.345165252685547
sub-700501332403,21.0,21.142250061035156,0.14225006103515625
sub-700656025905,10.37260274,9.949333190917969,-0.42326954908203085
sub-700850861541,13.8,20.4166202545166,6.616620254516601
sub-700916661679,23.0,20.263587951660156,-2.7364120483398438
sub-701764432954,38.93771389459275,37.295738220214844,-1.6419756743779033
sub-701863915807,77.5,54.10896682739258,-23.391033172607422
sub-701904337000,40.36139630390144,42.454254150390625,2.0928578464891885
sub-702089918687,22.5,25.591758728027344,3.0917587280273438
sub-702445157950,19.0,20.763051986694336,1.763051986694336
sub-702490913073,19.0,20.949495315551758,1.9494953155517578
sub-702763965954,27.0,27.47610092163086,0.4761009216308594
sub-702869357469,63.09650924024641,66.72025299072266,3.623743750476244
sub-702874441281,72.5,64.26519775390625,-8.23480224609375
sub-703251898539,21.0,23.537458419799805,2.5374584197998047
sub-703811884563,19.0,19.821565628051758,0.8215656280517578
sub-703926084547,42.789869952087614,38.850006103515625,-3.9398638485719886
sub-704612841491,25.0,22.385189056396484,-2.6148109436035156
sub-704648129030,9.0,11.369163513183594,2.3691635131835938
sub-705041557672,58.568104038329906,52.26932144165039,-6.298782596679516
sub-705166047617,21.0,20.5280818939209,-0.47191810607910156
sub-705262524970,19.0,20.340991973876953,1.3409919738769531
sub-705347968085,33.138945927446954,31.571834564208984,-1.56711136323797
sub-705884941324,17.0,19.2136287689209,2.2136287689208984
sub-706711530535,20.0,19.79261016845703,-0.20738983154296875
sub-706713051754,21.0,21.45195770263672,0.45195770263671875
sub-707270874156,74.0,57.53861618041992,-16.461383819580078
sub-707724054383,62.0,36.35255432128906,-25.647445678710938
sub-707875583398,23.0,28.551353454589844,5.551353454589844
sub-707906391106,19.0,23.06069564819336,4.060695648193359
sub-707928232054,23.0,20.024158477783203,-2.975841522216797
sub-708325248310,18.0,21.9620418548584,3.9620418548583984
sub-708489424449,23.0,20.136077880859375,-2.863922119140625
sub-709113271534,21.0,26.537385940551758,5.537385940551758
sub-709336090516,21.0,20.632234573364258,-0.3677654266357422
sub-709379526999,53.407255304585895,63.47684860229492,10.069593297709027
sub-709709181957,8.87,6.405531406402588,-2.4644685935974113
sub-709739847071,27.3812,24.734975814819336,-2.646224185180664
sub-710310558743,21.0,21.599628448486328,0.5996284484863281
sub-710313763466,12.38,12.553414344787598,0.17341434478759687
sub-710627620309,11.0,16.789684295654297,5.789684295654297
sub-710653466581,62.5,41.0103645324707,-21.489635467529297
sub-710980622258,60.101300479123886,58.746280670166016,-1.35501980895787
sub-711287293064,21.0,22.973793029785156,1.9737930297851562
sub-711316088881,39.46611909650924,43.247161865234375,3.7810427687251362
sub-711460991328,25.0,23.41213607788086,-1.5878639221191406
sub-711702933403,6.0,9.424541473388672,3.424541473388672
sub-711810000233,52.30116358658453,46.971946716308594,-5.3292168702759355
sub-711825599373,22.0,35.215354919433594,13.215354919433594
sub-711880120870,19.0,18.96122932434082,-0.03877067565917969
sub-713067588921,23.0,23.580909729003906,0.5809097290039062
sub-713238312807,54.425735797399035,50.19815444946289,-4.227581347936145
sub-713258499606,86.19849418206707,69.22737884521484,-16.971115336852222
sub-714049164247,44.0,27.466428756713867,-16.533571243286133
sub-714133828625,29.0,26.057279586791992,-2.942720413208008
sub-714328515596,20.65,18.148313522338867,-2.5016864776611314
sub-714454703838,9.5202,15.55077075958252,6.030570759582519
sub-715170698474,27.0,23.135591506958008,-3.864408493041992
sub-715188657730,41.90280629705681,38.787567138671875,-3.115239158384938
sub-715391018569,59.471594798083494,57.922943115234375,-1.548651682849119
sub-715646324429,19.0,20.077919006347656,1.0779190063476562
sub-715730829823,46.0,35.959251403808594,-10.040748596191406
sub-716555194023,24.854209445585212,28.728750228881836,3.8745407832966237
sub-716652117874,72.5,67.75740051269531,-4.7425994873046875
sub-716969824239,23.0,20.98600959777832,-2.0139904022216797
sub-717096758205,20.0,19.433496475219727,-0.5665035247802734
sub-717241611030,11.2,16.408641815185547,5.208641815185548
sub-717383994201,27.0,22.207353591918945,-4.792646408081055
sub-717521415493,83.81108829568788,70.83148956298828,-12.9795987326996
sub-717749803047,23.0,23.05673599243164,0.056735992431640625
sub-717875401784,65.11430527036276,58.834075927734375,-6.280229342628388
sub-717904447748,7.0,10.362260818481445,3.3622608184814453
sub-717923170669,58.0,46.77091979980469,-11.229080200195312
sub-718994616498,22.0,36.825660705566406,14.825660705566406
sub-719305753553,29.0,30.941570281982422,1.9415702819824219
sub-719423973532,22.0,23.079349517822266,1.0793495178222656
sub-720232681928,19.0,23.23999786376953,4.239997863769531
sub-720493926180,8.594520548,8.661384582519531,0.06686403451953105
sub-720776154383,10.05479452,9.989651679992676,-0.06514284000732395
sub-722431421602,21.0,24.28268814086914,3.2826881408691406
sub-722687973057,19.0,25.69964027404785,6.699640274047852
sub-722712736840,23.0,23.925315856933594,0.9253158569335938
sub-723029434653,27.5,32.71989059448242,5.219890594482422
sub-723096670239,19.0,25.368915557861328,6.368915557861328
sub-723325961518,23.0,23.672012329101562,0.6720123291015625
sub-723403836764,21.0,21.714513778686523,0.7145137786865234
sub-723425355879,22.0,23.90196418762207,1.9019641876220703
sub-723719996349,23.0,20.959941864013672,-2.040058135986328
sub-723995805134,8.64109589,10.187043190002441,1.5459473000024406
sub-724285887201,21.0,21.667634963989258,0.6676349639892578
sub-724721518392,72.09034907597534,60.84283447265625,-11.24751460331909
sub-725415967620,19.0,18.141786575317383,-0.8582134246826172
sub-725586193692,23.0,23.33697509765625,0.33697509765625
sub-725785336385,82.18754277891856,73.3235855102539,-8.863957268664649
sub-725821040249,40.0,34.53744125366211,-5.462558746337891
sub-726037746493,19.0,22.53666114807129,3.536661148071289
sub-726357481279,25.0,20.849123001098633,-4.150876998901367
sub-726436684201,22.0,25.400455474853516,3.4004554748535156
sub-726447225950,9.97,12.114461898803711,2.1444618988037103
sub-726583561602,59.78370978781656,60.52478790283203,0.741078115015469
sub-726862226876,55.0,29.33732795715332,-25.66267204284668
sub-727848229209,21.0,23.766284942626953,2.766284942626953
sub-728001286523,22.5,24.041048049926758,1.5410480499267578
sub-728218320536,23.0,23.25834083557129,0.25834083557128906
sub-728882736260,25.0,21.432125091552734,-3.5678749084472656
sub-729003209199,8.139726027,11.759708404541016,3.6199823775410156
sub-729143650901,19.0,21.823101043701172,2.823101043701172
sub-730071150053,19.0,25.902822494506836,6.902822494506836
sub-730097934670,27.5,27.377239227294922,-0.12276077270507812
sub-730918684622,10.12328767,11.449278831481934,1.3259911614819337
sub-730972405484,19.0,21.38170623779297,2.3817062377929688
sub-731053537710,28.0,28.622314453125,0.622314453125
sub-731158961758,26.0,21.24432373046875,-4.75567626953125
sub-731383185695,12.3,15.502598762512207,3.2025987625122063
sub-731884047204,21.0,29.918315887451172,8.918315887451172
sub-732461942615,8.1,14.26417350769043,6.16417350769043
sub-732953690458,21.0,22.440296173095703,1.4402961730957031
sub-733521303257,19.0,25.0423583984375,6.0423583984375
sub-733532206179,21.0,21.00351333618164,0.003513336181640625
sub-733655780174,25.0,25.391841888427734,0.3918418884277344
sub-733766223690,11.0,12.017480850219727,1.0174808502197266
sub-733900295883,19.0,21.750934600830078,2.750934600830078
sub-734028308401,23.0,19.987144470214844,-3.0128555297851562
sub-734097348430,23.0,18.979745864868164,-4.020254135131836
sub-734237194162,24.0,23.150056838989258,-0.8499431610107422
sub-734267087534,19.0,19.484760284423828,0.4847602844238281
sub-734932297481,25.0,23.465913772583008,-1.5340862274169922
sub-736060141260,44.8514715947981,60.00885009765625,15.157378502858151
sub-736336902194,25.0,21.26829719543457,-3.7317028045654297
sub-737123719510,19.0,21.873432159423828,2.873432159423828
sub-737279775927,20.0,21.224651336669922,1.2246513366699219
sub-737612352942,16.0,20.42094612121582,4.42094612121582
sub-737772953793,63.67693360711843,53.6448974609375,-10.032036146180928
sub-737776786402,11.0,13.2147855758667,2.214785575866699
sub-738958020045,19.0,22.26622200012207,3.2662220001220703
sub-739307848909,17.0,20.120792388916016,3.1207923889160156
sub-739389914455,23.0,22.807783126831055,-0.1922168731689453
sub-739807799326,15.35,14.633875846862793,-0.7161241531372067
sub-740850556012,29.77960301163587,35.135799407958984,5.356196396323114
sub-741157514614,19.0,21.214218139648438,2.2142181396484375
sub-741359564210,67.69883641341546,54.68659591674805,-13.012240496667417
sub-741541005641,54.60917180013689,55.18732452392578,0.5781527237888895
sub-741636551928,38.0,22.19288444519043,-15.80711555480957
sub-741652187641,21.0,23.72515869140625,2.72515869140625
sub-741706908470,19.0,20.88962745666504,1.889627456665039
sub-742020470746,19.0,19.86092185974121,0.8609218597412109
sub-742191010883,43.0,26.488008499145508,-16.511991500854492
sub-742564189204,19.0,18.308855056762695,-0.6911449432373047
sub-742853610871,15.0,16.87185287475586,1.8718528747558594
sub-743352477595,27.5,27.334257125854492,-0.1657428741455078
sub-743455835231,37.0,41.8404541015625,4.8404541015625
sub-744141834517,46.71047227926078,41.88089370727539,-4.829578571985387
sub-744298999140,47.5,28.48494529724121,-19.01505470275879
sub-744423042424,13.8097,13.167045593261719,-0.6426544067382807
sub-744840336405,24.0,35.07538986206055,11.075389862060547
sub-745672226345,12.8,15.729596138000488,2.9295961380004876
sub-745755840633,18.0,17.478357315063477,-0.5216426849365234
sub-745767581086,8.854794521,11.645922660827637,2.791128139827636
sub-745910997827,21.0,20.894729614257812,-0.1052703857421875
sub-746032496734,32.5,29.168954849243164,-3.331045150756836
sub-746079690441,10.19726027,10.39937686920166,0.20211659920166092
sub-747049784071,19.0,26.147274017333984,7.147274017333984
sub-747532219636,53.53593429158111,42.13065719604492,-11.405277095536185
sub-747751581308,23.0,30.043882369995117,7.043882369995117
sub-748028963399,19.0,19.782947540283203,0.7829475402832031
sub-748953105656,9.734246575,11.768089294433594,2.0338427194335935
sub-749050549103,18.8008,18.318008422851562,-0.48279157714843635
sub-749242679952,60.41067761806981,60.373538970947266,-0.03713864712254633
sub-749312838847,8.17,13.168325424194336,4.998325424194336
sub-749715302318,21.0,20.713041305541992,-0.2869586944580078
sub-750015954760,27.0,24.285314559936523,-2.7146854400634766
sub-750186825284,19.0,20.102649688720703,1.1026496887207031
sub-750196886752,62.425735797399035,53.58538818359375,-8.840347613805285
sub-750206436120,25.0,24.729948043823242,-0.2700519561767578
sub-750507848849,9.750684932,14.064164161682129,4.3134792296821285
sub-750841455509,33.0,28.55779457092285,-4.442205429077148
sub-751188829255,21.0,21.039012908935547,0.039012908935546875
sub-751517719808,24.0,23.438478469848633,-0.5615215301513672
sub-751707093596,52.689938398357285,44.80160903930664,-7.888329359050644
sub-751985660700,19.0,18.26692008972168,-0.7330799102783203
sub-752296417260,19.0,25.105947494506836,6.105947494506836
sub-752442155878,19.0,21.684167861938477,2.6841678619384766
sub-752781093429,19.0,18.390350341796875,-0.609649658203125
sub-752827719198,20.0,20.496904373168945,0.4969043731689453
sub-752863684946,21.0,20.833683013916016,-0.16631698608398438
sub-753786847117,19.0,21.64623260498047,2.6462326049804688
sub-754051367234,23.0,22.682409286499023,-0.31759071350097656
sub-754065609304,27.0,27.330739974975586,0.33073997497558594
sub-754201155706,19.0,21.319551467895508,2.319551467895508
sub-754258049359,21.0,21.62954330444336,0.6295433044433594
sub-754454498342,22.0,25.078529357910156,3.0785293579101562
sub-754458206989,19.0,20.857826232910156,1.8578262329101562
sub-755143257543,18.2806,20.10926628112793,1.82866628112793
sub-755228432677,10.53,13.585162162780762,3.0551621627807624
sub-755625059611,8.851472,9.66563892364502,0.8141669236450202
sub-755838130322,19.0,20.246946334838867,1.2469463348388672
sub-756104556615,25.0,23.299030303955078,-1.7009696960449219
sub-757057096066,22.5,29.882221221923828,7.382221221923828
sub-757266037663,25.0,23.97820281982422,-1.0217971801757812
sub-757369811232,21.0,20.914527893066406,-0.08547210693359375
sub-757409269329,60.0,32.73458480834961,-27.26541519165039
sub-757931942373,23.0,22.609981536865234,-0.3900184631347656
sub-758007443326,21.0,23.36391830444336,2.3639183044433594
sub-758975121093,19.0,21.201906204223633,2.201906204223633
sub-758981695931,19.0,21.459705352783203,2.459705352783203
sub-759162668860,19.75,19.391870498657227,-0.35812950134277344
sub-760088018063,49.0,35.948429107666016,-13.051570892333984
sub-760422023808,23.0,23.419208526611328,0.4192085266113281
sub-760566903733,22.0,19.38514518737793,-2.6148548126220703
sub-760845068933,19.0,20.444900512695312,1.4449005126953125
sub-760927711967,19.0,19.959638595581055,0.9596385955810547
sub-761008927690,51.75359342915811,49.821800231933594,-1.9317931972245148
sub-761178177952,19.0,20.018491744995117,1.0184917449951172
sub-761342473396,21.0,24.263870239257812,3.2638702392578125
sub-761743611697,19.0,23.685077667236328,4.685077667236328
sub-761787072334,21.0,21.818042755126953,0.8180427551269531
sub-761933517719,19.0,24.198301315307617,5.198301315307617
sub-761933695478,40.03559206023272,38.65906524658203,-1.3765268136506918
sub-762070675429,62.0,43.35112762451172,-18.64887237548828
sub-762537788840,32.0,21.962257385253906,-10.037742614746094
sub-762833422997,79.0,63.29778289794922,-15.702217102050781
sub-763015005475,19.0,24.70227813720703,5.702278137207031
sub-763328690129,27.0,20.82610321044922,-6.173896789550781
sub-763770809315,19.0,19.5000057220459,0.5000057220458984
sub-764231879634,27.5,23.29459571838379,-4.205404281616211
sub-764593805284,26.0,25.67327117919922,-0.32672882080078125
sub-765217637922,23.0,20.606557846069336,-2.393442153930664
sub-765748207688,19.0,20.18991470336914,1.1899147033691406
sub-765759462999,19.0,22.545534133911133,3.545534133911133
sub-765816134328,9.578082192,13.48967170715332,3.91158951515332
sub-766124719459,32.5,22.62502670288086,-9.87497329711914
sub-766202082508,20.0,22.119535446166992,2.119535446166992
sub-766537706017,12.4,11.969881057739258,-0.43011894226074254
sub-766685974606,13.92,15.603647232055664,1.6836472320556641
sub-766767730847,9.97,17.33910369873047,7.369103698730468
sub-766890196426,22.0,24.45001792907715,2.4500179290771484
sub-766985344911,23.0,21.0566349029541,-1.9433650970458984
sub-767758047479,51.29089664613279,48.08894348144531,-3.201953164687481
sub-768287290520,70.1409993155373,69.84005737304688,-0.30094194249042516
sub-768568343560,20.0,24.511743545532227,4.511743545532227
sub-768580810599,23.0,21.405881881713867,-1.5941181182861328
sub-768654883244,9.034908,12.30591106414795,3.2710030641479495
sub-768852153668,32.5,29.98233985900879,-2.517660140991211
sub-769197912961,23.0,21.212909698486328,-1.7870903015136719
sub-769448459080,23.0,19.669748306274414,-3.330251693725586
sub-769671625319,15.0,18.63624382019043,3.6362438201904297
sub-769744298197,19.0,23.062057495117188,4.0620574951171875
sub-770198451893,25.0,21.334867477416992,-3.665132522583008
sub-770298145539,19.0,23.48309898376465,4.483098983764648
sub-770697219769,25.0,21.111427307128906,-3.8885726928710938
sub-770752645310,19.0,21.746641159057617,2.746641159057617
sub-771165526785,27.0,23.17206382751465,-3.8279361724853516
sub-771399282765,19.0,19.557327270507812,0.5573272705078125
sub-771512436978,16.8,17.35683822631836,0.5568382263183587
sub-772014211701,23.0,23.713542938232422,0.7135429382324219
sub-772118614430,59.00342231348392,53.525306701660156,-5.47811561182376
sub-772633785103,19.0,17.472681045532227,-1.5273189544677734
sub-772653333590,20.0,23.37856101989746,3.378561019897461
sub-772805471815,25.0,24.9381046295166,-0.06189537048339844
sub-774322633508,19.0,21.65988540649414,2.6598854064941406
sub-774375266270,22.5,32.923095703125,10.423095703125
sub-774740356265,53.670088980150574,57.93302917480469,4.262940194654114
sub-775173632081,21.0,21.87793731689453,0.8779373168945312
sub-775521066439,68.48186173853524,68.81879425048828,0.3369325119530373
sub-775584956556,8.854794521,13.564406394958496,4.709611873958496
sub-775700335060,12.0,12.27616024017334,0.27616024017333984
sub-775830586801,29.0,24.13595199584961,-4.864048004150391
sub-775870565890,13.21643836,16.454936981201172,3.238498621201172
sub-775940679010,23.0,20.364131927490234,-2.6358680725097656
sub-776152914559,24.002737850787128,24.449222564697266,0.446484713910138
sub-776201201249,23.0,19.301822662353516,-3.6981773376464844
sub-776489659954,72.5,71.26033782958984,-1.2396621704101562
sub-776519740044,19.0,21.661237716674805,2.6612377166748047
sub-776559088401,25.741273100616016,32.12556838989258,6.384295289276562
sub-777229560355,23.0,21.069602966308594,-1.9303970336914062
sub-777549072852,10.64,9.683963775634766,-0.9560362243652349
sub-777893483077,30.0,25.5643310546875,-4.4356689453125
sub-777922197558,20.928131416837783,26.308238983154297,5.380107566316514
sub-778029593360,21.0,21.470739364624023,0.47073936462402344
sub-778048043938,22.0,24.770658493041992,2.770658493041992
sub-778080071565,22.5,22.503787994384766,0.003787994384765625
sub-778816944846,23.0,23.792724609375,0.792724609375
sub-778826665322,19.0,20.07462501525879,1.074625015258789
sub-778852656136,21.0,21.846145629882812,0.8461456298828125
sub-779173736338,29.0,22.122495651245117,-6.877504348754883
sub-779514017707,19.0,19.349611282348633,0.3496112823486328
sub-779760142266,20.0,20.736196517944336,0.7361965179443359
sub-779882127370,19.0,19.61712646484375,0.61712646484375
sub-780065374239,20.0,18.69769287109375,-1.30230712890625
sub-780103882043,59.50992470910335,61.36482238769531,1.8548976785919606
sub-780180841050,9.0,8.8397798538208,-0.16022014617919922
sub-780786882991,19.0,21.62917137145996,2.629171371459961
sub-780945670746,32.75,22.56867218017578,-10.181327819824219
sub-781171966594,31.0,24.31675910949707,-6.68324089050293
sub-781236951487,23.0,21.27490234375,-1.72509765625
sub-781892887045,21.0,21.306507110595703,0.3065071105957031
sub-782020601813,21.0,21.275232315063477,0.27523231506347656
sub-782213755099,19.0,21.236221313476562,2.2362213134765625
sub-782327830408,19.0,22.810997009277344,3.8109970092773438
sub-782541652483,22.5,26.261016845703125,3.761016845703125
sub-782755729398,37.5,30.896190643310547,-6.603809356689453
sub-783542275031,21.0,21.134477615356445,0.1344776153564453
sub-783690359289,19.0,18.00834846496582,-0.9916515350341797
sub-783961028096,19.0,21.48234748840332,2.4823474884033203
sub-784538675800,19.0,21.004680633544922,2.004680633544922
sub-784744094165,21.0,21.289377212524414,0.28937721252441406
sub-784746686469,12.2546,13.935887336730957,1.681287336730957
sub-784844785371,19.0,20.231475830078125,1.231475830078125
sub-785101208040,60.0,63.3477897644043,3.347789764404297
sub-785605129869,19.0,21.246932983398438,2.2469329833984375
sub-786210585416,23.0,22.48659324645996,-0.5134067535400391
sub-786291754095,8.3313,9.362168312072754,1.0308683120727533
sub-786490511114,27.0,27.134572982788086,0.13457298278808594
sub-786594979854,6.0,9.206500053405762,3.2065000534057617
sub-787007356879,22.0,23.70052719116211,1.7005271911621094
sub-787199115410,62.5,45.57615280151367,-16.923847198486328
sub-787231969341,59.0,37.068538665771484,-21.931461334228516
sub-787417420604,23.0,23.36434555053711,0.3643455505371094
sub-787578957117,12.0,17.345048904418945,5.345048904418945
sub-787836264343,25.0,26.321046829223633,1.3210468292236328
sub-788150792132,22.0,24.940670013427734,2.9406700134277344
sub-788416388677,31.61670088980151,36.627437591552734,5.010736701751224
sub-788492862739,69.0,55.21113586425781,-13.788864135742188
sub-788524139489,25.0,24.49028778076172,-0.5097122192382812
sub-788968945004,26.0,20.492137908935547,-5.507862091064453
sub-789224424631,19.0,22.338438034057617,3.338438034057617
sub-789237283790,12.66027397,9.583097457885742,-3.0771765121142582
sub-789284069383,24.17522245037645,32.930908203125,8.755685752748551
sub-789333583005,35.0,29.921377182006836,-5.078622817993164
sub-789505181151,21.0,19.158794403076172,-1.8412055969238281
sub-790004250935,18.0,20.72661018371582,2.7266101837158203
sub-790241781136,72.59411362080766,55.523860931396484,-17.070252689411177
sub-790515405307,19.0,23.104225158691406,4.104225158691406
sub-790692389068,21.0,20.922636032104492,-0.07736396789550781
sub-790734373738,19.0,20.62813377380371,1.628133773803711
sub-790852388297,10.9,15.842202186584473,4.942202186584472
sub-790913183441,23.0,23.885557174682617,0.8855571746826172
sub-791237244812,24.0,21.478137969970703,-2.521862030029297
sub-791276074550,32.5,26.780927658081055,-5.719072341918945
sub-792038430709,21.0,22.70210075378418,1.7021007537841797
sub-792075286865,19.0,20.391700744628906,1.3917007446289062
sub-792504229121,17.0,18.93932342529297,1.9393234252929688
sub-793040141067,21.0,22.071611404418945,1.0716114044189453
sub-793173130184,19.0,22.08054542541504,3.080545425415039
sub-794588803641,9.301369863,13.491098403930664,4.189728540930664
sub-794734640420,23.0,26.7460880279541,3.7460880279541016
sub-794804660894,14.0,15.497809410095215,1.4978094100952148
sub-795002530881,23.0,24.831689834594727,1.8316898345947266
sub-795676218612,11.02465753,15.913256645202637,4.888599115202636
sub-795710895899,9.0,12.662020683288574,3.662020683288574
sub-795773669005,67.5,60.12711715698242,-7.372882843017578
sub-795872008215,21.0,23.456085205078125,2.456085205078125
sub-795999168691,37.0,38.58137893676758,1.5813789367675781
sub-796075391296,21.0,20.427959442138672,-0.5720405578613281
sub-796107983896,12.0,13.167136192321777,1.1671361923217773
sub-796344361436,21.0,25.402742385864258,4.402742385864258
sub-796461524642,19.0,20.51650619506836,1.5165061950683594
sub-797020001946,23.0,19.384355545043945,-3.6156444549560547
sub-797027765789,18.0,18.657024383544922,0.6570243835449219
sub-797715138957,21.0,22.882116317749023,1.8821163177490234
sub-797812763865,23.0,19.402061462402344,-3.5979385375976562
sub-798608728848,19.0,18.97955322265625,-0.02044677734375
sub-798649997254,21.0,22.343486785888672,1.3434867858886719
sub-798827199180,19.0,20.154464721679688,1.1544647216796875
sub-798868156113,11.9,15.27888298034668,3.3788829803466793
sub-799096182745,25.938398357289532,23.852436065673828,-2.0859622916157043
sub-799436047340,21.0,22.38762855529785,1.3876285552978516
sub-799740592794,22.0,20.99091911315918,-1.0090808868408203
sub-800311395021,19.0,21.44383430480957,2.4438343048095703
sub-800520411823,22.0,25.661096572875977,3.6610965728759766
sub-800961042105,19.0,20.575124740600586,1.575124740600586
sub-800984068342,25.0,20.831064224243164,-4.168935775756836
sub-801338861657,22.0,22.74193572998047,0.7419357299804688
sub-801361893773,19.0,19.21022605895996,0.21022605895996094
sub-801540568785,27.0,31.351322174072266,4.351322174072266
sub-801647502527,19.0,22.621410369873047,3.621410369873047
sub-801779602005,23.0,27.206180572509766,4.206180572509766
sub-802008837921,25.0,20.781614303588867,-4.218385696411133
sub-802325946883,21.0,24.706871032714844,3.7068710327148438
sub-802458837032,21.0,20.242773056030273,-0.7572269439697266
sub-802577239020,10.09041096,15.27302360534668,5.18261264534668
sub-803058753287,18.0,23.63637924194336,5.636379241943359
sub-803177652573,8.276523,12.05151653289795,3.77499353289795
sub-803554308913,22.0,25.586122512817383,3.586122512817383
sub-803660783259,39.38398357289528,31.757694244384766,-7.626289328510516
sub-804584597484,21.0,24.278343200683594,3.2783432006835938
sub-804603292659,41.05954825462013,42.52766799926758,1.4681197446474457
sub-804610978249,8.9363,18.469202041625977,9.532902041625977
sub-805310521997,9.44,11.401402473449707,1.9614024734497075
sub-805388577387,34.0,26.081241607666016,-7.918758392333984
sub-805727987150,45.37987679671458,40.262428283691406,-5.117448513023177
sub-805739682206,21.0,23.52118682861328,2.5211868286132812
sub-805806601715,18.0,22.682546615600586,4.682546615600586
sub-806223413897,23.0,21.5396728515625,-1.4603271484375
sub-806263558975,28.0,34.89665603637695,6.896656036376953
sub-806757429701,69.60985626283367,57.253013610839844,-12.35684265199383
sub-806984120210,57.5,49.67210006713867,-7.827899932861328
sub-806985265271,18.0,20.359947204589844,2.3599472045898438
sub-807155774087,19.0,20.790271759033203,1.7902717590332031
sub-807440222278,25.0,22.806453704833984,-2.1935462951660156
sub-807604407302,9.0,10.33426570892334,1.3342657089233398
sub-807851354224,19.0,21.1785945892334,2.1785945892333984
sub-808039124835,19.0,21.339967727661133,2.339967727661133
sub-808051274484,32.5,29.00457000732422,-3.4954299926757812
sub-808157587639,23.0,23.366382598876953,0.3663825988769531
sub-809063090399,48.0,31.7047176361084,-16.2952823638916
sub-809210264000,21.0,23.183223724365234,2.1832237243652344
sub-809505482452,19.0,21.077070236206055,2.0770702362060547
sub-809547720905,19.0,19.365036010742188,0.3650360107421875
sub-809580291106,30.0,23.2783145904541,-6.721685409545898
sub-809667175823,43.0,28.3891658782959,-14.610834121704102
sub-810607919990,22.0,20.15312385559082,-1.8468761444091797
sub-810772531079,22.5,24.62589454650879,2.125894546508789
sub-810826854275,19.0,21.43680191040039,2.4368019104003906
sub-811547022329,21.0,20.71819496154785,-0.28180503845214844
sub-811800470787,12.0,14.809462547302246,2.809462547302246
sub-812214146764,19.08,23.274520874023438,4.194520874023439
sub-812672057112,21.0,20.855375289916992,-0.1446247100830078
sub-812837651289,9.1068,13.811423301696777,4.704623301696778
sub-813575465955,22.0,27.078998565673828,5.078998565673828
sub-813637963361,23.0,21.71809196472168,-1.2819080352783203
sub-814384510207,21.0,18.62074851989746,-2.379251480102539
sub-814384578384,71.0,66.02264404296875,-4.97735595703125
sub-814718160007,24.0,24.684415817260742,0.6844158172607422
sub-815173026303,18.0,23.32481575012207,5.32481575012207
sub-815376101199,10.4668,11.607952117919922,1.1411521179199227
sub-815491283103,13.0,11.02206039428711,-1.9779396057128906
sub-815762978204,16.88,22.432279586791992,5.552279586791993
sub-815780161044,18.0,19.024751663208008,1.0247516632080078
sub-815980899157,10.80547945,9.291565895080566,-1.5139135549194336
sub-816072514616,47.014373716632434,44.1071891784668,-2.9071845381656374
sub-816361417384,21.0,20.327247619628906,-0.6727523803710938
sub-816794694787,19.0,22.68463897705078,3.6846389770507812
sub-817170359143,21.0,25.72071075439453,4.720710754394531
sub-817372801543,26.0,26.579668045043945,0.5796680450439453
sub-817638670886,8.75,10.84687614440918,2.0968761444091797
sub-817752088722,35.80561259411362,33.46137237548828,-2.3442402186253375
sub-818138400676,62.80355920602327,63.17253494262695,0.3689757366036801
sub-818648562062,9.167123288,11.389659881591797,2.222536593591796
sub-819058231563,50.65023956194389,41.55924606323242,-9.09099349871147
sub-819345651599,10.0,19.139463424682617,9.139463424682617
sub-819728345558,12.0,14.72995376586914,2.7299537658691406
sub-819765846714,12.66575342,14.223258018493652,1.5575045984936526
sub-819847023081,27.0,25.483211517333984,-1.5167884826660156
sub-820231231679,40.0,23.940893173217773,-16.059106826782227
sub-820918431463,21.0,21.251840591430664,0.25184059143066406
sub-822012913315,64.10403832991102,53.3664436340332,-10.737594695877817
sub-822496166954,49.40451745379877,56.188175201416016,6.783657747617248
sub-822667153127,60.895277207392205,60.80231475830078,-0.0929624490914236
sub-823056441215,23.0,21.34772491455078,-1.6522750854492188
sub-823314386412,23.0,21.586740493774414,-1.413259506225586
sub-823338568536,19.0,20.259370803833008,1.2593708038330078
sub-823640829061,30.0,26.794519424438477,-3.2054805755615234
sub-823805022711,55.23887748117728,62.47724533081055,7.2383678496332635
sub-824016129369,19.0,20.363828659057617,1.3638286590576172
sub-824231976656,29.114305270362767,33.58769226074219,4.473386990379421
sub-824258100265,19.0,20.899351119995117,1.8993511199951172
sub-824506674083,25.1854893908282,23.21283721923828,-1.9726521715899175
sub-825201030964,22.0,24.20916748046875,2.20916748046875
sub-825486549892,61.0,54.76421356201172,-6.235786437988281
sub-825991117035,42.220396988364136,48.936134338378906,6.71573735001477
sub-826102254940,23.0,21.45693588256836,-1.5430641174316406
sub-826451552289,21.0,22.485517501831055,1.4855175018310547
sub-826455898290,30.0,27.741737365722656,-2.2582626342773438
sub-826772137795,26.0,26.86227035522461,0.8622703552246094
sub-826893413413,20.0,21.831945419311523,1.8319454193115234
sub-827202849142,26.0,20.27203941345215,-5.727960586547852
sub-827210987847,10.25,11.868313789367676,1.6183137893676758
sub-827347252526,19.0,23.957509994506836,4.957509994506836
sub-827668818840,12.91,12.875636100769043,-0.03436389923095717
sub-828187678695,8.1,17.39508056640625,9.29508056640625
sub-828311225647,12.01,14.655436515808105,2.6454365158081057
sub-828779825670,21.0,23.92385482788086,2.9238548278808594
sub-828825650995,18.0,17.162019729614258,-0.8379802703857422
sub-828848864811,20.0,23.669240951538086,3.669240951538086
sub-829229264200,9.69,10.971363067626953,1.2813630676269536
sub-829279911985,19.0,18.162275314331055,-0.8377246856689453
sub-829286451165,46.36550308008214,52.132484436035156,5.766981355953014
sub-829944719647,27.0,23.41269302368164,-3.5873069763183594
sub-830297451917,23.0,22.896207809448242,-0.10379219055175781
sub-831004498487,10.5,14.264924049377441,3.7649240493774414
sub-831104295303,21.0,23.36372184753418,2.3637218475341797
sub-831420461855,18.0,22.997589111328125,4.997589111328125
sub-831498430235,21.0,27.0374755859375,6.0374755859375
sub-831623495535,18.0,22.487741470336914,4.487741470336914
sub-831631755294,14.9432,17.891639709472656,2.948439709472657
sub-831859007293,9.25,9.084348678588867,-0.1656513214111328
sub-832192965978,19.0,22.488130569458008,3.488130569458008
sub-832211824826,36.0,32.79864501953125,-3.20135498046875
sub-833405084335,24.0,21.16357421875,-2.83642578125
sub-833762581917,22.5,24.891897201538086,2.391897201538086
sub-833785451044,25.582477754962355,24.49201774597168,-1.090460008990675
sub-833933618360,68.0,69.86251068115234,1.8625106811523438
sub-834050217069,19.0,19.735836029052734,0.7358360290527344
sub-834265926310,21.0,21.323707580566406,0.32370758056640625
sub-834759665803,21.0,20.571245193481445,-0.4287548065185547
sub-834921406993,21.0,22.985029220581055,1.9850292205810547
sub-834928817578,63.41683778234086,58.12012481689453,-5.296712965446332
sub-835150699145,25.0,22.72802734375,-2.27197265625
sub-835540494601,23.0,22.19061279296875,-0.80938720703125
sub-835915863975,13.0,14.034907341003418,1.034907341003418
sub-836204819379,9.268493151,16.92243003845215,7.653936887452149
sub-836224924436,60.84052019164955,58.39687728881836,-2.4436429028311935
sub-836293495017,13.0,18.461034774780273,5.461034774780273
sub-836905304579,71.0,59.025665283203125,-11.974334716796875
sub-837107069292,18.2177,18.43048095703125,0.21278095703124933
sub-837165336315,21.0,24.807661056518555,3.8076610565185547
sub-837432293199,32.361396303901444,41.5060920715332,9.14469576763176
sub-837824233766,11.1697,17.28498649597168,6.115286495971679
sub-838089558550,35.0,23.09025001525879,-11.909749984741211
sub-838826556270,21.0,20.204113006591797,-0.7958869934082031
sub-839032642270,67.81930184804928,60.24538040161133,-7.57392144643795
sub-839253254886,19.0,20.71172332763672,1.7117233276367188
sub-839341084854,22.5,23.14710807800293,0.6471080780029297
sub-839452249071,60.5968514715948,50.63072204589844,-9.966129425696366
sub-839924034192,22.1793,21.390005111694336,-0.7892948883056654
sub-840506833125,29.004791238877484,30.515581130981445,1.5107898921039613
sub-840847898906,25.0,17.62403106689453,-7.375968933105469
sub-840924117029,21.0,23.591999053955078,2.591999053955078
sub-841148850958,47.0,30.168087005615234,-16.831912994384766
sub-841518676943,25.0,22.973793029785156,-2.0262069702148438
sub-842111262914,48.05201916495551,39.92549514770508,-8.126524017250432
sub-842259835992,27.5,21.724037170410156,-5.775962829589844
sub-842405684907,11.0,12.553247451782227,1.5532474517822266
sub-842437178908,10.0,13.344717979431152,3.3447179794311523
sub-842438804330,27.5975,20.535463333129883,-7.062036666870117
sub-842826176759,23.0,17.976245880126953,-5.023754119873047
sub-843302791192,80.1697467488022,67.88135528564453,-12.288391463157666
sub-843782950137,14.76,16.817169189453125,2.057169189453125
sub-844284773354,19.0,21.731046676635742,2.731046676635742
sub-844369335575,10.59726027,10.461410522460938,-0.1358497475390621
sub-844469283877,14.1,17.43937110900879,3.3393711090087894
sub-844502343291,23.0,21.161380767822266,-1.8386192321777344
sub-844668091281,23.0,19.114469528198242,-3.885530471801758
sub-844809889086,20.34,19.94386863708496,-0.3961313629150389
sub-845938829891,21.0,21.994937896728516,0.9949378967285156
sub-846136040386,24.0,23.191255569458008,-0.8087444305419922
sub-846161019971,22.0,23.667362213134766,1.6673622131347656
sub-846237231836,10.0,10.202319145202637,0.20231914520263672
sub-846809877368,55.16769336071184,58.282447814941406,3.114754454229569
sub-846911830744,12.25,13.665493965148926,1.4154939651489258
sub-847264219865,27.5,25.047883987426758,-2.452116012573242
sub-847649503818,21.0,19.779308319091797,-1.2206916809082031
sub-847858782530,66.85831622176592,64.1342544555664,-2.7240617661995117
sub-848303531880,74.02600958247777,58.17488479614258,-15.851124786335191
sub-848304365784,28.0,24.38194465637207,-3.6180553436279297
sub-848559622345,21.0,22.42182731628418,1.4218273162841797
sub-848863381663,13.78,14.30776309967041,0.5277630996704108
sub-848884705355,19.0,26.985519409179688,7.9855194091796875
sub-849064822186,27.0,22.503307342529297,-4.496692657470703
sub-849137971945,21.0,22.601747512817383,1.6017475128173828
sub-849159958030,19.0,20.06485939025879,1.064859390258789
sub-849439788219,19.0,19.3083553314209,0.30835533142089844
sub-849953102115,9.7,13.12971019744873,3.429710197448731
sub-850074786993,8.024657534,9.435896873474121,1.4112393394741218
sub-850736393225,21.0,20.689393997192383,-0.3106060028076172
sub-850844438672,23.0,20.721588134765625,-2.278411865234375
sub-851134973595,33.0,27.87109375,-5.12890625
sub-851444737023,15.5,10.25323486328125,-5.24676513671875
sub-851549490177,31.0,24.61420249938965,-6.385797500610352
sub-851847771111,33.763175906913084,29.224637985229492,-4.5385379216835915
sub-851966215203,22.5,21.865083694458008,-0.6349163055419922
sub-852119035315,29.0,25.215904235839844,-3.7840957641601562
sub-852627676676,60.9308692676249,52.06635665893555,-8.864512608689353
sub-852840866495,9.860273973,13.647541046142578,3.787267073142578
sub-853076739302,18.75,22.997703552246094,4.247703552246094
sub-853151028555,26.0,17.322772979736328,-8.677227020263672
sub-853205286014,27.0,25.870832443237305,-1.1291675567626953
sub-853317809055,21.0,24.918224334716797,3.918224334716797
sub-853829288453,14.86,18.609865188598633,3.7498651885986334
sub-854122998143,23.0,21.542112350463867,-1.4578876495361328
sub-854248757945,77.5,56.47975158691406,-21.020248413085938
sub-854351385010,21.0,27.68598175048828,6.685981750488281
sub-855367719661,13.0,14.641192436218262,1.6411924362182617
sub-855608929551,21.0,20.452993392944336,-0.5470066070556641
sub-855788658491,27.822039698836413,36.068199157714844,8.24615945887843
sub-855821008773,21.0,22.649791717529297,1.6497917175292969
sub-856532049659,9.79,13.822914123535156,4.032914123535157
sub-856562281896,19.0,20.643678665161133,1.6436786651611328
sub-857145788944,19.33,25.661643981933594,6.3316439819335955
sub-857482847130,16.0,13.883832931518555,-2.1161670684814453
sub-858287668746,25.0,18.558135986328125,-6.441864013671875
sub-858715801001,19.0,19.6126651763916,0.6126651763916016
sub-858765038570,19.0,21.194990158081055,2.1949901580810547
sub-858944435768,30.143737166324435,28.893346786499023,-1.2503903798254115
sub-859071508378,39.2526,25.296241760253906,-13.956358239746095
sub-859835440909,27.0,23.5299015045166,-3.4700984954833984
sub-860138007442,21.0,23.544818878173828,2.544818878173828
sub-860968728819,11.909,13.679810523986816,1.7708105239868157
sub-861145867214,18.9,16.842050552368164,-2.0579494476318345
sub-861531345127,19.0,22.342649459838867,3.342649459838867
sub-861783882992,10.119097,11.689582824707031,1.5704858247070312
sub-862294090540,13.65205479,15.150821685791016,1.4987668957910163
sub-862348505049,58.568104038329906,52.39463424682617,-6.173469791503734
sub-862351405786,21.0,26.35772132873535,5.357721328735352
sub-862537982546,49.919233401779614,46.631107330322266,-3.2881260714573486
sub-862728958301,23.0,20.27849006652832,-2.7215099334716797
sub-862933690787,21.0,20.49667739868164,-0.5033226013183594
sub-863158771926,9.032876712,7.905354022979736,-1.1275226890202639
sub-863700256831,19.0,22.50876808166504,3.508768081665039
sub-864075417113,24.0,32.45383071899414,8.45383071899414
sub-864390147957,27.5,24.76175880432129,-2.738241195678711
sub-864417281787,27.0,23.120311737060547,-3.879688262939453
sub-864521527320,27.5,23.634859085083008,-3.865140914916992
sub-865049849440,18.0,18.0455265045166,0.04552650451660156
sub-865130064686,23.0,21.24989891052246,-1.750101089477539
sub-865463279252,10.60821918,9.263704299926758,-1.344514880073243
sub-865831043042,12.36164384,12.949365615844727,0.5877217758447273
sub-865879829269,11.01917808,13.618285179138184,2.599107099138184
sub-866125125908,67.16221765913758,68.09487915039062,0.9326614912530431
sub-866415490846,16.0,22.04517936706543,6.04517936706543
sub-866498030343,23.948,29.228395462036133,5.280395462036132
sub-866659229411,71.0,67.66502380371094,-3.3349761962890625
sub-866713785429,62.5,45.3686637878418,-17.131336212158203
sub-866905041948,22.0,21.38944435119629,-0.6105556488037109
sub-866922267325,19.0,21.0504150390625,2.0504150390625
sub-867260065005,42.507871321013006,44.976661682128906,2.4687903611159
sub-867582298309,12.5777,10.176616668701172,-2.4010833312988282
sub-867701378046,20.0,20.40898323059082,0.4089832305908203
sub-868182247503,27.0,21.48689842224121,-5.513101577758789
sub-868370615460,13.6,19.977155685424805,6.377155685424805
sub-868388089302,19.0,21.94708251953125,2.94708251953125
sub-868866368860,72.5,71.61304473876953,-0.8869552612304688
sub-869287444915,22.5,23.874528884887695,1.3745288848876953
sub-869522707783,7.989049,11.466533660888672,3.4774846608886723
sub-869561056537,25.0,23.350746154785156,-1.6492538452148438
sub-869792866260,63.86858316221765,56.91584396362305,-6.9527391985946
sub-869807719337,23.0,23.881755828857422,0.8817558288574219
sub-870097433973,19.0,21.415897369384766,2.4158973693847656
sub-870309621562,11.16986301,12.082865715026855,0.9130027050268552
sub-870383451100,19.0,20.814830780029297,1.8148307800292969
sub-870394430007,27.0,26.437429428100586,-0.5625705718994141
sub-870400442875,17.9,19.07472038269043,1.174720382690431
sub-870653878584,34.43,30.835262298583984,-3.5947377014160153
sub-871014392779,23.0,21.318889617919922,-1.6811103820800781
sub-871062020088,21.0,21.320642471313477,0.32064247131347656
sub-871227205934,45.6974674880219,35.25971603393555,-10.437751454086353
sub-871327886768,19.8,17.9807071685791,-1.8192928314208991
sub-871665254271,19.0,18.178171157836914,-0.8218288421630859
sub-872219746706,26.0,24.401275634765625,-1.598724365234375
sub-872310189561,25.0,22.076862335205078,-2.923137664794922
sub-872499226250,35.071868583162214,45.027099609375,9.955231026212786
sub-872529642832,21.0,22.64954948425293,1.6495494842529297
sub-872890949648,23.0,23.307600021362305,0.3076000213623047
sub-873064193457,22.0,23.281036376953125,1.281036376953125
sub-873856873596,71.0,64.86346435546875,-6.13653564453125
sub-874881043824,21.0,22.302724838256836,1.302724838256836
sub-875390673251,27.5,36.78152084350586,9.28152084350586
sub-875887270246,14.66,15.21923828125,0.5592382812499999
sub-875946477747,18.0,17.56456184387207,-0.4354381561279297
sub-876065686543,14.25,20.6510066986084,6.401006698608398
sub-876168816548,14.0,19.405567169189453,5.405567169189453
sub-876267012411,19.0,21.816875457763672,2.816875457763672
sub-876413804784,9.136986301,9.029396057128906,-0.10759024387109406
sub-876583468696,24.0,23.638275146484375,-0.361724853515625
sub-877523533189,22.0,20.926986694335938,-1.0730133056640625
sub-877751571376,61.33607118412046,56.820316314697266,-4.515754869423198
sub-877769535521,19.06,19.057884216308594,-0.002115783691404971
sub-878102231037,13.82,7.6851091384887695,-6.134890861511231
sub-878124223907,24.0,20.806615829467773,-3.1933841705322266
sub-878299241368,21.0,21.831804275512695,0.8318042755126953
sub-878901535563,21.0,21.078689575195312,0.0786895751953125
sub-878981166880,25.0,21.606576919555664,-3.393423080444336
sub-880687234086,32.64339493497605,34.94022750854492,2.296832573568871
sub-880811779741,19.0,17.270492553710938,-1.7295074462890625
sub-880908935164,52.53114305270363,45.8758430480957,-6.655300004607923
sub-881158372238,19.0,21.97553062438965,2.9755306243896484
sub-881514656591,25.0,21.64527130126953,-3.3547286987304688
sub-881702885069,25.0,20.401227951049805,-4.598772048950195
sub-881950556152,14.0,15.403474807739258,1.4034748077392578
sub-881977543881,21.0,20.018760681152344,-0.9812393188476562
sub-882803056246,27.5,21.619272232055664,-5.880727767944336
sub-882865046935,21.0,21.75130844116211,0.7513084411621094
sub-883718570961,19.0,20.714374542236328,1.7143745422363281
sub-885298009427,67.5,56.86475372314453,-10.635246276855469
sub-886003620269,19.0,22.891132354736328,3.891132354736328
sub-886027172791,22.5,30.792850494384766,8.292850494384766
sub-886413354960,21.0,18.85109519958496,-2.148904800415039
sub-886636260175,21.0,23.550188064575195,2.5501880645751953
sub-887283177563,8.556164384,9.868813514709473,1.312649130709472
sub-887424714190,76.0,72.63558959960938,-3.364410400390625
sub-887530654767,25.0,25.633995056152344,0.6339950561523438
sub-887796798530,29.738535249828885,23.66963768005371,-6.068897569775174
sub-887907228454,21.0,21.062925338745117,0.06292533874511719
sub-888082536248,14.3,11.385350227355957,-2.9146497726440437
sub-888374824441,72.5,58.152549743652344,-14.347450256347656
sub-888390950359,35.02258726899384,27.589946746826172,-7.432640522167667
sub-889247652259,49.0,33.700809478759766,-15.299190521240234
sub-889475973950,21.0,19.72867202758789,-1.2713279724121094
sub-890264397859,60.073921971252574,54.92095947265625,-5.152962498596324
sub-890363771287,74.01232032854209,66.81829833984375,-7.1940219886983385
sub-890378597643,19.0,20.812284469604492,1.8122844696044922
sub-890440701443,9.575342466,11.36202621459961,1.786683748599609
sub-890707760272,19.0,21.228654861450195,2.2286548614501953
sub-890940320423,31.0,22.468746185302734,-8.531253814697266
sub-891012875278,21.0,22.661697387695312,1.6616973876953125
sub-891338570370,10.63013699,11.33740520477295,0.7072682147729488
sub-891609925981,13.0,11.258851051330566,-1.7411489486694336
sub-891619944015,19.0,21.33881950378418,2.3388195037841797
sub-891643843487,21.0,20.677217483520508,-0.3227825164794922
sub-891720291413,14.09,11.325189590454102,-2.7648104095458983
sub-892536614491,21.0,21.03474998474121,0.03474998474121094
sub-892593645708,6.0,19.64588165283203,13.645881652832031
sub-892946894485,18.0,16.080711364746094,-1.9192886352539062
sub-892980852230,21.0,21.860336303710938,0.8603363037109375
sub-893262325357,11.25,14.942731857299805,3.6927318572998047
sub-893805064891,28.0,23.607376098632812,-4.3926239013671875
sub-893818760027,8.2656,15.753216743469238,7.487616743469239
sub-894332605596,21.0,21.049877166748047,0.049877166748046875
sub-894511350563,46.0,34.664894104003906,-11.335105895996094
sub-894512709599,12.36,11.960461616516113,-0.39953838348388615
sub-894680676162,55.59753593429159,58.488197326660156,2.890661392368564
sub-895133658171,21.0,19.332727432250977,-1.6672725677490234
sub-895397981435,18.5517,17.790939331054688,-0.7607606689453128
sub-895750786932,28.0,24.201324462890625,-3.798675537109375
sub-896035160007,53.74948665297741,47.2121696472168,-6.537317005760613
sub-896261416622,23.0,21.813711166381836,-1.186288833618164
sub-896362723142,21.0,21.61646842956543,0.6164684295654297
sub-898016119281,19.0,21.77553367614746,2.775533676147461
sub-898717996826,11.83,9.349275588989258,-2.4807244110107423
sub-899087531809,10.43561644,9.655657768249512,-0.7799586717504887
sub-899095634562,21.0,21.251832962036133,0.2518329620361328
sub-899919102280,31.80835044490076,30.628978729248047,-1.1793717156527137
sub-900004567178,54.0,37.820552825927734,-16.179447174072266
sub-900102424486,21.0,22.000303268432617,1.0003032684326172
sub-900153837660,12.6,9.785038948059082,-2.8149610519409176
sub-900348386642,33.0,24.095069885253906,-8.904930114746094
sub-900503064848,23.0,22.45108413696289,-0.5489158630371094
sub-900669455649,23.0,21.406373977661133,-1.5936260223388672
sub-901004563315,23.0,26.06696319580078,3.0669631958007812
sub-901032588667,70.10540725530457,69.28433990478516,-0.8210673505194137
sub-901046779045,26.0,27.12735366821289,1.1273536682128906
sub-901077160766,66.01505817932923,61.53377151489258,-4.481286664436652
sub-901120068549,21.0,22.82105255126953,1.8210525512695312
sub-901679307794,22.5,21.992557525634766,-0.5074424743652344
sub-901853622053,24.0,29.256956100463867,5.256956100463867
sub-902497495837,19.0,27.797740936279297,8.797740936279297
sub-902598751321,21.0,24.16476058959961,3.1647605895996094
sub-902688287778,10.0,8.884687423706055,-1.1153125762939453
sub-903069823853,19.0,23.98458480834961,4.984584808349609
sub-903102643483,19.0,21.874786376953125,2.874786376953125
sub-903137810093,18.0,16.727468490600586,-1.272531509399414
sub-903309024146,60.97467488021904,53.83740997314453,-7.13726490707451
sub-904150571086,21.0,25.094806671142578,4.094806671142578
sub-904230068278,9.0,10.54891300201416,1.5489130020141602
sub-904298927510,29.0,24.169239044189453,-4.830760955810547
sub-904786156336,19.0,20.291852951049805,1.2918529510498047
sub-904963069377,19.0,23.113420486450195,4.113420486450195
sub-905468027051,19.0,20.612396240234375,1.612396240234375
sub-905521354661,16.66,17.179105758666992,0.519105758666992
sub-905655778274,19.0,21.553842544555664,2.553842544555664
sub-905823095507,19.7,20.301061630249023,0.6010616302490241
sub-906109401964,12.35342466,11.595595359802246,-0.7578293001977539
sub-906156735518,25.661875427789184,22.5393009185791,-3.1225745092100823
sub-906563060004,25.0,23.14812660217285,-1.8518733978271484
sub-906893775405,23.0,24.436630249023438,1.4366302490234375
sub-907154865800,21.0,26.850557327270508,5.850557327270508
sub-907173410181,19.0,21.734577178955078,2.734577178955078
sub-907846695925,32.0,29.06929588317871,-2.930704116821289
sub-907977518564,27.0,22.878501892089844,-4.121498107910156
sub-908407882813,19.0,19.457576751708984,0.4575767517089844
sub-908535648673,52.533880903490754,49.085330963134766,-3.4485499403559885
sub-908737113272,19.0,21.977689743041992,2.977689743041992
sub-909164871422,23.0,22.087953567504883,-0.9120464324951172
sub-910257374237,52.5,30.979612350463867,-21.520387649536133
sub-910309160908,27.5,23.208614349365234,-4.291385650634766
sub-910315280332,21.0,19.415794372558594,-1.5842056274414062
sub-911498902603,21.0,20.620546340942383,-0.3794536590576172
sub-911595640218,21.0,25.548782348632812,4.5487823486328125
sub-911803480648,19.0,17.713905334472656,-1.2860946655273438
sub-912008466536,17.2,20.13677406311035,2.9367740631103523
sub-912062086904,58.658453114305274,49.720062255859375,-8.9383908584459
sub-912195063185,11.45,10.251681327819824,-1.198318672180175
sub-912438054748,21.0,22.55191993713379,1.551919937133789
sub-912891258738,25.0,24.317792892456055,-0.6822071075439453
sub-913496053208,12.15,12.84332275390625,0.6933227539062496
sub-913530350055,23.0,25.00138282775879,2.001382827758789
sub-913628264858,73.53867214236823,69.2378921508789,-4.300779991489321
sub-914048964145,25.0,25.80972671508789,0.8097267150878906
sub-914173373482,23.0,20.985187530517578,-2.014812469482422
sub-914185919173,21.0,21.151660919189453,0.15166091918945312
sub-914210574111,22.5,29.274675369262695,6.774675369262695
sub-914484668303,27.5,23.36371612548828,-4.136283874511719
sub-914841201324,25.0,27.745759963989258,2.745759963989258
sub-915025691063,68.4845995893224,51.91389083862305,-16.570708750699353
sub-915468023299,11.2,15.18368911743164,3.9836891174316413
sub-915647446189,19.0,19.75030517578125,0.75030517578125
sub-915876060239,23.0,21.363239288330078,-1.6367607116699219
sub-916402602255,23.0,20.682310104370117,-2.317689895629883
sub-916525803970,29.0,24.124374389648438,-4.8756256103515625
sub-916542852934,27.5,24.18833351135254,-3.311666488647461
sub-917008309577,33.0,23.059703826904297,-9.940296173095703
sub-917433394750,21.0,20.90968132019043,-0.09031867980957031
sub-917435174544,22.0,18.721641540527344,-3.2783584594726562
sub-917600588024,69.0,67.1829833984375,-1.8170166015625
sub-917758363758,14.0,13.93224048614502,-0.06775951385498047
sub-917842166945,30.0,29.462444305419922,-0.5375556945800781
sub-917938246101,43.0,29.072202682495117,-13.927797317504883
sub-918148858049,12.16438356,10.251188278198242,-1.913195281801757
sub-918704529377,65.3305954825462,51.07060241699219,-14.259993065554013
sub-918881052509,8.67,15.053963661193848,6.383963661193848
sub-918944432928,27.5,27.444595336914062,-0.0554046630859375
sub-919028468459,13.25,16.053791046142578,2.803791046142578
sub-919231839233,21.0,22.188735961914062,1.1887359619140625
sub-919267100021,73.01574264202601,61.81562805175781,-11.2001145902682
sub-920272941764,29.0,40.578102111816406,11.578102111816406
sub-920482922866,19.0,22.63792610168457,3.6379261016845703
sub-920531713757,21.0,22.790401458740234,1.7904014587402344
sub-920810018627,22.5,24.110219955444336,1.610219955444336
sub-920988541453,27.5,24.315311431884766,-3.1846885681152344
sub-921444161224,21.0,21.474956512451172,0.4749565124511719
sub-921858841687,21.0,23.188438415527344,2.1884384155273438
sub-922289872992,19.0,21.79385757446289,2.7938575744628906
sub-922622292927,21.0,22.385595321655273,1.3855953216552734
sub-922751720998,18.0,21.65662384033203,3.6566238403320312
sub-922949023576,16.0,16.235998153686523,0.23599815368652344
sub-923062764742,27.5,23.71059799194336,-3.7894020080566406
sub-923406567679,13.0,17.507001876831055,4.507001876831055
sub-923642697698,19.0,21.18596076965332,2.1859607696533203
sub-924333698510,11.178,11.813531875610352,0.6355318756103507
sub-924511741709,64.0,52.03468704223633,-11.965312957763672
sub-924651987648,11.76438356,9.413908004760742,-2.3504755552392584
sub-924687982745,29.57426420260096,26.451526641845703,-3.122737560755258
sub-924828864147,12.5,15.768224716186523,3.2682247161865234
sub-924907998371,67.33196440793976,69.193359375,1.8613949670602352
sub-924996943078,18.0,23.484865188598633,5.484865188598633
sub-925037100804,21.0,25.250015258789062,4.2500152587890625
sub-925264389205,70.0,50.1806755065918,-19.819324493408203
sub-925503805331,25.0,20.800552368164062,-4.1994476318359375
sub-926186325110,21.0,23.660186767578125,2.660186767578125
sub-926492892497,67.4551676933607,55.553958892822266,-11.901208800538441
sub-926570528626,21.0,20.616615295410156,-0.38338470458984375
sub-926583949527,21.0,23.521671295166016,2.5216712951660156
sub-926868125478,16.0,14.802366256713867,-1.1976337432861328
sub-927248566385,19.0,17.8619384765625,-1.1380615234375
sub-927624489801,7.0,8.337574005126953,1.3375740051269531
sub-928156652019,8.2,7.960453510284424,-0.23954648971557546
sub-928379379406,19.0,20.389915466308594,1.3899154663085938
sub-928386832910,8.969863014,10.53320026397705,1.5633372499770513
sub-928674316476,21.0,23.36223030090332,2.3622303009033203
sub-929232257334,29.77138945927447,35.93355941772461,6.162169958450139
sub-929322786948,37.94934976043805,45.3475341796875,7.3981844192494535
sub-929374751111,22.0,22.43259048461914,0.4325904846191406
sub-929447174283,27.5,25.200305938720703,-2.299694061279297
sub-929587773359,23.0,25.11350440979004,2.113504409790039
sub-929666036859,19.0,21.653120040893555,2.6531200408935547
sub-930307385185,19.0,20.655363082885742,1.6553630828857422
sub-930665355870,58.76796714579056,59.48305130004883,0.7150841542582711
sub-930818807780,21.0,23.62407112121582,2.6240711212158203
sub-930887135237,12.0,12.39299201965332,0.3929920196533203
sub-931316549796,11.82191781,10.994763374328613,-0.8271544356713871
sub-931419407006,22.5,19.665435791015625,-2.834564208984375
sub-931522580771,21.0,18.53614616394043,-2.4638538360595703
sub-931524427617,27.5,21.501070022583008,-5.998929977416992
sub-931789686026,21.0,16.5679931640625,-4.4320068359375
sub-932328801110,27.0,21.62217140197754,-5.377828598022461
sub-932928363014,12.0,11.23110294342041,-0.7688970565795898
sub-932962485355,20.0,25.913677215576172,5.913677215576172
sub-933451667612,31.0,26.124942779541016,-4.875057220458984
sub-933669624404,24.8952772073922,30.649574279785156,5.754297072392955
sub-933794001889,21.0,21.680870056152344,0.6808700561523438
sub-934122562621,23.0,21.575889587402344,-1.4241104125976562
sub-934881118276,21.0,22.221954345703125,1.221954345703125
sub-934982332122,21.0,20.972196578979492,-0.027803421020507812
sub-935002971646,9.619178082,13.813233375549316,4.194055293549317
sub-935090080624,30.705,24.620346069335938,-6.084653930664061
sub-935183687348,19.0,21.41943359375,2.41943359375
sub-935317604703,21.0,21.443878173828125,0.443878173828125
sub-936672607215,19.0,22.936546325683594,3.9365463256835938
sub-936703241140,66.52703627652294,62.74420928955078,-3.782826986972154
sub-936900293798,21.0,23.816953659057617,2.816953659057617
sub-937301500163,21.0,22.711095809936523,1.7110958099365234
sub-937364217957,10.82465753,9.41921329498291,-1.4054442350170895
sub-937536731279,22.0,24.406206130981445,2.4062061309814453
sub-937872457728,21.0,37.664710998535156,16.664710998535156
sub-938380050399,23.0,24.91077995300293,1.9107799530029297
sub-938749379533,19.0,22.2902774810791,3.2902774810791016
sub-938896811577,10.26849315,10.292824745178223,0.024331595178223253
sub-938981109987,23.0,22.207548141479492,-0.7924518585205078
sub-939037999646,23.0,25.277189254760742,2.277189254760742
sub-939381022830,19.0,21.127300262451172,2.127300262451172
sub-939635291034,21.0,21.754243850708008,0.7542438507080078
sub-939702092734,19.0,21.72335433959961,2.7233543395996094
sub-939910199671,34.0,23.853456497192383,-10.146543502807617
sub-940212166039,21.0,23.472736358642578,2.472736358642578
sub-940263536733,24.26,25.367786407470703,1.1077864074707016
sub-940869963183,19.0,19.676536560058594,0.6765365600585938
sub-940873808553,24.14236824093087,27.334806442260742,3.192438201329871
sub-940884975885,19.0,23.281391143798828,4.281391143798828
sub-942090196392,21.0,22.856767654418945,1.8567676544189453
sub-942097864031,22.647501711156742,22.627717971801758,-0.019783739354984675
sub-942337019356,23.0,25.989686965942383,2.989686965942383
sub-942553576158,27.0,21.59813690185547,-5.401863098144531
sub-943000203930,22.0,25.158166885375977,3.1581668853759766
sub-943181440809,16.6,20.75107765197754,4.151077651977538
sub-943359697274,9.471232877,9.440620422363281,-0.030612454636719022
sub-943639486886,72.30663928815879,58.885475158691406,-13.421164129467385
sub-944068231803,18.0,18.319232940673828,0.3192329406738281
sub-944780637236,22.5,23.974178314208984,1.4741783142089844
sub-944831654822,25.0,23.5787353515625,-1.4212646484375
sub-945354197992,13.0,17.884119033813477,4.884119033813477
sub-945685896914,18.3,25.49562644958496,7.19562644958496
sub-946000351967,19.0,20.29511833190918,1.2951183319091797
sub-946082716347,15.0,18.463016510009766,3.4630165100097656
sub-947029891941,25.0,22.093914031982422,-2.906085968017578
sub-947048943658,22.5,25.020788192749023,2.5207881927490234
sub-947217988145,10.6927,8.688253402709961,-2.0044465972900394
sub-947434480702,19.0,18.138710021972656,-0.8612899780273438
sub-947530831842,25.0,23.950963973999023,-1.0490360260009766
sub-947688278769,9.117808219,11.696266174316406,2.5784579553164058
sub-947714204613,52.12867898699521,52.619102478027344,0.4904234910321321
sub-948024242025,21.0,27.114412307739258,6.114412307739258
sub-948053748378,25.0,24.438474655151367,-0.5615253448486328
sub-948173892357,22.5,21.266368865966797,-1.2336311340332031
sub-948196399366,10.92,14.36695671081543,3.4469567108154298
sub-948402139122,21.0,20.29248046875,-0.70751953125
sub-949217685462,22.5,29.779281616210938,7.2792816162109375
sub-949281546209,10.64,11.707620620727539,1.0676206207275385
sub-949327608209,21.0,21.167869567871094,0.16786956787109375
sub-949681988886,13.5,19.002784729003906,5.502784729003906
sub-949804034624,23.0,22.322019577026367,-0.6779804229736328
sub-950287307481,8.0,12.098346710205078,4.098346710205078
sub-950542329934,21.0,21.867382049560547,0.8673820495605469
sub-951010277782,26.0,21.763145446777344,-4.236854553222656
sub-951202505969,23.53730321697468,23.057964324951172,-0.47933889202350954
sub-951213761774,22.0,23.794652938842773,1.7946529388427734
sub-951339198782,12.5257,12.490976333618164,-0.03472366638183644
sub-951545085553,28.5613,26.91648292541504,-1.6448170745849602
sub-952300611928,22.52,24.714509963989258,2.1945099639892582
sub-952405077290,19.0,23.49236297607422,4.492362976074219
sub-952477762961,21.0,22.504981994628906,1.5049819946289062
sub-952655976849,11.85,14.934565544128418,3.0845655441284183
sub-952776637852,19.0,22.22640037536621,3.226400375366211
sub-953022551113,25.0,24.723249435424805,-0.2767505645751953
sub-953314118927,21.0,21.995481491088867,0.9954814910888672
sub-953400604911,9.208219178,11.90535831451416,2.69713913651416
sub-953496715521,9.41,13.794085502624512,4.384085502624512
sub-953700135343,20.0,20.37803840637207,0.3780384063720703
sub-953824010639,7.1293630000000014,7.934937000274658,0.8055740002746568
sub-954220905647,29.81793292265571,45.220489501953125,15.402556579297414
sub-954430934773,19.0,17.889583587646484,-1.1104164123535156
sub-954625005461,12.74246575,17.297931671142578,4.555465921142579
sub-954752152568,19.0,21.638851165771484,2.6388511657714844
sub-954946498969,75.6331279945243,71.86365509033203,-3.76947290419227
sub-955099440993,19.0,20.990985870361328,1.9909858703613281
sub-955777977378,64.57768651608487,67.94441986083984,3.3667333447549765
sub-955861473301,69.0,43.827274322509766,-25.172725677490234
sub-956075512385,21.0,22.53929901123047,1.5392990112304688
sub-957634463134,26.0,29.209321975708008,3.209321975708008
sub-958050974251,21.0,20.77833366394043,-0.2216663360595703
sub-958265595037,11.21643836,8.49634075164795,-2.7200976083520505
sub-958464456805,55.65503080082137,56.37077713012695,0.7157463293055812
sub-958916458255,11.4962,12.371524810791016,0.8753248107910157
sub-959069242210,22.0,23.492395401000977,1.4923954010009766
sub-959189618055,19.83,22.195043563842773,2.365043563842775
sub-959696927213,58.36824093086928,56.284854888916016,-2.0833860419532613
sub-960401383220,23.0,19.38092803955078,-3.6190719604492188
sub-960513601275,11.09041096,10.718955039978027,-0.3714559200219725
sub-960700816342,28.0,25.812183380126953,-2.187816619873047
sub-960931863944,47.72347707049966,55.610294342041016,7.886817271541354
sub-961483413696,8.153319999999999,12.137351036071777,3.9840310360717783
sub-961825214664,25.0,22.159894943237305,-2.8401050567626953
sub-962058833465,12.0,20.24948501586914,8.24948501586914
sub-962095900736,31.0,23.25444984436035,-7.745550155639648
sub-962108996665,8.333333332999999,11.64416790008545,3.3108345670854504
sub-962854214097,27.0,18.69097137451172,-8.309028625488281
sub-963133661163,17.0,18.68839454650879,1.688394546508789
sub-963376929670,13.46,16.32218360900879,2.862183609008788
sub-963802934589,19.0,21.271530151367188,2.2715301513671875
sub-963831379087,19.0,18.6258544921875,-0.3741455078125
sub-964214262654,21.0,20.751962661743164,-0.24803733825683594
sub-964531986227,57.86447638603696,50.636863708496094,-7.2276126775408684
sub-964642400113,20.0,22.51043701171875,2.51043701171875
sub-965710943519,27.5,24.733083724975586,-2.766916275024414
sub-966603052384,64.66255989048598,60.48710250854492,-4.175457381941058
sub-966847586845,19.0,24.7894344329834,5.789434432983398
sub-967034372580,9.887671233,10.028491973876953,0.1408207408769524
sub-967482205242,14.0,20.88292694091797,6.882926940917969
sub-967739637280,15.0,17.48196792602539,2.4819679260253906
sub-967803211352,68.60232717316906,62.77439880371094,-5.827928369458121
sub-968205067686,10.0,16.94905662536621,6.949056625366211
sub-968573886024,19.0,20.08041763305664,1.0804176330566406
sub-968674783031,27.5,22.963865280151367,-4.536134719848633
sub-969623446939,19.0,19.5505428314209,0.5505428314208984
sub-969765470206,18.0,17.414026260375977,-0.5859737396240234
sub-969931025667,15.0,17.469039916992188,2.4690399169921875
sub-970497665874,21.0,21.65713119506836,0.6571311950683594
sub-970724365551,19.0,21.257965087890625,2.257965087890625
sub-970917164596,25.0,21.95575523376465,-3.0442447662353516
sub-971324477087,21.0,25.24922752380371,4.249227523803711
sub-971873286741,31.0,22.815515518188477,-8.184484481811523
sub-972488849948,27.0,24.33669090270996,-2.663309097290039
sub-972559314245,27.0,24.116039276123047,-2.883960723876953
sub-972635191339,13.78,12.145039558410645,-1.6349604415893548
sub-972640558751,19.0,23.641286849975586,4.641286849975586
sub-972664409918,27.0,24.98308753967285,-2.0169124603271484
sub-973056160459,10.556,11.345392227172852,0.7893922271728524
sub-973270677867,19.0,20.978239059448242,1.9782390594482422
sub-973295701579,19.0,20.934978485107422,1.9349784851074219
sub-973488879665,19.0,20.760913848876953,1.7609138488769531
sub-973607125517,8.063013698999999,9.44076156616211,1.3777478671621104
sub-973735615773,19.0,21.504867553710938,2.5048675537109375
sub-973781454136,19.0,21.86505699157715,2.8650569915771484
sub-974114228993,19.0,18.35179901123047,-0.6482009887695312
sub-974405616418,41.94934976043805,43.54961395263672,1.6002641921986722
sub-974416298113,33.0,23.354278564453125,-9.645721435546875
sub-974659202683,14.0,14.883124351501465,0.8831243515014648
sub-974877812246,21.0,21.56930923461914,0.5693092346191406
sub-975176498961,21.0,20.06778907775879,-0.9322109222412109
sub-975454592840,20.0,39.572696685791016,19.572696685791016
sub-975567474439,10.99,10.336268424987793,-0.6537315750122072
sub-975770121455,8.2,10.646522521972656,2.446522521972657
sub-975829508513,21.0,22.576507568359375,1.576507568359375
sub-976127076696,70.71047227926078,57.09709548950195,-13.613376789758831
sub-976139172060,21.0,22.927392959594727,1.9273929595947266
sub-976182490642,33.53,22.280179977416992,-11.249820022583009
sub-976250033322,21.0,19.760480880737305,-1.2395191192626953
sub-976906636902,22.5,25.2410888671875,2.7410888671875
sub-976941323987,21.0,20.157556533813477,-0.8424434661865234
sub-977410937885,19.0,21.942251205444336,2.942251205444336
sub-977560143527,11.75890411,11.920687675476074,0.16178356547607464
sub-978611220179,21.0,22.106481552124023,1.1064815521240234
sub-978703528815,33.0,24.116567611694336,-8.883432388305664
sub-978719853586,36.70636550308008,29.26865577697754,-7.43770972610254
sub-978760006475,13.77,14.649633407592773,0.8796334075927739
sub-979328387432,12.4,15.701553344726562,3.301553344726562
sub-979395608934,23.0,19.201711654663086,-3.798288345336914
sub-979591660457,19.0,19.639883041381836,0.6398830413818359
sub-980881834392,8.060273973,8.153267860412598,0.0929938874125984
sub-980931195450,19.0,22.468618392944336,3.468618392944336
sub-981286493399,23.0,21.38088607788086,-1.6191139221191406
sub-981966417728,29.85,33.036041259765625,3.1860412597656236
sub-983172589376,11.72876712,10.851686477661133,-0.8770806423388677
sub-983287078347,15.74,13.302512168884277,-2.437487831115723
sub-983539557734,19.0,23.569499969482422,4.569499969482422
sub-984146928463,60.895277207392205,62.354698181152344,1.459420973760139
sub-984212089358,21.0,19.47458267211914,-1.5254173278808594
sub-984786358175,57.702943189596176,51.37307357788086,-6.329869611715317
sub-985491199225,18.0,23.80428695678711,5.804286956787109
sub-985675086687,9.270362765,12.011833190917969,2.741470425917969
sub-986168019499,23.0,21.29828453063965,-1.7017154693603516
sub-986189704225,72.3504449007529,62.273677825927734,-10.07676707482517
sub-986532015071,21.0,22.040023803710938,1.0400238037109375
sub-986553319740,29.0,29.004024505615234,0.004024505615234375
sub-986598837703,21.0,22.012636184692383,1.0126361846923828
sub-986662453858,22.5,22.5744686126709,0.07446861267089844
sub-987076720776,12.77,14.2094144821167,1.4394144821166996
sub-987183158187,21.0,21.447769165039062,0.4477691650390625
sub-987405498938,14.0,17.9488582611084,3.9488582611083984
sub-987675138457,18.0,17.17018699645996,-0.8298130035400391
sub-987725617016,24.0,29.7235050201416,5.723505020141602
sub-987863853354,72.5,47.91855239868164,-24.58144760131836
sub-987949390718,25.0,22.20305061340332,-2.7969493865966797
sub-988151025685,29.09240246406571,30.789779663085938,1.6973771990202273
sub-988202444857,24.0,25.512943267822266,1.5129432678222656
sub-988766407304,22.0,20.922595977783203,-1.0774040222167969
sub-988922689261,39.0,25.97696876525879,-13.023031234741211
sub-989118728356,25.0,21.69939422607422,-3.3006057739257812
sub-989364744933,63.54004106776181,62.27642822265625,-1.2636128451055626
sub-989482280855,19.0,23.676239013671875,4.676239013671875
sub-989610403127,58.71594798083505,42.21274185180664,-16.503206129028406
sub-989703928298,10.8,15.03833293914795,4.2383329391479485
sub-989894994426,25.0,23.647541046142578,-1.3524589538574219
sub-990401935145,51.65776865160849,49.12703323364258,-2.5307354179659143
sub-990930608075,54.19301848049281,47.10942840576172,-7.083590074731092
sub-990935060181,27.5,30.74734878540039,3.2473487854003906
sub-991826633582,24.0,23.064647674560547,-0.9353523254394531
sub-992514956211,15.0,18.48113250732422,3.4811325073242188
sub-992555534948,20.213552361396307,22.174772262573242,1.9612199011769356
sub-992659217265,26.0,24.48270606994629,-1.517293930053711
sub-992939872393,24.0,34.1685905456543,10.168590545654297
sub-993601032415,68.85147159479808,49.851348876953125,-19.00012271784496
sub-993886391753,60.016427104722794,65.50130462646484,5.48487752174205
sub-994089426413,27.9,27.827211380004883,-0.07278861999511577
sub-994359308124,21.0,22.237606048583984,1.2376060485839844
sub-994631602724,10.84,8.288100242614746,-2.5518997573852538
sub-994666209803,37.5,25.870805740356445,-11.629194259643555
sub-994785703004,66.27515400410678,54.52583694458008,-11.749317059526703
sub-995055914773,23.0,23.81924819946289,0.8192481994628906
sub-995156278869,29.0,24.31381607055664,-4.686183929443359
sub-995547093580,10.2,13.074326515197754,2.8743265151977546
sub-996103732554,19.0,18.841032028198242,-0.1589679718017578
sub-996579398931,27.0,22.317108154296875,-4.682891845703125
sub-996590600673,8.43,8.132949829101562,-0.2970501708984372
sub-996716777224,23.0,20.853473663330078,-2.146526336669922
sub-996843901663,25.0,20.37079429626465,-4.629205703735352
sub-997004175200,21.0,33.0880126953125,12.0880126953125
sub-997144206185,41.0,26.345884323120117,-14.654115676879883
sub-997249731765,22.0,15.765751838684082,-6.234248161315918
sub-997337611588,23.0,22.219465255737305,-0.7805347442626953
sub-997577988986,22.0,25.381052017211914,3.381052017211914
sub-997706219656,23.0,20.33384132385254,-2.666158676147461
sub-997863968388,23.0,20.74258041381836,-2.2574195861816406
sub-998196661811,20.0,24.209426879882812,4.2094268798828125
sub-998375364631,11.6,17.968250274658203,6.3682502746582035
sub-998567081914,60.0,66.48531341552734,6.485313415527344
sub-999027816075,22.0,22.485824584960938,0.4858245849609375
sub-999184404925,21.0,22.334962844848633,1.3349628448486328
sub-999832619027,19.0,22.726835250854492,3.726835250854492
