feature_index,feature_name,component,feature_type,importance
2618,w_374,374,weight,0.17467591
1428,w_204,204,weight,0.077862196
1927,cxy_275,275,off_diagonal,0.04398794
1925,w_275,275,weight,0.04192775
189,w_27,27,weight,0.023752918
161,w_23,23,weight,0.01782105
2156,w_308,308,weight,0.016143257
3283,w_469,469,weight,0.013018803
1500,cxy_214,214,off_diagonal,0.0129939625
3318,w_474,474,weight,0.009372279
2338,w_334,334,weight,0.00871853
1502,cyy_214,214,diagonal,0.008470579
1771,w_253,253,weight,0.008413934
526,cxx_75,75,diagonal,0.007716443
1397,cyy_199,199,diagonal,0.007418725
254,cxy_36,36,off_diagonal,0.0067067854
1172,cxz_167,167,off_diagonal,0.0064134677
1709,cxx_244,244,diagonal,0.006405068
2107,w_301,301,weight,0.0062803454
919,cxy_131,131,off_diagonal,0.0059870696
42,w_6,6,weight,0.005933195
2912,w_416,416,weight,0.0057460177
1568,w_224,224,weight,0.005575336
1463,w_209,209,weight,0.0052835536
2108,cxx_301,301,diagonal,0.0044321604
678,czz_96,96,diagonal,0.004339117
252,w_36,36,weight,0.0042638187
63,w_9,9,weight,0.0041082986
2787,cxx_398,398,diagonal,0.0041078813
1399,czz_199,199,diagonal,0.004049605
2289,w_327,327,weight,0.0039964146
2534,w_362,362,weight,0.0036190262
1499,cxx_214,214,diagonal,0.0035073808
448,w_64,64,weight,0.0032508879
2531,cyy_361,361,diagonal,0.0031366516
1715,w_245,245,weight,0.002907548
2629,cyy_375,375,diagonal,0.0028186573
1504,czz_214,214,diagonal,0.002791538
2622,cyy_374,374,diagonal,0.0027723745
2110,cxz_301,301,off_diagonal,0.002771413
921,cyy_131,131,diagonal,0.0027526997
3472,w_496,496,weight,0.0027105133
3339,w_477,477,weight,0.0027064842
2906,cxx_415,415,diagonal,0.002691681
581,w_83,83,weight,0.0026867446
2607,cxz_372,372,off_diagonal,0.002635642
1831,cyy_261,261,diagonal,0.0026325393
1737,cxx_248,248,diagonal,0.002624192
2520,w_360,360,weight,0.002445912
1103,cyy_157,157,diagonal,0.0024332479
727,czz_103,103,diagonal,0.0024231523
2276,cxx_325,325,diagonal,0.0024062835
1078,w_154,154,weight,0.0023321987
2008,czz_286,286,diagonal,0.0023019942
2135,w_305,305,weight,0.0022715626
1829,cxy_261,261,off_diagonal,0.0022390382
518,w_74,74,weight,0.002234065
1175,czz_167,167,diagonal,0.002148332
1939,w_277,277,weight,0.0021128634
582,cxx_83,83,diagonal,0.002112844
573,czz_81,81,diagonal,0.0021052803
2002,w_286,286,weight,0.0020651142
760,cyy_108,108,diagonal,0.0019645381
542,cxz_77,77,off_diagonal,0.0019118066
2788,cxy_398,398,off_diagonal,0.0018719253
2630,cyz_375,375,off_diagonal,0.0018652696
584,cxz_83,83,off_diagonal,0.0018037393
3388,w_484,484,weight,0.0018013018
2842,w_406,406,weight,0.0017703454
217,w_31,31,weight,0.0017681153
543,cyy_77,77,diagonal,0.0017668952
253,cxx_36,36,diagonal,0.0017086212
119,w_17,17,weight,0.001707792
205,cxy_29,29,off_diagonal,0.0017067457
3482,cxz_497,497,off_diagonal,0.0016870438
2177,w_311,311,weight,0.0016122075
1739,cxz_248,248,off_diagonal,0.0015737739
1409,cxy_201,201,off_diagonal,0.0015596445
1592,cxz_227,227,off_diagonal,0.0015571909
616,w_88,88,weight,0.0015131936
2627,cxy_375,375,off_diagonal,0.0015099895
256,cyy_36,36,diagonal,0.0015037917
2262,cxx_323,323,diagonal,0.0015032168
1099,w_157,157,weight,0.0014896548
2009,w_287,287,weight,0.0014809634
2430,cxx_347,347,diagonal,0.0014693328
1617,w_231,231,weight,0.0014347888
1501,cxz_214,214,off_diagonal,0.0014315527
2628,cxz_375,375,off_diagonal,0.0014177012
2429,w_347,347,weight,0.0014174632
3416,w_488,488,weight,0.0013825728
378,w_54,54,weight,0.0013813267
1395,cxy_199,199,off_diagonal,0.0013791585
3474,cxy_496,496,off_diagonal,0.0013382488
1440,cyz_205,205,off_diagonal,0.0013260454
3220,w_460,460,weight,0.0013179242
644,w_92,92,weight,0.0013099504
3423,w_489,489,weight,0.0013089712
1281,w_183,183,weight,0.0013082882
1708,w_244,244,weight,0.0013060739
2359,w_337,337,weight,0.0012514208
2585,cxy_369,369,off_diagonal,0.0012428685
1777,czz_253,253,diagonal,0.0012306874
2387,w_341,341,weight,0.0012275779
812,w_116,116,weight,0.0012241569
251,czz_35,35,diagonal,0.0012197513
2745,cxx_392,392,diagonal,0.0011988509
1552,cyz_221,221,off_diagonal,0.0011932995
2911,czz_415,415,diagonal,0.0011842175
1413,czz_201,201,diagonal,0.0011586092
1578,cxz_225,225,off_diagonal,0.0011440943
1820,w_260,260,weight,0.0011410048
586,cyz_83,83,off_diagonal,0.0011139158
105,w_15,15,weight,0.0011104618
886,cyy_126,126,diagonal,0.0010981442
1625,cxx_232,232,diagonal,0.0010941521
728,w_104,104,weight,0.0010874515
1393,w_199,199,weight,0.0010817393
1513,cxx_216,216,diagonal,0.0010786159
2982,w_426,426,weight,0.0010701438
1057,w_151,151,weight,0.001046982
2246,czz_320,320,diagonal,0.0010355562
1901,cyy_271,271,diagonal,0.0010117115
3171,w_453,453,weight,0.0009896258
364,w_52,52,weight,0.0009810989
198,cxy_28,28,off_diagonal,0.0009803672
3427,cyy_489,489,diagonal,0.0009788821
3094,w_442,442,weight,0.0009714606
133,w_19,19,weight,0.00096449075
1074,cxz_153,153,off_diagonal,0.0009594704
2532,cyz_361,361,off_diagonal,0.00094603485
2910,cyz_415,415,off_diagonal,0.0009436303
3235,cxx_462,462,diagonal,0.0009430127
1197,w_171,171,weight,0.00093806366
358,cxx_51,51,diagonal,0.00093751674
3143,w_449,449,weight,0.0009259657
276,cxz_39,39,off_diagonal,0.0009249777
476,w_68,68,weight,0.0009141339
1107,cxx_158,158,diagonal,0.00090618845
1770,czz_252,252,diagonal,0.0009059808
3467,cxy_495,495,off_diagonal,0.0008996414
399,w_57,57,weight,0.00089679187
1134,w_162,162,weight,0.000856592
802,cyy_114,114,diagonal,0.00085419975
805,w_115,115,weight,0.0008454032
2268,w_324,324,weight,0.00083950907
2900,cxy_414,414,off_diagonal,0.0008354546
2529,cxy_361,361,off_diagonal,0.00083286874
889,w_127,127,weight,0.0008326387
3287,cyy_469,469,diagonal,0.0008311836
1981,w_283,283,weight,0.0008292561
966,w_138,138,weight,0.0008265724
2919,w_417,417,weight,0.00081818557
1365,w_195,195,weight,0.0008133161
2789,cxz_398,398,off_diagonal,0.0008092564
2537,cxz_362,362,off_diagonal,0.0008002981
3479,w_497,497,weight,0.00079617754
3038,w_434,434,weight,0.0007836891
1410,cxz_201,201,off_diagonal,0.00078165816
290,cxz_41,41,off_diagonal,0.0007789808
514,cxz_73,73,off_diagonal,0.00077697594
652,cxx_93,93,diagonal,0.00076996
2130,cxy_304,304,off_diagonal,0.0007669059
1412,cyz_201,201,off_diagonal,0.0007540025
676,cyy_96,96,diagonal,0.00073853706
924,w_132,132,weight,0.00072696706
3199,w_457,457,weight,0.0007242406
315,w_45,45,weight,0.0007207255
1586,cyy_226,226,diagonal,0.00071518874
1503,cyz_214,214,off_diagonal,0.00071445026
273,w_39,39,weight,0.00071235135
2282,w_326,326,weight,0.00069850415
693,w_99,99,weight,0.0006978849
721,w_103,103,weight,0.0006930668
58,cxy_8,8,off_diagonal,0.0006908008
2426,cyy_346,346,diagonal,0.0006874276
2700,cyz_385,385,off_diagonal,0.00068382896
1848,w_264,264,weight,0.0006833009
2493,cxx_356,356,diagonal,0.0006814492
1386,w_198,198,weight,0.0006753404
1738,cxy_248,248,off_diagonal,0.0006710098
369,cyz_52,52,off_diagonal,0.000669306
2022,czz_288,288,diagonal,0.0006684961
729,cxx_104,104,diagonal,0.0006659276
1868,czz_266,266,diagonal,0.0006603559
2535,cxx_362,362,diagonal,0.0006542166
2302,czz_328,328,diagonal,0.00065080397
1912,cxx_273,273,diagonal,0.0006486922
3136,w_448,448,weight,0.0006436499
896,w_128,128,weight,0.00064271793
535,cxz_76,76,off_diagonal,0.00063774746
833,w_119,119,weight,0.0006299047
2394,w_342,342,weight,0.0006266042
162,cxx_23,23,diagonal,0.0006263067
3360,w_480,480,weight,0.0006240834
608,czz_86,86,diagonal,0.0006160648
1354,cxz_193,193,off_diagonal,0.0006128032
2989,w_427,427,weight,0.00061277515
2908,cxz_415,415,off_diagonal,0.0006069514
3033,cxy_433,433,off_diagonal,0.0006067143
2681,w_383,383,weight,0.0006060847
336,w_48,48,weight,0.0006051511
2569,w_367,367,weight,0.00060114934
1286,cyz_183,183,off_diagonal,0.00060082786
1170,cxx_167,167,diagonal,0.0005976863
259,w_37,37,weight,0.00059594575
229,cyz_32,32,off_diagonal,0.0005934048
787,cxz_112,112,off_diagonal,0.00058033474
1494,cxz_213,213,off_diagonal,0.000580096
869,cxx_124,124,diagonal,0.00057570805
3280,cyy_468,468,diagonal,0.0005717344
3186,cxx_455,455,diagonal,0.00057057303
868,w_124,124,weight,0.0005652501
194,cyz_27,27,off_diagonal,0.0005645163
1924,czz_274,274,diagonal,0.0005642469
2737,w_391,391,weight,0.0005640766
2626,cxx_375,375,diagonal,0.0005598424
1405,cyz_200,200,off_diagonal,0.0005594939
492,cxy_70,70,off_diagonal,0.0005579481
1714,czz_244,244,diagonal,0.0005515386
1561,w_223,223,weight,0.00055097643
1996,cxx_285,285,diagonal,0.0005503166
142,cxy_20,20,off_diagonal,0.0005491547
2226,w_318,318,weight,0.0005433296
739,cyy_105,105,diagonal,0.0005423344
2164,cxx_309,309,diagonal,0.000538929
2808,cxx_401,401,diagonal,0.0005363926
651,w_93,93,weight,0.00053578976
69,czz_9,9,diagonal,0.00053328136
1902,cyz_271,271,off_diagonal,0.00052928424
1610,w_230,230,weight,0.000527805
485,cxy_69,69,off_diagonal,0.00052530394
1713,cyz_244,244,off_diagonal,0.0005230149
1415,cxx_202,202,diagonal,0.0005214181
1404,cyy_200,200,diagonal,0.0005212515
2244,cyy_320,320,diagonal,0.00051792833
3211,cyz_458,458,off_diagonal,0.0005175316
1054,cyy_150,150,diagonal,0.0005172685
747,cyz_106,106,off_diagonal,0.00051694433
204,cxx_29,29,diagonal,0.0005149053
2329,cyz_332,332,off_diagonal,0.0005130516
2058,w_294,294,weight,0.00051110005
3056,cyy_436,436,diagonal,0.00050984666
779,cxy_111,111,off_diagonal,0.0005056325
2593,cxz_370,370,off_diagonal,0.00050386175
1884,cxx_269,269,diagonal,0.00050078006
3443,czz_491,491,diagonal,0.0005007256
672,w_96,96,weight,0.00049810257
1828,cxx_261,261,diagonal,0.00049708935
1253,w_179,179,weight,0.0004923856
1018,cxz_145,145,off_diagonal,0.00048692696
2704,cxy_386,386,off_diagonal,0.00047064634
2389,cxy_341,341,off_diagonal,0.0004699918
688,cxy_98,98,off_diagonal,0.00046752184
400,cxx_57,57,diagonal,0.00045873874
1242,cxz_177,177,off_diagonal,0.00045564832
2849,w_407,407,weight,0.0004531215
558,cyz_79,79,off_diagonal,0.00044212208
711,cyy_101,101,diagonal,0.00043920736
3354,cxx_479,479,diagonal,0.00043677416
1890,w_270,270,weight,0.00043316715
548,cxy_78,78,off_diagonal,0.00043274596
2667,w_381,381,weight,0.00043230155
2624,czz_374,374,diagonal,0.0004319144
882,w_126,126,weight,0.0004290908
1554,w_222,222,weight,0.00042767837
1888,cyz_269,269,off_diagonal,0.00042531363
2051,w_293,293,weight,0.00042511802
2863,w_409,409,weight,0.00042505405
2786,w_398,398,weight,0.00042252606
2674,w_382,382,weight,0.00042094136
3248,w_464,464,weight,0.00042005177
2617,czz_373,373,diagonal,0.00041777187
1694,w_242,242,weight,0.00041294482
2980,cyz_425,425,off_diagonal,0.000412329
1700,czz_242,242,diagonal,0.00041230826
1002,cxx_143,143,diagonal,0.00041089568
585,cyy_83,83,diagonal,0.00040905733
1741,cyz_248,248,off_diagonal,0.00040848937
2933,w_419,419,weight,0.00040847517
1634,cxz_233,233,off_diagonal,0.00040668782
952,w_136,136,weight,0.00040648712
1106,w_158,158,weight,0.0004050786
1889,czz_269,269,diagonal,0.00040158228
1813,w_259,259,weight,0.00039808758
601,czz_85,85,diagonal,0.00039602336
740,cyz_105,105,off_diagonal,0.00039471706
1326,cxz_189,189,off_diagonal,0.0003934592
1432,cyy_204,204,diagonal,0.0003930262
2193,cxy_313,313,off_diagonal,0.000391199
2296,w_328,328,weight,0.0003910352
912,cxy_130,130,off_diagonal,0.00039004986
49,w_7,7,weight,0.00038997535
1232,w_176,176,weight,0.00038986275
3232,cyz_461,461,off_diagonal,0.00038949345
2856,w_408,408,weight,0.00038705696
292,cyz_41,41,off_diagonal,0.00038477711
64,cxx_9,9,diagonal,0.0003809449
85,cxx_12,12,diagonal,0.000378905
2600,cxz_371,371,off_diagonal,0.00037879232
791,w_113,113,weight,0.0003787871
1403,cxz_200,200,off_diagonal,0.00037771754
532,w_76,76,weight,0.00037770538
938,w_134,134,weight,0.00037753134
1006,cyz_143,143,off_diagonal,0.00037713718
3356,cxz_479,479,off_diagonal,0.00037304577
1730,cxx_247,247,diagonal,0.00037232554
93,cxy_13,13,off_diagonal,0.00037226765
211,cxx_30,30,diagonal,0.000369133
1606,cxz_229,229,off_diagonal,0.00036904382
190,cxx_27,27,diagonal,0.0003689491
1402,cxy_200,200,off_diagonal,0.00036766301
434,w_62,62,weight,0.00036668408
3013,cxz_430,430,off_diagonal,0.00036619668
236,cyz_33,33,off_diagonal,0.00036527647
658,w_94,94,weight,0.00036292922
2540,czz_362,362,diagonal,0.00036174702
2656,cxz_379,379,off_diagonal,0.000361277
2060,cxy_294,294,off_diagonal,0.00035957404
406,w_58,58,weight,0.00035880174
1110,cyy_158,158,diagonal,0.0003584264
1529,cxz_218,218,off_diagonal,0.00035524674
731,cxz_104,104,off_diagonal,0.00035479595
1101,cxy_157,157,off_diagonal,0.00035438853
3075,cxy_439,439,off_diagonal,0.00035254942
439,cyz_62,62,off_diagonal,0.00035111204
1908,cyy_272,272,diagonal,0.00035101816
3135,czz_447,447,diagonal,0.00034827535
1778,w_254,254,weight,0.00034671157
2548,w_364,364,weight,0.00034567827
1835,cxx_262,262,diagonal,0.0003431777
2277,cxy_325,325,off_diagonal,0.0003418858
665,w_95,95,weight,0.00034064174
2234,cxx_319,319,diagonal,0.00034056883
3224,cyy_460,460,diagonal,0.00033855037
639,cxy_91,91,off_diagonal,0.00033738138
1434,czz_204,204,diagonal,0.00033352882
1347,cxz_192,192,off_diagonal,0.00033162034
1348,cyy_192,192,diagonal,0.00033079775
815,cxz_116,116,off_diagonal,0.000329253
2001,czz_285,285,diagonal,0.00032736256
296,cxy_42,42,off_diagonal,0.00032657696
2175,cyz_310,310,off_diagonal,0.00032482704
3021,cyy_431,431,diagonal,0.00032391804
2779,w_397,397,weight,0.0003231199
781,cyy_111,111,diagonal,0.00032076266
2757,czz_393,393,diagonal,0.000320572
3162,cyz_451,451,off_diagonal,0.00031992435
3088,cxx_441,441,diagonal,0.00031959606
2495,cxz_356,356,off_diagonal,0.00031644647
2909,cyy_415,415,diagonal,0.0003146909
1339,cxy_191,191,off_diagonal,0.00031463365
2109,cxy_301,301,off_diagonal,0.00031386947
348,cyz_49,49,off_diagonal,0.00031245564
3196,cyy_456,456,diagonal,0.00031241743
1137,cxz_162,162,off_diagonal,0.00031165645
2592,cxy_370,370,off_diagonal,0.00031158983
1930,cyz_275,275,off_diagonal,0.00031112164
2245,cyz_320,320,off_diagonal,0.0003101115
3390,cxy_484,484,off_diagonal,0.00030982116
321,czz_45,45,diagonal,0.00030826742
3183,cyz_454,454,off_diagonal,0.0003082055
1468,cyz_209,209,off_diagonal,0.00030793808
2476,cyz_353,353,off_diagonal,0.00030732073
165,cyy_23,23,diagonal,0.00030283994
3458,w_494,494,weight,0.00030262492
1443,cxx_206,206,diagonal,0.000300991
1840,czz_262,262,diagonal,0.00030046192
2030,w_290,290,weight,0.00029960094
878,cxz_125,125,off_diagonal,0.0002995655
1663,cyy_237,237,diagonal,0.00029914448
428,cxx_61,61,diagonal,0.00029838644
1401,cxx_200,200,diagonal,0.00029701396
446,cyz_63,63,off_diagonal,0.00029404034
1743,w_249,249,weight,0.00029313954
147,w_21,21,weight,0.00029193313
923,czz_131,131,diagonal,0.0002910905
3213,w_459,459,weight,0.00029030602
483,w_69,69,weight,0.00028856169
619,cxz_88,88,off_diagonal,0.00028738528
2756,cyz_393,393,off_diagonal,0.00028624744
2324,w_332,332,weight,0.00028578704
2422,w_346,346,weight,0.00028287715
909,czz_129,129,diagonal,0.00028283198
808,cxz_115,115,off_diagonal,0.00028041704
3346,w_478,478,weight,0.00028028185
2648,cxy_378,378,off_diagonal,0.00027961138
1575,w_225,225,weight,0.00027958516
668,cxz_95,95,off_diagonal,0.00027859298
2205,w_315,315,weight,0.00027764981
3253,cyz_464,464,off_diagonal,0.00027684413
567,w_81,81,weight,0.00027554293
530,cyz_75,75,off_diagonal,0.00027465372
848,cxx_121,121,diagonal,0.0002745023
327,cyz_46,46,off_diagonal,0.00027430188
1734,cyz_247,247,off_diagonal,0.00027345028
1602,czz_228,228,diagonal,0.0002710762
3015,cyz_430,430,off_diagonal,0.00027046754
1147,czz_163,163,diagonal,0.00026991926
1670,cyy_238,238,diagonal,0.00026991553
2646,w_378,378,weight,0.00026949772
187,cyz_26,26,off_diagonal,0.00026800626
1827,w_261,261,weight,0.00026759875
3449,cyz_492,492,off_diagonal,0.0002672176
2360,cxx_337,337,diagonal,0.0002664974
606,cyy_86,86,diagonal,0.00026549026
1282,cxx_183,183,diagonal,0.0002653763
3104,cxz_443,443,off_diagonal,0.00026509722
1285,cyy_183,183,diagonal,0.00026457658
2254,w_322,322,weight,0.0002621786
1580,cyz_225,225,off_diagonal,0.0002610349
3190,cyz_455,455,off_diagonal,0.00025931842
295,cxx_42,42,diagonal,0.0002576918
3037,czz_433,433,diagonal,0.00025763395
2631,czz_375,375,diagonal,0.00025527665
1085,w_155,155,weight,0.00025489644
2918,czz_416,416,diagonal,0.00025439303
467,cyz_66,66,off_diagonal,0.0002540682
1712,cyy_244,244,diagonal,0.00025357268
87,cxz_12,12,off_diagonal,0.0002534654
2111,cyy_301,301,diagonal,0.00025325542
1496,cyz_213,213,off_diagonal,0.00025256356
2142,w_306,306,weight,0.0002520045
630,w_90,90,weight,0.000251698
809,cyy_115,115,diagonal,0.00025122013
2487,cxy_355,355,off_diagonal,0.00025079946
1521,cxy_217,217,off_diagonal,0.00025048436
2278,cxz_325,325,off_diagonal,0.0002471229
2697,cxy_385,385,off_diagonal,0.0002464526
2163,w_309,309,weight,0.00024614827
3255,w_465,465,weight,0.00024596666
37,cxy_5,5,off_diagonal,0.0002444292
3201,cxy_457,457,off_diagonal,0.00024372264
429,cxy_61,61,off_diagonal,0.00024270632
55,czz_7,7,diagonal,0.0002415455
1597,cxx_228,228,diagonal,0.00024048236
1620,cxz_231,231,off_diagonal,0.00024025343
1651,czz_235,235,diagonal,0.00023938414
895,czz_127,127,diagonal,0.0002387126
437,cxz_62,62,off_diagonal,0.00023812287
54,cyz_7,7,off_diagonal,0.00023701775
1292,cyy_184,184,diagonal,0.0002369307
736,cxx_105,105,diagonal,0.00023597133
2728,cyz_389,389,off_diagonal,0.0002356626
557,cyy_79,79,diagonal,0.00023499524
2709,w_387,387,weight,0.00023466744
2310,w_330,330,weight,0.00023419656
1104,cyz_157,157,off_diagonal,0.00023410791
1128,cxx_161,161,diagonal,0.00023359292
2891,w_413,413,weight,0.00023337406
132,czz_18,18,diagonal,0.00023236116
3222,cxy_460,460,off_diagonal,0.00023195024
3122,w_446,446,weight,0.00023066487
1695,cxx_242,242,diagonal,0.00023042607
1759,cxy_251,251,off_diagonal,0.00022972477
1895,cyz_270,270,off_diagonal,0.00022965198
1562,cxx_223,223,diagonal,0.00022943095
1751,cxx_250,250,diagonal,0.00022907942
1470,w_210,210,weight,0.00022903102
79,cxy_11,11,off_diagonal,0.0002287027
2191,w_313,313,weight,0.0002278848
203,w_29,29,weight,0.00022772676
1316,w_188,188,weight,0.0002275738
3074,cxx_439,439,diagonal,0.00022657591
1926,cxx_275,275,diagonal,0.00022650056
3028,cyy_432,432,diagonal,0.00022573723
875,w_125,125,weight,0.00022521988
140,w_20,20,weight,0.000224948
1887,cyy_269,269,diagonal,0.00022412436
52,cxz_7,7,off_diagonal,0.00022322127
1319,cxz_188,188,off_diagonal,0.00022281482
892,cxz_127,127,off_diagonal,0.00022187708
3165,cxx_452,452,diagonal,0.00022162271
1100,cxx_157,157,diagonal,0.00022028392
1374,cxy_196,196,off_diagonal,0.00021983529
1974,w_282,282,weight,0.00021930462
2652,czz_378,378,diagonal,0.00021902745
3185,w_455,455,weight,0.00021833164
2029,czz_289,289,diagonal,0.00021619334
3381,w_483,483,weight,0.00021535308
2484,czz_354,354,diagonal,0.00021305568
2730,w_390,390,weight,0.00021288497
3451,w_493,493,weight,0.00020989985
136,cxz_19,19,off_diagonal,0.00020926323
3108,w_444,444,weight,0.0002091243
2708,czz_386,386,diagonal,0.00020850576
1215,cyy_173,173,diagonal,0.00020846713
2181,cyy_311,311,diagonal,0.00020832336
2496,cyy_356,356,diagonal,0.00020802791
1732,cxz_247,247,off_diagonal,0.0002077136
167,czz_23,23,diagonal,0.00020738113
2474,cxz_353,353,off_diagonal,0.0002052796
1823,cxz_260,260,off_diagonal,0.00020495476
97,czz_13,13,diagonal,0.00020494341
2807,w_401,401,weight,0.00020493644
837,cyy_119,119,diagonal,0.00020296883
2269,cxx_324,324,diagonal,0.00020229237
1631,w_233,233,weight,0.00020225465
1553,czz_221,221,diagonal,0.00020199583
590,cxy_84,84,off_diagonal,0.00020184995
2838,cxz_405,405,off_diagonal,0.00020145212
39,cyy_5,5,diagonal,0.00020087758
2397,cxz_342,342,off_diagonal,0.00020082171
2288,czz_326,326,diagonal,0.00020054584
388,cxz_55,55,off_diagonal,0.0002000586
1135,cxx_162,162,diagonal,0.00019994102
3252,cyy_464,464,diagonal,0.00019988256
1675,cxy_239,239,off_diagonal,0.00019914721
2578,cxy_368,368,off_diagonal,0.00019787885
2340,cxy_334,334,off_diagonal,0.00019746082
1384,cyz_197,197,off_diagonal,0.00019560962
1323,w_189,189,weight,0.00019554334
1696,cxy_242,242,off_diagonal,0.00019536477
2086,w_298,298,weight,0.00019518386
3035,cyy_433,433,diagonal,0.00019449381
3478,czz_496,496,diagonal,0.00019428224
763,w_109,109,weight,0.000194235
2683,cxy_383,383,off_diagonal,0.00019421034
3254,czz_464,464,diagonal,0.00019387931
519,cxx_74,74,diagonal,0.00019342657
623,w_89,89,weight,0.00019152164
525,w_75,75,weight,0.0001911686
576,cxy_82,82,off_diagonal,0.00019102149
588,w_84,84,weight,0.00019078901
2265,cyy_323,323,diagonal,0.00019057003
3257,cxy_465,465,off_diagonal,0.00019035526
2409,cxx_344,344,diagonal,0.00019004427
3164,w_452,452,weight,0.00018987319
880,cyz_125,125,off_diagonal,0.00018927605
2724,cxx_389,389,diagonal,0.00018854497
1414,w_202,202,weight,0.00018844107
1537,cyy_219,219,diagonal,0.00018819861
2485,w_355,355,weight,0.00018795735
906,cxz_129,129,off_diagonal,0.000187245
3494,cxx_499,499,diagonal,0.0001864019
1775,cyy_253,253,diagonal,0.00018626686
2189,cyz_312,312,off_diagonal,0.00018539486
441,w_63,63,weight,0.00018522667
3275,czz_467,467,diagonal,0.00018403522
1096,cyy_156,156,diagonal,0.00018376044
371,w_53,53,weight,0.00018347074
2375,cxy_339,339,off_diagonal,0.00018341678
529,cyy_75,75,diagonal,0.00018339147
146,czz_20,20,diagonal,0.00018286672
224,w_32,32,weight,0.00018270998
1866,cyy_266,266,diagonal,0.00018226795
2408,w_344,344,weight,0.00018189428
195,czz_27,27,diagonal,0.00018106113
287,w_41,41,weight,0.00018056172
3332,w_476,476,weight,0.00017985831
2610,czz_372,372,diagonal,0.00017911584
752,cxz_107,107,off_diagonal,0.0001780984
1523,cyy_217,217,diagonal,0.00017803209
836,cxz_119,119,off_diagonal,0.00017782673
163,cxy_23,23,off_diagonal,0.00017766234
3403,cxx_486,486,diagonal,0.00017752576
1910,czz_272,272,diagonal,0.00017744664
1541,cxx_220,220,diagonal,0.00017739912
2470,czz_352,352,diagonal,0.00017708991
1983,cxy_283,283,off_diagonal,0.00017663086
1805,czz_257,257,diagonal,0.00017651333
2619,cxx_374,374,diagonal,0.0001765061
2012,cxz_287,287,off_diagonal,0.00017638659
2065,w_295,295,weight,0.0001762478
1816,cxz_259,259,off_diagonal,0.00017624369
3496,cxz_499,499,off_diagonal,0.00017613157
463,cxx_66,66,diagonal,0.00017542463
184,cxy_26,26,off_diagonal,0.00017506287
289,cxy_41,41,off_diagonal,0.00017502635
1577,cxy_225,225,off_diagonal,0.00017477198
293,czz_41,41,diagonal,0.00017472229
1010,cxy_144,144,off_diagonal,0.0001739373
2706,cyy_386,386,diagonal,0.00017368191
3387,czz_483,483,diagonal,0.00017339154
3216,cxz_459,459,off_diagonal,0.00017332169
7,w_1,1,weight,0.00017316634
1547,w_221,221,weight,0.00017250869
1960,w_280,280,weight,0.00017236156
2303,w_329,329,weight,0.00017232995
410,cyy_58,58,diagonal,0.00017165786
786,cxy_112,112,off_diagonal,0.0001715241
2525,cyz_360,360,off_diagonal,0.00017105218
2543,cxy_363,363,off_diagonal,0.00017058072
2625,w_375,375,weight,0.00017030735
2950,cxz_421,421,off_diagonal,0.00017004526
19,cyz_2,2,off_diagonal,0.00016919304
1391,cyz_198,198,off_diagonal,0.00016879322
1795,cxz_256,256,off_diagonal,0.00016862048
3328,cxz_475,475,off_diagonal,0.00016842915
3082,cxy_440,440,off_diagonal,0.00016837045
1755,cyz_250,250,off_diagonal,0.00016811707
450,cxy_64,64,off_diagonal,0.00016782097
2877,w_411,411,weight,0.00016769281
1366,cxx_195,195,diagonal,0.00016759483
1371,czz_195,195,diagonal,0.00016704542
723,cxy_103,103,off_diagonal,0.00016675446
3357,cyy_479,479,diagonal,0.00016635928
1433,cyz_204,204,off_diagonal,0.0001662925
2028,cyz_289,289,off_diagonal,0.00016601522
932,cxx_133,133,diagonal,0.00016449243
114,cxy_16,16,off_diagonal,0.00016409812
981,cxx_140,140,diagonal,0.00016304113
1572,cyy_224,224,diagonal,0.00016220169
597,cxy_85,85,off_diagonal,0.00016204598
2274,czz_324,324,diagonal,0.00016001827
1320,cyy_188,188,diagonal,0.00015942102
3100,czz_442,442,diagonal,0.00015911998
3344,cyz_477,477,off_diagonal,0.00015788406
2380,w_340,340,weight,0.00015773237
1750,w_250,250,weight,0.00015649147
1389,cxz_198,198,off_diagonal,0.00015615096
1720,cyz_245,245,off_diagonal,0.00015577639
1516,cyy_216,216,diagonal,0.00015545018
2488,cxz_355,355,off_diagonal,0.00015518756
686,w_98,98,weight,0.00015484683
659,cxx_94,94,diagonal,0.00015474799
957,cyz_136,136,off_diagonal,0.00015447267
3144,cxx_449,449,diagonal,0.00015443837
1198,cxx_171,171,diagonal,0.00015425326
1268,cxx_181,181,diagonal,0.00015415717
2968,w_424,424,weight,0.00015388156
1506,cxx_215,215,diagonal,0.00015232556
3289,czz_469,469,diagonal,0.00015226116
1808,cxy_258,258,off_diagonal,0.0001515978
2257,cxz_322,322,off_diagonal,0.0001515907
1207,cxz_172,172,off_diagonal,0.00015122301
1807,cxx_258,258,diagonal,0.0001506675
3180,cxy_454,454,off_diagonal,0.00015050815
1351,w_193,193,weight,0.0001501969
1476,czz_210,210,diagonal,0.00014991598
3011,cxx_430,430,diagonal,0.00014966795
2898,w_414,414,weight,0.00014951474
2114,w_302,302,weight,0.00014881717
3491,cyz_498,498,off_diagonal,0.00014856544
1,cxx_0,0,diagonal,0.00014820154
3352,czz_478,478,diagonal,0.0001481033
2639,w_377,377,weight,0.000148079
153,czz_21,21,diagonal,0.00014787735
3029,cyz_432,432,off_diagonal,0.00014776055
2988,czz_426,426,diagonal,0.00014760807
2320,cxz_331,331,off_diagonal,0.00014747538
2018,cxy_288,288,off_diagonal,0.00014735761
357,w_51,51,weight,0.00014708239
722,cxx_103,103,diagonal,0.00014707074
3179,cxx_454,454,diagonal,0.0001466803
874,czz_124,124,diagonal,0.00014657536
1089,cyy_155,155,diagonal,0.00014618173
564,cyy_80,80,diagonal,0.00014603119
375,cyy_53,53,diagonal,0.00014581854
3353,w_479,479,weight,0.00014577145
2202,cyy_314,314,diagonal,0.00014490836
48,czz_6,6,diagonal,0.00014461072
403,cyy_57,57,diagonal,0.00014411866
1183,w_169,169,weight,0.0001437618
3115,w_445,445,weight,0.00014325634
990,cxz_141,141,off_diagonal,0.0001431112
2178,cxx_311,311,diagonal,0.00014305131
863,cxy_123,123,off_diagonal,0.00014289057
1148,w_164,164,weight,0.00014243391
940,cxy_134,134,off_diagonal,0.0001420996
2775,cxz_396,396,off_diagonal,0.00014147372
1295,w_185,185,weight,0.00014144012
547,cxx_78,78,diagonal,0.00014062933
484,cxx_69,69,diagonal,0.000140509
1487,cxz_212,212,off_diagonal,0.00014015067
1539,czz_219,219,diagonal,0.00013812316
1897,w_271,271,weight,0.00013782068
2161,cyz_308,308,off_diagonal,0.00013772301
910,w_130,130,weight,0.00013763191
2649,cxz_378,378,off_diagonal,0.00013753353
294,w_42,42,weight,0.00013752312
2790,cyy_398,398,diagonal,0.00013727255
1385,czz_197,197,diagonal,0.00013714579
2376,cxz_339,339,off_diagonal,0.0001370972
717,cxz_102,102,off_diagonal,0.00013697954
1153,cyz_164,164,off_diagonal,0.00013661593
2339,cxx_334,334,diagonal,0.00013651885
756,w_108,108,weight,0.0001363443
790,czz_112,112,diagonal,0.00013576145
1284,cxz_183,183,off_diagonal,0.00013572312
1722,w_246,246,weight,0.00013488036
1203,czz_171,171,diagonal,0.00013462082
1707,czz_243,243,diagonal,0.00013444612
1145,cyy_163,163,diagonal,0.00013337756
2826,cyz_403,403,off_diagonal,0.00013323547
3027,cxz_432,432,off_diagonal,0.00013319978
3059,w_437,437,weight,0.0001327317
827,cxx_118,118,diagonal,0.00013253481
2500,cxx_357,357,diagonal,0.00013235475
2879,cxy_411,411,off_diagonal,0.0001307441
2960,czz_422,422,diagonal,0.00013073895
1582,w_226,226,weight,0.00013067992
2465,cxx_352,352,diagonal,0.00013055824
2555,w_365,365,weight,0.00013028299
311,cxz_44,44,off_diagonal,0.0001299016
491,cxx_70,70,diagonal,0.00012970716
14,w_2,2,weight,0.00012885907
1973,czz_281,281,diagonal,0.0001286455
800,cxy_114,114,off_diagonal,0.00012840347
2239,czz_319,319,diagonal,0.00012838551
1945,czz_277,277,diagonal,0.00012815557
3130,cxx_447,447,diagonal,0.00012806265
757,cxx_108,108,diagonal,0.00012796417
3045,w_435,435,weight,0.00012773283
2454,cyy_350,350,diagonal,0.00012765438
2813,czz_401,401,diagonal,0.00012760518
1093,cxx_156,156,diagonal,0.00012726999
353,cxz_50,50,off_diagonal,0.00012599678
2391,cyy_341,341,diagonal,0.00012591598
2007,cyz_286,286,off_diagonal,0.00012540755
2364,cyz_337,337,off_diagonal,0.00012492573
1653,cxx_236,236,diagonal,0.00012491146
1037,cxx_148,148,diagonal,0.0001248395
2139,cyy_305,305,diagonal,0.00012456164
546,w_78,78,weight,0.00012406836
170,cxy_24,24,off_diagonal,0.00012393667
1188,cyz_169,169,off_diagonal,0.00012319889
379,cxx_54,54,diagonal,0.00012295233
3192,w_456,456,weight,0.00012207826
1704,cxz_243,243,off_diagonal,0.0001219279
3419,cxz_488,488,off_diagonal,0.00012138655
405,czz_57,57,diagonal,0.000121163546
2055,cyy_293,293,diagonal,0.00012113845
169,cxx_24,24,diagonal,0.000120829754
1931,czz_275,275,diagonal,0.00012062997
116,cyy_16,16,diagonal,0.00012057522
524,czz_74,74,diagonal,0.000120429846
1664,cyz_237,237,off_diagonal,0.00012039291
2196,cyz_313,313,off_diagonal,0.00012032811
206,cxz_29,29,off_diagonal,0.00012016052
3366,czz_480,480,diagonal,0.000120113444
2506,w_358,358,weight,0.00011970511
193,cyy_27,27,diagonal,0.000119569544
1535,cxy_219,219,off_diagonal,0.000119515746
1530,cyy_218,218,diagonal,0.000119510485
271,cyz_38,38,off_diagonal,0.000119452256
33,cyz_4,4,off_diagonal,0.00011940348
2318,cxx_331,331,diagonal,0.00011936149
59,cxz_8,8,off_diagonal,0.00011908556
2194,cxz_313,313,off_diagonal,0.00011893698
856,cxy_122,122,off_diagonal,0.00011886432
2497,cyz_356,356,off_diagonal,0.000118489486
965,czz_137,137,diagonal,0.00011824565
2273,cyz_324,324,off_diagonal,0.000117961994
67,cyy_9,9,diagonal,0.000117618765
258,czz_36,36,diagonal,0.000117584605
1544,cyy_220,220,diagonal,0.00011732659
2889,cyz_412,412,off_diagonal,0.00011719869
102,cyy_14,14,diagonal,0.000117181946
1505,w_215,215,weight,0.00011706855
1112,czz_158,158,diagonal,0.0001169502
3096,cxy_442,442,off_diagonal,0.000116892705
1809,cxz_258,258,off_diagonal,0.00011686665
1071,w_153,153,weight,0.000116738716
632,cxy_90,90,off_diagonal,0.00011658385
2345,w_335,335,weight,0.00011650235
150,cxz_21,21,off_diagonal,0.000116048344
1509,cyy_215,215,diagonal,0.00011599428
1876,w_268,268,weight,0.000115985196
2003,cxx_286,286,diagonal,0.00011582924
1900,cxz_271,271,off_diagonal,0.00011559369
3110,cxy_444,444,off_diagonal,0.00011555527
2783,cyy_397,397,diagonal,0.000115527255
469,w_67,67,weight,0.000115478964
3187,cxy_455,455,off_diagonal,0.00011525835
3083,cxz_440,440,off_diagonal,0.00011508694
3483,cyy_497,497,diagonal,0.00011475195
2563,cxx_366,366,diagonal,0.00011472851
2306,cxz_329,329,off_diagonal,0.00011470591
495,cyz_70,70,off_diagonal,0.00011468944
1420,czz_202,202,diagonal,0.00011457614
861,w_123,123,weight,0.00011444453
269,cxz_38,38,off_diagonal,0.00011442298
1204,w_172,172,weight,0.000113694165
477,cxx_68,68,diagonal,0.00011369301
201,cyz_28,28,off_diagonal,0.000113604
28,w_4,4,weight,0.00011352211
307,czz_43,43,diagonal,0.00011347589
2688,w_384,384,weight,0.00011295828
2812,cyz_401,401,off_diagonal,0.00011269602
2204,czz_314,314,diagonal,0.00011222014
1603,w_229,229,weight,0.000112193826
1303,cxx_186,186,diagonal,0.00011209651
2645,czz_377,377,diagonal,0.00011209522
84,w_12,12,weight,0.00011202019
991,cyy_141,141,diagonal,0.000111929
2424,cxy_346,346,off_diagonal,0.000111866386
1588,czz_226,226,diagonal,0.00011173489
3249,cxx_464,464,diagonal,0.00011171489
490,w_70,70,weight,0.00011139227
418,cyz_59,59,off_diagonal,0.000111295776
1141,w_163,163,weight,0.000111129026
3486,w_498,498,weight,0.000110975154
8,cxx_1,1,diagonal,0.000110673514
894,cyz_127,127,off_diagonal,0.000110505185
2100,w_300,300,weight,0.000110426095
56,w_8,8,weight,0.00011029098
1083,cyz_154,154,off_diagonal,0.00011019613
1585,cxz_226,226,off_diagonal,0.000110080975
3424,cxx_489,489,diagonal,0.00011000443
2751,w_393,393,weight,0.00010955535
81,cyy_11,11,diagonal,0.00010946603
4,cyy_0,0,diagonal,0.000109324144
1489,cyz_212,212,off_diagonal,0.00010911411
631,cxx_90,90,diagonal,0.00010895942
3393,cyz_484,484,off_diagonal,0.0001086411
1050,w_150,150,weight,0.0001084341
1283,cxy_183,183,off_diagonal,0.00010815832
1833,czz_261,261,diagonal,0.000108115804
1928,cxz_275,275,off_diagonal,0.000107941225
1821,cxx_260,260,diagonal,0.00010767845
113,cxx_16,16,diagonal,0.000107618485
3267,cyz_466,466,off_diagonal,0.00010703159
3446,cxy_492,492,off_diagonal,0.0001068542
1052,cxy_150,150,off_diagonal,0.00010666435
3261,czz_465,465,diagonal,0.000106308005
1464,cxx_209,209,diagonal,0.00010611759
3325,w_475,475,weight,0.000106089086
342,czz_48,48,diagonal,0.000106069485
3437,w_491,491,weight,0.00010581947
761,cyz_108,108,off_diagonal,0.00010533467
1231,czz_175,175,diagonal,0.00010510789
550,cyy_78,78,diagonal,0.0001050786
772,cxy_110,110,off_diagonal,0.00010506757
2272,cyy_324,324,diagonal,0.00010487445
1652,w_236,236,weight,0.00010477915
2521,cxx_360,360,diagonal,0.000104762876
2853,cyy_407,407,diagonal,0.00010464627
2264,cxz_323,323,off_diagonal,0.000104546285
3150,w_450,450,weight,0.00010454509
2113,czz_301,301,diagonal,0.00010441638
2791,cyz_398,398,off_diagonal,0.00010431422
310,cxy_44,44,off_diagonal,0.00010429893
1723,cxx_246,246,diagonal,0.000104143444
2428,czz_346,346,diagonal,0.00010357022
1466,cxz_209,209,off_diagonal,0.000103299666
1654,cxy_236,236,off_diagonal,0.00010289415
814,cxy_116,116,off_diagonal,0.00010268591
620,cyy_88,88,diagonal,0.00010261002
2818,cyy_402,402,diagonal,0.00010235098
515,cyy_73,73,diagonal,0.000102194455
1745,cxy_249,249,off_diagonal,0.00010194858
3438,cxx_491,491,diagonal,0.000101721205
1662,cxz_237,237,off_diagonal,0.000101687874
1573,cyz_224,224,off_diagonal,0.00010145242
88,cyy_12,12,diagonal,0.00010112688
3119,cyy_445,445,diagonal,0.000100978395
381,cxz_54,54,off_diagonal,0.00010083356
2285,cxz_326,326,off_diagonal,0.00010049635
2901,cxz_414,414,off_diagonal,0.000100494144
60,cyy_8,8,diagonal,0.00010010966
1015,w_145,145,weight,0.000100006386
692,czz_98,98,diagonal,9.988525e-05
1171,cxy_167,167,off_diagonal,9.98162e-05
2417,cxy_345,345,off_diagonal,9.9810066e-05
2187,cxz_312,312,off_diagonal,9.9762816e-05
2905,w_415,415,weight,9.950486e-05
609,w_87,87,weight,9.9441226e-05
2778,czz_396,396,diagonal,9.909078e-05
35,w_5,5,weight,9.871836e-05
1063,czz_151,151,diagonal,9.8703225e-05
1710,cxy_244,244,off_diagonal,9.863633e-05
2122,cxx_303,303,diagonal,9.8473705e-05
2515,cxy_359,359,off_diagonal,9.8273194e-05
2623,cyz_374,374,off_diagonal,9.783489e-05
1345,cxx_192,192,diagonal,9.780872e-05
1114,cxx_159,159,diagonal,9.77828e-05
1306,cyy_186,186,diagonal,9.760002e-05
487,cyy_69,69,diagonal,9.7281074e-05
395,cxz_56,56,off_diagonal,9.7253505e-05
857,cxz_122,122,off_diagonal,9.7174336e-05
1067,cxz_152,152,off_diagonal,9.717378e-05
3382,cxx_483,483,diagonal,9.704259e-05
615,czz_87,87,diagonal,9.6925054e-05
320,cyz_45,45,off_diagonal,9.678804e-05
2976,cxx_425,425,diagonal,9.676933e-05
2782,cxz_397,397,off_diagonal,9.666094e-05
1341,cyy_191,191,diagonal,9.647948e-05
733,cyz_104,104,off_diagonal,9.585459e-05
3269,w_467,467,weight,9.559309e-05
22,cxx_3,3,diagonal,9.55469e-05
1999,cyy_285,285,diagonal,9.5514944e-05
1396,cxz_199,199,off_diagonal,9.497944e-05
2761,cxz_394,394,off_diagonal,9.491284e-05
1749,czz_249,249,diagonal,9.431245e-05
3463,cyz_494,494,off_diagonal,9.401507e-05
1903,czz_271,271,diagonal,9.393722e-05
3017,w_431,431,weight,9.389094e-05
2032,cxy_290,290,off_diagonal,9.366991e-05
2180,cxz_311,311,off_diagonal,9.3590665e-05
1336,czz_190,190,diagonal,9.337945e-05
2319,cxy_331,331,off_diagonal,9.313481e-05
3362,cxy_480,480,off_diagonal,9.309254e-05
1669,cxz_238,238,off_diagonal,9.297085e-05
1571,cxz_224,224,off_diagonal,9.277461e-05
2781,cxy_397,397,off_diagonal,9.247954e-05
2393,czz_341,341,diagonal,9.240575e-05
1877,cxx_268,268,diagonal,9.17148e-05
305,cyy_43,43,diagonal,9.167811e-05
3481,cxy_497,497,off_diagonal,9.150319e-05
2026,cxz_289,289,off_diagonal,9.133437e-05
397,cyz_56,56,off_diagonal,9.0909336e-05
197,cxx_28,28,diagonal,9.083865e-05
801,cxz_114,114,off_diagonal,9.0469664e-05
1039,cxz_148,148,off_diagonal,9.039123e-05
1982,cxx_283,283,diagonal,9.028002e-05
3034,cxz_433,433,off_diagonal,9.021444e-05
3091,cyy_441,441,diagonal,9.013909e-05
795,cyy_113,113,diagonal,9.004836e-05
245,w_35,35,weight,8.9893e-05
2903,cyz_414,414,off_diagonal,8.96652e-05
2033,cxz_290,290,off_diagonal,8.9357476e-05
100,cxy_14,14,off_diagonal,8.928305e-05
713,czz_101,101,diagonal,8.899679e-05
2071,czz_295,295,diagonal,8.893132e-05
3221,cxx_460,460,diagonal,8.886631e-05
2327,cxz_332,332,off_diagonal,8.85957e-05
2455,cyz_350,350,off_diagonal,8.852666e-05
1638,w_234,234,weight,8.831891e-05
2590,w_370,370,weight,8.808984e-05
1201,cyy_171,171,diagonal,8.7774955e-05
1658,czz_236,236,diagonal,8.776484e-05
3120,cyz_445,445,off_diagonal,8.7710076e-05
734,czz_104,104,diagonal,8.769504e-05
2419,cyy_345,345,diagonal,8.745847e-05
1011,cxz_144,144,off_diagonal,8.7449334e-05
272,czz_38,38,diagonal,8.729002e-05
3158,cxx_451,451,diagonal,8.717226e-05
212,cxy_30,30,off_diagonal,8.703439e-05
843,cxz_120,120,off_diagonal,8.673997e-05
622,czz_88,88,diagonal,8.6507134e-05
149,cxy_21,21,off_diagonal,8.618909e-05
1021,czz_145,145,diagonal,8.572411e-05
1293,cyz_184,184,off_diagonal,8.5634325e-05
685,czz_97,97,diagonal,8.5623455e-05
2948,cxx_421,421,diagonal,8.556421e-05
961,cxy_137,137,off_diagonal,8.5451305e-05
2655,cxy_379,379,off_diagonal,8.524223e-05
2857,cxx_408,408,diagonal,8.4864485e-05
1913,cxy_273,273,off_diagonal,8.482232e-05
851,cyy_121,121,diagonal,8.4732004e-05
2281,czz_325,325,diagonal,8.468894e-05
753,cyy_107,107,diagonal,8.453254e-05
2486,cxx_355,355,diagonal,8.423017e-05
363,czz_51,51,diagonal,8.411763e-05
2148,czz_306,306,diagonal,8.396858e-05
1690,cxz_241,241,off_diagonal,8.3870065e-05
1167,cyz_166,166,off_diagonal,8.383796e-05
1989,cxx_284,284,diagonal,8.370578e-05
1525,czz_217,217,diagonal,8.351361e-05
2985,cxz_426,426,off_diagonal,8.35135e-05
984,cyy_140,140,diagonal,8.338913e-05
237,czz_33,33,diagonal,8.338598e-05
2868,cyz_409,409,off_diagonal,8.338544e-05
2361,cxy_337,337,off_diagonal,8.308642e-05
613,cyy_87,87,diagonal,8.306785e-05
2855,czz_407,407,diagonal,8.306449e-05
1168,czz_166,166,diagonal,8.299975e-05
2797,cyy_399,399,diagonal,8.2985396e-05
2768,cxz_395,395,off_diagonal,8.286914e-05
318,cxz_45,45,off_diagonal,8.280046e-05
2821,w_403,403,weight,8.279738e-05
18,cyy_2,2,diagonal,8.2533355e-05
2052,cxx_293,293,diagonal,8.180858e-05
29,cxx_4,4,diagonal,8.168898e-05
1125,cyz_160,160,off_diagonal,8.156009e-05
2867,cyy_409,409,diagonal,8.134893e-05
1907,cxz_272,272,off_diagonal,8.131735e-05
2654,cxx_379,379,diagonal,8.0721766e-05
2566,cyy_366,366,diagonal,8.068458e-05
155,cxx_22,22,diagonal,8.047563e-05
2967,czz_423,423,diagonal,7.9966645e-05
248,cxz_35,35,off_diagonal,7.991912e-05
3181,cxz_454,454,off_diagonal,7.991462e-05
2915,cxz_416,416,off_diagonal,7.963336e-05
1381,cxy_197,197,off_diagonal,7.9525926e-05
1855,w_265,265,weight,7.952275e-05
3484,cyz_497,497,off_diagonal,7.9442456e-05
936,cyz_133,133,off_diagonal,7.942974e-05
138,cyz_19,19,off_diagonal,7.940167e-05
3058,czz_436,436,diagonal,7.937781e-05
99,cxx_14,14,diagonal,7.902044e-05
1042,czz_148,148,diagonal,7.883372e-05
3170,czz_452,452,diagonal,7.867947e-05
2952,cyz_421,421,off_diagonal,7.8511766e-05
2987,cyz_426,426,off_diagonal,7.844209e-05
536,cyy_76,76,diagonal,7.840318e-05
2326,cxy_332,332,off_diagonal,7.833731e-05
1394,cxx_199,199,diagonal,7.832512e-05
3294,cyy_470,470,diagonal,7.8274155e-05
2078,czz_296,296,diagonal,7.826924e-05
433,czz_61,61,diagonal,7.8229474e-05
2825,cyy_403,403,diagonal,7.811419e-05
462,w_66,66,weight,7.784134e-05
2072,w_296,296,weight,7.777239e-05
2811,cyy_401,401,diagonal,7.7632605e-05
2335,cyy_333,333,diagonal,7.7501485e-05
351,cxx_50,50,diagonal,7.743702e-05
1953,w_279,279,weight,7.743047e-05
1017,cxy_145,145,off_diagonal,7.727122e-05
219,cxy_31,31,off_diagonal,7.689616e-05
700,w_100,100,weight,7.6847624e-05
998,cyy_142,142,diagonal,7.6793025e-05
1333,cxz_190,190,off_diagonal,7.6407414e-05
2170,w_310,310,weight,7.636926e-05
765,cxy_109,109,off_diagonal,7.607568e-05
2884,w_412,412,weight,7.600857e-05
262,cxz_37,37,off_diagonal,7.592619e-05
1456,w_208,208,weight,7.5747485e-05
1272,cyz_181,181,off_diagonal,7.555666e-05
1843,cxy_263,263,off_diagonal,7.555266e-05
742,w_106,106,weight,7.553621e-05
3157,w_451,451,weight,7.5483615e-05
724,cxz_103,103,off_diagonal,7.539675e-05
3301,cyy_471,471,diagonal,7.534915e-05
3241,w_463,463,weight,7.505566e-05
934,cxz_133,133,off_diagonal,7.498871e-05
1206,cxy_172,172,off_diagonal,7.4902426e-05
2124,cxz_303,303,off_diagonal,7.478124e-05
973,w_139,139,weight,7.469233e-05
344,cxx_49,49,diagonal,7.449629e-05
3173,cxy_453,453,off_diagonal,7.441572e-05
366,cxy_52,52,off_diagonal,7.438783e-05
2219,w_317,317,weight,7.417978e-05
3363,cxz_480,480,off_diagonal,7.4142e-05
1587,cyz_226,226,off_diagonal,7.410945e-05
1001,w_143,143,weight,7.404967e-05
718,cyy_102,102,diagonal,7.401344e-05
3349,cxz_478,478,off_diagonal,7.3930976e-05
1790,cyz_255,255,off_diagonal,7.392038e-05
2383,cxz_340,340,off_diagonal,7.37704e-05
3036,cyz_433,433,off_diagonal,7.373725e-05
2668,cxx_381,381,diagonal,7.356052e-05
642,cyz_91,91,off_diagonal,7.345784e-05
2131,cxz_304,304,off_diagonal,7.33718e-05
1275,cxx_182,182,diagonal,7.325559e-05
3095,cxx_442,442,diagonal,7.306076e-05
1079,cxx_154,154,diagonal,7.274002e-05
1355,cyy_193,193,diagonal,7.267639e-05
1699,cyz_242,242,off_diagonal,7.261438e-05
331,cxy_47,47,off_diagonal,7.234515e-05
1952,czz_278,278,diagonal,7.2153685e-05
829,cxz_118,118,off_diagonal,7.195638e-05
218,cxx_31,31,diagonal,7.181849e-05
2438,cxy_348,348,off_diagonal,7.163215e-05
999,cyz_142,142,off_diagonal,7.15173e-05
2402,cxx_343,343,diagonal,7.140448e-05
2000,cyz_285,285,off_diagonal,7.120786e-05
2211,czz_315,315,diagonal,7.107288e-05
2390,cxz_341,341,off_diagonal,7.104489e-05
3,cxz_0,0,off_diagonal,7.100362e-05
531,czz_75,75,diagonal,7.097464e-05
1874,cyz_267,267,off_diagonal,7.09306e-05
6,czz_0,0,diagonal,7.0844624e-05
647,cxz_92,92,off_diagonal,7.083124e-05
2597,w_371,371,weight,7.070684e-05
1372,w_196,196,weight,7.05903e-05
288,cxx_41,41,diagonal,7.052001e-05
1407,w_201,201,weight,7.041796e-05
2581,cyz_368,368,off_diagonal,7.01736e-05
2596,czz_370,370,diagonal,7.010832e-05
2731,cxx_390,390,diagonal,6.993971e-05
3111,cxz_444,444,off_diagonal,6.960606e-05
185,cxz_26,26,off_diagonal,6.95016e-05
2,cxy_0,0,off_diagonal,6.94971e-05
1861,czz_265,265,diagonal,6.931662e-05
2561,czz_365,365,diagonal,6.9172915e-05
3480,cxx_497,497,diagonal,6.916788e-05
1129,cxy_161,161,off_diagonal,6.898014e-05
2416,cxx_345,345,diagonal,6.892923e-05
3012,cxy_430,430,off_diagonal,6.889201e-05
2974,czz_424,424,diagonal,6.886124e-05
1891,cxx_270,270,diagonal,6.871769e-05
77,w_11,11,weight,6.8635214e-05
905,cxy_129,129,off_diagonal,6.85933e-05
3068,cxy_438,438,off_diagonal,6.857994e-05
94,cxz_13,13,off_diagonal,6.851471e-05
2939,czz_419,419,diagonal,6.850781e-05
2214,cxy_316,316,off_diagonal,6.84778e-05
326,cyy_46,46,diagonal,6.839119e-05
540,cxx_77,77,diagonal,6.837807e-05
43,cxx_6,6,diagonal,6.833022e-05
328,czz_46,46,diagonal,6.8324116e-05
1993,cyz_284,284,off_diagonal,6.813267e-05
1423,cxy_203,203,off_diagonal,6.8128014e-05
312,cyy_44,44,diagonal,6.80501e-05
2436,w_348,348,weight,6.733442e-05
2517,cyy_359,359,diagonal,6.6973415e-05
1618,cxx_231,231,diagonal,6.687605e-05
2035,cyz_290,290,off_diagonal,6.6845336e-05
1307,cyz_186,186,off_diagonal,6.683711e-05
2772,w_396,396,weight,6.677275e-05
3430,w_490,490,weight,6.672811e-05
2883,czz_411,411,diagonal,6.641698e-05
3125,cxz_446,446,off_diagonal,6.640925e-05
853,czz_121,121,diagonal,6.6283246e-05
3137,cxx_448,448,diagonal,6.6282104e-05
1221,cxz_174,174,off_diagonal,6.621001e-05
1473,cxz_210,210,off_diagonal,6.6196495e-05
1800,cxx_257,257,diagonal,6.6174405e-05
1245,czz_177,177,diagonal,6.615356e-05
2434,cyz_347,347,off_diagonal,6.606973e-05
435,cxx_62,62,diagonal,6.598472e-05
209,czz_29,29,diagonal,6.598266e-05
1267,w_181,181,weight,6.592902e-05
556,cxz_79,79,off_diagonal,6.572602e-05
534,cxy_76,76,off_diagonal,6.527038e-05
2464,w_352,352,weight,6.519959e-05
3245,cyy_463,463,diagonal,6.498028e-05
27,czz_3,3,diagonal,6.4758504e-05
2136,cxx_305,305,diagonal,6.465767e-05
313,cyz_44,44,off_diagonal,6.465145e-05
396,cyy_56,56,diagonal,6.42807e-05
3286,cxz_469,469,off_diagonal,6.4057545e-05
850,cxz_121,121,off_diagonal,6.390519e-05
3426,cxz_489,489,off_diagonal,6.386417e-05
3279,cxz_468,468,off_diagonal,6.3766194e-05
3409,w_487,487,weight,6.350231e-05
3189,cyy_455,455,diagonal,6.339998e-05
689,cxz_98,98,off_diagonal,6.3370695e-05
1801,cxy_257,257,off_diagonal,6.320337e-05
1851,cxz_264,264,off_diagonal,6.313273e-05
2466,cxy_352,352,off_diagonal,6.310459e-05
1881,cyz_268,268,off_diagonal,6.3031104e-05
1013,cyz_144,144,off_diagonal,6.291581e-05
268,cxy_38,38,off_diagonal,6.28702e-05
2568,czz_366,366,diagonal,6.281985e-05
3440,cxz_491,491,off_diagonal,6.2818894e-05
996,cxy_142,142,off_diagonal,6.2730076e-05
2733,cxz_390,390,off_diagonal,6.2488434e-05
157,cxz_22,22,off_diagonal,6.24217e-05
475,czz_67,67,diagonal,6.2401705e-05
1261,cxx_180,180,diagonal,6.2362706e-05
3264,cxy_466,466,off_diagonal,6.230393e-05
1225,w_175,175,weight,6.217301e-05
3386,cyz_483,483,off_diagonal,6.192901e-05
2665,cyz_380,380,off_diagonal,6.192273e-05
552,czz_78,78,diagonal,6.186325e-05
3212,czz_458,458,diagonal,6.181497e-05
3404,cxy_486,486,off_diagonal,6.171653e-05
1957,cyy_279,279,diagonal,6.166805e-05
3214,cxx_459,459,diagonal,6.163234e-05
0,w_0,0,weight,6.161553e-05
1392,czz_198,198,diagonal,6.159146e-05
667,cxy_95,95,off_diagonal,6.158242e-05
3204,cyz_457,457,off_diagonal,6.1555605e-05
785,cxx_112,112,diagonal,6.154089e-05
1893,cxz_270,270,off_diagonal,6.108577e-05
1400,w_200,200,weight,6.1079394e-05
71,cxx_10,10,diagonal,6.106282e-05
65,cxy_9,9,off_diagonal,6.104298e-05
2554,czz_364,364,diagonal,6.0992243e-05
1593,cyy_227,227,diagonal,6.0991537e-05
32,cyy_4,4,diagonal,6.0930928e-05
1948,cxy_278,278,off_diagonal,6.0838145e-05
1081,cxz_154,154,off_diagonal,6.0769496e-05
977,cyy_139,139,diagonal,6.0689916e-05
3182,cyy_454,454,diagonal,6.0560786e-05
743,cxx_106,106,diagonal,6.047807e-05
806,cxx_115,115,diagonal,6.03428e-05
2823,cxy_403,403,off_diagonal,6.0299757e-05
1559,cyz_222,222,off_diagonal,6.0268754e-05
3389,cxx_484,484,diagonal,6.0266433e-05
1329,czz_189,189,diagonal,6.026303e-05
2562,w_366,366,weight,6.0236653e-05
789,cyz_112,112,off_diagonal,6.0041744e-05
1747,cyy_249,249,diagonal,5.9996117e-05
1997,cxy_285,285,off_diagonal,5.997805e-05
1084,czz_154,154,diagonal,5.994333e-05
2366,w_338,338,weight,5.9839807e-05
126,w_18,18,weight,5.9774495e-05
1136,cxy_162,162,off_diagonal,5.9770395e-05
3329,cyy_475,475,diagonal,5.975771e-05
3140,cyy_448,448,diagonal,5.9602462e-05
1324,cxx_189,189,diagonal,5.957993e-05
2443,w_349,349,weight,5.9564914e-05
2184,w_312,312,weight,5.954721e-05
1916,cyz_273,273,off_diagonal,5.952768e-05
3471,czz_495,495,diagonal,5.9330305e-05
1289,cxx_184,184,diagonal,5.9319707e-05
2150,cxx_307,307,diagonal,5.9241687e-05
1169,w_167,167,weight,5.908298e-05
3470,cyz_495,495,off_diagonal,5.9064034e-05
1742,czz_248,248,diagonal,5.9026966e-05
330,cxx_47,47,diagonal,5.899168e-05
3493,w_499,499,weight,5.898967e-05
73,cxz_10,10,off_diagonal,5.893007e-05
2511,cyz_358,358,off_diagonal,5.8925347e-05
513,cxy_73,73,off_diagonal,5.8775553e-05
1967,w_281,281,weight,5.875181e-05
2828,w_404,404,weight,5.870829e-05
677,cyz_96,96,off_diagonal,5.865914e-05
3231,cyy_461,461,diagonal,5.8655885e-05
2311,cxx_330,330,diagonal,5.856738e-05
1898,cxx_271,271,diagonal,5.839421e-05
2034,cyy_290,290,diagonal,5.817801e-05
3262,w_466,466,weight,5.8177222e-05
3303,czz_471,471,diagonal,5.8146237e-05
1490,czz_212,212,diagonal,5.8127232e-05
137,cyy_19,19,diagonal,5.8106754e-05
365,cxx_52,52,diagonal,5.798283e-05
1811,cyz_258,258,off_diagonal,5.7964073e-05
512,cxx_73,73,diagonal,5.790712e-05
83,czz_11,11,diagonal,5.785397e-05
47,cyz_6,6,off_diagonal,5.7842204e-05
1698,cyy_242,242,diagonal,5.783785e-05
458,cxz_65,65,off_diagonal,5.771368e-05
2722,czz_388,388,diagonal,5.7712714e-05
2406,cyz_343,343,off_diagonal,5.7695797e-05
1296,cxx_185,185,diagonal,5.7590834e-05
1968,cxx_281,281,diagonal,5.753998e-05
2934,cxx_419,419,diagonal,5.7350702e-05
115,cxz_16,16,off_diagonal,5.728189e-05
3429,czz_489,489,diagonal,5.725408e-05
277,cyy_39,39,diagonal,5.7180503e-05
1950,cyy_278,278,diagonal,5.7091314e-05
1176,w_168,168,weight,5.6915494e-05
2421,czz_345,345,diagonal,5.687658e-05
76,czz_10,10,diagonal,5.6843583e-05
3103,cxy_443,443,off_diagonal,5.6802626e-05
3044,czz_434,434,diagonal,5.676234e-05
1048,cyz_149,149,off_diagonal,5.675677e-05
279,czz_39,39,diagonal,5.6694065e-05
1375,cxz_196,196,off_diagonal,5.6674253e-05
1812,czz_258,258,diagonal,5.6672518e-05
634,cyy_90,90,diagonal,5.6647554e-05
3084,cyy_440,440,diagonal,5.655981e-05
2126,cyz_303,303,off_diagonal,5.645172e-05
691,cyz_98,98,off_diagonal,5.6405945e-05
3067,cxx_438,438,diagonal,5.633107e-05
2594,cyy_370,370,diagonal,5.6315414e-05
963,cyy_137,137,diagonal,5.6254e-05
2279,cyy_325,325,diagonal,5.611593e-05
2806,czz_400,400,diagonal,5.6030363e-05
563,cxz_80,80,off_diagonal,5.581648e-05
1677,cyy_239,239,diagonal,5.5807133e-05
2574,cyz_367,367,off_diagonal,5.5761153e-05
897,cxx_128,128,diagonal,5.574231e-05
2753,cxy_393,393,off_diagonal,5.571833e-05
3439,cxy_491,491,off_diagonal,5.566906e-05
2039,cxy_291,291,off_diagonal,5.563667e-05
1825,cyz_260,260,off_diagonal,5.556513e-05
2129,cxx_304,304,diagonal,5.5463737e-05
372,cxx_53,53,diagonal,5.5463555e-05
2255,cxx_322,322,diagonal,5.544304e-05
2112,cyz_301,301,off_diagonal,5.5401142e-05
117,cyz_16,16,off_diagonal,5.5320135e-05
2040,cxz_291,291,off_diagonal,5.525373e-05
3343,cyy_477,477,diagonal,5.52312e-05
2138,cxz_305,305,off_diagonal,5.5209537e-05
604,cxy_86,86,off_diagonal,5.5066175e-05
3295,cyz_470,470,off_diagonal,5.484787e-05
3282,czz_468,468,diagonal,5.4768174e-05
1937,cyz_276,276,off_diagonal,5.4623906e-05
2182,cyz_311,311,off_diagonal,5.448643e-05
231,w_33,33,weight,5.444453e-05
1518,czz_216,216,diagonal,5.434149e-05
1190,w_170,170,weight,5.4308297e-05
1630,czz_232,232,diagonal,5.4274555e-05
3351,cyz_478,478,off_diagonal,5.4240587e-05
1641,cxz_234,234,off_diagonal,5.4158776e-05
92,cxx_13,13,diagonal,5.4076423e-05
1113,w_159,159,weight,5.3823645e-05
453,cyz_64,64,off_diagonal,5.364144e-05
3452,cxx_493,493,diagonal,5.3519558e-05
2978,cxz_425,425,off_diagonal,5.339118e-05
737,cxy_105,105,off_diagonal,5.323303e-05
222,cyz_31,31,off_diagonal,5.3168184e-05
2097,cyy_299,299,diagonal,5.310915e-05
96,cyz_13,13,off_diagonal,5.2971907e-05
1636,cyz_233,233,off_diagonal,5.282624e-05
1683,cxz_240,240,off_diagonal,5.2719854e-05
2056,cyz_293,293,off_diagonal,5.2569525e-05
2160,cyy_308,308,diagonal,5.2409297e-05
2045,cxx_292,292,diagonal,5.240926e-05
2510,cyy_358,358,diagonal,5.221857e-05
3215,cxy_459,459,off_diagonal,5.218036e-05
941,cxz_134,134,off_diagonal,5.190909e-05
416,cxz_59,59,off_diagonal,5.182697e-05
3263,cxx_466,466,diagonal,5.1802905e-05
2503,cyy_357,357,diagonal,5.177625e-05
2981,czz_425,425,diagonal,5.1713327e-05
2190,czz_312,312,diagonal,5.1683255e-05
188,czz_26,26,diagonal,5.1453415e-05
3052,w_436,436,weight,5.1448886e-05
61,cyz_8,8,off_diagonal,5.142053e-05
82,cyz_11,11,off_diagonal,5.116267e-05
931,w_133,133,weight,5.1109837e-05
3230,cxz_461,461,off_diagonal,5.1106104e-05
465,cxz_66,66,off_diagonal,5.1086383e-05
401,cxy_57,57,off_diagonal,5.083939e-05
587,czz_83,83,diagonal,5.07398e-05
1731,cxy_247,247,off_diagonal,5.0721093e-05
954,cxy_136,136,off_diagonal,5.065163e-05
297,cxz_42,42,off_diagonal,5.063071e-05
1753,cxz_250,250,off_diagonal,5.0596933e-05
1613,cxz_230,230,off_diagonal,5.0446957e-05
3265,cxz_466,466,off_diagonal,5.0419923e-05
2699,cyy_385,385,diagonal,5.0418672e-05
160,czz_22,22,diagonal,5.0389954e-05
704,cyy_100,100,diagonal,5.0292536e-05
2589,czz_369,369,diagonal,5.0211675e-05
2718,cxy_388,388,off_diagonal,5.0101353e-05
1029,w_147,147,weight,5.0098337e-05
629,czz_89,89,diagonal,4.9985723e-05
2437,cxx_348,348,diagonal,4.995065e-05
383,cyz_54,54,off_diagonal,4.9928844e-05
1095,cxz_156,156,off_diagonal,4.988157e-05
980,w_140,140,weight,4.986638e-05
2349,cyy_335,335,diagonal,4.985475e-05
2118,cyy_302,302,diagonal,4.982132e-05
78,cxx_11,11,diagonal,4.9769853e-05
2267,czz_323,323,diagonal,4.9768496e-05
123,cyy_17,17,diagonal,4.975398e-05
1873,cyy_267,267,diagonal,4.9723825e-05
3063,cyy_437,437,diagonal,4.9622726e-05
2979,cyy_425,425,diagonal,4.960266e-05
1441,czz_205,205,diagonal,4.959514e-05
2523,cxz_360,360,off_diagonal,4.946965e-05
134,cxx_19,19,diagonal,4.944972e-05
2633,cxx_376,376,diagonal,4.9248378e-05
75,cyz_10,10,off_diagonal,4.9180446e-05
1862,w_266,266,weight,4.9108265e-05
2415,w_345,345,weight,4.89743e-05
309,cxx_44,44,diagonal,4.8969083e-05
2827,czz_403,403,diagonal,4.8965354e-05
2676,cxy_382,382,off_diagonal,4.892645e-05
1798,czz_256,256,diagonal,4.892453e-05
900,cyy_128,128,diagonal,4.8916907e-05
349,czz_49,49,diagonal,4.8905316e-05
2367,cxx_338,338,diagonal,4.8854014e-05
2894,cxz_413,413,off_diagonal,4.8740792e-05
2145,cxz_306,306,off_diagonal,4.8641345e-05
2440,cyy_348,348,diagonal,4.839621e-05
1906,cxy_272,272,off_diagonal,4.796326e-05
725,cyy_103,103,diagonal,4.7949023e-05
1486,cxy_212,212,off_diagonal,4.784766e-05
2482,cyy_354,354,diagonal,4.7833728e-05
2799,czz_399,399,diagonal,4.7787442e-05
36,cxx_5,5,diagonal,4.7747297e-05
301,w_43,43,weight,4.769218e-05
2577,cxx_368,368,diagonal,4.7659e-05
782,cyz_111,111,off_diagonal,4.7573933e-05
1938,czz_276,276,diagonal,4.74173e-05
2956,cxy_422,422,off_diagonal,4.735207e-05
2469,cyz_352,352,off_diagonal,4.721123e-05
1130,cxz_161,161,off_diagonal,4.712155e-05
3169,cyz_452,452,off_diagonal,4.710609e-05
1370,cyz_195,195,off_diagonal,4.7105106e-05
2712,cxz_387,387,off_diagonal,4.699975e-05
716,cxy_102,102,off_diagonal,4.6985817e-05
2612,cxx_373,373,diagonal,4.6947116e-05
394,cxy_56,56,off_diagonal,4.6896344e-05
3331,czz_475,475,diagonal,4.6883793e-05
166,cyz_23,23,off_diagonal,4.6836052e-05
1507,cxy_215,215,off_diagonal,4.6801746e-05
1422,cxx_203,203,diagonal,4.6796962e-05
2949,cxy_421,421,off_diagonal,4.6709843e-05
1262,cxy_180,180,off_diagonal,4.6629244e-05
1857,cxy_265,265,off_diagonal,4.660538e-05
62,czz_8,8,diagonal,4.6577094e-05
3193,cxx_456,456,diagonal,4.6538426e-05
1528,cxy_218,218,off_diagonal,4.647535e-05
1199,cxy_171,171,off_diagonal,4.644124e-05
1121,cxx_160,160,diagonal,4.6367462e-05
2536,cxy_362,362,off_diagonal,4.627151e-05
2766,cxx_395,395,diagonal,4.613713e-05
2169,czz_309,309,diagonal,4.6133046e-05
3152,cxy_450,450,off_diagonal,4.6030593e-05
1258,cyz_179,179,off_diagonal,4.5792258e-05
982,cxy_140,140,off_diagonal,4.5783938e-05
2210,cyz_315,315,off_diagonal,4.570036e-05
521,cxz_74,74,off_diagonal,4.5552075e-05
976,cxz_139,139,off_diagonal,4.554021e-05
528,cxz_75,75,off_diagonal,4.5510995e-05
2583,w_369,369,weight,4.5487213e-05
2763,cyz_394,394,off_diagonal,4.5443612e-05
1138,cyy_162,162,diagonal,4.5316894e-05
1322,czz_188,188,diagonal,4.5118893e-05
1802,cxz_257,257,off_diagonal,4.510389e-05
1569,cxx_224,224,diagonal,4.5090157e-05
1972,cyz_281,281,off_diagonal,4.5064444e-05
172,cyy_24,24,diagonal,4.5042976e-05
3202,cxz_457,457,off_diagonal,4.502166e-05
2896,cyz_413,413,off_diagonal,4.4968096e-05
2256,cxy_322,322,off_diagonal,4.4929628e-05
1150,cxy_164,164,off_diagonal,4.4844594e-05
1390,cyy_198,198,diagonal,4.4693083e-05
3168,cyy_452,452,diagonal,4.469136e-05
17,cxz_2,2,off_diagonal,4.466647e-05
720,czz_102,102,diagonal,4.461973e-05
474,cyz_67,67,off_diagonal,4.4486012e-05
2995,czz_427,427,diagonal,4.441604e-05
164,cxz_23,23,off_diagonal,4.4354918e-05
26,cyz_3,3,off_diagonal,4.4267e-05
1767,cxz_252,252,off_diagonal,4.4239354e-05
2292,cxz_327,327,off_diagonal,4.4224704e-05
2588,cyz_369,369,off_diagonal,4.4223776e-05
2348,cxz_335,335,off_diagonal,4.4163877e-05
3062,cxz_437,437,off_diagonal,4.410906e-05
1946,w_278,278,weight,4.4042037e-05
2861,cyz_408,408,off_diagonal,4.4009004e-05
2328,cyy_332,332,diagonal,4.3832973e-05
2483,cyz_354,354,off_diagonal,4.38308e-05
2970,cxy_424,424,off_diagonal,4.3646512e-05
1792,w_256,256,weight,4.351862e-05
1947,cxx_278,278,diagonal,4.344859e-05
1301,czz_185,185,diagonal,4.3432352e-05
2166,cxz_309,309,off_diagonal,4.3428117e-05
864,cxz_123,123,off_diagonal,4.338488e-05
1058,cxx_151,151,diagonal,4.335836e-05
968,cxy_138,138,off_diagonal,4.3349504e-05
2641,cxy_377,377,off_diagonal,4.3328633e-05
2240,w_320,320,weight,4.3113316e-05
657,czz_93,93,diagonal,4.3039807e-05
3364,cyy_480,480,diagonal,4.295228e-05
947,cxy_135,135,off_diagonal,4.289478e-05
516,cyz_73,73,off_diagonal,4.2846263e-05
2880,cxz_411,411,off_diagonal,4.28293e-05
3422,czz_488,488,diagonal,4.2735963e-05
2337,czz_333,333,diagonal,4.2715677e-05
2229,cxz_318,318,off_diagonal,4.263007e-05
3080,w_440,440,weight,4.259624e-05
1557,cxz_222,222,off_diagonal,4.2417287e-05
935,cyy_133,133,diagonal,4.2371896e-05
680,cxx_97,97,diagonal,4.2312193e-05
748,czz_106,106,diagonal,4.227246e-05
762,czz_108,108,diagonal,4.226073e-05
12,cyz_1,1,off_diagonal,4.22446e-05
3223,cxz_460,460,off_diagonal,4.221305e-05
3414,cyz_487,487,off_diagonal,4.2021387e-05
2010,cxx_287,287,diagonal,4.2012074e-05
1424,cxz_203,203,off_diagonal,4.1904772e-05
41,czz_5,5,diagonal,4.1874806e-05
2347,cxy_335,335,off_diagonal,4.176162e-05
1156,cxx_165,165,diagonal,4.168268e-05
2677,cxz_382,382,off_diagonal,4.1494524e-05
2173,cxz_310,310,off_diagonal,4.1385654e-05
3244,cxz_463,463,off_diagonal,4.1363688e-05
2792,czz_398,398,diagonal,4.1338302e-05
2729,czz_389,389,diagonal,4.112152e-05
862,cxx_123,123,diagonal,4.109235e-05
2666,czz_380,380,diagonal,4.0993655e-05
1196,czz_170,170,diagonal,4.0959843e-05
3194,cxy_456,456,off_diagonal,4.093757e-05
607,cyz_86,86,off_diagonal,4.0931518e-05
30,cxy_4,4,off_diagonal,4.090878e-05
2020,cyy_288,288,diagonal,4.088983e-05
128,cxy_18,18,off_diagonal,4.0860887e-05
2846,cyy_406,406,diagonal,4.085785e-05
2461,cyy_351,351,diagonal,4.084522e-05
3138,cxy_448,448,off_diagonal,4.0780287e-05
1309,w_187,187,weight,4.0707488e-05
2530,cxz_361,361,off_diagonal,4.049522e-05
1725,cxz_246,246,off_diagonal,4.0491734e-05
393,cxx_56,56,diagonal,4.0481642e-05
2076,cyy_296,296,diagonal,4.0464765e-05
261,cxy_37,37,off_diagonal,4.0463055e-05
3167,cxz_452,452,off_diagonal,4.0451392e-05
2353,cxx_336,336,diagonal,4.0347157e-05
1645,w_235,235,weight,4.033943e-05
226,cxy_32,32,off_diagonal,4.0269133e-05
2658,cyz_379,379,off_diagonal,4.0120238e-05
2992,cxz_427,427,off_diagonal,4.007889e-05
129,cxz_18,18,off_diagonal,4.0046834e-05
191,cxy_27,27,off_diagonal,3.998572e-05
15,cxx_2,2,diagonal,3.9933362e-05
338,cxy_48,48,off_diagonal,3.9895494e-05
1623,czz_231,231,diagonal,3.9865306e-05
2044,w_292,292,weight,3.978796e-05
943,cyz_134,134,off_diagonal,3.9731356e-05
3447,cxz_492,492,off_diagonal,3.9705887e-05
2670,cxz_381,381,off_diagonal,3.9669e-05
1832,cyz_261,261,off_diagonal,3.9509654e-05
595,w_85,85,weight,3.948865e-05
3327,cxy_475,475,off_diagonal,3.9486382e-05
2401,w_343,343,weight,3.9309423e-05
2231,cyz_318,318,off_diagonal,3.9264258e-05
2611,w_373,373,weight,3.9213763e-05
1515,cxz_216,216,off_diagonal,3.91994e-05
1629,cyz_232,232,off_diagonal,3.919084e-05
3448,cyy_492,492,diagonal,3.9185874e-05
1546,czz_220,220,diagonal,3.9164235e-05
1955,cxy_279,279,off_diagonal,3.915413e-05
2954,w_422,422,weight,3.8962073e-05
3188,cxz_455,455,off_diagonal,3.8905262e-05
1294,czz_184,184,diagonal,3.887522e-05
1353,cxy_193,193,off_diagonal,3.8874274e-05
3355,cxy_479,479,off_diagonal,3.885689e-05
1181,cyz_168,168,off_diagonal,3.880591e-05
2350,cyz_335,335,off_diagonal,3.8713097e-05
928,cyy_132,132,diagonal,3.8679336e-05
3395,w_485,485,weight,3.859165e-05
1260,w_180,180,weight,3.8509443e-05
1149,cxx_164,164,diagonal,3.846985e-05
1155,w_165,165,weight,3.8434646e-05
972,czz_138,138,diagonal,3.819778e-05
2567,cyz_366,366,off_diagonal,3.8191673e-05
2216,cyy_316,316,diagonal,3.809396e-05
2744,w_392,392,weight,3.808252e-05
1161,czz_165,165,diagonal,3.8060098e-05
176,cxx_25,25,diagonal,3.798566e-05
21,w_3,3,weight,3.7939884e-05
3383,cxy_483,483,off_diagonal,3.791097e-05
679,w_97,97,weight,3.790982e-05
499,cxy_71,71,off_diagonal,3.7780937e-05
626,cxz_89,89,off_diagonal,3.776359e-05
1276,cxy_182,182,off_diagonal,3.776106e-05
3288,cyz_469,469,off_diagonal,3.7720296e-05
3271,cxy_467,467,off_diagonal,3.7661743e-05
2228,cxy_318,318,off_diagonal,3.7534206e-05
2143,cxx_306,306,diagonal,3.7534177e-05
1756,czz_250,250,diagonal,3.7518545e-05
479,cxz_68,68,off_diagonal,3.7488506e-05
265,czz_37,37,diagonal,3.7432503e-05
3259,cyy_465,465,diagonal,3.727548e-05
1425,cyy_203,203,diagonal,3.7209356e-05
1016,cxx_145,145,diagonal,3.7164322e-05
565,cyz_80,80,off_diagonal,3.7159756e-05
1612,cxy_230,230,off_diagonal,3.7137455e-05
2694,czz_384,384,diagonal,3.7092865e-05
997,cxz_142,142,off_diagonal,3.7088823e-05
2860,cyy_408,408,diagonal,3.6970207e-05
707,w_101,101,weight,3.689228e-05
1803,cyy_257,257,diagonal,3.686702e-05
2344,czz_334,334,diagonal,3.6755107e-05
274,cxx_39,39,diagonal,3.6712518e-05
159,cyz_22,22,off_diagonal,3.6699792e-05
220,cxz_31,31,off_diagonal,3.6691104e-05
3016,czz_430,430,diagonal,3.665334e-05
509,cyz_72,72,off_diagonal,3.6609123e-05
1919,cxx_274,274,diagonal,3.642724e-05
2560,cyz_365,365,off_diagonal,3.6397065e-05
1740,cyy_248,248,diagonal,3.6239922e-05
635,cyz_90,90,off_diagonal,3.6235084e-05
541,cxy_77,77,off_diagonal,3.623088e-05
2785,czz_397,397,diagonal,3.6118618e-05
1056,czz_150,150,diagonal,3.6081794e-05
53,cyy_7,7,diagonal,3.6078476e-05
2640,cxx_377,377,diagonal,3.6068148e-05
2881,cyy_411,411,diagonal,3.6039208e-05
3087,w_441,441,weight,3.593967e-05
1124,cyy_160,160,diagonal,3.579573e-05
1265,cyz_180,180,off_diagonal,3.5788853e-05
2924,cyz_417,417,off_diagonal,3.578311e-05
1624,w_232,232,weight,3.5752466e-05
68,cyz_9,9,off_diagonal,3.574222e-05
1299,cyy_185,185,diagonal,3.571352e-05
2446,cxz_349,349,off_diagonal,3.5710804e-05
551,cyz_78,78,off_diagonal,3.570799e-05
3102,cxx_443,443,diagonal,3.570699e-05
2748,cyy_392,392,diagonal,3.564994e-05
424,cyy_60,60,diagonal,3.552338e-05
3234,w_462,462,weight,3.5491255e-05
2888,cyy_412,412,diagonal,3.5479865e-05
2551,cxz_364,364,off_diagonal,3.5462606e-05
3090,cxz_441,441,off_diagonal,3.5439647e-05
1727,cyz_246,246,off_diagonal,3.5311612e-05
9,cxy_1,1,off_diagonal,3.5234872e-05
695,cxy_99,99,off_diagonal,3.519417e-05
325,cxz_46,46,off_diagonal,3.5162917e-05
2705,cxz_386,386,off_diagonal,3.5097448e-05
3317,czz_473,473,diagonal,3.503238e-05
2004,cxy_286,286,off_diagonal,3.502406e-05
871,cxz_124,124,off_diagonal,3.496308e-05
780,cxz_111,111,off_diagonal,3.486348e-05
1300,cyz_185,185,off_diagonal,3.4787958e-05
2942,cxy_420,420,off_diagonal,3.4600023e-05
610,cxx_87,87,diagonal,3.454585e-05
1092,w_156,156,weight,3.447003e-05
2331,w_333,333,weight,3.443463e-05
538,czz_76,76,diagonal,3.4304e-05
1904,w_272,272,weight,3.425043e-05
2605,cxx_372,372,diagonal,3.422133e-05
2882,cyz_411,411,off_diagonal,3.42039e-05
1427,czz_203,203,diagonal,3.419699e-05
2293,cyy_327,327,diagonal,3.4137418e-05
3336,cyy_476,476,diagonal,3.4135202e-05
813,cxx_116,116,diagonal,3.409979e-05
2675,cxx_382,382,diagonal,3.3931425e-05
1776,cyz_253,253,off_diagonal,3.3906344e-05
2054,cxz_293,293,off_diagonal,3.3842585e-05
3499,czz_499,499,diagonal,3.3786306e-05
2425,cxz_346,346,off_diagonal,3.3769687e-05
1719,cyy_245,245,diagonal,3.375222e-05
2355,cxz_336,336,off_diagonal,3.373734e-05
770,w_110,110,weight,3.362966e-05
302,cxx_43,43,diagonal,3.354623e-05
1360,cxy_194,194,off_diagonal,3.3366712e-05
380,cxy_54,54,off_diagonal,3.3212422e-05
979,czz_139,139,diagonal,3.3187192e-05
2154,cyz_307,307,off_diagonal,3.310211e-05
821,cxy_117,117,off_diagonal,3.3053355e-05
1689,cxy_241,241,off_diagonal,3.3009816e-05
3302,cyz_471,471,off_diagonal,3.29533e-05
199,cxz_28,28,off_diagonal,3.2914202e-05
1178,cxy_168,168,off_diagonal,3.2868855e-05
1815,cxy_259,259,off_diagonal,3.281613e-05
705,cyz_100,100,off_diagonal,3.2780674e-05
2542,cxx_363,363,diagonal,3.2766704e-05
1804,cyz_257,257,off_diagonal,3.273672e-05
1041,cyz_148,148,off_diagonal,3.270276e-05
2188,cyy_312,312,diagonal,3.2677257e-05
1362,cyy_194,194,diagonal,3.2649295e-05
1045,cxy_149,149,off_diagonal,3.257013e-05
1871,cxy_267,267,off_diagonal,3.252585e-05
2559,cyy_365,365,diagonal,3.2523545e-05
329,w_47,47,weight,3.2517055e-05
3225,cyz_460,460,off_diagonal,3.242947e-05
2999,cxz_428,428,off_diagonal,3.2420437e-05
386,cxx_55,55,diagonal,3.239038e-05
944,czz_134,134,diagonal,3.2346496e-05
2958,cyy_422,422,diagonal,3.2335527e-05
3022,cyz_431,431,off_diagonal,3.2304473e-05
1143,cxy_163,163,off_diagonal,3.230197e-05
594,czz_84,84,diagonal,3.225888e-05
911,cxx_130,130,diagonal,3.2042808e-05
879,cyy_125,125,diagonal,3.199848e-05
1398,cyz_199,199,off_diagonal,3.1736203e-05
2615,cyy_373,373,diagonal,3.1725267e-05
2852,cxz_407,407,off_diagonal,3.1705214e-05
1213,cxy_173,173,off_diagonal,3.1703094e-05
570,cxz_81,81,off_diagonal,3.1629832e-05
3209,cxz_458,458,off_diagonal,3.152681e-05
769,czz_109,109,diagonal,3.1488795e-05
1044,cxx_149,149,diagonal,3.1450814e-05
1216,cyz_173,173,off_diagonal,3.140503e-05
2750,czz_392,392,diagonal,3.13789e-05
1024,cxy_146,146,off_diagonal,3.1261872e-05
443,cxy_63,63,off_diagonal,3.126114e-05
2006,cyy_286,286,diagonal,3.1190542e-05
2550,cxy_364,364,off_diagonal,3.113179e-05
2582,czz_368,368,diagonal,3.10819e-05
3412,cxz_487,487,off_diagonal,3.1036572e-05
1785,w_255,255,weight,3.1008432e-05
2356,cyy_336,336,diagonal,3.0968942e-05
3208,cxy_458,458,off_diagonal,3.0965733e-05
913,cxz_130,130,off_diagonal,3.0842657e-05
2238,cyz_319,319,off_diagonal,3.0782932e-05
1672,czz_238,238,diagonal,3.0772844e-05
2546,cyz_363,363,off_diagonal,3.076942e-05
347,cyy_49,49,diagonal,3.0730545e-05
2405,cyy_343,343,diagonal,3.0633353e-05
2069,cyy_295,295,diagonal,3.0611773e-05
2227,cxx_318,318,diagonal,3.0587045e-05
826,w_118,118,weight,3.056387e-05
2275,w_325,325,weight,3.0538693e-05
2294,cyz_327,327,off_diagonal,3.0484387e-05
1909,cyz_272,272,off_diagonal,3.0342315e-05
355,cyz_50,50,off_diagonal,3.0281679e-05
3321,cxz_474,474,off_diagonal,3.0263991e-05
1105,czz_157,157,diagonal,3.0225974e-05
1439,cyy_205,205,diagonal,3.019302e-05
1317,cxx_188,188,diagonal,3.0190613e-05
883,cxx_126,126,diagonal,3.0167937e-05
3315,cyy_473,473,diagonal,3.0110521e-05
2820,czz_402,402,diagonal,3.0102416e-05
1028,czz_146,146,diagonal,3.0051167e-05
1594,cyz_227,227,off_diagonal,3.0026149e-05
2153,cyy_307,307,diagonal,3.0015295e-05
51,cxy_7,7,off_diagonal,2.9968853e-05
1411,cyy_201,201,diagonal,2.9961662e-05
3237,cxz_462,462,off_diagonal,2.9887951e-05
2527,w_361,361,weight,2.9875102e-05
488,cyz_69,69,off_diagonal,2.9831519e-05
1954,cxx_279,279,diagonal,2.9821744e-05
2377,cyy_339,339,diagonal,2.980797e-05
549,cxz_78,78,off_diagonal,2.9802037e-05
599,cyy_85,85,diagonal,2.9783652e-05
2606,cxy_372,372,off_diagonal,2.9744606e-05
3207,cxx_458,458,diagonal,2.9699577e-05
1748,cyz_249,249,off_diagonal,2.9696419e-05
2847,cyz_406,406,off_diagonal,2.9654751e-05
2975,w_425,425,weight,2.9653811e-05
835,cxy_119,119,off_diagonal,2.9572777e-05
377,czz_53,53,diagonal,2.9525136e-05
3003,w_429,429,weight,2.9484878e-05
3060,cxx_437,437,diagonal,2.946644e-05
2663,cxz_380,380,off_diagonal,2.943715e-05
2325,cxx_332,332,diagonal,2.9425082e-05
1794,cxy_256,256,off_diagonal,2.9274957e-05
275,cxy_39,39,off_diagonal,2.9263661e-05
2876,czz_410,410,diagonal,2.91574e-05
2804,cyy_400,400,diagonal,2.914073e-05
1769,cyz_252,252,off_diagonal,2.9137866e-05
141,cxx_20,20,diagonal,2.9113937e-05
1761,cyy_251,251,diagonal,2.9012797e-05
45,cxz_6,6,off_diagonal,2.9011097e-05
1126,czz_160,160,diagonal,2.888153e-05
2963,cxy_423,423,off_diagonal,2.8854762e-05
1053,cxz_150,150,off_diagonal,2.8853505e-05
823,cyy_117,117,diagonal,2.8803217e-05
819,w_117,117,weight,2.8797876e-05
1162,w_166,166,weight,2.8768536e-05
3394,czz_484,484,diagonal,2.8655135e-05
1012,cyy_144,144,diagonal,2.8647533e-05
1059,cxy_151,151,off_diagonal,2.8571752e-05
687,cxx_98,98,diagonal,2.8506773e-05
3116,cxx_445,445,diagonal,2.8506156e-05
2661,cxx_380,380,diagonal,2.8496599e-05
2307,cyy_329,329,diagonal,2.8483857e-05
412,czz_58,58,diagonal,2.8463508e-05
1688,cxx_241,241,diagonal,2.8449647e-05
1020,cyz_145,145,off_diagonal,2.8446868e-05
2803,cxz_400,400,off_diagonal,2.8446548e-05
741,czz_105,105,diagonal,2.840413e-05
1763,czz_251,251,diagonal,2.8353083e-05
1311,cxy_187,187,off_diagonal,2.8338318e-05
3278,cxy_468,468,off_diagonal,2.830384e-05
625,cxy_89,89,off_diagonal,2.8299866e-05
409,cxz_58,58,off_diagonal,2.8255732e-05
2840,cyz_405,405,off_diagonal,2.8243498e-05
1205,cxx_172,172,diagonal,2.818295e-05
2771,czz_395,395,diagonal,2.8094179e-05
2247,w_321,321,weight,2.8066306e-05
621,cyz_88,88,off_diagonal,2.8035187e-05
1072,cxx_153,153,diagonal,2.8014956e-05
1174,cyz_167,167,off_diagonal,2.8010316e-05
888,czz_126,126,diagonal,2.799876e-05
2557,cxy_365,365,off_diagonal,2.7927257e-05
24,cxz_3,3,off_diagonal,2.7882366e-05
684,cyz_97,97,off_diagonal,2.787588e-05
2250,cxz_321,321,off_diagonal,2.7808672e-05
3061,cxy_437,437,off_diagonal,2.7804517e-05
3345,czz_477,477,diagonal,2.7801249e-05
1266,czz_180,180,diagonal,2.7798736e-05
2203,cyz_314,314,off_diagonal,2.774803e-05
2449,czz_349,349,diagonal,2.7735312e-05
2931,cyz_418,418,off_diagonal,2.7707578e-05
675,cxz_96,96,off_diagonal,2.7688387e-05
1498,w_214,214,weight,2.7664457e-05
1065,cxx_152,152,diagonal,2.7644679e-05
3047,cxy_435,435,off_diagonal,2.7630318e-05
1536,cxz_219,219,off_diagonal,2.7627839e-05
3184,czz_454,454,diagonal,2.7576714e-05
903,w_129,129,weight,2.7573144e-05
1673,w_239,239,weight,2.751972e-05
249,cyy_35,35,diagonal,2.7344757e-05
3260,cyz_465,465,off_diagonal,2.7323305e-05
1752,cxy_250,250,off_diagonal,2.730334e-05
2011,cxy_287,287,off_diagonal,2.729147e-05
2599,cxy_371,371,off_diagonal,2.7282256e-05
3377,cxz_482,482,off_diagonal,2.7236887e-05
1520,cxx_217,217,diagonal,2.7161483e-05
2157,cxx_308,308,diagonal,2.712267e-05
933,cxy_133,133,off_diagonal,2.7084356e-05
2452,cxy_350,350,off_diagonal,2.708134e-05
3065,czz_437,437,diagonal,2.707764e-05
962,cxz_137,137,off_diagonal,2.7072932e-05
956,cyy_136,136,diagonal,2.7064603e-05
2714,cyz_387,387,off_diagonal,2.7063274e-05
505,cxx_72,72,diagonal,2.7017815e-05
2308,cyz_329,329,off_diagonal,2.6992167e-05
507,cxz_72,72,off_diagonal,2.6981988e-05
2713,cyy_387,387,diagonal,2.6936736e-05
939,cxx_134,134,diagonal,2.6864174e-05
3113,cyz_444,444,off_diagonal,2.6861591e-05
2556,cxx_365,365,diagonal,2.6816217e-05
893,cyy_127,127,diagonal,2.6797128e-05
2864,cxx_409,409,diagonal,2.6733373e-05
1458,cxy_208,208,off_diagonal,2.6693897e-05
2132,cyy_304,304,diagonal,2.666912e-05
2819,cyz_402,402,off_diagonal,2.662746e-05
3086,czz_440,440,diagonal,2.6575945e-05
3005,cxy_429,429,off_diagonal,2.6569447e-05
3228,cxx_461,461,diagonal,2.6566639e-05
870,cxy_124,124,off_diagonal,2.653179e-05
637,w_91,91,weight,2.6526262e-05
3273,cyy_467,467,diagonal,2.6524338e-05
1757,w_251,251,weight,2.6477586e-05
1243,cyy_177,177,diagonal,2.6468548e-05
603,cxx_86,86,diagonal,2.634458e-05
2462,cyz_351,351,off_diagonal,2.6330492e-05
618,cxy_88,88,off_diagonal,2.6308135e-05
2015,czz_287,287,diagonal,2.6277763e-05
1956,cxz_279,279,off_diagonal,2.6265625e-05
3200,cxx_457,457,diagonal,2.6218195e-05
2620,cxy_374,374,off_diagonal,2.615112e-05
1193,cxz_170,170,off_diagonal,2.6115904e-05
1080,cxy_154,154,off_diagonal,2.6113858e-05
300,czz_42,42,diagonal,2.6076039e-05
1531,cyz_218,218,off_diagonal,2.6070058e-05
2678,cyy_382,382,diagonal,2.603761e-05
1097,cyz_156,156,off_diagonal,2.5932033e-05
1254,cxx_179,179,diagonal,2.5921192e-05
2740,cxz_391,391,off_diagonal,2.5809342e-05
633,cxz_90,90,off_diagonal,2.577649e-05
2762,cyy_394,394,diagonal,2.5740019e-05
1228,cxz_175,175,off_diagonal,2.573456e-05
478,cxy_68,68,off_diagonal,2.5703892e-05
1649,cyy_235,235,diagonal,2.5680913e-05
125,czz_17,17,diagonal,2.5676056e-05
131,cyz_18,18,off_diagonal,2.563039e-05
2774,cxy_396,396,off_diagonal,2.5625428e-05
3020,cxz_431,431,off_diagonal,2.559713e-05
1064,w_152,152,weight,2.5497357e-05
2887,cxz_412,412,off_diagonal,2.5496518e-05
2921,cxy_417,417,off_diagonal,2.5468911e-05
1273,czz_181,181,diagonal,2.5430902e-05
904,cxx_129,129,diagonal,2.5404064e-05
3292,cxy_470,470,off_diagonal,2.534173e-05
454,czz_64,64,diagonal,2.533283e-05
628,cyz_89,89,off_diagonal,2.5304393e-05
1477,w_211,211,weight,2.5255269e-05
1429,cxx_204,204,diagonal,2.525513e-05
1485,cxx_212,212,diagonal,2.5120748e-05
235,cyy_33,33,diagonal,2.507615e-05
2312,cxy_330,330,off_diagonal,2.5063699e-05
2207,cxy_315,315,off_diagonal,2.5010131e-05
1066,cxy_152,152,off_diagonal,2.4941673e-05
1290,cxy_184,184,off_diagonal,2.4929575e-05
1847,czz_263,263,diagonal,2.490364e-05
1796,cyy_256,256,diagonal,2.4889392e-05
2692,cyy_384,384,diagonal,2.4884834e-05
3133,cyy_447,447,diagonal,2.4838439e-05
1721,czz_245,245,diagonal,2.4828716e-05
2738,cxx_391,391,diagonal,2.4823334e-05
1628,cyy_232,232,diagonal,2.4822075e-05
2309,czz_329,329,diagonal,2.4808296e-05
3000,cyy_428,428,diagonal,2.4790414e-05
70,w_10,10,weight,2.4736417e-05
3391,cxz_484,484,off_diagonal,2.4725763e-05
314,czz_44,44,diagonal,2.4724888e-05
1005,cyy_143,143,diagonal,2.4721385e-05
3367,w_481,481,weight,2.4715186e-05
109,cyy_15,15,diagonal,2.4707037e-05
2149,w_307,307,weight,2.4641258e-05
860,czz_122,122,diagonal,2.4603494e-05
2923,cyy_417,417,diagonal,2.457982e-05
746,cyy_106,106,diagonal,2.4563826e-05
2297,cxx_328,328,diagonal,2.4538605e-05
926,cxy_132,132,off_diagonal,2.4529212e-05
2498,czz_356,356,diagonal,2.4470473e-05
2300,cyy_328,328,diagonal,2.4444284e-05
281,cxx_40,40,diagonal,2.4421346e-05
3191,czz_455,455,diagonal,2.44161e-05
865,cyy_123,123,diagonal,2.4345298e-05
2902,cyy_414,414,diagonal,2.4328354e-05
2834,czz_404,404,diagonal,2.4300722e-05
2085,czz_297,297,diagonal,2.4284078e-05
1321,cyz_188,188,off_diagonal,2.4272378e-05
929,cyz_132,132,off_diagonal,2.42499e-05
3026,cxy_432,432,off_diagonal,2.4240762e-05
3105,cyy_443,443,diagonal,2.4237263e-05
1555,cxx_222,222,diagonal,2.4225876e-05
1839,cyz_262,262,off_diagonal,2.4152598e-05
3258,cxz_465,465,off_diagonal,2.4123452e-05
3370,cxz_481,481,off_diagonal,2.4102874e-05
641,cyy_91,91,diagonal,2.4090306e-05
544,cyz_77,77,off_diagonal,2.4089855e-05
2388,cxx_341,341,diagonal,2.4049998e-05
1038,cxy_148,148,off_diagonal,2.4010827e-05
2621,cxz_374,374,off_diagonal,2.3987643e-05
3009,czz_429,429,diagonal,2.3980387e-05
1744,cxx_249,249,diagonal,2.396396e-05
3121,czz_445,445,diagonal,2.3962333e-05
2304,cxx_329,329,diagonal,2.3913279e-05
640,cxz_91,91,off_diagonal,2.3872568e-05
593,cyz_84,84,off_diagonal,2.3843728e-05
1214,cxz_173,173,off_diagonal,2.3817702e-05
298,cyy_42,42,diagonal,2.3782359e-05
1185,cxy_169,169,off_diagonal,2.3761368e-05
2368,cxy_338,338,off_diagonal,2.3722956e-05
771,cxx_110,110,diagonal,2.3721095e-05
2396,cxy_342,342,off_diagonal,2.3657783e-05
2354,cxy_336,336,off_diagonal,2.3650762e-05
2067,cxy_295,295,off_diagonal,2.3649454e-05
2936,cxz_419,419,off_diagonal,2.3627246e-05
726,cyz_103,103,off_diagonal,2.356489e-05
1142,cxx_163,163,diagonal,2.3519831e-05
1834,w_262,262,weight,2.3493145e-05
1160,cyz_165,165,off_diagonal,2.3468174e-05
23,cxy_3,3,off_diagonal,2.3429484e-05
2315,cyz_330,330,off_diagonal,2.342209e-05
948,cxz_135,135,off_diagonal,2.3395249e-05
1481,cyy_211,211,diagonal,2.3386761e-05
1633,cxy_233,233,off_diagonal,2.3327155e-05
466,cyy_66,66,diagonal,2.3310782e-05
238,w_34,34,weight,2.3287294e-05
2850,cxx_407,407,diagonal,2.3211598e-05
702,cxy_100,100,off_diagonal,2.3204871e-05
2830,cxy_404,404,off_diagonal,2.3196557e-05
1192,cxy_170,170,off_diagonal,2.31921e-05
391,czz_55,55,diagonal,2.3087236e-05
230,czz_32,32,diagonal,2.307923e-05
34,czz_4,4,diagonal,2.3011182e-05
1091,czz_155,155,diagonal,2.3011115e-05
1331,cxx_190,190,diagonal,2.300512e-05
2105,cyz_300,300,off_diagonal,2.2968019e-05
2185,cxx_312,312,diagonal,2.2960576e-05
2928,cxy_418,418,off_diagonal,2.2957622e-05
266,w_38,38,weight,2.2929296e-05
2444,cxx_349,349,diagonal,2.2889013e-05
596,cxx_85,85,diagonal,2.28501e-05
5,cyz_0,0,off_diagonal,2.2756982e-05
2186,cxy_312,312,off_diagonal,2.2722075e-05
1022,w_146,146,weight,2.2710938e-05
183,cxx_26,26,diagonal,2.26412e-05
2796,cxz_399,399,off_diagonal,2.262496e-05
3242,cxx_463,463,diagonal,2.2621001e-05
1949,cxz_278,278,off_diagonal,2.2614597e-05
2403,cxy_343,343,off_diagonal,2.2580582e-05
389,cyy_55,55,diagonal,2.2569935e-05
1711,cxz_244,244,off_diagonal,2.2547849e-05
1693,czz_241,241,diagonal,2.2540964e-05
2695,w_385,385,weight,2.2540917e-05
1217,czz_173,173,diagonal,2.2522932e-05
1047,cyy_149,149,diagonal,2.2498274e-05
2441,cyz_348,348,off_diagonal,2.2455572e-05
669,cyy_95,95,diagonal,2.2454278e-05
2481,cxz_354,354,off_diagonal,2.2433973e-05
101,cxz_14,14,off_diagonal,2.2428074e-05
1444,cxy_206,206,off_diagonal,2.2410572e-05
2795,cxy_399,399,off_diagonal,2.235649e-05
682,cxz_97,97,off_diagonal,2.234483e-05
2773,cxx_396,396,diagonal,2.2278893e-05
2019,cxz_288,288,off_diagonal,2.2168308e-05
1545,cyz_220,220,off_diagonal,2.2128714e-05
907,cyy_129,129,diagonal,2.2067072e-05
2038,cxx_291,291,diagonal,2.2061462e-05
1793,cxx_256,256,diagonal,2.2056565e-05
1643,cyz_234,234,off_diagonal,2.203644e-05
527,cxy_75,75,off_diagonal,2.1995746e-05
480,cyy_68,68,diagonal,2.196727e-05
2941,cxx_420,420,diagonal,2.1948652e-05
3172,cxx_453,453,diagonal,2.1941818e-05
16,cxy_2,2,off_diagonal,2.1877411e-05
2372,czz_338,338,diagonal,2.1852666e-05
2005,cxz_286,286,off_diagonal,2.1839598e-05
1781,cxz_254,254,off_diagonal,2.1837073e-05
1542,cxy_220,220,off_diagonal,2.1818807e-05
1382,cxz_197,197,off_diagonal,2.1765334e-05
670,cyz_95,95,off_diagonal,2.1763943e-05
2144,cxy_306,306,off_diagonal,2.1690155e-05
3341,cxy_477,477,off_diagonal,2.1605469e-05
2689,cxx_384,384,diagonal,2.1543408e-05
1522,cxz_217,217,off_diagonal,2.1499705e-05
3149,czz_449,449,diagonal,2.149811e-05
930,czz_132,132,diagonal,2.1478452e-05
1768,cyy_252,252,diagonal,2.1335529e-05
200,cyy_28,28,diagonal,2.132319e-05
2587,cyy_369,369,diagonal,2.1268825e-05
1872,cxz_267,267,off_diagonal,2.120916e-05
1139,cyz_162,162,off_diagonal,2.119731e-05
1157,cxy_165,165,off_diagonal,2.119216e-05
745,cxz_106,106,off_diagonal,2.1177737e-05
3043,cyz_434,434,off_diagonal,2.1161815e-05
2343,cyz_334,334,off_diagonal,2.11434e-05
1240,cxx_177,177,diagonal,2.1126862e-05
464,cxy_66,66,off_diagonal,2.1016696e-05
1076,cyz_153,153,off_diagonal,2.0867792e-05
2095,cxy_299,299,off_diagonal,2.0781392e-05
368,cyy_52,52,diagonal,2.0762114e-05
2929,cxz_418,418,off_diagonal,2.0730462e-05
1817,cyy_259,259,diagonal,2.0711233e-05
178,cxz_25,25,off_diagonal,2.068178e-05
730,cxy_104,104,off_diagonal,2.0674941e-05
1127,w_161,161,weight,2.067294e-05
1133,czz_161,161,diagonal,2.0645737e-05
2209,cyy_315,315,diagonal,2.0632931e-05
958,czz_136,136,diagonal,2.061032e-05
3177,czz_453,453,diagonal,2.0590396e-05
3397,cxy_485,485,off_diagonal,2.0527239e-05
1626,cxy_232,232,off_diagonal,2.0518395e-05
3018,cxx_431,431,diagonal,2.0477997e-05
1917,czz_273,273,diagonal,2.0467145e-05
2451,cxx_350,350,diagonal,2.041935e-05
376,cyz_53,53,off_diagonal,2.0398977e-05
1863,cxx_266,266,diagonal,2.0364094e-05
1987,czz_283,283,diagonal,2.0332298e-05
1657,cyz_236,236,off_diagonal,2.0330663e-05
373,cxy_53,53,off_diagonal,2.0317913e-05
3064,cyz_437,437,off_diagonal,2.031062e-05
2249,cxy_321,321,off_diagonal,2.0295738e-05
1222,cyy_174,174,diagonal,2.0264968e-05
784,w_112,112,weight,2.0217487e-05
2505,czz_357,357,diagonal,2.0179923e-05
370,czz_52,52,diagonal,2.0136598e-05
1923,cyz_274,274,off_diagonal,2.0123205e-05
2336,cyz_333,333,off_diagonal,2.0071026e-05
754,cyz_107,107,off_diagonal,2.0041352e-05
2815,cxx_402,402,diagonal,2.0038604e-05
2332,cxx_333,333,diagonal,2.0030024e-05
3434,cyy_490,490,diagonal,2.002092e-05
2926,w_418,418,weight,1.9990503e-05
1961,cxx_280,280,diagonal,1.9983807e-05
1942,cxz_277,277,off_diagonal,1.9975183e-05
2518,cyz_359,359,off_diagonal,1.9937153e-05
2041,cyy_291,291,diagonal,1.9869181e-05
202,czz_28,28,diagonal,1.9863748e-05
1380,cxx_197,197,diagonal,1.985979e-05
3008,cyz_429,429,off_diagonal,1.9843048e-05
2660,w_380,380,weight,1.9813915e-05
2134,czz_304,304,diagonal,1.9769564e-05
2103,cxz_300,300,off_diagonal,1.9688596e-05
560,w_80,80,weight,1.9683359e-05
2739,cxy_391,391,off_diagonal,1.9659437e-05
2467,cxz_352,352,off_diagonal,1.9649167e-05
57,cxx_8,8,diagonal,1.9548079e-05
2412,cyy_344,344,diagonal,1.9485457e-05
2930,cyy_418,418,diagonal,1.9482544e-05
207,cyy_29,29,diagonal,1.9482535e-05
2334,cxz_333,333,off_diagonal,1.947037e-05
2363,cyy_337,337,diagonal,1.926924e-05
1640,cxy_234,234,off_diagonal,1.9225552e-05
2171,cxx_310,310,diagonal,1.9172148e-05
1990,cxy_284,284,off_diagonal,1.9159936e-05
1764,w_252,252,weight,1.9136636e-05
858,cyy_122,122,diagonal,1.9100356e-05
390,cyz_55,55,off_diagonal,1.9099987e-05
3107,czz_443,443,diagonal,1.9071946e-05
1772,cxx_253,253,diagonal,1.9022253e-05
2490,cyz_355,355,off_diagonal,1.9007537e-05
2892,cxx_413,413,diagonal,1.9001072e-05
3155,cyz_450,450,off_diagonal,1.8991097e-05
3270,cxx_467,467,diagonal,1.8971738e-05
1856,cxx_265,265,diagonal,1.8968038e-05
553,w_79,79,weight,1.8963885e-05
1488,cyy_212,212,diagonal,1.891943e-05
3400,cyz_485,485,off_diagonal,1.890957e-05
3055,cxz_436,436,off_diagonal,1.8848286e-05
461,czz_65,65,diagonal,1.8836334e-05
1614,cyy_230,230,diagonal,1.8759722e-05
2174,cyy_310,310,diagonal,1.875713e-05
2046,cxy_292,292,off_diagonal,1.8743982e-05
3053,cxx_436,436,diagonal,1.873598e-05
1810,cyy_258,258,diagonal,1.870649e-05
1426,cyz_203,203,off_diagonal,1.8682838e-05
1026,cyy_146,146,diagonal,1.8672392e-05
2266,cyz_323,323,off_diagonal,1.8641851e-05
1706,cyz_243,243,off_diagonal,1.8556639e-05
1102,cxz_157,157,off_diagonal,1.8517887e-05
1373,cxx_196,196,diagonal,1.848807e-05
2925,czz_417,417,diagonal,1.8475055e-05
1376,cyy_196,196,diagonal,1.8421857e-05
2664,cyy_380,380,diagonal,1.8371487e-05
1474,cyy_210,210,diagonal,1.8331459e-05
2280,cyz_325,325,off_diagonal,1.8308288e-05
844,cyy_120,120,diagonal,1.8278168e-05
452,cyy_64,64,diagonal,1.825849e-05
2844,cxy_406,406,off_diagonal,1.8237484e-05
2687,czz_383,383,diagonal,1.8200039e-05
179,cyy_25,25,diagonal,1.8176886e-05
38,cxz_5,5,off_diagonal,1.8126268e-05
2450,w_350,350,weight,1.8106879e-05
2253,czz_321,321,diagonal,1.8097886e-05
2524,cyy_360,360,diagonal,1.8070034e-05
661,cxz_94,94,off_diagonal,1.8067556e-05
1144,cxz_163,163,off_diagonal,1.7931627e-05
2971,cxz_424,424,off_diagonal,1.7891589e-05
1656,cyy_236,236,diagonal,1.7785198e-05
643,czz_91,91,diagonal,1.7752685e-05
3307,cxz_472,472,off_diagonal,1.7746708e-05
2935,cxy_419,419,off_diagonal,1.7736149e-05
1003,cxy_143,143,off_diagonal,1.7680186e-05
1455,czz_207,207,diagonal,1.7677065e-05
180,cyz_25,25,off_diagonal,1.7614291e-05
494,cyy_70,70,diagonal,1.7607192e-05
2839,cyy_405,405,diagonal,1.7606682e-05
1288,w_184,184,weight,1.7573317e-05
1789,cyy_255,255,diagonal,1.755719e-05
2809,cxy_401,401,off_diagonal,1.7406772e-05
1650,cyz_235,235,off_diagonal,1.740464e-05
411,cyz_58,58,off_diagonal,1.7318496e-05
3142,czz_448,448,diagonal,1.7296945e-05
470,cxx_67,67,diagonal,1.7247134e-05
3300,cxz_471,471,off_diagonal,1.722961e-05
2233,w_319,319,weight,1.721305e-05
3322,cyy_474,474,diagonal,1.7211998e-05
2222,cxz_317,317,off_diagonal,1.7203383e-05
387,cxy_55,55,off_diagonal,1.719413e-05
2632,w_376,376,weight,1.7188911e-05
130,cyy_18,18,diagonal,1.7137585e-05
2346,cxx_335,335,diagonal,1.7116696e-05
1202,cyz_171,171,off_diagonal,1.709716e-05
2507,cxx_358,358,diagonal,1.709109e-05
2213,cxx_316,316,diagonal,1.7048971e-05
257,cyz_36,36,off_diagonal,1.7035429e-05
1173,cyy_167,167,diagonal,1.7001656e-05
2230,cyy_318,318,diagonal,1.6974524e-05
1892,cxy_270,270,off_diagonal,1.6962322e-05
240,cxy_34,34,off_diagonal,1.6960514e-05
1869,w_267,267,weight,1.695501e-05
709,cxy_101,101,off_diagonal,1.6953767e-05
2993,cyy_427,427,diagonal,1.6937636e-05
660,cxy_94,94,off_diagonal,1.6910042e-05
816,cyy_116,116,diagonal,1.690597e-05
1596,w_228,228,weight,1.6859034e-05
2858,cxy_408,408,off_diagonal,1.6847845e-05
2526,czz_360,360,diagonal,1.6841457e-05
2890,czz_412,412,diagonal,1.6834627e-05
1287,czz_183,183,diagonal,1.6826412e-05
1182,czz_168,168,diagonal,1.6781203e-05
1992,cyy_284,284,diagonal,1.6761413e-05
992,cyz_141,141,off_diagonal,1.6754533e-05
2962,cxx_423,423,diagonal,1.673577e-05
2996,w_428,428,weight,1.672364e-05
3057,cyz_436,436,off_diagonal,1.6697837e-05
1334,cyy_190,190,diagonal,1.665353e-05
1622,cyz_231,231,off_diagonal,1.6619702e-05
3197,cyz_456,456,off_diagonal,1.657757e-05
2057,czz_293,293,diagonal,1.6545855e-05
959,w_137,137,weight,1.6542137e-05
221,cyy_31,31,diagonal,1.6536987e-05
1200,cxz_171,171,off_diagonal,1.6517533e-05
855,cxx_122,122,diagonal,1.6501903e-05
2218,czz_316,316,diagonal,1.648698e-05
3131,cxy_447,447,off_diagonal,1.6484253e-05
964,cyz_137,137,off_diagonal,1.6455097e-05
2220,cxx_317,317,diagonal,1.6355825e-05
3291,cxx_470,470,diagonal,1.6278169e-05
243,cyz_34,34,off_diagonal,1.6273609e-05
1448,czz_206,206,diagonal,1.6272876e-05
250,cyz_35,35,off_diagonal,1.6271824e-05
796,cyz_113,113,off_diagonal,1.6252394e-05
1894,cyy_270,270,diagonal,1.6236403e-05
1951,cyz_278,278,off_diagonal,1.623212e-05
459,cyy_65,65,diagonal,1.6222004e-05
3490,cyy_498,498,diagonal,1.622067e-05
2969,cxx_424,424,diagonal,1.621996e-05
2457,w_351,351,weight,1.6191561e-05
3163,czz_451,451,diagonal,1.6132892e-05
3401,czz_485,485,diagonal,1.6112619e-05
472,cxz_67,67,off_diagonal,1.6076045e-05
807,cxy_115,115,off_diagonal,1.6070193e-05
3040,cxy_434,434,off_diagonal,1.604672e-05
1437,cxy_205,205,off_diagonal,1.6039654e-05
2299,cxz_328,328,off_diagonal,1.6013048e-05
1246,w_178,178,weight,1.6001706e-05
1540,w_220,220,weight,1.5980208e-05
555,cxy_79,79,off_diagonal,1.5933418e-05
2059,cxx_294,294,diagonal,1.5926065e-05
683,cyy_97,97,diagonal,1.5924898e-05
2062,cyy_294,294,diagonal,1.58871e-05
13,czz_1,1,diagonal,1.5881467e-05
2793,w_399,399,weight,1.5880703e-05
74,cyy_10,10,diagonal,1.587829e-05
1736,w_248,248,weight,1.5859861e-05
559,czz_79,79,diagonal,1.5858832e-05
1970,cxz_281,281,off_diagonal,1.583116e-05
986,czz_140,140,diagonal,1.5827494e-05
339,cxz_48,48,off_diagonal,1.5791606e-05
447,czz_63,63,diagonal,1.5780939e-05
457,cxy_65,65,off_diagonal,1.5771531e-05
468,czz_66,66,diagonal,1.5762489e-05
3156,czz_450,450,diagonal,1.5757782e-05
605,cxz_86,86,off_diagonal,1.5736483e-05
774,cyy_110,110,diagonal,1.5688194e-05
1837,cxz_262,262,off_diagonal,1.5662921e-05
2938,cyz_419,419,off_diagonal,1.5658654e-05
666,cxx_95,95,diagonal,1.5625685e-05
3333,cxx_476,476,diagonal,1.560926e-05
830,cyy_118,118,diagonal,1.5517246e-05
285,cyz_40,40,off_diagonal,1.547709e-05
3097,cxz_442,442,off_diagonal,1.5438662e-05
2682,cxx_383,383,diagonal,1.5369114e-05
3203,cyy_457,457,diagonal,1.535094e-05
3154,cyy_450,450,diagonal,1.5318594e-05
1462,czz_208,208,diagonal,1.5317313e-05
1799,w_257,257,weight,1.5316919e-05
1882,czz_268,268,diagonal,1.5308598e-05
3081,cxx_440,440,diagonal,1.529098e-05
2087,cxx_298,298,diagonal,1.5287309e-05
993,czz_141,141,diagonal,1.527359e-05
2955,cxx_422,422,diagonal,1.5266687e-05
334,cyz_47,47,off_diagonal,1.5262016e-05
506,cxy_72,72,off_diagonal,1.52363955e-05
1788,cxz_255,255,off_diagonal,1.5235125e-05
1762,cyz_251,251,off_diagonal,1.5188857e-05
1218,w_174,174,weight,1.5176623e-05
2316,czz_330,330,diagonal,1.5159366e-05
214,cyy_30,30,diagonal,1.5138276e-05
1570,cxy_224,224,off_diagonal,1.5138141e-05
2183,czz_311,311,diagonal,1.51135855e-05
2871,cxx_410,410,diagonal,1.51078275e-05
2021,cyz_288,288,off_diagonal,1.5104022e-05
847,w_121,121,weight,1.5076829e-05
1068,cyy_152,152,diagonal,1.5070835e-05
1445,cxz_206,206,off_diagonal,1.504242e-05
949,cyy_135,135,diagonal,1.5036862e-05
510,czz_72,72,diagonal,1.5034829e-05
3380,czz_482,482,diagonal,1.5021012e-05
3435,cyz_490,490,off_diagonal,1.5016126e-05
3085,cyz_440,440,off_diagonal,1.5004986e-05
1647,cxy_235,235,off_diagonal,1.4984905e-05
213,cxz_30,30,off_diagonal,1.4973306e-05
2017,cxx_288,288,diagonal,1.49567195e-05
3436,czz_490,490,diagonal,1.493113e-05
2528,cxx_361,361,diagonal,1.4915966e-05
3272,cxz_467,467,off_diagonal,1.4881219e-05
1230,cyz_175,175,off_diagonal,1.48428435e-05
2580,cyy_368,368,diagonal,1.48173185e-05
3428,cyz_489,489,off_diagonal,1.48082745e-05
1519,w_217,217,weight,1.4804615e-05
1566,cyz_223,223,off_diagonal,1.4766534e-05
2869,czz_409,409,diagonal,1.47643395e-05
2833,cyz_404,404,off_diagonal,1.4748109e-05
1451,cxy_207,207,off_diagonal,1.4746286e-05
2460,cxz_351,351,off_diagonal,1.4612691e-05
1870,cxx_267,267,diagonal,1.4606741e-05
663,cyz_94,94,off_diagonal,1.4602926e-05
612,cxz_87,87,off_diagonal,1.4577176e-05
3316,cyz_473,473,off_diagonal,1.4546301e-05
335,czz_47,47,diagonal,1.4520313e-05
3488,cxy_498,498,off_diagonal,1.4513586e-05
1979,cyz_282,282,off_diagonal,1.450198e-05
2445,cxy_349,349,off_diagonal,1.4497807e-05
554,cxx_79,79,diagonal,1.4484001e-05
2544,cxz_363,363,off_diagonal,1.44816e-05
284,cyy_40,40,diagonal,1.4467538e-05
2743,czz_391,391,diagonal,1.4463256e-05
2598,cxx_371,371,diagonal,1.4461691e-05
2323,czz_331,331,diagonal,1.4394126e-05
481,cyz_68,68,off_diagonal,1.438377e-05
425,cyz_60,60,off_diagonal,1.43665875e-05
1733,cyy_247,247,diagonal,1.4337535e-05
1665,czz_237,237,diagonal,1.4287786e-05
2212,w_316,316,weight,1.4271275e-05
1302,w_186,186,weight,1.4259733e-05
714,w_102,102,weight,1.42562785e-05
2953,czz_421,421,diagonal,1.42057415e-05
2508,cxy_358,358,off_diagonal,1.4204993e-05
2776,cyy_396,396,diagonal,1.4120515e-05
2553,cyz_364,364,off_diagonal,1.4090947e-05
3359,czz_479,479,diagonal,1.40746815e-05
3166,cxy_452,452,off_diagonal,1.4074285e-05
2084,cyz_297,297,off_diagonal,1.407285e-05
430,cxz_61,61,off_diagonal,1.4053157e-05
3159,cxy_451,451,off_diagonal,1.4039051e-05
1754,cyy_250,250,diagonal,1.4026996e-05
104,czz_14,14,diagonal,1.3971616e-05
337,cxx_48,48,diagonal,1.3952397e-05
1527,cxx_218,218,diagonal,1.3947079e-05
3432,cxy_490,490,off_diagonal,1.3941101e-05
1684,cyy_240,240,diagonal,1.39402455e-05
797,czz_113,113,diagonal,1.3939975e-05
2866,cxz_409,409,off_diagonal,1.3928338e-05
1219,cxx_174,174,diagonal,1.3919805e-05
1383,cyy_197,197,diagonal,1.3904447e-05
1256,cxz_179,179,off_diagonal,1.3892772e-05
3495,cxy_499,499,off_diagonal,1.3856463e-05
872,cyy_124,124,diagonal,1.3824372e-05
3410,cxx_487,487,diagonal,1.38028e-05
2120,czz_302,302,diagonal,1.380276e-05
280,w_40,40,weight,1.3802666e-05
1049,czz_149,149,diagonal,1.3791934e-05
1605,cxy_229,229,off_diagonal,1.3761592e-05
1674,cxx_239,239,diagonal,1.37365005e-05
3385,cyy_483,483,diagonal,1.3730916e-05
2719,cxz_388,388,off_diagonal,1.3718421e-05
139,czz_19,19,diagonal,1.3693021e-05
820,cxx_117,117,diagonal,1.3678348e-05
2270,cxy_324,324,off_diagonal,1.3669967e-05
2698,cxz_385,385,off_diagonal,1.3659423e-05
145,cyz_20,20,off_diagonal,1.3656426e-05
152,cyz_21,21,off_diagonal,1.3601082e-05
2176,czz_310,310,diagonal,1.34627335e-05
2810,cxz_401,401,off_diagonal,1.3456014e-05
2089,cxz_298,298,off_diagonal,1.3449269e-05
1259,czz_179,179,diagonal,1.3439114e-05
1255,cxy_179,179,off_diagonal,1.3409723e-05
1716,cxx_245,245,diagonal,1.3389262e-05
2716,w_388,388,weight,1.3360451e-05
2897,czz_413,413,diagonal,1.3341744e-05
701,cxx_100,100,diagonal,1.3211355e-05
690,cyy_98,98,diagonal,1.3207631e-05
1729,w_247,247,weight,1.31948045e-05
915,cyz_130,130,off_diagonal,1.3148649e-05
1194,cyy_170,170,diagonal,1.3134791e-05
2251,cyy_321,321,diagonal,1.313364e-05
3023,czz_431,431,diagonal,1.3109332e-05
1438,cxz_205,205,off_diagonal,1.31068255e-05
66,cxz_9,9,off_diagonal,1.30713015e-05
1122,cxy_160,160,off_diagonal,1.305076e-05
1986,cyz_283,283,off_diagonal,1.3044911e-05
1040,cyy_148,148,diagonal,1.3026708e-05
1959,czz_279,279,diagonal,1.3015045e-05
2439,cxz_348,348,off_diagonal,1.300157e-05
489,czz_69,69,diagonal,1.2998421e-05
738,cxz_105,105,off_diagonal,1.2986167e-05
995,cxx_142,142,diagonal,1.2984538e-05
2707,cyz_386,386,off_diagonal,1.295926e-05
974,cxx_139,139,diagonal,1.2954879e-05
3256,cxx_465,465,diagonal,1.2954756e-05
3276,w_468,468,weight,1.2941181e-05
3487,cxx_498,498,diagonal,1.2915911e-05
1086,cxx_155,155,diagonal,1.2902944e-05
2920,cxx_417,417,diagonal,1.2841384e-05
1611,cxx_230,230,diagonal,1.2826715e-05
106,cxx_15,15,diagonal,1.27996755e-05
1988,w_284,284,weight,1.2757991e-05
227,cxz_32,32,off_diagonal,1.2754323e-05
1377,cyz_196,196,off_diagonal,1.2715694e-05
182,w_26,26,weight,1.2689238e-05
648,cyy_92,92,diagonal,1.2682156e-05
341,cyz_48,48,off_diagonal,1.2652852e-05
25,cyy_3,3,diagonal,1.2627443e-05
444,cxz_63,63,off_diagonal,1.2570801e-05
3001,cyz_428,428,off_diagonal,1.2568061e-05
766,cxz_109,109,off_diagonal,1.2564735e-05
2977,cxy_425,425,off_diagonal,1.2516828e-05
1014,czz_144,144,diagonal,1.2486113e-05
497,w_71,71,weight,1.2473583e-05
3407,cyz_486,486,off_diagonal,1.2452272e-05
877,cxy_125,125,off_diagonal,1.2414062e-05
2049,cyz_292,292,off_diagonal,1.2402054e-05
537,cyz_76,76,off_diagonal,1.2370881e-05
2082,cxz_297,297,off_diagonal,1.235899e-05
1430,cxy_204,204,off_diagonal,1.23528425e-05
1357,czz_193,193,diagonal,1.2329014e-05
2602,cyz_371,371,off_diagonal,1.2314017e-05
2603,czz_371,371,diagonal,1.2288497e-05
2802,cxy_400,400,off_diagonal,1.2257646e-05
1304,cxy_186,186,off_diagonal,1.2240166e-05
2382,cxy_340,340,off_diagonal,1.2222019e-05
2702,w_386,386,weight,1.220135e-05
2538,cyy_362,362,diagonal,1.2189823e-05
3141,cyz_448,448,off_diagonal,1.2144635e-05
11,cyy_1,1,diagonal,1.2143876e-05
1784,czz_254,254,diagonal,1.2116911e-05
98,w_14,14,weight,1.2072355e-05
1929,cyy_275,275,diagonal,1.2048825e-05
3358,cyz_479,479,off_diagonal,1.2044267e-05
471,cxy_67,67,off_diagonal,1.2043672e-05
866,cyz_123,123,off_diagonal,1.2040497e-05
2151,cxy_307,307,off_diagonal,1.202884e-05
417,cyy_59,59,diagonal,1.2021196e-05
1883,w_269,269,weight,1.20174045e-05
1298,cxz_185,185,off_diagonal,1.1992653e-05
3118,cxz_445,445,off_diagonal,1.1927507e-05
2260,czz_322,322,diagonal,1.1893221e-05
86,cxy_12,12,off_diagonal,1.18923235e-05
2411,cxz_344,344,off_diagonal,1.1880532e-05
1449,w_207,207,weight,1.1848665e-05
3306,cxy_472,472,off_diagonal,1.1837655e-05
1008,w_144,144,weight,1.1813774e-05
2854,cyz_407,407,off_diagonal,1.17733125e-05
2453,cxz_350,350,off_diagonal,1.1741595e-05
3466,cxx_495,495,diagonal,1.1692797e-05
3492,czz_498,498,diagonal,1.1679383e-05
562,cxy_80,80,off_diagonal,1.164787e-05
50,cxx_7,7,diagonal,1.1631578e-05
624,cxx_89,89,diagonal,1.16071515e-05
1234,cxy_176,176,off_diagonal,1.1583777e-05
438,cyy_62,62,diagonal,1.1577488e-05
72,cxy_10,10,off_diagonal,1.1575528e-05
1164,cxy_166,166,off_diagonal,1.1575378e-05
589,cxx_84,84,diagonal,1.1575349e-05
2973,cyz_424,424,off_diagonal,1.154316e-05
1416,cxy_202,202,off_diagonal,1.1542895e-05
1388,cxy_198,198,off_diagonal,1.152683e-05
1567,czz_223,223,diagonal,1.1500642e-05
208,cyz_29,29,off_diagonal,1.1455058e-05
1818,cyz_259,259,off_diagonal,1.1447736e-05
3210,cyy_458,458,diagonal,1.1412411e-05
1746,cxz_249,249,off_diagonal,1.14088025e-05
2431,cxy_347,347,off_diagonal,1.1392121e-05
2865,cxy_409,409,off_diagonal,1.1348109e-05
2447,cyy_349,349,diagonal,1.1342619e-05
3415,czz_487,487,diagonal,1.1322133e-05
3161,cyy_451,451,diagonal,1.1308437e-05
3129,w_447,447,weight,1.1294995e-05
1899,cxy_271,271,off_diagonal,1.1287965e-05
108,cxz_15,15,off_diagonal,1.1258537e-05
2061,cxz_294,294,off_diagonal,1.125712e-05
1991,cxz_284,284,off_diagonal,1.12254365e-05
1858,cxz_265,265,off_diagonal,1.1224439e-05
2595,cyz_370,370,off_diagonal,1.1182471e-05
1971,cyy_281,281,diagonal,1.1157304e-05
3464,czz_494,494,diagonal,1.11449135e-05
1264,cyy_180,180,diagonal,1.1139597e-05
3425,cxy_489,489,off_diagonal,1.1126002e-05
767,cyy_109,109,diagonal,1.1092609e-05
423,cxz_60,60,off_diagonal,1.1091761e-05
1119,czz_159,159,diagonal,1.1087714e-05
1280,czz_182,182,diagonal,1.107754e-05
3313,cxy_473,473,off_diagonal,1.1076524e-05
260,cxx_37,37,diagonal,1.10718565e-05
2837,cxy_405,405,off_diagonal,1.1060452e-05
575,cxx_82,82,diagonal,1.10422825e-05
2651,cyz_378,378,off_diagonal,1.1040299e-05
3002,czz_428,428,diagonal,1.10198525e-05
2123,cxy_303,303,off_diagonal,1.0934072e-05
2232,czz_318,318,diagonal,1.0886124e-05
3128,czz_446,446,diagonal,1.0841915e-05
577,cxz_82,82,off_diagonal,1.0808686e-05
1224,czz_174,174,diagonal,1.0791352e-05
3250,cxy_464,464,off_diagonal,1.0790784e-05
1514,cxy_216,216,off_diagonal,1.0745854e-05
120,cxx_17,17,diagonal,1.0743198e-05
2904,czz_414,414,diagonal,1.0742271e-05
3431,cxx_490,490,diagonal,1.0732027e-05
3030,czz_432,432,diagonal,1.0728882e-05
2872,cxy_410,410,off_diagonal,1.0721422e-05
1087,cxy_155,155,off_diagonal,1.070357e-05
398,czz_56,56,diagonal,1.0680977e-05
1179,cxz_168,168,off_diagonal,1.06757925e-05
920,cxz_131,131,off_diagonal,1.0662523e-05
2442,czz_348,348,diagonal,1.0648666e-05
1189,czz_169,169,diagonal,1.0645235e-05
3195,cxz_456,456,off_diagonal,1.0629554e-05
1702,cxx_243,243,diagonal,1.0593723e-05
2199,cxx_314,314,diagonal,1.058786e-05
2565,cxz_366,366,off_diagonal,1.0569063e-05
3455,cyy_493,493,diagonal,1.0539313e-05
1436,cxx_205,205,diagonal,1.0512043e-05
673,cxx_96,96,diagonal,1.0472793e-05
846,czz_120,120,diagonal,1.0465566e-05
2314,cyy_330,330,diagonal,1.0432567e-05
1467,cyy_209,209,diagonal,1.0424161e-05
3305,cxx_472,472,diagonal,1.0413086e-05
2875,cyz_410,410,off_diagonal,1.03347975e-05
2932,czz_418,418,diagonal,1.0333531e-05
2152,cxz_307,307,off_diagonal,1.0300813e-05
3459,cxx_494,494,diagonal,1.0285597e-05
2140,cyz_305,305,off_diagonal,1.0274995e-05
1511,czz_215,215,diagonal,1.0273866e-05
1838,cyy_262,262,diagonal,1.0254386e-05
2769,cyy_395,395,diagonal,1.0244111e-05
3399,cyy_485,485,diagonal,1.0208148e-05
2945,cyz_420,420,off_diagonal,1.01985715e-05
1549,cxy_221,221,off_diagonal,1.0189683e-05
354,cyy_50,50,diagonal,1.0179241e-05
2080,cxx_297,297,diagonal,1.0176429e-05
1534,cxx_219,219,diagonal,1.01609e-05
2298,cxy_328,328,off_diagonal,1.0153672e-05
2237,cyy_319,319,diagonal,1.0144209e-05
1452,cxz_207,207,off_diagonal,1.0138516e-05
1236,cyy_176,176,diagonal,1.0130464e-05
2824,cxz_403,403,off_diagonal,1.0070694e-05
2050,czz_292,292,diagonal,1.0052428e-05
455,w_65,65,weight,1.0043234e-05
1257,cyy_179,179,diagonal,1.0023382e-05
436,cxy_62,62,off_diagonal,1.0019756e-05
2386,czz_340,340,diagonal,1.0005598e-05
89,cyz_12,12,off_diagonal,9.95844e-06
2471,w_353,353,weight,9.953018e-06
382,cyy_54,54,diagonal,9.9502395e-06
1115,cxy_159,159,off_diagonal,9.935012e-06
2717,cxx_388,388,diagonal,9.913184e-06
2746,cxy_392,392,off_diagonal,9.860719e-06
2489,cyy_355,355,diagonal,9.840124e-06
1616,czz_230,230,diagonal,9.830825e-06
2991,cxy_427,427,off_diagonal,9.789841e-06
655,cyy_93,93,diagonal,9.770493e-06
3046,cxx_435,435,diagonal,9.76764e-06
955,cxz_136,136,off_diagonal,9.755312e-06
3236,cxy_462,462,off_diagonal,9.726813e-06
1998,cxz_285,285,off_diagonal,9.695473e-06
694,cxx_99,99,diagonal,9.688948e-06
111,czz_15,15,diagonal,9.683855e-06
1726,cyy_246,246,diagonal,9.674053e-06
1905,cxx_272,272,diagonal,9.6623535e-06
1315,czz_187,187,diagonal,9.658782e-06
2284,cxy_326,326,off_diagonal,9.653056e-06
367,cxz_52,52,off_diagonal,9.612624e-06
917,w_131,131,weight,9.599284e-06
2117,cxz_302,302,off_diagonal,9.589226e-06
171,cxz_24,24,off_diagonal,9.57761e-06
2317,w_331,331,weight,9.558518e-06
3334,cxy_476,476,off_diagonal,9.537273e-06
1223,cyz_174,174,off_diagonal,9.51573e-06
773,cxz_110,110,off_diagonal,9.512635e-06
1251,cyz_178,178,off_diagonal,9.50366e-06
867,czz_123,123,diagonal,9.490983e-06
1595,czz_227,227,diagonal,9.489249e-06
916,czz_130,130,diagonal,9.478375e-06
3151,cxx_450,450,diagonal,9.463698e-06
2831,cxz_404,404,off_diagonal,9.455744e-06
2271,cxz_324,324,off_diagonal,9.430308e-06
1328,cyz_189,189,off_diagonal,9.4268225e-06
2951,cyy_421,421,diagonal,9.412277e-06
2998,cxy_428,428,off_diagonal,9.395718e-06
1111,cyz_158,158,off_diagonal,9.393174e-06
168,w_24,24,weight,9.388653e-06
216,czz_30,30,diagonal,9.36916e-06
3347,cxx_478,478,diagonal,9.36246e-06
2093,w_299,299,weight,9.352739e-06
233,cxy_33,33,off_diagonal,9.351548e-06
2914,cxy_416,416,off_diagonal,9.338948e-06
1621,cyy_231,231,diagonal,9.333141e-06
2680,czz_382,382,diagonal,9.32537e-06
1791,czz_255,255,diagonal,9.3152985e-06
2168,cyz_309,309,off_diagonal,9.307219e-06
1758,cxx_251,251,diagonal,9.297858e-06
2711,cxy_387,387,off_diagonal,9.274097e-06
1579,cyy_225,225,diagonal,9.271419e-06
504,w_72,72,weight,9.249253e-06
3127,cyz_446,446,off_diagonal,9.193212e-06
703,cxz_100,100,off_diagonal,9.17933e-06
946,cxx_135,135,diagonal,9.157419e-06
3396,cxx_485,485,diagonal,9.114702e-06
3239,cyz_462,462,off_diagonal,9.113417e-06
3174,cxz_453,453,off_diagonal,9.100254e-06
1880,cyy_268,268,diagonal,9.091034e-06
699,czz_99,99,diagonal,9.077493e-06
1163,cxx_166,166,diagonal,9.076292e-06
2025,cxy_289,289,off_diagonal,9.05485e-06
2313,cxz_330,330,off_diagonal,9.046237e-06
2283,cxx_326,326,diagonal,9.0382755e-06
580,czz_82,82,diagonal,9.0340245e-06
859,cyz_122,122,off_diagonal,9.032184e-06
520,cxy_74,74,off_diagonal,9.019202e-06
3078,cyz_439,439,off_diagonal,9.01912e-06
1027,cyz_146,146,off_diagonal,9.010212e-06
2575,czz_367,367,diagonal,9.0062385e-06
2414,czz_344,344,diagonal,8.997905e-06
2146,cyy_306,306,diagonal,8.987964e-06
758,cxy_108,108,off_diagonal,8.983317e-06
824,cyz_117,117,off_diagonal,8.981249e-06
3421,cyz_488,488,off_diagonal,8.9701525e-06
1576,cxx_225,225,diagonal,8.961039e-06
719,cyz_102,102,off_diagonal,8.944776e-06
1406,czz_200,200,diagonal,8.940816e-06
849,cxy_121,121,off_diagonal,8.9373225e-06
2179,cxy_311,311,off_diagonal,8.923427e-06
10,cxz_1,1,off_diagonal,8.9182995e-06
881,czz_125,125,diagonal,8.911377e-06
3274,cyz_467,467,off_diagonal,8.901499e-06
3079,czz_439,439,diagonal,8.883353e-06
2333,cxy_333,333,off_diagonal,8.857792e-06
440,czz_62,62,diagonal,8.832256e-06
2616,cyz_373,373,off_diagonal,8.8170445e-06
3462,cyy_494,494,diagonal,8.815247e-06
3025,cxx_432,432,diagonal,8.781475e-06
2373,w_339,339,weight,8.761736e-06
2217,cyz_316,316,off_diagonal,8.758637e-06
3093,czz_441,441,diagonal,8.717059e-06
1787,cxy_255,255,off_diagonal,8.710613e-06
2760,cxy_394,394,off_diagonal,8.702794e-06
841,cxx_120,120,diagonal,8.667508e-06
2922,cxz_417,417,off_diagonal,8.659887e-06
1766,cxy_252,252,off_diagonal,8.647611e-06
539,w_77,77,weight,8.605647e-06
1492,cxx_213,213,diagonal,8.594581e-06
1760,cxz_251,251,off_diagonal,8.575146e-06
1088,cxz_155,155,off_diagonal,8.573362e-06
500,cxz_71,71,off_diagonal,8.566088e-06
278,cyz_39,39,off_diagonal,8.546953e-06
1480,cxz_211,211,off_diagonal,8.532989e-06
1269,cxy_181,181,off_diagonal,8.522739e-06
2102,cxy_300,300,off_diagonal,8.508158e-06
517,czz_73,73,diagonal,8.490719e-06
2669,cxy_381,381,off_diagonal,8.483651e-06
1604,cxx_229,229,diagonal,8.475856e-06
1648,cxz_235,235,off_diagonal,8.4588055e-06
473,cyy_67,67,diagonal,8.4471185e-06
2754,cxz_393,393,off_diagonal,8.442789e-06
914,cyy_130,130,diagonal,8.441168e-06
2090,cyy_298,298,diagonal,8.417287e-06
3310,czz_472,472,diagonal,8.4170715e-06
1210,czz_172,172,diagonal,8.386835e-06
151,cyy_21,21,diagonal,8.386215e-06
1526,w_218,218,weight,8.3788755e-06
2927,cxx_418,418,diagonal,8.299222e-06
2321,cyy_331,331,diagonal,8.283706e-06
2392,cyz_341,341,off_diagonal,8.271986e-06
1886,cxz_269,269,off_diagonal,8.263925e-06
2725,cxy_389,389,off_diagonal,8.263563e-06
3092,cyz_441,441,off_diagonal,8.23636e-06
3411,cxy_487,487,off_diagonal,8.227181e-06
2236,cxz_319,319,off_diagonal,8.222274e-06
3475,cxz_496,496,off_diagonal,8.184561e-06
2752,cxx_393,393,diagonal,8.1635635e-06
282,cxy_40,40,off_diagonal,8.143504e-06
1248,cxy_178,178,off_diagonal,8.10533e-06
3178,w_454,454,weight,8.082244e-06
3442,cyz_491,491,off_diagonal,8.044325e-06
1435,w_205,205,weight,8.02901e-06
1852,cyy_264,264,diagonal,8.026426e-06
1077,czz_153,153,diagonal,8.017263e-06
2732,cxy_390,390,off_diagonal,8.009459e-06
2435,czz_347,347,diagonal,7.949602e-06
1310,cxx_187,187,diagonal,7.947496e-06
3019,cxy_431,431,off_diagonal,7.942559e-06
1117,cyy_159,159,diagonal,7.919216e-06
3330,cyz_475,475,off_diagonal,7.8881e-06
323,cxx_46,46,diagonal,7.881383e-06
333,cyy_47,47,diagonal,7.864607e-06
1860,cyz_265,265,off_diagonal,7.859765e-06
1885,cxy_269,269,off_diagonal,7.85519e-06
985,cyz_140,140,off_diagonal,7.851362e-06
493,cxz_70,70,off_diagonal,7.845221e-06
3123,cxx_446,446,diagonal,7.842365e-06
124,cyz_17,17,off_diagonal,7.836681e-06
1599,cxz_228,228,off_diagonal,7.819205e-06
1367,cxy_195,195,off_diagonal,7.810916e-06
2092,czz_298,298,diagonal,7.805784e-06
1461,cyz_208,208,off_diagonal,7.785963e-06
1867,cyz_266,266,off_diagonal,7.785011e-06
945,w_135,135,weight,7.751689e-06
1786,cxx_255,255,diagonal,7.742276e-06
3384,cxz_483,483,off_diagonal,7.721561e-06
2944,cyy_420,420,diagonal,7.698596e-06
2125,cyy_303,303,diagonal,7.697474e-06
1471,cxx_210,210,diagonal,7.653583e-06
3489,cxz_498,498,off_diagonal,7.644434e-06
177,cxy_25,25,off_diagonal,7.633579e-06
3304,w_472,472,weight,7.595131e-06
2845,cxz_406,406,off_diagonal,7.5877283e-06
3032,cxx_433,433,diagonal,7.565161e-06
2895,cyy_413,413,diagonal,7.5576913e-06
228,cyy_32,32,diagonal,7.5494822e-06
2241,cxx_320,320,diagonal,7.5393e-06
299,cyz_42,42,off_diagonal,7.530177e-06
572,cyz_81,81,off_diagonal,7.5192147e-06
3485,czz_497,497,diagonal,7.499892e-06
3342,cxz_477,477,off_diagonal,7.4930686e-06
1679,czz_239,239,diagonal,7.4762343e-06
2119,cyz_302,302,off_diagonal,7.472728e-06
2410,cxy_344,344,off_diagonal,7.4673167e-06
144,cyy_20,20,diagonal,7.4663467e-06
1118,cyz_159,159,off_diagonal,7.465606e-06
1724,cxy_246,246,off_diagonal,7.462771e-06
3124,cxy_446,446,off_diagonal,7.4489517e-06
2074,cxy_296,296,off_diagonal,7.4474683e-06
798,w_114,114,weight,7.4441873e-06
2701,czz_385,385,diagonal,7.4235977e-06
2121,w_303,303,weight,7.4209925e-06
2468,cyy_352,352,diagonal,7.400053e-06
970,cyy_138,138,diagonal,7.37534e-06
1186,cxz_169,169,off_diagonal,7.3423685e-06
3392,cyy_484,484,diagonal,7.313274e-06
1493,cxy_213,213,off_diagonal,7.302928e-06
2759,cxx_394,394,diagonal,7.2925122e-06
3498,cyz_499,499,off_diagonal,7.292469e-06
1705,cyy_243,243,diagonal,7.291469e-06
1865,cxz_266,266,off_diagonal,7.2893745e-06
3153,cxz_450,450,off_diagonal,7.273001e-06
2519,czz_359,359,diagonal,7.260134e-06
2767,cxy_395,395,off_diagonal,7.245539e-06
3376,cxy_482,482,off_diagonal,7.223624e-06
192,cxz_27,27,off_diagonal,7.2057555e-06
1131,cyy_161,161,diagonal,7.1889694e-06
937,czz_133,133,diagonal,7.181556e-06
960,cxx_137,137,diagonal,7.1735485e-06
3326,cxx_475,475,diagonal,7.173478e-06
2997,cxx_428,428,diagonal,7.172801e-06
392,w_56,56,weight,7.1439267e-06
1278,cyy_182,182,diagonal,7.135582e-06
1187,cyy_169,169,diagonal,7.135376e-06
2037,w_291,291,weight,7.120645e-06
2765,w_395,395,weight,7.113541e-06
2747,cxz_392,392,off_diagonal,7.0952683e-06
2243,cxz_320,320,off_diagonal,7.0917026e-06
451,cxz_64,64,off_diagonal,7.0659153e-06
1642,cyy_234,234,diagonal,7.0625692e-06
1845,cyy_263,263,diagonal,7.0470755e-06
346,cxz_49,49,off_diagonal,7.037236e-06
1108,cxy_158,158,off_diagonal,7.017009e-06
2472,cxx_353,353,diagonal,7.007711e-06
1859,cyy_265,265,diagonal,7.007025e-06
1244,cyz_177,177,off_diagonal,7.0046385e-06
2448,cyz_349,349,off_diagonal,7.000458e-06
712,cyz_101,101,off_diagonal,6.990163e-06
2794,cxx_399,399,diagonal,6.9752314e-06
681,cxy_97,97,off_diagonal,6.9539688e-06
522,cyy_74,74,diagonal,6.939391e-06
2473,cxy_353,353,off_diagonal,6.905688e-06
1159,cyy_165,165,diagonal,6.8967784e-06
3372,cyz_481,481,off_diagonal,6.893533e-06
426,czz_60,60,diagonal,6.8917184e-06
2198,w_314,314,weight,6.887078e-06
818,czz_116,116,diagonal,6.87417e-06
2662,cxy_380,380,off_diagonal,6.8638196e-06
750,cxx_107,107,diagonal,6.835231e-06
1032,cxz_147,147,off_diagonal,6.811781e-06
650,czz_92,92,diagonal,6.8008594e-06
2798,cyz_399,399,off_diagonal,6.7883157e-06
583,cxy_83,83,off_diagonal,6.7759306e-06
239,cxx_34,34,diagonal,6.6967878e-06
1915,cyy_273,273,diagonal,6.6960724e-06
942,cyy_134,134,diagonal,6.6492644e-06
2994,cyz_427,427,off_diagonal,6.6399407e-06
1735,czz_247,247,diagonal,6.639522e-06
3460,cxy_494,494,off_diagonal,6.636478e-06
2885,cxx_412,412,diagonal,6.561329e-06
1165,cxz_166,166,off_diagonal,6.5364284e-06
2734,cyy_390,390,diagonal,6.5361132e-06
31,cxz_4,4,off_diagonal,6.534492e-06
1692,cyz_241,241,off_diagonal,6.5313548e-06
696,cxz_99,99,off_diagonal,6.521867e-06
2137,cxy_305,305,off_diagonal,6.5150202e-06
2141,czz_305,305,diagonal,6.512483e-06
885,cxz_126,126,off_diagonal,6.5110025e-06
1166,cyy_166,166,diagonal,6.5014906e-06
407,cxx_58,58,diagonal,6.4825344e-06
1824,cyy_260,260,diagonal,6.4634382e-06
1271,cyy_181,181,diagonal,6.461418e-06
987,w_141,141,weight,6.4598407e-06
817,cyz_116,116,off_diagonal,6.4594738e-06
2341,cxz_334,334,off_diagonal,6.4592487e-06
3420,cyy_488,488,diagonal,6.424794e-06
442,cxx_63,63,diagonal,6.4144883e-06
1421,w_203,203,weight,6.4033534e-06
2893,cxy_413,413,off_diagonal,6.3635457e-06
2418,cxz_345,345,off_diagonal,6.3615516e-06
1538,cyz_219,219,off_diagonal,6.358652e-06
3309,cyz_472,472,off_diagonal,6.354108e-06
755,czz_107,107,diagonal,6.3288785e-06
918,cxx_131,131,diagonal,6.322154e-06
215,cyz_30,30,off_diagonal,6.3221473e-06
360,cxz_51,51,off_diagonal,6.316568e-06
3408,czz_486,486,diagonal,6.316566e-06
246,cxx_35,35,diagonal,6.308392e-06
2764,czz_394,394,diagonal,6.2501545e-06
361,cyy_51,51,diagonal,6.247805e-06
1922,cyy_274,274,diagonal,6.2146437e-06
876,cxx_125,125,diagonal,6.2038407e-06
2972,cyy_424,424,diagonal,6.1949804e-06
127,cxx_18,18,diagonal,6.1926503e-06
2096,cxz_299,299,off_diagonal,6.1919136e-06
118,czz_16,16,diagonal,6.191703e-06
592,cyy_84,84,diagonal,6.1690375e-06
173,cyz_24,24,off_diagonal,6.1604865e-06
2374,cxx_339,339,diagonal,6.1426717e-06
413,w_59,59,weight,6.137963e-06
2784,cyz_397,397,off_diagonal,6.135989e-06
1687,w_241,241,weight,6.1359406e-06
2215,cxz_316,316,off_diagonal,6.133124e-06
1457,cxx_208,208,diagonal,6.1300234e-06
80,cxz_11,11,off_diagonal,6.1253895e-06
568,cxx_81,81,diagonal,6.122905e-06
2720,cyy_388,388,diagonal,6.0617162e-06
2423,cxx_346,346,diagonal,6.0533744e-06
1035,czz_147,147,diagonal,6.0528714e-06
3373,czz_481,481,diagonal,6.040684e-06
3024,w_432,432,weight,6.035595e-06
1069,cyz_152,152,off_diagonal,6.027802e-06
3243,cxy_463,463,off_diagonal,6.020819e-06
496,czz_70,70,diagonal,6.0041666e-06
3148,cyz_449,449,off_diagonal,5.993683e-06
2878,cxx_411,411,diagonal,5.9858294e-06
2147,cyz_306,306,off_diagonal,5.9781614e-06
241,cxz_34,34,off_diagonal,5.971827e-06
1442,w_206,206,weight,5.970352e-06
2369,cxz_338,338,off_diagonal,5.925261e-06
1853,cyz_264,264,off_diagonal,5.920649e-06
1475,cyz_210,210,off_diagonal,5.917947e-06
708,cxx_101,101,diagonal,5.9040963e-06
2564,cxy_366,366,off_diagonal,5.878242e-06
2848,czz_406,406,diagonal,5.8776395e-06
460,cyz_65,65,off_diagonal,5.858891e-06
3296,czz_470,470,diagonal,5.828744e-06
210,w_30,30,weight,5.8154073e-06
2913,cxx_416,416,diagonal,5.8027e-06
927,cxz_132,132,off_diagonal,5.795016e-06
3240,czz_462,462,diagonal,5.7505163e-06
2636,cyy_376,376,diagonal,5.747858e-06
1220,cxy_174,174,off_diagonal,5.7436378e-06
3227,w_461,461,weight,5.7426205e-06
2167,cyy_309,309,diagonal,5.720843e-06
1060,cxz_151,151,off_diagonal,5.7094076e-06
1933,cxx_276,276,diagonal,5.6964823e-06
1030,cxx_147,147,diagonal,5.6942176e-06
1229,cyy_175,175,diagonal,5.693351e-06
2491,czz_355,355,diagonal,5.658537e-06
122,cxz_17,17,off_diagonal,5.651427e-06
1984,cxz_283,283,off_diagonal,5.645474e-06
1325,cxy_189,189,off_diagonal,5.637164e-06
2721,cyz_388,388,off_diagonal,5.633333e-06
2816,cxy_402,402,off_diagonal,5.6251015e-06
1123,cxz_160,160,off_diagonal,5.6159456e-06
135,cxy_19,19,off_diagonal,5.6083654e-06
598,cxz_85,85,off_diagonal,5.5921396e-06
2672,cyz_381,381,off_diagonal,5.5914884e-06
2965,cyy_423,423,diagonal,5.5883406e-06
2094,cxx_299,299,diagonal,5.587494e-06
1297,cxy_185,185,off_diagonal,5.5872e-06
3010,w_430,430,weight,5.5826576e-06
20,czz_2,2,diagonal,5.573962e-06
988,cxx_141,141,diagonal,5.5738756e-06
2088,cxy_298,298,off_diagonal,5.5508594e-06
2741,cyy_391,391,diagonal,5.5507094e-06
2696,cxx_385,385,diagonal,5.5465493e-06
1312,cxz_187,187,off_diagonal,5.5460905e-06
1598,cxy_228,228,off_diagonal,5.5323785e-06
2547,czz_363,363,diagonal,5.5283876e-06
3340,cxx_477,477,diagonal,5.49438e-06
2091,cyz_298,298,off_diagonal,5.488988e-06
1350,czz_192,192,diagonal,5.4615457e-06
3361,cxx_480,480,diagonal,5.452897e-06
1969,cxy_281,281,off_diagonal,5.451813e-06
1914,cxz_273,273,off_diagonal,5.4456264e-06
1966,czz_280,280,diagonal,5.444611e-06
822,cxz_117,117,off_diagonal,5.411093e-06
768,cyz_109,109,off_diagonal,5.4045736e-06
2263,cxy_323,323,off_diagonal,5.394895e-06
1589,w_227,227,weight,5.392656e-06
1009,cxx_144,144,diagonal,5.386159e-06
1921,cxz_274,274,off_diagonal,5.3720664e-06
951,czz_135,135,diagonal,5.361247e-06
908,cyz_129,129,off_diagonal,5.358667e-06
2501,cxy_357,357,off_diagonal,5.356371e-06
2647,cxx_378,378,diagonal,5.350051e-06
1608,cyz_229,229,off_diagonal,5.348932e-06
3312,cxx_473,473,diagonal,5.3326303e-06
2736,czz_390,390,diagonal,5.308863e-06
1532,czz_218,218,diagonal,5.2854666e-06
2836,cxx_405,405,diagonal,5.28167e-06
2014,cyz_287,287,off_diagonal,5.255804e-06
2552,cyy_364,364,diagonal,5.25376e-06
2758,w_394,394,weight,5.251711e-06
2886,cxy_412,412,off_diagonal,5.22869e-06
2221,cxy_317,317,off_diagonal,5.203917e-06
501,cyy_71,71,diagonal,5.198006e-06
2800,w_400,400,weight,5.18204e-06
502,cyz_71,71,off_diagonal,5.178888e-06
1479,cxy_211,211,off_diagonal,5.1671204e-06
2099,czz_299,299,diagonal,5.161384e-06
3297,w_471,471,weight,5.1575425e-06
2305,cxy_329,329,off_diagonal,5.149939e-06
1780,cxy_254,254,off_diagonal,5.149437e-06
3076,cxz_439,439,off_diagonal,5.129071e-06
2478,w_354,354,weight,5.110817e-06
783,czz_111,111,diagonal,5.1015354e-06
653,cxy_93,93,off_diagonal,5.0712883e-06
456,cxx_65,65,diagonal,5.0657586e-06
1332,cxy_190,190,off_diagonal,5.0586455e-06
1850,cxy_264,264,off_diagonal,5.0552976e-06
2379,czz_339,339,diagonal,5.029959e-06
1314,cyz_187,187,off_diagonal,4.9980545e-06
267,cxx_38,38,diagonal,4.9969776e-06
3314,cxz_473,473,off_diagonal,4.9776054e-06
636,czz_90,90,diagonal,4.9538885e-06
3004,cxx_429,429,diagonal,4.953824e-06
764,cxx_109,109,diagonal,4.9532414e-06
614,cyz_87,87,off_diagonal,4.9500313e-06
2940,w_420,420,weight,4.946571e-06
2637,cyz_376,376,off_diagonal,4.9424857e-06
842,cxy_120,120,off_diagonal,4.9274495e-06
1061,cyy_151,151,diagonal,4.925913e-06
362,cyz_51,51,off_diagonal,4.911824e-06
1660,cxx_237,237,diagonal,4.900069e-06
3285,cxy_469,469,off_diagonal,4.894436e-06
2549,cxx_364,364,diagonal,4.881413e-06
264,cyz_37,37,off_diagonal,4.8809e-06
656,cyz_93,93,off_diagonal,4.8705397e-06
2070,cyz_295,295,off_diagonal,4.8674756e-06
3069,cxz_438,438,off_diagonal,4.860492e-06
1226,cxx_175,175,diagonal,4.8447487e-06
1000,czz_142,142,diagonal,4.834971e-06
2053,cxy_293,293,off_diagonal,4.8164347e-06
1408,cxx_201,201,diagonal,4.810792e-06
1765,cxx_252,252,diagonal,4.8084544e-06
2259,cyz_322,322,off_diagonal,4.804863e-06
2024,cxx_289,289,diagonal,4.803777e-06
3233,czz_461,461,diagonal,4.800214e-06
1344,w_192,192,weight,4.7908193e-06
2242,cxy_320,320,off_diagonal,4.775737e-06
3379,cyz_482,482,off_diagonal,4.772679e-06
1482,cyz_211,211,off_diagonal,4.7697567e-06
3417,cxx_488,488,diagonal,4.76893e-06
1920,cxy_274,274,off_diagonal,4.7657954e-06
291,cyy_41,41,diagonal,4.7409594e-06
3114,czz_444,444,diagonal,4.72211e-06
1379,w_197,197,weight,4.7040066e-06
1495,cyy_213,213,diagonal,4.671607e-06
2286,cyy_326,326,diagonal,4.6548917e-06
925,cxx_132,132,diagonal,4.6464083e-06
566,czz_80,80,diagonal,4.645092e-06
3441,cyy_491,491,diagonal,4.643178e-06
2016,w_288,288,weight,4.6394434e-06
2197,czz_313,313,diagonal,4.6347373e-06
2873,cxz_410,410,off_diagonal,4.6140085e-06
498,cxx_71,71,diagonal,4.6095097e-06
1446,cyy_206,206,diagonal,4.602802e-06
121,cxy_17,17,off_diagonal,4.600784e-06
2064,czz_294,294,diagonal,4.6000755e-06
3049,cyy_435,435,diagonal,4.586278e-06
2851,cxy_407,407,off_diagonal,4.575513e-06
2509,cxz_358,358,off_diagonal,4.5732736e-06
1237,cyz_176,176,off_diagonal,4.5633114e-06
175,w_25,25,weight,4.562343e-06
845,cyz_120,120,off_diagonal,4.5597467e-06
838,cyz_119,119,off_diagonal,4.559589e-06
662,cyy_94,94,diagonal,4.5423567e-06
2165,cxy_309,309,off_diagonal,4.5377515e-06
449,cxx_64,64,diagonal,4.5289644e-06
1935,cxz_276,276,off_diagonal,4.514113e-06
1378,czz_196,196,diagonal,4.5000397e-06
343,w_49,49,weight,4.49593e-06
2201,cxz_314,314,off_diagonal,4.4948965e-06
1615,cyz_230,230,off_diagonal,4.457755e-06
1944,cyz_277,277,off_diagonal,4.453727e-06
2572,cxz_367,367,off_diagonal,4.450422e-06
2573,cyy_367,367,diagonal,4.449617e-06
1270,cxz_181,181,off_diagonal,4.4387293e-06
148,cxx_21,21,diagonal,4.4311037e-06
2116,cxy_302,302,off_diagonal,4.4246362e-06
1109,cxz_158,158,off_diagonal,4.382737e-06
2013,cyy_287,287,diagonal,4.3588893e-06
2381,cxx_340,340,diagonal,4.352868e-06
2686,cyz_383,383,off_diagonal,4.3508776e-06
2291,cxy_327,327,off_diagonal,4.346779e-06
2133,cyz_304,304,off_diagonal,4.3312766e-06
3042,cyy_434,434,diagonal,4.327863e-06
2295,czz_327,327,diagonal,4.3202544e-06
1975,cxx_282,282,diagonal,4.3083223e-06
2586,cxz_369,369,off_diagonal,4.303093e-06
1703,cxy_243,243,off_diagonal,4.3024556e-06
3402,w_486,486,weight,4.296547e-06
40,cyz_5,5,off_diagonal,4.2804027e-06
2990,cxx_427,427,diagonal,4.26807e-06
3014,cyy_430,430,diagonal,4.2627607e-06
1565,cyy_223,223,diagonal,4.260634e-06
2703,cxx_386,386,diagonal,4.2518313e-06
901,cyz_128,128,off_diagonal,4.2497777e-06
234,cxz_33,33,off_diagonal,4.2469183e-06
697,cyy_99,99,diagonal,4.2237207e-06
1036,w_148,148,weight,4.2100096e-06
1632,cxx_233,233,diagonal,4.19409e-06
1211,w_173,173,weight,4.18769e-06
969,cxz_138,138,off_diagonal,4.185306e-06
1940,cxx_277,277,diagonal,4.178313e-06
3284,cxx_469,469,diagonal,4.147182e-06
2352,w_336,336,weight,4.146084e-06
1583,cxx_226,226,diagonal,4.136483e-06
2984,cxy_426,426,off_diagonal,4.131271e-06
873,cyz_124,124,off_diagonal,4.130685e-06
3298,cxx_471,471,diagonal,4.123824e-06
3324,czz_474,474,diagonal,4.1204494e-06
2727,cyy_389,389,diagonal,4.1083854e-06
664,czz_94,94,diagonal,4.0959844e-06
1484,w_212,212,weight,4.0889295e-06
828,cxy_118,118,off_diagonal,4.0588448e-06
627,cyy_89,89,diagonal,4.051033e-06
2398,cyy_342,342,diagonal,4.0508066e-06
1051,cxx_150,150,diagonal,4.0465884e-06
421,cxx_60,60,diagonal,4.0185564e-06
304,cxz_43,43,off_diagonal,4.013592e-06
1609,czz_229,229,diagonal,4.008869e-06
402,cxz_57,57,off_diagonal,3.9722404e-06
2192,cxx_313,313,diagonal,3.9683714e-06
422,cxy_60,60,off_diagonal,3.9585e-06
1469,czz_209,209,diagonal,3.955097e-06
2047,cxz_292,292,off_diagonal,3.9535585e-06
2066,cxx_295,295,diagonal,3.9489123e-06
2673,czz_381,381,diagonal,3.9326583e-06
404,cyz_57,57,off_diagonal,3.9210454e-06
1337,w_191,191,weight,3.9203346e-06
706,czz_100,100,diagonal,3.9117945e-06
303,cxy_43,43,off_diagonal,3.9109195e-06
308,w_44,44,weight,3.8930393e-06
3205,czz_457,457,diagonal,3.8892445e-06
749,w_107,107,weight,3.876487e-06
2841,czz_405,405,diagonal,3.867612e-06
732,cyy_104,104,diagonal,3.8664016e-06
1842,cxx_263,263,diagonal,3.8281723e-06
3146,cxz_449,449,off_diagonal,3.826673e-06
1007,czz_143,143,diagonal,3.8126557e-06
3378,cyy_482,482,diagonal,3.8086785e-06
2420,cyz_345,345,off_diagonal,3.8024978e-06
255,cxz_36,36,off_diagonal,3.7963662e-06
2077,cyz_296,296,off_diagonal,3.7947254e-06
602,w_86,86,weight,3.7879486e-06
3320,cxy_474,474,off_diagonal,3.763628e-06
3217,cyy_459,459,diagonal,3.761353e-06
523,cyz_74,74,off_diagonal,3.7422365e-06
345,cxy_49,49,off_diagonal,3.71879e-06
350,w_50,50,weight,3.7135753e-06
340,cyy_48,48,diagonal,3.7107498e-06
1291,cxz_184,184,off_diagonal,3.7073055e-06
2172,cxy_310,310,off_diagonal,3.7056525e-06
1962,cxy_280,280,off_diagonal,3.705507e-06
322,w_46,46,weight,3.7004552e-06
174,czz_24,24,diagonal,3.6989757e-06
1075,cyy_153,153,diagonal,3.6938552e-06
578,cyy_82,82,diagonal,3.6938002e-06
3106,cyz_443,443,off_diagonal,3.6900183e-06
2027,cyy_289,289,diagonal,3.6898723e-06
3268,czz_466,466,diagonal,3.6829172e-06
2106,czz_300,300,diagonal,3.645969e-06
2351,czz_335,335,diagonal,3.642073e-06
2742,cyz_391,391,off_diagonal,3.6105707e-06
1227,cxy_175,175,off_diagonal,3.6099773e-06
2200,cxy_314,314,off_diagonal,3.606016e-06
1980,czz_282,282,diagonal,3.5991607e-06
1098,czz_156,156,diagonal,3.5901792e-06
1212,cxx_173,173,diagonal,3.589646e-06
1073,cxy_153,153,off_diagonal,3.5866378e-06
1978,cyy_282,282,diagonal,3.5765408e-06
2584,cxx_369,369,diagonal,3.575936e-06
2261,w_323,323,weight,3.5422368e-06
3469,cyy_495,495,diagonal,3.5356104e-06
2155,czz_307,307,diagonal,3.5319808e-06
1235,cxz_176,176,off_diagonal,3.5092653e-06
1062,cyz_151,151,off_diagonal,3.5088583e-06
1140,czz_162,162,diagonal,3.4954928e-06
486,cxz_69,69,off_diagonal,3.4939203e-06
1667,cxx_238,238,diagonal,3.4913396e-06
232,cxx_33,33,diagonal,3.4890957e-06
244,czz_34,34,diagonal,3.4825537e-06
374,cxz_53,53,off_diagonal,3.4723212e-06
2499,w_357,357,weight,3.4690506e-06
2252,cyz_321,321,off_diagonal,3.4660075e-06
1676,cxz_239,239,off_diagonal,3.4659838e-06
3089,cxy_441,441,off_diagonal,3.4553464e-06
1510,cyz_215,215,off_diagonal,3.428785e-06
2591,cxx_370,370,diagonal,3.427108e-06
2917,cyz_416,416,off_diagonal,3.391557e-06
2031,cxx_290,290,diagonal,3.3636718e-06
3461,cxz_494,494,off_diagonal,3.3606248e-06
1418,cyy_202,202,diagonal,3.324231e-06
2780,cxx_397,397,diagonal,3.3122158e-06
1782,cyy_254,254,diagonal,3.290936e-06
1313,cyy_187,187,diagonal,3.2832381e-06
1985,cyy_283,283,diagonal,3.2819794e-06
2570,cxx_367,367,diagonal,3.271584e-06
2943,cxz_420,420,off_diagonal,3.267598e-06
1191,cxx_170,170,diagonal,3.2672124e-06
751,cxy_107,107,off_diagonal,3.2625946e-06
2378,cyz_339,339,off_diagonal,3.2594833e-06
2964,cxz_423,423,off_diagonal,3.2569842e-06
95,cyy_13,13,diagonal,3.2546072e-06
1417,cxz_202,202,off_diagonal,3.2528337e-06
1241,cxy_177,177,off_diagonal,3.2470577e-06
2127,czz_303,303,diagonal,3.2429664e-06
710,cxz_101,101,off_diagonal,3.2379426e-06
1369,cyy_195,195,diagonal,3.2209675e-06
286,czz_40,40,diagonal,3.2123114e-06
2571,cxy_367,367,off_diagonal,3.2054686e-06
3418,cxy_488,488,off_diagonal,3.2031649e-06
356,czz_50,50,diagonal,3.1974148e-06
2081,cxy_297,297,off_diagonal,3.190825e-06
2456,czz_350,350,diagonal,3.1810343e-06
427,w_61,61,weight,3.1707114e-06
1581,czz_225,225,diagonal,3.1630443e-06
3277,cxx_468,468,diagonal,3.157201e-06
3050,cyz_435,435,off_diagonal,3.1547684e-06
3323,cyz_474,474,off_diagonal,3.1515324e-06
2946,czz_420,420,diagonal,3.1440377e-06
2290,cxx_327,327,diagonal,3.1247428e-06
1361,cxz_194,194,off_diagonal,3.1190418e-06
1356,cyz_193,193,off_diagonal,3.1111936e-06
3112,cyy_444,444,diagonal,3.1064892e-06
2539,cyz_362,362,off_diagonal,3.1051213e-06
2642,cxz_377,377,off_diagonal,3.0996416e-06
1854,czz_264,264,diagonal,3.0774436e-06
2358,czz_336,336,diagonal,3.0634005e-06
2907,cxy_415,415,off_diagonal,3.03789e-06
2608,cyy_372,372,diagonal,3.0228584e-06
3454,cxz_493,493,off_diagonal,3.0177848e-06
1814,cxx_259,259,diagonal,3.0115004e-06
1342,cyz_191,191,off_diagonal,3.0098586e-06
1774,cxz_253,253,off_diagonal,3.0001847e-06
1249,cxz_178,178,off_diagonal,2.9947123e-06
2385,cyz_340,340,off_diagonal,2.9920122e-06
1680,w_240,240,weight,2.9912942e-06
1070,czz_152,152,diagonal,2.9849532e-06
2079,w_297,297,weight,2.9847367e-06
569,cxy_81,81,off_diagonal,2.976851e-06
735,w_105,105,weight,2.9766948e-06
1472,cxy_210,210,off_diagonal,2.962366e-06
2614,cxz_373,373,off_diagonal,2.945356e-06
1318,cxy_188,188,off_diagonal,2.9382086e-06
2223,cyy_317,317,diagonal,2.9359555e-06
2322,cyz_331,331,off_diagonal,2.9212044e-06
419,czz_59,59,diagonal,2.9173577e-06
1327,cyy_189,189,diagonal,2.8827299e-06
1019,cyy_145,145,diagonal,2.8812156e-06
3198,czz_456,456,diagonal,2.8789148e-06
1911,w_273,273,weight,2.8778738e-06
2579,cxz_368,368,off_diagonal,2.8569546e-06
1497,czz_213,213,diagonal,2.8478892e-06
3476,cyy_496,496,diagonal,2.835438e-06
1308,czz_186,186,diagonal,2.833612e-06
2635,cxz_376,376,off_diagonal,2.8284082e-06
852,cyz_121,121,off_diagonal,2.8159818e-06
1209,cyz_172,172,off_diagonal,2.814255e-06
1718,cxz_245,245,off_diagonal,2.8127079e-06
3457,czz_493,493,diagonal,2.811453e-06
196,w_28,28,weight,2.7955864e-06
2480,cxy_354,354,off_diagonal,2.7912115e-06
2601,cyy_371,371,diagonal,2.7843764e-06
110,cyz_15,15,off_diagonal,2.7664391e-06
3145,cxy_449,449,off_diagonal,2.7425478e-06
2710,cxx_387,387,diagonal,2.7243268e-06
2870,w_410,410,weight,2.7122917e-06
2638,czz_376,376,diagonal,2.7099904e-06
2513,w_359,359,weight,2.7023939e-06
2248,cxx_321,321,diagonal,2.696902e-06
645,cxx_92,92,diagonal,2.6953278e-06
1046,cxz_149,149,off_diagonal,2.6776736e-06
1335,cyz_190,190,off_diagonal,2.6770713e-06
432,cyz_61,61,off_diagonal,2.6722294e-06
792,cxx_113,113,diagonal,2.6697921e-06
1152,cyy_164,164,diagonal,2.664676e-06
1779,cxx_254,254,diagonal,2.658938e-06
1826,czz_260,260,diagonal,2.656079e-06
2395,cxx_342,342,diagonal,2.632908e-06
674,cxy_96,96,off_diagonal,2.631081e-06
3206,w_458,458,weight,2.604007e-06
1797,cyz_256,256,off_diagonal,2.6022465e-06
1459,cxz_208,208,off_diagonal,2.582858e-06
3246,cyz_463,463,off_diagonal,2.5824675e-06
1697,cxz_242,242,off_diagonal,2.5544973e-06
1158,cxz_165,165,off_diagonal,2.5538077e-06
3453,cxy_493,493,off_diagonal,2.5489046e-06
646,cxy_92,92,off_diagonal,2.5366912e-06
2195,cyy_313,313,diagonal,2.5318363e-06
744,cxy_106,106,off_diagonal,2.5279542e-06
2650,cyy_378,378,diagonal,2.5210431e-06
414,cxx_59,59,diagonal,2.517862e-06
3048,cxz_435,435,off_diagonal,2.5132451e-06
324,cxy_46,46,off_diagonal,2.498768e-06
2504,cyz_357,357,off_diagonal,2.4772642e-06
1368,cxz_195,195,off_diagonal,2.4654412e-06
445,cyy_63,63,diagonal,2.4526635e-06
223,czz_31,31,diagonal,2.4497378e-06
3405,cxz_486,486,off_diagonal,2.4440444e-06
2986,cyy_426,426,diagonal,2.431798e-06
408,cxy_58,58,off_diagonal,2.4106623e-06
2208,cxz_315,315,off_diagonal,2.402159e-06
1132,cyz_161,161,off_diagonal,2.3841474e-06
950,cyz_135,135,off_diagonal,2.367728e-06
1560,czz_222,222,diagonal,2.3565183e-06
1358,w_194,194,weight,2.3528667e-06
270,cyy_38,38,diagonal,2.344083e-06
1668,cxy_238,238,off_diagonal,2.3428963e-06
1681,cxx_240,240,diagonal,2.3378204e-06
1364,czz_194,194,diagonal,2.3368632e-06
1639,cxx_234,234,diagonal,2.3357338e-06
2404,cxz_343,343,off_diagonal,2.3279144e-06
3176,cyz_453,453,off_diagonal,2.3215764e-06
2777,cyz_396,396,off_diagonal,2.307733e-06
1661,cxy_237,237,off_diagonal,2.29954e-06
2225,czz_317,317,diagonal,2.2919364e-06
1619,cxy_231,231,off_diagonal,2.2808024e-06
2330,czz_332,332,diagonal,2.2792394e-06
2829,cxx_404,404,diagonal,2.2758654e-06
1584,cxy_226,226,off_diagonal,2.2739498e-06
579,cyz_82,82,off_diagonal,2.260409e-06
2083,cyy_297,297,diagonal,2.2590127e-06
975,cxy_139,139,off_diagonal,2.2324914e-06
3109,cxx_444,444,diagonal,2.2195538e-06
2128,w_304,304,weight,2.2135998e-06
3375,cxx_482,482,diagonal,2.2104753e-06
1846,cyz_263,263,off_diagonal,2.20034e-06
1465,cxy_209,209,off_diagonal,2.1896074e-06
922,cyz_131,131,off_diagonal,2.1750461e-06
1879,cxz_268,268,off_diagonal,2.17168e-06
759,cxz_108,108,off_diagonal,2.1535734e-06
1387,cxx_198,198,diagonal,2.1023666e-06
3398,cxz_485,485,off_diagonal,2.0908235e-06
638,cxx_91,91,diagonal,2.0809193e-06
420,w_60,60,weight,2.075523e-06
3219,czz_459,459,diagonal,2.0732923e-06
810,cyz_115,115,off_diagonal,2.068071e-06
3247,czz_463,463,diagonal,2.058867e-06
1025,cxz_146,146,off_diagonal,2.0492755e-06
1031,cxy_147,147,off_diagonal,2.0449647e-06
1943,cyy_277,277,diagonal,2.0398395e-06
1279,cyz_182,182,off_diagonal,2.0356397e-06
1806,w_258,258,weight,2.034603e-06
3365,cyz_480,480,off_diagonal,2.0264586e-06
3473,cxx_496,496,diagonal,2.0174127e-06
317,cxy_45,45,off_diagonal,1.9817562e-06
3368,cxx_481,481,diagonal,1.979827e-06
503,czz_71,71,diagonal,1.9736678e-06
1844,cxz_263,263,off_diagonal,1.9653824e-06
1564,cxz_223,223,off_diagonal,1.9608499e-06
3175,cyy_453,453,diagonal,1.9518818e-06
1338,cxx_191,191,diagonal,1.9488687e-06
2726,cxz_389,389,off_diagonal,1.9459173e-06
3006,cxz_429,429,off_diagonal,1.9245192e-06
1964,cyy_280,280,diagonal,1.9242204e-06
2723,w_389,389,weight,1.9140662e-06
2098,cyz_299,299,off_diagonal,1.9005068e-06
3293,cxz_470,470,off_diagonal,1.8991921e-06
2502,cxz_357,357,off_diagonal,1.8968434e-06
1864,cxy_266,266,off_diagonal,1.8888117e-06
2477,czz_353,353,diagonal,1.8750507e-06
2653,w_379,379,weight,1.8587756e-06
794,cxz_113,113,off_diagonal,1.85751e-06
2516,cxz_359,359,off_diagonal,1.8519371e-06
1878,cxy_268,268,off_diagonal,1.8497478e-06
994,w_142,142,weight,1.8458012e-06
899,cxz_128,128,off_diagonal,1.8326733e-06
840,w_120,120,weight,1.8297573e-06
2399,cyz_342,342,off_diagonal,1.8231478e-06
3450,czz_492,492,diagonal,1.8193435e-06
776,czz_110,110,diagonal,1.8159337e-06
112,w_16,16,weight,1.7967265e-06
1646,cxx_235,235,diagonal,1.7822712e-06
2947,w_421,421,weight,1.7816313e-06
3290,w_470,470,weight,1.7775347e-06
2859,cxz_408,408,off_diagonal,1.7738571e-06
1934,cxy_276,276,off_diagonal,1.766218e-06
2805,cyz_400,400,off_diagonal,1.7392701e-06
834,cxx_119,119,diagonal,1.7320201e-06
1976,cxy_282,282,off_diagonal,1.7251475e-06
1686,czz_240,240,diagonal,1.7242741e-06
3051,czz_435,435,diagonal,1.7116687e-06
1600,cyy_228,228,diagonal,1.7074136e-06
247,cxy_35,35,off_diagonal,1.703688e-06
2104,cyy_300,300,diagonal,1.6999315e-06
1180,cyy_168,168,diagonal,1.6937204e-06
2801,cxx_400,400,diagonal,1.6810612e-06
1082,cyy_154,154,diagonal,1.6804598e-06
2301,cyz_328,328,off_diagonal,1.6718813e-06
3311,w_473,473,weight,1.6681145e-06
385,w_55,55,weight,1.6670887e-06
1431,cxz_204,204,off_diagonal,1.6649344e-06
3126,cyy_446,446,diagonal,1.6641334e-06
2822,cxx_403,403,diagonal,1.6361453e-06
2458,cxx_351,351,diagonal,1.6358999e-06
1936,cyy_276,276,diagonal,1.6348024e-06
3039,cxx_434,434,diagonal,1.6321637e-06
44,cxy_6,6,off_diagonal,1.6231005e-06
1551,cyy_221,221,diagonal,1.6197547e-06
1340,cxz_191,191,off_diagonal,1.6127104e-06
804,czz_114,114,diagonal,1.6102533e-06
1995,w_285,285,weight,1.6087937e-06
1195,cyz_170,170,off_diagonal,1.605997e-06
1483,czz_211,211,diagonal,1.598719e-06
3456,cyz_493,493,off_diagonal,1.5863726e-06
1033,cyy_147,147,diagonal,1.5808405e-06
2609,cyz_372,372,off_diagonal,1.5771465e-06
3226,czz_460,460,diagonal,1.5728804e-06
1274,w_182,182,weight,1.5721753e-06
2862,czz_408,408,diagonal,1.56815e-06
3041,cxz_434,434,off_diagonal,1.5677699e-06
2657,cyy_379,379,diagonal,1.5651284e-06
3134,cyz_447,447,off_diagonal,1.5465275e-06
2370,cyy_338,338,diagonal,1.5287035e-06
3139,cxz_448,448,off_diagonal,1.5200493e-06
2101,cxx_300,300,diagonal,1.5180449e-06
156,cxy_22,22,off_diagonal,1.5122548e-06
103,cyz_14,14,off_diagonal,1.507648e-06
3406,cyy_486,486,diagonal,1.5060664e-06
1460,cyy_208,208,diagonal,1.4962676e-06
887,cyz_126,126,off_diagonal,1.495607e-06
1659,w_237,237,weight,1.4883038e-06
3477,cyz_496,496,off_diagonal,1.4779446e-06
1849,cxx_264,264,diagonal,1.455538e-06
1043,w_149,149,weight,1.4551622e-06
2558,cxz_365,365,off_diagonal,1.4551512e-06
545,czz_77,77,diagonal,1.443443e-06
508,cyy_72,72,diagonal,1.442059e-06
2691,cxz_384,384,off_diagonal,1.434445e-06
671,czz_95,95,diagonal,1.4323208e-06
3497,cyy_499,499,diagonal,1.4278057e-06
1055,cyz_150,150,off_diagonal,1.4271902e-06
1601,cyz_228,228,off_diagonal,1.417481e-06
1277,cxz_182,182,off_diagonal,1.4150485e-06
839,czz_119,119,diagonal,1.4138215e-06
2604,w_372,372,weight,1.4123938e-06
1836,cxy_262,262,off_diagonal,1.4106744e-06
1453,cyy_207,207,diagonal,1.4044581e-06
2073,cxx_296,296,diagonal,1.3961388e-06
225,cxx_32,32,diagonal,1.3904194e-06
2749,cyz_392,392,off_diagonal,1.3880566e-06
778,cxx_111,111,diagonal,1.3831742e-06
1343,czz_191,191,diagonal,1.3821232e-06
1773,cxy_253,253,off_diagonal,1.3622505e-06
3413,cyy_487,487,diagonal,1.3555672e-06
1491,w_213,213,weight,1.3449674e-06
600,cyz_85,85,off_diagonal,1.3386015e-06
359,cxy_51,51,off_diagonal,1.3316627e-06
561,cxx_80,80,diagonal,1.3314609e-06
2023,w_289,289,weight,1.3299389e-06
1977,cxz_282,282,off_diagonal,1.3269854e-06
2365,czz_337,337,diagonal,1.3251171e-06
978,cyz_139,139,off_diagonal,1.3085275e-06
533,cxx_76,76,diagonal,1.3078065e-06
2159,cxz_308,308,off_diagonal,1.3040542e-06
1556,cxy_222,222,off_diagonal,1.2922332e-06
1359,cxx_194,194,diagonal,1.2715375e-06
482,czz_68,68,diagonal,1.2702601e-06
2983,cxx_426,426,diagonal,1.2700467e-06
3369,cxy_481,481,off_diagonal,1.2610775e-06
1116,cxz_159,159,off_diagonal,1.2594857e-06
2671,cyy_381,381,diagonal,1.252686e-06
1238,czz_176,176,diagonal,1.2205289e-06
2961,w_423,423,weight,1.2203877e-06
2068,cxz_295,295,off_diagonal,1.2148803e-06
1247,cxx_178,178,diagonal,1.2101087e-06
617,cxx_88,88,diagonal,1.2068656e-06
2634,cxy_376,376,off_diagonal,1.2049526e-06
2835,w_405,405,weight,1.2028054e-06
1548,cxx_221,221,diagonal,1.1987179e-06
1517,cyz_216,216,off_diagonal,1.1884279e-06
1627,cxz_232,232,off_diagonal,1.1838692e-06
3072,czz_438,438,diagonal,1.1578051e-06
971,cyz_138,138,off_diagonal,1.1398633e-06
332,cxz_47,47,off_diagonal,1.1388571e-06
2937,cyy_419,419,diagonal,1.1215673e-06
1090,cyz_155,155,off_diagonal,1.1156018e-06
1958,cyz_279,279,off_diagonal,1.1123176e-06
3371,cyy_481,481,diagonal,1.1090438e-06
2533,czz_361,361,diagonal,1.0977748e-06
2063,cyz_294,294,off_diagonal,1.0923577e-06
3281,cyz_468,468,off_diagonal,1.0912506e-06
1478,cxx_211,211,diagonal,1.0902794e-06
891,cxy_127,127,off_diagonal,1.0761912e-06
777,w_111,111,weight,1.0550858e-06
1637,czz_233,233,diagonal,1.0541814e-06
3266,cyy_466,466,diagonal,1.0491648e-06
3238,cyy_462,462,diagonal,1.0491422e-06
3374,w_482,482,weight,1.0384128e-06
2206,cxx_315,315,diagonal,1.0154083e-06
1263,cxz_180,180,off_diagonal,1.0101749e-06
1533,w_219,219,weight,1.0071305e-06
953,cxx_136,136,diagonal,1.0045646e-06
2957,cxz_422,422,off_diagonal,1.0006511e-06
1550,cxz_221,221,off_diagonal,1.0002465e-06
2541,w_363,363,weight,9.859245e-07
2685,cyy_383,383,diagonal,9.837789e-07
316,cxx_45,45,diagonal,9.832719e-07
574,w_82,82,weight,9.771401e-07
591,cxz_84,84,off_diagonal,9.66066e-07
1671,cyz_238,238,off_diagonal,9.387535e-07
2224,cyz_317,317,off_diagonal,9.384041e-07
1239,w_177,177,weight,9.35596e-07
2514,cxx_359,359,diagonal,8.9985383e-07
283,cxz_40,40,off_diagonal,8.8504805e-07
715,cxx_102,102,diagonal,8.808056e-07
2545,cyy_363,363,diagonal,8.6326145e-07
1450,cxx_207,207,diagonal,8.625463e-07
2258,cyy_322,322,diagonal,8.532324e-07
2832,cyy_404,404,diagonal,8.4819106e-07
1728,czz_246,246,diagonal,8.4779145e-07
1120,w_160,160,weight,8.400454e-07
181,czz_25,25,diagonal,8.3876324e-07
431,cyy_61,61,diagonal,8.3855707e-07
2413,cyz_344,344,off_diagonal,8.319304e-07
90,czz_12,12,diagonal,8.314302e-07
1524,cyz_217,217,off_diagonal,8.299649e-07
3077,cyy_439,439,diagonal,8.220009e-07
107,cxy_15,15,off_diagonal,8.189547e-07
3251,cxz_464,464,off_diagonal,8.177889e-07
1965,cyz_280,280,off_diagonal,8.112573e-07
3007,cyy_429,429,diagonal,7.785213e-07
3160,cxz_451,451,off_diagonal,7.531642e-07
1875,czz_267,267,diagonal,7.484115e-07
811,czz_115,115,diagonal,7.339685e-07
902,czz_128,128,diagonal,7.323436e-07
2463,czz_351,351,diagonal,6.9855616e-07
3132,cxz_447,447,off_diagonal,6.9805566e-07
832,czz_118,118,diagonal,6.8417e-07
698,cyz_99,99,off_diagonal,6.8257924e-07
967,cxx_138,138,diagonal,6.728218e-07
1252,czz_178,178,diagonal,6.6300555e-07
2371,cyz_338,338,off_diagonal,6.6257206e-07
1635,cyy_233,233,diagonal,6.6150693e-07
3445,cxx_492,492,diagonal,6.540899e-07
898,cxy_128,128,off_diagonal,6.530575e-07
2407,czz_343,343,diagonal,6.403022e-07
91,w_13,13,weight,6.2992183e-07
1563,cxy_223,223,off_diagonal,6.295588e-07
3348,cxy_478,478,off_diagonal,6.2631597e-07
2075,cxz_296,296,off_diagonal,6.218089e-07
1717,cxy_245,245,off_diagonal,6.2072576e-07
511,w_73,73,weight,6.200248e-07
1607,cyy_229,229,diagonal,6.067042e-07
2874,cyy_410,410,diagonal,5.9709225e-07
384,czz_54,54,diagonal,5.9634755e-07
1023,cxx_146,146,diagonal,5.843622e-07
654,cxz_93,93,off_diagonal,5.836466e-07
1250,cyy_178,178,diagonal,5.8078257e-07
1004,cxz_143,143,off_diagonal,5.752402e-07
1330,w_190,190,weight,5.732411e-07
242,cyy_34,34,diagonal,5.717551e-07
2522,cxy_360,360,off_diagonal,5.7109804e-07
1352,cxx_193,193,diagonal,5.666619e-07
1094,cxy_156,156,off_diagonal,5.546096e-07
2494,cxy_356,356,off_diagonal,5.4945644e-07
3031,w_433,433,weight,5.297836e-07
890,cxx_127,127,diagonal,5.29471e-07
2576,w_368,368,weight,5.2875805e-07
143,cxz_20,20,off_diagonal,5.2767444e-07
415,cxy_59,59,off_diagonal,5.261155e-07
1783,cyz_254,254,off_diagonal,5.25189e-07
884,cxy_126,126,off_diagonal,5.219886e-07
2684,cxz_383,383,off_diagonal,5.148489e-07
1822,cxy_260,260,off_diagonal,5.131222e-07
983,cxz_140,140,off_diagonal,5.1152955e-07
2690,cxy_384,384,off_diagonal,5.08295e-07
611,cxy_87,87,off_diagonal,5.0157416e-07
3218,cyz_459,459,off_diagonal,4.997812e-07
3117,cxy_445,445,off_diagonal,4.875053e-07
2235,cxy_319,319,off_diagonal,4.824927e-07
1963,cxz_280,280,off_diagonal,4.821631e-07
649,cyz_92,92,off_diagonal,4.7643613e-07
854,w_122,122,weight,4.7386567e-07
3433,cxz_490,490,off_diagonal,4.4865928e-07
2427,cyz_346,346,off_diagonal,4.3854712e-07
2432,cxz_347,347,off_diagonal,4.354641e-07
3054,cxy_436,436,off_diagonal,4.289587e-07
989,cxy_141,141,off_diagonal,4.284079e-07
1994,czz_284,284,diagonal,4.258258e-07
2158,cxy_308,308,off_diagonal,4.1756505e-07
2042,cyz_291,291,off_diagonal,3.923591e-07
3070,cyy_438,438,diagonal,3.9089812e-07
352,cxy_50,50,off_diagonal,3.8878363e-07
186,cyy_26,26,diagonal,3.878318e-07
2679,cyz_382,382,off_diagonal,3.829189e-07
2459,cxy_351,351,off_diagonal,3.7399263e-07
3066,w_438,438,weight,3.7365177e-07
2475,cyy_353,353,diagonal,3.6954106e-07
3444,w_492,492,weight,3.65772e-07
158,cyy_22,22,diagonal,3.5671658e-07
1819,czz_259,259,diagonal,3.483096e-07
2755,cyy_393,393,diagonal,3.4449653e-07
2916,cyy_416,416,diagonal,3.3827982e-07
1349,cyz_192,192,off_diagonal,3.3032472e-07
1447,cyz_206,206,off_diagonal,3.2939877e-07
2643,cyy_377,377,diagonal,3.2574064e-07
1941,cxy_277,277,off_diagonal,3.2025378e-07
1151,cxz_164,164,off_diagonal,3.1639954e-07
3338,czz_476,476,diagonal,3.151413e-07
2479,cxx_354,354,diagonal,3.1235845e-07
2048,cyy_292,292,diagonal,3.0706028e-07
3229,cxy_461,461,off_diagonal,3.050488e-07
1691,cyy_241,241,diagonal,3.006424e-07
1932,w_276,276,weight,2.9951363e-07
799,cxx_114,114,diagonal,2.9659367e-07
2659,czz_379,379,diagonal,2.93452e-07
3147,cyy_449,449,diagonal,2.905384e-07
3468,cxz_495,495,off_diagonal,2.864419e-07
2036,czz_290,290,diagonal,2.8380333e-07
2512,czz_358,358,diagonal,2.8104904e-07
1655,cxz_236,236,off_diagonal,2.7111722e-07
2384,cyy_340,340,diagonal,2.6657358e-07
571,cyy_81,81,diagonal,2.6400485e-07
2342,cyy_334,334,diagonal,2.6367596e-07
2162,czz_308,308,diagonal,2.6098553e-07
1454,cyz_207,207,off_diagonal,2.5976726e-07
3099,cyz_442,442,off_diagonal,2.5964562e-07
1590,cxx_227,227,diagonal,2.5483556e-07
2899,cxx_414,414,diagonal,2.38971e-07
1701,w_243,243,weight,2.388373e-07
1666,w_238,238,weight,2.3199061e-07
1896,czz_270,270,diagonal,2.2365582e-07
3335,cxz_476,476,off_diagonal,2.2331227e-07
3308,cyy_472,472,diagonal,2.2023104e-07
2715,czz_387,387,diagonal,2.1560456e-07
1508,cxz_215,215,off_diagonal,2.1543262e-07
1146,cyz_163,163,off_diagonal,2.1094357e-07
2357,cyz_336,336,off_diagonal,2.0608536e-07
3071,cyz_438,438,off_diagonal,2.04145e-07
3350,cyy_478,478,diagonal,1.9812981e-07
1682,cxy_240,240,off_diagonal,1.9807291e-07
2115,cxx_302,302,diagonal,1.9219877e-07
2843,cxx_406,406,diagonal,1.8528313e-07
2613,cxy_373,373,off_diagonal,1.8508301e-07
1841,w_263,263,weight,1.8443997e-07
2362,cxz_337,337,off_diagonal,1.6347784e-07
3319,cxx_474,474,diagonal,1.6341352e-07
46,cyy_6,6,diagonal,1.6330414e-07
1208,cyy_172,172,diagonal,1.5633434e-07
1830,cxz_261,261,off_diagonal,1.5468562e-07
2814,w_402,402,weight,1.5442208e-07
1644,czz_234,234,diagonal,1.4993684e-07
825,czz_117,117,diagonal,1.3993922e-07
1685,cyz_240,240,off_diagonal,1.3569006e-07
1678,cyz_239,239,off_diagonal,1.233908e-07
803,cyz_114,114,off_diagonal,1.1766388e-07
1184,cxx_169,169,diagonal,1.1733596e-07
2287,cyz_326,326,off_diagonal,1.1703531e-07
2400,czz_342,342,diagonal,1.1685279e-07
1177,cxx_168,168,diagonal,1.1602603e-07
1305,cxz_186,186,off_diagonal,1.11013875e-07
3073,w_439,439,weight,1.061642e-07
793,cxy_113,113,off_diagonal,1.05804524e-07
2770,cyz_395,395,off_diagonal,1.0541643e-07
1363,cyz_194,194,off_diagonal,1.0413803e-07
775,cyz_110,110,off_diagonal,1.0263084e-07
2735,cyz_390,390,off_diagonal,1.01566926e-07
1543,cxz_220,220,off_diagonal,9.806142e-08
2817,cxz_402,402,off_diagonal,9.665646e-08
831,cyz_118,118,off_diagonal,9.626584e-08
3465,w_495,495,weight,8.323174e-08
2959,cyz_422,422,off_diagonal,8.268768e-08
2433,cyy_347,347,diagonal,7.811891e-08
2966,cyz_423,423,off_diagonal,7.3342854e-08
1918,w_274,274,weight,5.9520264e-08
1419,cyz_202,202,off_diagonal,5.2504138e-08
1233,cxx_176,176,diagonal,4.8085337e-08
1034,cyz_147,147,off_diagonal,4.160406e-08
3337,cyz_476,476,off_diagonal,3.8271022e-08
3098,cyy_442,442,diagonal,2.1957765e-08
1346,cxy_192,192,off_diagonal,1.624009e-08
1154,czz_164,164,diagonal,1.12877965e-08
263,cyy_37,37,diagonal,1.0596289e-08
1558,cyy_222,222,diagonal,9.02896e-09
1591,cxy_227,227,off_diagonal,4.9605893e-09
2644,cyz_377,377,off_diagonal,4.1813744e-09
1574,czz_224,224,diagonal,8.5291124e-10
306,cyz_43,43,off_diagonal,0.0
2492,w_356,356,weight,0.0
3101,w_443,443,weight,0.0
3299,cxy_471,471,off_diagonal,0.0
2693,cyz_384,384,off_diagonal,0.0
788,cyy_112,112,diagonal,0.0
2043,czz_291,291,diagonal,0.0
154,w_22,22,weight,0.0
1512,w_216,216,weight,0.0
319,cyy_45,45,diagonal,0.0
